borough_gss,borough_name,year,crime_category,crime_type,vocabulary,crimes
E09000002,Barking and Dagenham,2011,Criminal Damage and Arson,Criminal damage and arson,both,633
E09000002,Barking and Dagenham,2011,Drug and Weapon Offences,Drugs,both,286
E09000002,Barking and Dagenham,2011,Other Crimes,Other crime,both,6192
E09000002,Barking and Dagenham,2011,Public Order Offences,Anti-social behaviour,both,10214
E09000002,Barking and Dagenham,2011,Public Order Offences,Public disorder and weapons,legacy_only,217
E09000002,Barking and Dagenham,2011,Theft and Robbery,Burglary,both,2345
E09000002,Barking and Dagenham,2011,Theft and Robbery,Other theft,both,864
E09000002,Barking and Dagenham,2011,Theft and Robbery,Robbery,both,1023
E09000002,Barking and Dagenham,2011,Theft and Robbery,Shoplifting,both,231
E09000002,Barking and Dagenham,2011,Theft and Robbery,Vehicle crime,both,2871
E09000002,Barking and Dagenham,2011,Violence and Sexual Offences,Violent crime,legacy_only,3999
E09000002,Barking and Dagenham,2012,Criminal Damage and Arson,Criminal damage and arson,both,1637
E09000002,Barking and Dagenham,2012,Drug and Weapon Offences,Drugs,both,909
E09000002,Barking and Dagenham,2012,Other Crimes,Other crime,both,1285
E09000002,Barking and Dagenham,2012,Public Order Offences,Anti-social behaviour,both,8056
E09000002,Barking and Dagenham,2012,Public Order Offences,Public disorder and weapons,legacy_only,636
E09000002,Barking and Dagenham,2012,Theft and Robbery,Burglary,both,2472
E09000002,Barking and Dagenham,2012,Theft and Robbery,Other theft,both,2644
E09000002,Barking and Dagenham,2012,Theft and Robbery,Robbery,both,745
E09000002,Barking and Dagenham,2012,Theft and Robbery,Shoplifting,both,652
E09000002,Barking and Dagenham,2012,Theft and Robbery,Vehicle crime,both,2505
E09000002,Barking and Dagenham,2012,Violence and Sexual Offences,Violent crime,legacy_only,3588
E09000002,Barking and Dagenham,2013,Criminal Damage and Arson,Criminal damage and arson,both,1599
E09000002,Barking and Dagenham,2013,Drug and Weapon Offences,Drugs,both,1026
E09000002,Barking and Dagenham,2013,Drug and Weapon Offences,Possession of weapons,current_only,35
E09000002,Barking and Dagenham,2013,Other Crimes,Other crime,both,309
E09000002,Barking and Dagenham,2013,Public Order Offences,Anti-social behaviour,both,6843
E09000002,Barking and Dagenham,2013,Public Order Offences,Public disorder and weapons,legacy_only,203
E09000002,Barking and Dagenham,2013,Public Order Offences,Public order,current_only,429
E09000002,Barking and Dagenham,2013,Theft and Robbery,Bicycle theft,current_only,170
E09000002,Barking and Dagenham,2013,Theft and Robbery,Burglary,both,2222
E09000002,Barking and Dagenham,2013,Theft and Robbery,Other theft,both,2271
E09000002,Barking and Dagenham,2013,Theft and Robbery,Robbery,both,531
E09000002,Barking and Dagenham,2013,Theft and Robbery,Shoplifting,both,744
E09000002,Barking and Dagenham,2013,Theft and Robbery,Theft from the person,current_only,213
E09000002,Barking and Dagenham,2013,Theft and Robbery,Vehicle crime,both,2767
E09000002,Barking and Dagenham,2013,Violence and Sexual Offences,Violence and sexual offences,current_only,2554
E09000002,Barking and Dagenham,2013,Violence and Sexual Offences,Violent crime,legacy_only,1159
E09000002,Barking and Dagenham,2014,Criminal Damage and Arson,Criminal damage and arson,both,1576
E09000002,Barking and Dagenham,2014,Drug and Weapon Offences,Drugs,both,754
E09000002,Barking and Dagenham,2014,Drug and Weapon Offences,Possession of weapons,current_only,51
E09000002,Barking and Dagenham,2014,Other Crimes,Other crime,both,203
E09000002,Barking and Dagenham,2014,Public Order Offences,Anti-social behaviour,both,5377
E09000002,Barking and Dagenham,2014,Public Order Offences,Public order,current_only,763
E09000002,Barking and Dagenham,2014,Theft and Robbery,Bicycle theft,current_only,224
E09000002,Barking and Dagenham,2014,Theft and Robbery,Burglary,both,1898
E09000002,Barking and Dagenham,2014,Theft and Robbery,Other theft,both,2004
E09000002,Barking and Dagenham,2014,Theft and Robbery,Robbery,both,497
E09000002,Barking and Dagenham,2014,Theft and Robbery,Shoplifting,both,736
E09000002,Barking and Dagenham,2014,Theft and Robbery,Theft from the person,current_only,320
E09000002,Barking and Dagenham,2014,Theft and Robbery,Vehicle crime,both,1987
E09000002,Barking and Dagenham,2014,Violence and Sexual Offences,Violence and sexual offences,current_only,4649
E09000002,Barking and Dagenham,2015,Criminal Damage and Arson,Criminal damage and arson,both,1710
E09000002,Barking and Dagenham,2015,Drug and Weapon Offences,Drugs,both,863
E09000002,Barking and Dagenham,2015,Drug and Weapon Offences,Possession of weapons,current_only,61
E09000002,Barking and Dagenham,2015,Other Crimes,Other crime,both,228
E09000002,Barking and Dagenham,2015,Public Order Offences,Anti-social behaviour,both,4912
E09000002,Barking and Dagenham,2015,Public Order Offences,Public order,current_only,926
E09000002,Barking and Dagenham,2015,Theft and Robbery,Bicycle theft,current_only,231
E09000002,Barking and Dagenham,2015,Theft and Robbery,Burglary,both,1594
E09000002,Barking and Dagenham,2015,Theft and Robbery,Other theft,both,1941
E09000002,Barking and Dagenham,2015,Theft and Robbery,Robbery,both,551
E09000002,Barking and Dagenham,2015,Theft and Robbery,Shoplifting,both,827
E09000002,Barking and Dagenham,2015,Theft and Robbery,Theft from the person,current_only,298
E09000002,Barking and Dagenham,2015,Theft and Robbery,Vehicle crime,both,1857
E09000002,Barking and Dagenham,2015,Violence and Sexual Offences,Violence and sexual offences,current_only,5325
E09000002,Barking and Dagenham,2016,Criminal Damage and Arson,Criminal damage and arson,both,1856
E09000002,Barking and Dagenham,2016,Drug and Weapon Offences,Drugs,both,817
E09000002,Barking and Dagenham,2016,Drug and Weapon Offences,Possession of weapons,current_only,104
E09000002,Barking and Dagenham,2016,Other Crimes,Other crime,both,218
E09000002,Barking and Dagenham,2016,Public Order Offences,Anti-social behaviour,both,5532
E09000002,Barking and Dagenham,2016,Public Order Offences,Public order,current_only,907
E09000002,Barking and Dagenham,2016,Theft and Robbery,Bicycle theft,current_only,189
E09000002,Barking and Dagenham,2016,Theft and Robbery,Burglary,both,1272
E09000002,Barking and Dagenham,2016,Theft and Robbery,Other theft,both,1975
E09000002,Barking and Dagenham,2016,Theft and Robbery,Robbery,both,532
E09000002,Barking and Dagenham,2016,Theft and Robbery,Shoplifting,both,885
E09000002,Barking and Dagenham,2016,Theft and Robbery,Theft from the person,current_only,348
E09000002,Barking and Dagenham,2016,Theft and Robbery,Vehicle crime,both,2219
E09000002,Barking and Dagenham,2016,Violence and Sexual Offences,Violence and sexual offences,current_only,5514
E09000002,Barking and Dagenham,2017,Criminal Damage and Arson,Criminal damage and arson,both,1689
E09000002,Barking and Dagenham,2017,Drug and Weapon Offences,Drugs,both,683
E09000002,Barking and Dagenham,2017,Drug and Weapon Offences,Possession of weapons,current_only,136
E09000002,Barking and Dagenham,2017,Other Crimes,Other crime,both,223
E09000002,Barking and Dagenham,2017,Public Order Offences,Anti-social behaviour,both,5311
E09000002,Barking and Dagenham,2017,Public Order Offences,Public order,current_only,1020
E09000002,Barking and Dagenham,2017,Theft and Robbery,Bicycle theft,current_only,245
E09000002,Barking and Dagenham,2017,Theft and Robbery,Burglary,both,1576
E09000002,Barking and Dagenham,2017,Theft and Robbery,Other theft,both,2002
E09000002,Barking and Dagenham,2017,Theft and Robbery,Robbery,both,852
E09000002,Barking and Dagenham,2017,Theft and Robbery,Shoplifting,both,897
E09000002,Barking and Dagenham,2017,Theft and Robbery,Theft from the person,current_only,412
E09000002,Barking and Dagenham,2017,Theft and Robbery,Vehicle crime,both,2742
E09000002,Barking and Dagenham,2017,Violence and Sexual Offences,Violence and sexual offences,current_only,5604
E09000002,Barking and Dagenham,2018,Criminal Damage and Arson,Criminal damage and arson,both,1432
E09000002,Barking and Dagenham,2018,Drug and Weapon Offences,Drugs,both,822
E09000002,Barking and Dagenham,2018,Drug and Weapon Offences,Possession of weapons,current_only,166
E09000002,Barking and Dagenham,2018,Other Crimes,Other crime,both,243
E09000002,Barking and Dagenham,2018,Public Order Offences,Anti-social behaviour,both,4538
E09000002,Barking and Dagenham,2018,Public Order Offences,Public order,current_only,929
E09000002,Barking and Dagenham,2018,Theft and Robbery,Bicycle theft,current_only,203
E09000002,Barking and Dagenham,2018,Theft and Robbery,Burglary,both,1675
E09000002,Barking and Dagenham,2018,Theft and Robbery,Other theft,both,1823
E09000002,Barking and Dagenham,2018,Theft and Robbery,Robbery,both,804
E09000002,Barking and Dagenham,2018,Theft and Robbery,Shoplifting,both,785
E09000002,Barking and Dagenham,2018,Theft and Robbery,Theft from the person,current_only,451
E09000002,Barking and Dagenham,2018,Theft and Robbery,Vehicle crime,both,2561
E09000002,Barking and Dagenham,2018,Violence and Sexual Offences,Violence and sexual offences,current_only,5918
E09000002,Barking and Dagenham,2019,Criminal Damage and Arson,Criminal damage and arson,both,1404
E09000002,Barking and Dagenham,2019,Drug and Weapon Offences,Drugs,both,1012
E09000002,Barking and Dagenham,2019,Drug and Weapon Offences,Possession of weapons,current_only,127
E09000002,Barking and Dagenham,2019,Other Crimes,Other crime,both,254
E09000002,Barking and Dagenham,2019,Public Order Offences,Anti-social behaviour,both,4819
E09000002,Barking and Dagenham,2019,Public Order Offences,Public order,current_only,1086
E09000002,Barking and Dagenham,2019,Theft and Robbery,Bicycle theft,current_only,178
E09000002,Barking and Dagenham,2019,Theft and Robbery,Burglary,both,1521
E09000002,Barking and Dagenham,2019,Theft and Robbery,Other theft,both,1872
E09000002,Barking and Dagenham,2019,Theft and Robbery,Robbery,both,1030
E09000002,Barking and Dagenham,2019,Theft and Robbery,Shoplifting,both,733
E09000002,Barking and Dagenham,2019,Theft and Robbery,Theft from the person,current_only,586
E09000002,Barking and Dagenham,2019,Theft and Robbery,Vehicle crime,both,2506
E09000002,Barking and Dagenham,2019,Violence and Sexual Offences,Violence and sexual offences,current_only,6204
E09000002,Barking and Dagenham,2020,Criminal Damage and Arson,Criminal damage and arson,both,1302
E09000002,Barking and Dagenham,2020,Drug and Weapon Offences,Drugs,both,1493
E09000002,Barking and Dagenham,2020,Drug and Weapon Offences,Possession of weapons,current_only,166
E09000002,Barking and Dagenham,2020,Other Crimes,Other crime,both,302
E09000002,Barking and Dagenham,2020,Public Order Offences,Anti-social behaviour,both,8369
E09000002,Barking and Dagenham,2020,Public Order Offences,Public order,current_only,1136
E09000002,Barking and Dagenham,2020,Theft and Robbery,Bicycle theft,current_only,176
E09000002,Barking and Dagenham,2020,Theft and Robbery,Burglary,both,1205
E09000002,Barking and Dagenham,2020,Theft and Robbery,Other theft,both,1628
E09000002,Barking and Dagenham,2020,Theft and Robbery,Robbery,both,704
E09000002,Barking and Dagenham,2020,Theft and Robbery,Shoplifting,both,776
E09000002,Barking and Dagenham,2020,Theft and Robbery,Theft from the person,current_only,457
E09000002,Barking and Dagenham,2020,Theft and Robbery,Vehicle crime,both,2270
E09000002,Barking and Dagenham,2020,Violence and Sexual Offences,Violence and sexual offences,current_only,6366
E09000002,Barking and Dagenham,2021,Criminal Damage and Arson,Criminal damage and arson,both,1409
E09000002,Barking and Dagenham,2021,Drug and Weapon Offences,Drugs,both,1366
E09000002,Barking and Dagenham,2021,Drug and Weapon Offences,Possession of weapons,current_only,134
E09000002,Barking and Dagenham,2021,Other Crimes,Other crime,both,278
E09000002,Barking and Dagenham,2021,Public Order Offences,Anti-social behaviour,both,6014
E09000002,Barking and Dagenham,2021,Public Order Offences,Public order,current_only,1254
E09000002,Barking and Dagenham,2021,Theft and Robbery,Bicycle theft,current_only,173
E09000002,Barking and Dagenham,2021,Theft and Robbery,Burglary,both,1147
E09000002,Barking and Dagenham,2021,Theft and Robbery,Other theft,both,1738
E09000002,Barking and Dagenham,2021,Theft and Robbery,Robbery,both,542
E09000002,Barking and Dagenham,2021,Theft and Robbery,Shoplifting,both,717
E09000002,Barking and Dagenham,2021,Theft and Robbery,Theft from the person,current_only,436
E09000002,Barking and Dagenham,2021,Theft and Robbery,Vehicle crime,both,2281
E09000002,Barking and Dagenham,2021,Violence and Sexual Offences,Violence and sexual offences,current_only,6578
E09000002,Barking and Dagenham,2022,Criminal Damage and Arson,Criminal damage and arson,both,1434
E09000002,Barking and Dagenham,2022,Drug and Weapon Offences,Drugs,both,1330
E09000002,Barking and Dagenham,2022,Drug and Weapon Offences,Possession of weapons,current_only,124
E09000002,Barking and Dagenham,2022,Other Crimes,Other crime,both,296
E09000002,Barking and Dagenham,2022,Public Order Offences,Anti-social behaviour,both,5371
E09000002,Barking and Dagenham,2022,Public Order Offences,Public order,current_only,1259
E09000002,Barking and Dagenham,2022,Theft and Robbery,Bicycle theft,current_only,159
E09000002,Barking and Dagenham,2022,Theft and Robbery,Burglary,both,1103
E09000002,Barking and Dagenham,2022,Theft and Robbery,Other theft,both,2151
E09000002,Barking and Dagenham,2022,Theft and Robbery,Robbery,both,589
E09000002,Barking and Dagenham,2022,Theft and Robbery,Shoplifting,both,736
E09000002,Barking and Dagenham,2022,Theft and Robbery,Theft from the person,current_only,467
E09000002,Barking and Dagenham,2022,Theft and Robbery,Vehicle crime,both,2776
E09000002,Barking and Dagenham,2022,Violence and Sexual Offences,Violence and sexual offences,current_only,6969
E09000002,Barking and Dagenham,2023,Criminal Damage and Arson,Criminal damage and arson,both,1331
E09000002,Barking and Dagenham,2023,Drug and Weapon Offences,Drugs,both,1275
E09000002,Barking and Dagenham,2023,Drug and Weapon Offences,Possession of weapons,current_only,157
E09000002,Barking and Dagenham,2023,Other Crimes,Other crime,both,254
E09000002,Barking and Dagenham,2023,Public Order Offences,Anti-social behaviour,both,4395
E09000002,Barking and Dagenham,2023,Public Order Offences,Public order,current_only,1290
E09000002,Barking and Dagenham,2023,Theft and Robbery,Bicycle theft,current_only,128
E09000002,Barking and Dagenham,2023,Theft and Robbery,Burglary,both,1060
E09000002,Barking and Dagenham,2023,Theft and Robbery,Other theft,both,2271
E09000002,Barking and Dagenham,2023,Theft and Robbery,Robbery,both,827
E09000002,Barking and Dagenham,2023,Theft and Robbery,Shoplifting,both,1340
E09000002,Barking and Dagenham,2023,Theft and Robbery,Theft from the person,current_only,601
E09000002,Barking and Dagenham,2023,Theft and Robbery,Vehicle crime,both,2629
E09000002,Barking and Dagenham,2023,Violence and Sexual Offences,Violence and sexual offences,current_only,7296
E09000002,Barking and Dagenham,2024,Criminal Damage and Arson,Criminal damage and arson,both,1374
E09000002,Barking and Dagenham,2024,Drug and Weapon Offences,Drugs,both,1115
E09000002,Barking and Dagenham,2024,Drug and Weapon Offences,Possession of weapons,current_only,96
E09000002,Barking and Dagenham,2024,Other Crimes,Other crime,both,312
E09000002,Barking and Dagenham,2024,Public Order Offences,Anti-social behaviour,both,4288
E09000002,Barking and Dagenham,2024,Public Order Offences,Public order,current_only,1248
E09000002,Barking and Dagenham,2024,Theft and Robbery,Bicycle theft,current_only,100
E09000002,Barking and Dagenham,2024,Theft and Robbery,Burglary,both,928
E09000002,Barking and Dagenham,2024,Theft and Robbery,Other theft,both,1795
E09000002,Barking and Dagenham,2024,Theft and Robbery,Robbery,both,839
E09000002,Barking and Dagenham,2024,Theft and Robbery,Shoplifting,both,1572
E09000002,Barking and Dagenham,2024,Theft and Robbery,Theft from the person,current_only,751
E09000002,Barking and Dagenham,2024,Theft and Robbery,Vehicle crime,both,2284
E09000002,Barking and Dagenham,2024,Violence and Sexual Offences,Violence and sexual offences,current_only,7437
E09000002,Barking and Dagenham,2025,Criminal Damage and Arson,Criminal damage and arson,both,1418
E09000002,Barking and Dagenham,2025,Drug and Weapon Offences,Drugs,both,1526
E09000002,Barking and Dagenham,2025,Drug and Weapon Offences,Possession of weapons,current_only,129
E09000002,Barking and Dagenham,2025,Other Crimes,Other crime,both,316
E09000002,Barking and Dagenham,2025,Public Order Offences,Anti-social behaviour,both,4513
E09000002,Barking and Dagenham,2025,Public Order Offences,Public order,current_only,1238
E09000002,Barking and Dagenham,2025,Theft and Robbery,Bicycle theft,current_only,127
E09000002,Barking and Dagenham,2025,Theft and Robbery,Burglary,both,900
E09000002,Barking and Dagenham,2025,Theft and Robbery,Other theft,both,1531
E09000002,Barking and Dagenham,2025,Theft and Robbery,Robbery,both,910
E09000002,Barking and Dagenham,2025,Theft and Robbery,Shoplifting,both,1034
E09000002,Barking and Dagenham,2025,Theft and Robbery,Theft from the person,current_only,741
E09000002,Barking and Dagenham,2025,Theft and Robbery,Vehicle crime,both,2071
E09000002,Barking and Dagenham,2025,Violence and Sexual Offences,Violence and sexual offences,current_only,7904
E09000002,Barking and Dagenham,2026,Criminal Damage and Arson,Criminal damage and arson,both,410
E09000002,Barking and Dagenham,2026,Drug and Weapon Offences,Drugs,both,399
E09000002,Barking and Dagenham,2026,Drug and Weapon Offences,Possession of weapons,current_only,56
E09000002,Barking and Dagenham,2026,Other Crimes,Other crime,both,103
E09000002,Barking and Dagenham,2026,Public Order Offences,Anti-social behaviour,both,1396
E09000002,Barking and Dagenham,2026,Public Order Offences,Public order,current_only,444
E09000002,Barking and Dagenham,2026,Theft and Robbery,Bicycle theft,current_only,31
E09000002,Barking and Dagenham,2026,Theft and Robbery,Burglary,both,308
E09000002,Barking and Dagenham,2026,Theft and Robbery,Other theft,both,511
E09000002,Barking and Dagenham,2026,Theft and Robbery,Robbery,both,265
E09000002,Barking and Dagenham,2026,Theft and Robbery,Shoplifting,both,286
E09000002,Barking and Dagenham,2026,Theft and Robbery,Theft from the person,current_only,243
E09000002,Barking and Dagenham,2026,Theft and Robbery,Vehicle crime,both,687
E09000002,Barking and Dagenham,2026,Violence and Sexual Offences,Violence and sexual offences,current_only,2549
E09000003,Barnet,2011,Criminal Damage and Arson,Criminal damage and arson,both,689
E09000003,Barnet,2011,Drug and Weapon Offences,Drugs,both,363
E09000003,Barnet,2011,Other Crimes,Other crime,both,8387
E09000003,Barnet,2011,Public Order Offences,Anti-social behaviour,both,14288
E09000003,Barnet,2011,Public Order Offences,Public disorder and weapons,legacy_only,268
E09000003,Barnet,2011,Theft and Robbery,Burglary,both,4859
E09000003,Barnet,2011,Theft and Robbery,Other theft,both,1259
E09000003,Barnet,2011,Theft and Robbery,Robbery,both,1144
E09000003,Barnet,2011,Theft and Robbery,Shoplifting,both,377
E09000003,Barnet,2011,Theft and Robbery,Vehicle crime,both,4387
E09000003,Barnet,2011,Violence and Sexual Offences,Violent crime,legacy_only,4102
E09000003,Barnet,2012,Criminal Damage and Arson,Criminal damage and arson,both,1951
E09000003,Barnet,2012,Drug and Weapon Offences,Drugs,both,887
E09000003,Barnet,2012,Other Crimes,Other crime,both,2670
E09000003,Barnet,2012,Public Order Offences,Anti-social behaviour,both,11833
E09000003,Barnet,2012,Public Order Offences,Public disorder and weapons,legacy_only,748
E09000003,Barnet,2012,Theft and Robbery,Burglary,both,4845
E09000003,Barnet,2012,Theft and Robbery,Other theft,both,4378
E09000003,Barnet,2012,Theft and Robbery,Robbery,both,1157
E09000003,Barnet,2012,Theft and Robbery,Shoplifting,both,1271
E09000003,Barnet,2012,Theft and Robbery,Vehicle crime,both,4025
E09000003,Barnet,2012,Violence and Sexual Offences,Violent crime,legacy_only,3751
E09000003,Barnet,2013,Criminal Damage and Arson,Criminal damage and arson,both,1831
E09000003,Barnet,2013,Drug and Weapon Offences,Drugs,both,962
E09000003,Barnet,2013,Drug and Weapon Offences,Possession of weapons,current_only,62
E09000003,Barnet,2013,Other Crimes,Other crime,both,736
E09000003,Barnet,2013,Public Order Offences,Anti-social behaviour,both,9905
E09000003,Barnet,2013,Public Order Offences,Public disorder and weapons,legacy_only,239
E09000003,Barnet,2013,Public Order Offences,Public order,current_only,503
E09000003,Barnet,2013,Theft and Robbery,Bicycle theft,current_only,174
E09000003,Barnet,2013,Theft and Robbery,Burglary,both,4269
E09000003,Barnet,2013,Theft and Robbery,Other theft,both,3878
E09000003,Barnet,2013,Theft and Robbery,Robbery,both,809
E09000003,Barnet,2013,Theft and Robbery,Shoplifting,both,1169
E09000003,Barnet,2013,Theft and Robbery,Theft from the person,current_only,509
E09000003,Barnet,2013,Theft and Robbery,Vehicle crime,both,4067
E09000003,Barnet,2013,Violence and Sexual Offences,Violence and sexual offences,current_only,2727
E09000003,Barnet,2013,Violence and Sexual Offences,Violent crime,legacy_only,1303
E09000003,Barnet,2014,Criminal Damage and Arson,Criminal damage and arson,both,2020
E09000003,Barnet,2014,Drug and Weapon Offences,Drugs,both,941
E09000003,Barnet,2014,Drug and Weapon Offences,Possession of weapons,current_only,87
E09000003,Barnet,2014,Other Crimes,Other crime,both,248
E09000003,Barnet,2014,Public Order Offences,Anti-social behaviour,both,9120
E09000003,Barnet,2014,Public Order Offences,Public order,current_only,1070
E09000003,Barnet,2014,Theft and Robbery,Bicycle theft,current_only,199
E09000003,Barnet,2014,Theft and Robbery,Burglary,both,3595
E09000003,Barnet,2014,Theft and Robbery,Other theft,both,3665
E09000003,Barnet,2014,Theft and Robbery,Robbery,both,558
E09000003,Barnet,2014,Theft and Robbery,Shoplifting,both,1240
E09000003,Barnet,2014,Theft and Robbery,Theft from the person,current_only,585
E09000003,Barnet,2014,Theft and Robbery,Vehicle crime,both,3433
E09000003,Barnet,2014,Violence and Sexual Offences,Violence and sexual offences,current_only,5183
E09000003,Barnet,2015,Criminal Damage and Arson,Criminal damage and arson,both,2174
E09000003,Barnet,2015,Drug and Weapon Offences,Drugs,both,703
E09000003,Barnet,2015,Drug and Weapon Offences,Possession of weapons,current_only,90
E09000003,Barnet,2015,Other Crimes,Other crime,both,275
E09000003,Barnet,2015,Public Order Offences,Anti-social behaviour,both,7867
E09000003,Barnet,2015,Public Order Offences,Public order,current_only,1320
E09000003,Barnet,2015,Theft and Robbery,Bicycle theft,current_only,277
E09000003,Barnet,2015,Theft and Robbery,Burglary,both,3805
E09000003,Barnet,2015,Theft and Robbery,Other theft,both,3547
E09000003,Barnet,2015,Theft and Robbery,Robbery,both,622
E09000003,Barnet,2015,Theft and Robbery,Shoplifting,both,1191
E09000003,Barnet,2015,Theft and Robbery,Theft from the person,current_only,669
E09000003,Barnet,2015,Theft and Robbery,Vehicle crime,both,3562
E09000003,Barnet,2015,Violence and Sexual Offences,Violence and sexual offences,current_only,5942
E09000003,Barnet,2016,Criminal Damage and Arson,Criminal damage and arson,both,2120
E09000003,Barnet,2016,Drug and Weapon Offences,Drugs,both,781
E09000003,Barnet,2016,Drug and Weapon Offences,Possession of weapons,current_only,108
E09000003,Barnet,2016,Other Crimes,Other crime,both,284
E09000003,Barnet,2016,Public Order Offences,Anti-social behaviour,both,8372
E09000003,Barnet,2016,Public Order Offences,Public order,current_only,1531
E09000003,Barnet,2016,Theft and Robbery,Bicycle theft,current_only,241
E09000003,Barnet,2016,Theft and Robbery,Burglary,both,3379
E09000003,Barnet,2016,Theft and Robbery,Other theft,both,3671
E09000003,Barnet,2016,Theft and Robbery,Robbery,both,461
E09000003,Barnet,2016,Theft and Robbery,Shoplifting,both,1584
E09000003,Barnet,2016,Theft and Robbery,Theft from the person,current_only,673
E09000003,Barnet,2016,Theft and Robbery,Vehicle crime,both,3614
E09000003,Barnet,2016,Violence and Sexual Offences,Violence and sexual offences,current_only,6470
E09000003,Barnet,2017,Criminal Damage and Arson,Criminal damage and arson,both,2046
E09000003,Barnet,2017,Drug and Weapon Offences,Drugs,both,665
E09000003,Barnet,2017,Drug and Weapon Offences,Possession of weapons,current_only,148
E09000003,Barnet,2017,Other Crimes,Other crime,both,243
E09000003,Barnet,2017,Public Order Offences,Anti-social behaviour,both,7651
E09000003,Barnet,2017,Public Order Offences,Public order,current_only,1672
E09000003,Barnet,2017,Theft and Robbery,Bicycle theft,current_only,249
E09000003,Barnet,2017,Theft and Robbery,Burglary,both,3520
E09000003,Barnet,2017,Theft and Robbery,Other theft,both,3891
E09000003,Barnet,2017,Theft and Robbery,Robbery,both,635
E09000003,Barnet,2017,Theft and Robbery,Shoplifting,both,1551
E09000003,Barnet,2017,Theft and Robbery,Theft from the person,current_only,727
E09000003,Barnet,2017,Theft and Robbery,Vehicle crime,both,3824
E09000003,Barnet,2017,Violence and Sexual Offences,Violence and sexual offences,current_only,6741
E09000003,Barnet,2018,Criminal Damage and Arson,Criminal damage and arson,both,1887
E09000003,Barnet,2018,Drug and Weapon Offences,Drugs,both,629
E09000003,Barnet,2018,Drug and Weapon Offences,Possession of weapons,current_only,154
E09000003,Barnet,2018,Other Crimes,Other crime,both,361
E09000003,Barnet,2018,Public Order Offences,Anti-social behaviour,both,7315
E09000003,Barnet,2018,Public Order Offences,Public order,current_only,1582
E09000003,Barnet,2018,Theft and Robbery,Bicycle theft,current_only,167
E09000003,Barnet,2018,Theft and Robbery,Burglary,both,3654
E09000003,Barnet,2018,Theft and Robbery,Other theft,both,3812
E09000003,Barnet,2018,Theft and Robbery,Robbery,both,738
E09000003,Barnet,2018,Theft and Robbery,Shoplifting,both,1512
E09000003,Barnet,2018,Theft and Robbery,Theft from the person,current_only,746
E09000003,Barnet,2018,Theft and Robbery,Vehicle crime,both,5215
E09000003,Barnet,2018,Violence and Sexual Offences,Violence and sexual offences,current_only,6979
E09000003,Barnet,2019,Criminal Damage and Arson,Criminal damage and arson,both,1974
E09000003,Barnet,2019,Drug and Weapon Offences,Drugs,both,744
E09000003,Barnet,2019,Drug and Weapon Offences,Possession of weapons,current_only,144
E09000003,Barnet,2019,Other Crimes,Other crime,both,313
E09000003,Barnet,2019,Public Order Offences,Anti-social behaviour,both,8328
E09000003,Barnet,2019,Public Order Offences,Public order,current_only,1696
E09000003,Barnet,2019,Theft and Robbery,Bicycle theft,current_only,207
E09000003,Barnet,2019,Theft and Robbery,Burglary,both,3563
E09000003,Barnet,2019,Theft and Robbery,Other theft,both,3545
E09000003,Barnet,2019,Theft and Robbery,Robbery,both,1271
E09000003,Barnet,2019,Theft and Robbery,Shoplifting,both,1692
E09000003,Barnet,2019,Theft and Robbery,Theft from the person,current_only,874
E09000003,Barnet,2019,Theft and Robbery,Vehicle crime,both,5991
E09000003,Barnet,2019,Violence and Sexual Offences,Violence and sexual offences,current_only,7364
E09000003,Barnet,2020,Criminal Damage and Arson,Criminal damage and arson,both,1870
E09000003,Barnet,2020,Drug and Weapon Offences,Drugs,both,1071
E09000003,Barnet,2020,Drug and Weapon Offences,Possession of weapons,current_only,140
E09000003,Barnet,2020,Other Crimes,Other crime,both,305
E09000003,Barnet,2020,Public Order Offences,Anti-social behaviour,both,14761
E09000003,Barnet,2020,Public Order Offences,Public order,current_only,1726
E09000003,Barnet,2020,Theft and Robbery,Bicycle theft,current_only,260
E09000003,Barnet,2020,Theft and Robbery,Burglary,both,2767
E09000003,Barnet,2020,Theft and Robbery,Other theft,both,2766
E09000003,Barnet,2020,Theft and Robbery,Robbery,both,912
E09000003,Barnet,2020,Theft and Robbery,Shoplifting,both,1447
E09000003,Barnet,2020,Theft and Robbery,Theft from the person,current_only,523
E09000003,Barnet,2020,Theft and Robbery,Vehicle crime,both,4966
E09000003,Barnet,2020,Violence and Sexual Offences,Violence and sexual offences,current_only,7563
E09000003,Barnet,2021,Criminal Damage and Arson,Criminal damage and arson,both,1772
E09000003,Barnet,2021,Drug and Weapon Offences,Drugs,both,959
E09000003,Barnet,2021,Drug and Weapon Offences,Possession of weapons,current_only,118
E09000003,Barnet,2021,Other Crimes,Other crime,both,354
E09000003,Barnet,2021,Public Order Offences,Anti-social behaviour,both,11339
E09000003,Barnet,2021,Public Order Offences,Public order,current_only,2069
E09000003,Barnet,2021,Theft and Robbery,Bicycle theft,current_only,317
E09000003,Barnet,2021,Theft and Robbery,Burglary,both,2319
E09000003,Barnet,2021,Theft and Robbery,Other theft,both,2603
E09000003,Barnet,2021,Theft and Robbery,Robbery,both,592
E09000003,Barnet,2021,Theft and Robbery,Shoplifting,both,1390
E09000003,Barnet,2021,Theft and Robbery,Theft from the person,current_only,611
E09000003,Barnet,2021,Theft and Robbery,Vehicle crime,both,4823
E09000003,Barnet,2021,Violence and Sexual Offences,Violence and sexual offences,current_only,8191
E09000003,Barnet,2022,Criminal Damage and Arson,Criminal damage and arson,both,1799
E09000003,Barnet,2022,Drug and Weapon Offences,Drugs,both,887
E09000003,Barnet,2022,Drug and Weapon Offences,Possession of weapons,current_only,126
E09000003,Barnet,2022,Other Crimes,Other crime,both,347
E09000003,Barnet,2022,Public Order Offences,Anti-social behaviour,both,9310
E09000003,Barnet,2022,Public Order Offences,Public order,current_only,1902
E09000003,Barnet,2022,Theft and Robbery,Bicycle theft,current_only,277
E09000003,Barnet,2022,Theft and Robbery,Burglary,both,2519
E09000003,Barnet,2022,Theft and Robbery,Other theft,both,3192
E09000003,Barnet,2022,Theft and Robbery,Robbery,both,711
E09000003,Barnet,2022,Theft and Robbery,Shoplifting,both,1376
E09000003,Barnet,2022,Theft and Robbery,Theft from the person,current_only,819
E09000003,Barnet,2022,Theft and Robbery,Vehicle crime,both,4923
E09000003,Barnet,2022,Violence and Sexual Offences,Violence and sexual offences,current_only,8115
E09000003,Barnet,2023,Criminal Damage and Arson,Criminal damage and arson,both,1867
E09000003,Barnet,2023,Drug and Weapon Offences,Drugs,both,1014
E09000003,Barnet,2023,Drug and Weapon Offences,Possession of weapons,current_only,123
E09000003,Barnet,2023,Other Crimes,Other crime,both,334
E09000003,Barnet,2023,Public Order Offences,Anti-social behaviour,both,8154
E09000003,Barnet,2023,Public Order Offences,Public order,current_only,1972
E09000003,Barnet,2023,Theft and Robbery,Bicycle theft,current_only,192
E09000003,Barnet,2023,Theft and Robbery,Burglary,both,2382
E09000003,Barnet,2023,Theft and Robbery,Other theft,both,3250
E09000003,Barnet,2023,Theft and Robbery,Robbery,both,897
E09000003,Barnet,2023,Theft and Robbery,Shoplifting,both,2012
E09000003,Barnet,2023,Theft and Robbery,Theft from the person,current_only,778
E09000003,Barnet,2023,Theft and Robbery,Vehicle crime,both,4543
E09000003,Barnet,2023,Violence and Sexual Offences,Violence and sexual offences,current_only,8403
E09000003,Barnet,2024,Criminal Damage and Arson,Criminal damage and arson,both,1852
E09000003,Barnet,2024,Drug and Weapon Offences,Drugs,both,1150
E09000003,Barnet,2024,Drug and Weapon Offences,Possession of weapons,current_only,102
E09000003,Barnet,2024,Other Crimes,Other crime,both,372
E09000003,Barnet,2024,Public Order Offences,Anti-social behaviour,both,8374
E09000003,Barnet,2024,Public Order Offences,Public order,current_only,1811
E09000003,Barnet,2024,Theft and Robbery,Bicycle theft,current_only,218
E09000003,Barnet,2024,Theft and Robbery,Burglary,both,2395
E09000003,Barnet,2024,Theft and Robbery,Other theft,both,2950
E09000003,Barnet,2024,Theft and Robbery,Robbery,both,816
E09000003,Barnet,2024,Theft and Robbery,Shoplifting,both,2775
E09000003,Barnet,2024,Theft and Robbery,Theft from the person,current_only,987
E09000003,Barnet,2024,Theft and Robbery,Vehicle crime,both,4256
E09000003,Barnet,2024,Violence and Sexual Offences,Violence and sexual offences,current_only,7891
E09000003,Barnet,2025,Criminal Damage and Arson,Criminal damage and arson,both,1933
E09000003,Barnet,2025,Drug and Weapon Offences,Drugs,both,1962
E09000003,Barnet,2025,Drug and Weapon Offences,Possession of weapons,current_only,158
E09000003,Barnet,2025,Other Crimes,Other crime,both,390
E09000003,Barnet,2025,Public Order Offences,Anti-social behaviour,both,8379
E09000003,Barnet,2025,Public Order Offences,Public order,current_only,1833
E09000003,Barnet,2025,Theft and Robbery,Bicycle theft,current_only,187
E09000003,Barnet,2025,Theft and Robbery,Burglary,both,2046
E09000003,Barnet,2025,Theft and Robbery,Other theft,both,2518
E09000003,Barnet,2025,Theft and Robbery,Robbery,both,674
E09000003,Barnet,2025,Theft and Robbery,Shoplifting,both,2904
E09000003,Barnet,2025,Theft and Robbery,Theft from the person,current_only,1036
E09000003,Barnet,2025,Theft and Robbery,Vehicle crime,both,3865
E09000003,Barnet,2025,Violence and Sexual Offences,Violence and sexual offences,current_only,8428
E09000003,Barnet,2026,Criminal Damage and Arson,Criminal damage and arson,both,600
E09000003,Barnet,2026,Drug and Weapon Offences,Drugs,both,551
E09000003,Barnet,2026,Drug and Weapon Offences,Possession of weapons,current_only,67
E09000003,Barnet,2026,Other Crimes,Other crime,both,138
E09000003,Barnet,2026,Public Order Offences,Anti-social behaviour,both,2748
E09000003,Barnet,2026,Public Order Offences,Public order,current_only,609
E09000003,Barnet,2026,Theft and Robbery,Bicycle theft,current_only,68
E09000003,Barnet,2026,Theft and Robbery,Burglary,both,813
E09000003,Barnet,2026,Theft and Robbery,Other theft,both,828
E09000003,Barnet,2026,Theft and Robbery,Robbery,both,281
E09000003,Barnet,2026,Theft and Robbery,Shoplifting,both,1114
E09000003,Barnet,2026,Theft and Robbery,Theft from the person,current_only,316
E09000003,Barnet,2026,Theft and Robbery,Vehicle crime,both,1207
E09000003,Barnet,2026,Violence and Sexual Offences,Violence and sexual offences,current_only,3084
E09000004,Bexley,2011,Criminal Damage and Arson,Criminal damage and arson,both,494
E09000004,Bexley,2011,Drug and Weapon Offences,Drugs,both,291
E09000004,Bexley,2011,Other Crimes,Other crime,both,4444
E09000004,Bexley,2011,Public Order Offences,Anti-social behaviour,both,7897
E09000004,Bexley,2011,Public Order Offences,Public disorder and weapons,legacy_only,146
E09000004,Bexley,2011,Theft and Robbery,Burglary,both,1501
E09000004,Bexley,2011,Theft and Robbery,Other theft,both,436
E09000004,Bexley,2011,Theft and Robbery,Robbery,both,334
E09000004,Bexley,2011,Theft and Robbery,Shoplifting,both,256
E09000004,Bexley,2011,Theft and Robbery,Vehicle crime,both,1571
E09000004,Bexley,2011,Violence and Sexual Offences,Violent crime,legacy_only,2656
E09000004,Bexley,2012,Criminal Damage and Arson,Criminal damage and arson,both,1536
E09000004,Bexley,2012,Drug and Weapon Offences,Drugs,both,725
E09000004,Bexley,2012,Other Crimes,Other crime,both,876
E09000004,Bexley,2012,Public Order Offences,Anti-social behaviour,both,6874
E09000004,Bexley,2012,Public Order Offences,Public disorder and weapons,legacy_only,499
E09000004,Bexley,2012,Theft and Robbery,Burglary,both,1688
E09000004,Bexley,2012,Theft and Robbery,Other theft,both,1711
E09000004,Bexley,2012,Theft and Robbery,Robbery,both,237
E09000004,Bexley,2012,Theft and Robbery,Shoplifting,both,690
E09000004,Bexley,2012,Theft and Robbery,Vehicle crime,both,1775
E09000004,Bexley,2012,Violence and Sexual Offences,Violent crime,legacy_only,2530
E09000004,Bexley,2013,Criminal Damage and Arson,Criminal damage and arson,both,1425
E09000004,Bexley,2013,Drug and Weapon Offences,Drugs,both,735
E09000004,Bexley,2013,Drug and Weapon Offences,Possession of weapons,current_only,28
E09000004,Bexley,2013,Other Crimes,Other crime,both,351
E09000004,Bexley,2013,Public Order Offences,Anti-social behaviour,both,5804
E09000004,Bexley,2013,Public Order Offences,Public disorder and weapons,legacy_only,149
E09000004,Bexley,2013,Public Order Offences,Public order,current_only,329
E09000004,Bexley,2013,Theft and Robbery,Bicycle theft,current_only,78
E09000004,Bexley,2013,Theft and Robbery,Burglary,both,1796
E09000004,Bexley,2013,Theft and Robbery,Other theft,both,1529
E09000004,Bexley,2013,Theft and Robbery,Robbery,both,270
E09000004,Bexley,2013,Theft and Robbery,Shoplifting,both,805
E09000004,Bexley,2013,Theft and Robbery,Theft from the person,current_only,111
E09000004,Bexley,2013,Theft and Robbery,Vehicle crime,both,1715
E09000004,Bexley,2013,Violence and Sexual Offences,Violence and sexual offences,current_only,1699
E09000004,Bexley,2013,Violence and Sexual Offences,Violent crime,legacy_only,820
E09000004,Bexley,2014,Criminal Damage and Arson,Criminal damage and arson,both,1390
E09000004,Bexley,2014,Drug and Weapon Offences,Drugs,both,678
E09000004,Bexley,2014,Drug and Weapon Offences,Possession of weapons,current_only,41
E09000004,Bexley,2014,Other Crimes,Other crime,both,143
E09000004,Bexley,2014,Public Order Offences,Anti-social behaviour,both,4746
E09000004,Bexley,2014,Public Order Offences,Public order,current_only,566
E09000004,Bexley,2014,Theft and Robbery,Bicycle theft,current_only,121
E09000004,Bexley,2014,Theft and Robbery,Burglary,both,1539
E09000004,Bexley,2014,Theft and Robbery,Other theft,both,1485
E09000004,Bexley,2014,Theft and Robbery,Robbery,both,206
E09000004,Bexley,2014,Theft and Robbery,Shoplifting,both,827
E09000004,Bexley,2014,Theft and Robbery,Theft from the person,current_only,127
E09000004,Bexley,2014,Theft and Robbery,Vehicle crime,both,1807
E09000004,Bexley,2014,Violence and Sexual Offences,Violence and sexual offences,current_only,3107
E09000004,Bexley,2015,Criminal Damage and Arson,Criminal damage and arson,both,1504
E09000004,Bexley,2015,Drug and Weapon Offences,Drugs,both,590
E09000004,Bexley,2015,Drug and Weapon Offences,Possession of weapons,current_only,49
E09000004,Bexley,2015,Other Crimes,Other crime,both,279
E09000004,Bexley,2015,Public Order Offences,Anti-social behaviour,both,4049
E09000004,Bexley,2015,Public Order Offences,Public order,current_only,722
E09000004,Bexley,2015,Theft and Robbery,Bicycle theft,current_only,92
E09000004,Bexley,2015,Theft and Robbery,Burglary,both,1089
E09000004,Bexley,2015,Theft and Robbery,Other theft,both,1482
E09000004,Bexley,2015,Theft and Robbery,Robbery,both,173
E09000004,Bexley,2015,Theft and Robbery,Shoplifting,both,781
E09000004,Bexley,2015,Theft and Robbery,Theft from the person,current_only,141
E09000004,Bexley,2015,Theft and Robbery,Vehicle crime,both,1711
E09000004,Bexley,2015,Violence and Sexual Offences,Violence and sexual offences,current_only,3488
E09000004,Bexley,2016,Criminal Damage and Arson,Criminal damage and arson,both,1601
E09000004,Bexley,2016,Drug and Weapon Offences,Drugs,both,534
E09000004,Bexley,2016,Drug and Weapon Offences,Possession of weapons,current_only,65
E09000004,Bexley,2016,Other Crimes,Other crime,both,185
E09000004,Bexley,2016,Public Order Offences,Anti-social behaviour,both,4438
E09000004,Bexley,2016,Public Order Offences,Public order,current_only,812
E09000004,Bexley,2016,Theft and Robbery,Bicycle theft,current_only,154
E09000004,Bexley,2016,Theft and Robbery,Burglary,both,1120
E09000004,Bexley,2016,Theft and Robbery,Other theft,both,1562
E09000004,Bexley,2016,Theft and Robbery,Robbery,both,210
E09000004,Bexley,2016,Theft and Robbery,Shoplifting,both,834
E09000004,Bexley,2016,Theft and Robbery,Theft from the person,current_only,178
E09000004,Bexley,2016,Theft and Robbery,Vehicle crime,both,1746
E09000004,Bexley,2016,Violence and Sexual Offences,Violence and sexual offences,current_only,4053
E09000004,Bexley,2017,Criminal Damage and Arson,Criminal damage and arson,both,1680
E09000004,Bexley,2017,Drug and Weapon Offences,Drugs,both,422
E09000004,Bexley,2017,Drug and Weapon Offences,Possession of weapons,current_only,98
E09000004,Bexley,2017,Other Crimes,Other crime,both,191
E09000004,Bexley,2017,Public Order Offences,Anti-social behaviour,both,4688
E09000004,Bexley,2017,Public Order Offences,Public order,current_only,945
E09000004,Bexley,2017,Theft and Robbery,Bicycle theft,current_only,150
E09000004,Bexley,2017,Theft and Robbery,Burglary,both,1320
E09000004,Bexley,2017,Theft and Robbery,Other theft,both,1576
E09000004,Bexley,2017,Theft and Robbery,Robbery,both,283
E09000004,Bexley,2017,Theft and Robbery,Shoplifting,both,1103
E09000004,Bexley,2017,Theft and Robbery,Theft from the person,current_only,191
E09000004,Bexley,2017,Theft and Robbery,Vehicle crime,both,2024
E09000004,Bexley,2017,Violence and Sexual Offences,Violence and sexual offences,current_only,4400
E09000004,Bexley,2018,Criminal Damage and Arson,Criminal damage and arson,both,1502
E09000004,Bexley,2018,Drug and Weapon Offences,Drugs,both,539
E09000004,Bexley,2018,Drug and Weapon Offences,Possession of weapons,current_only,88
E09000004,Bexley,2018,Other Crimes,Other crime,both,185
E09000004,Bexley,2018,Public Order Offences,Anti-social behaviour,both,4143
E09000004,Bexley,2018,Public Order Offences,Public order,current_only,922
E09000004,Bexley,2018,Theft and Robbery,Bicycle theft,current_only,120
E09000004,Bexley,2018,Theft and Robbery,Burglary,both,1641
E09000004,Bexley,2018,Theft and Robbery,Other theft,both,1564
E09000004,Bexley,2018,Theft and Robbery,Robbery,both,310
E09000004,Bexley,2018,Theft and Robbery,Shoplifting,both,1018
E09000004,Bexley,2018,Theft and Robbery,Theft from the person,current_only,174
E09000004,Bexley,2018,Theft and Robbery,Vehicle crime,both,2369
E09000004,Bexley,2018,Violence and Sexual Offences,Violence and sexual offences,current_only,4594
E09000004,Bexley,2019,Criminal Damage and Arson,Criminal damage and arson,both,1532
E09000004,Bexley,2019,Drug and Weapon Offences,Drugs,both,658
E09000004,Bexley,2019,Drug and Weapon Offences,Possession of weapons,current_only,122
E09000004,Bexley,2019,Other Crimes,Other crime,both,205
E09000004,Bexley,2019,Public Order Offences,Anti-social behaviour,both,4320
E09000004,Bexley,2019,Public Order Offences,Public order,current_only,1115
E09000004,Bexley,2019,Theft and Robbery,Bicycle theft,current_only,101
E09000004,Bexley,2019,Theft and Robbery,Burglary,both,1715
E09000004,Bexley,2019,Theft and Robbery,Other theft,both,1557
E09000004,Bexley,2019,Theft and Robbery,Robbery,both,367
E09000004,Bexley,2019,Theft and Robbery,Shoplifting,both,888
E09000004,Bexley,2019,Theft and Robbery,Theft from the person,current_only,204
E09000004,Bexley,2019,Theft and Robbery,Vehicle crime,both,3150
E09000004,Bexley,2019,Violence and Sexual Offences,Violence and sexual offences,current_only,5401
E09000004,Bexley,2020,Criminal Damage and Arson,Criminal damage and arson,both,1429
E09000004,Bexley,2020,Drug and Weapon Offences,Drugs,both,779
E09000004,Bexley,2020,Drug and Weapon Offences,Possession of weapons,current_only,106
E09000004,Bexley,2020,Other Crimes,Other crime,both,231
E09000004,Bexley,2020,Public Order Offences,Anti-social behaviour,both,7661
E09000004,Bexley,2020,Public Order Offences,Public order,current_only,1259
E09000004,Bexley,2020,Theft and Robbery,Bicycle theft,current_only,73
E09000004,Bexley,2020,Theft and Robbery,Burglary,both,1039
E09000004,Bexley,2020,Theft and Robbery,Other theft,both,1267
E09000004,Bexley,2020,Theft and Robbery,Robbery,both,304
E09000004,Bexley,2020,Theft and Robbery,Shoplifting,both,797
E09000004,Bexley,2020,Theft and Robbery,Theft from the person,current_only,104
E09000004,Bexley,2020,Theft and Robbery,Vehicle crime,both,2364
E09000004,Bexley,2020,Violence and Sexual Offences,Violence and sexual offences,current_only,5548
E09000004,Bexley,2021,Criminal Damage and Arson,Criminal damage and arson,both,1403
E09000004,Bexley,2021,Drug and Weapon Offences,Drugs,both,854
E09000004,Bexley,2021,Drug and Weapon Offences,Possession of weapons,current_only,77
E09000004,Bexley,2021,Other Crimes,Other crime,both,273
E09000004,Bexley,2021,Public Order Offences,Anti-social behaviour,both,5512
E09000004,Bexley,2021,Public Order Offences,Public order,current_only,1181
E09000004,Bexley,2021,Theft and Robbery,Bicycle theft,current_only,112
E09000004,Bexley,2021,Theft and Robbery,Burglary,both,744
E09000004,Bexley,2021,Theft and Robbery,Other theft,both,1310
E09000004,Bexley,2021,Theft and Robbery,Robbery,both,177
E09000004,Bexley,2021,Theft and Robbery,Shoplifting,both,708
E09000004,Bexley,2021,Theft and Robbery,Theft from the person,current_only,159
E09000004,Bexley,2021,Theft and Robbery,Vehicle crime,both,1992
E09000004,Bexley,2021,Violence and Sexual Offences,Violence and sexual offences,current_only,5549
E09000004,Bexley,2022,Criminal Damage and Arson,Criminal damage and arson,both,1396
E09000004,Bexley,2022,Drug and Weapon Offences,Drugs,both,678
E09000004,Bexley,2022,Drug and Weapon Offences,Possession of weapons,current_only,104
E09000004,Bexley,2022,Other Crimes,Other crime,both,252
E09000004,Bexley,2022,Public Order Offences,Anti-social behaviour,both,4628
E09000004,Bexley,2022,Public Order Offences,Public order,current_only,1134
E09000004,Bexley,2022,Theft and Robbery,Bicycle theft,current_only,71
E09000004,Bexley,2022,Theft and Robbery,Burglary,both,768
E09000004,Bexley,2022,Theft and Robbery,Other theft,both,1726
E09000004,Bexley,2022,Theft and Robbery,Robbery,both,263
E09000004,Bexley,2022,Theft and Robbery,Shoplifting,both,723
E09000004,Bexley,2022,Theft and Robbery,Theft from the person,current_only,228
E09000004,Bexley,2022,Theft and Robbery,Vehicle crime,both,2148
E09000004,Bexley,2022,Violence and Sexual Offences,Violence and sexual offences,current_only,5957
E09000004,Bexley,2023,Criminal Damage and Arson,Criminal damage and arson,both,1542
E09000004,Bexley,2023,Drug and Weapon Offences,Drugs,both,668
E09000004,Bexley,2023,Drug and Weapon Offences,Possession of weapons,current_only,89
E09000004,Bexley,2023,Other Crimes,Other crime,both,232
E09000004,Bexley,2023,Public Order Offences,Anti-social behaviour,both,3732
E09000004,Bexley,2023,Public Order Offences,Public order,current_only,1211
E09000004,Bexley,2023,Theft and Robbery,Bicycle theft,current_only,61
E09000004,Bexley,2023,Theft and Robbery,Burglary,both,879
E09000004,Bexley,2023,Theft and Robbery,Other theft,both,1600
E09000004,Bexley,2023,Theft and Robbery,Robbery,both,326
E09000004,Bexley,2023,Theft and Robbery,Shoplifting,both,1173
E09000004,Bexley,2023,Theft and Robbery,Theft from the person,current_only,174
E09000004,Bexley,2023,Theft and Robbery,Vehicle crime,both,2113
E09000004,Bexley,2023,Violence and Sexual Offences,Violence and sexual offences,current_only,6115
E09000004,Bexley,2024,Criminal Damage and Arson,Criminal damage and arson,both,1701
E09000004,Bexley,2024,Drug and Weapon Offences,Drugs,both,689
E09000004,Bexley,2024,Drug and Weapon Offences,Possession of weapons,current_only,76
E09000004,Bexley,2024,Other Crimes,Other crime,both,272
E09000004,Bexley,2024,Public Order Offences,Anti-social behaviour,both,3722
E09000004,Bexley,2024,Public Order Offences,Public order,current_only,1148
E09000004,Bexley,2024,Theft and Robbery,Bicycle theft,current_only,82
E09000004,Bexley,2024,Theft and Robbery,Burglary,both,793
E09000004,Bexley,2024,Theft and Robbery,Other theft,both,1351
E09000004,Bexley,2024,Theft and Robbery,Robbery,both,322
E09000004,Bexley,2024,Theft and Robbery,Shoplifting,both,1863
E09000004,Bexley,2024,Theft and Robbery,Theft from the person,current_only,269
E09000004,Bexley,2024,Theft and Robbery,Vehicle crime,both,2340
E09000004,Bexley,2024,Violence and Sexual Offences,Violence and sexual offences,current_only,5609
E09000004,Bexley,2025,Criminal Damage and Arson,Criminal damage and arson,both,1689
E09000004,Bexley,2025,Drug and Weapon Offences,Drugs,both,1025
E09000004,Bexley,2025,Drug and Weapon Offences,Possession of weapons,current_only,109
E09000004,Bexley,2025,Other Crimes,Other crime,both,274
E09000004,Bexley,2025,Public Order Offences,Anti-social behaviour,both,3722
E09000004,Bexley,2025,Public Order Offences,Public order,current_only,1155
E09000004,Bexley,2025,Theft and Robbery,Bicycle theft,current_only,67
E09000004,Bexley,2025,Theft and Robbery,Burglary,both,749
E09000004,Bexley,2025,Theft and Robbery,Other theft,both,1163
E09000004,Bexley,2025,Theft and Robbery,Robbery,both,338
E09000004,Bexley,2025,Theft and Robbery,Shoplifting,both,1715
E09000004,Bexley,2025,Theft and Robbery,Theft from the person,current_only,257
E09000004,Bexley,2025,Theft and Robbery,Vehicle crime,both,1658
E09000004,Bexley,2025,Violence and Sexual Offences,Violence and sexual offences,current_only,5844
E09000004,Bexley,2026,Criminal Damage and Arson,Criminal damage and arson,both,471
E09000004,Bexley,2026,Drug and Weapon Offences,Drugs,both,312
E09000004,Bexley,2026,Drug and Weapon Offences,Possession of weapons,current_only,38
E09000004,Bexley,2026,Other Crimes,Other crime,both,99
E09000004,Bexley,2026,Public Order Offences,Anti-social behaviour,both,1249
E09000004,Bexley,2026,Public Order Offences,Public order,current_only,396
E09000004,Bexley,2026,Theft and Robbery,Bicycle theft,current_only,18
E09000004,Bexley,2026,Theft and Robbery,Burglary,both,283
E09000004,Bexley,2026,Theft and Robbery,Other theft,both,400
E09000004,Bexley,2026,Theft and Robbery,Robbery,both,92
E09000004,Bexley,2026,Theft and Robbery,Shoplifting,both,415
E09000004,Bexley,2026,Theft and Robbery,Theft from the person,current_only,82
E09000004,Bexley,2026,Theft and Robbery,Vehicle crime,both,526
E09000004,Bexley,2026,Violence and Sexual Offences,Violence and sexual offences,current_only,1928
E09000005,Brent,2011,Criminal Damage and Arson,Criminal damage and arson,both,722
E09000005,Brent,2011,Drug and Weapon Offences,Drugs,both,1170
E09000005,Brent,2011,Other Crimes,Other crime,both,9895
E09000005,Brent,2011,Public Order Offences,Anti-social behaviour,both,14985
E09000005,Brent,2011,Public Order Offences,Public disorder and weapons,legacy_only,552
E09000005,Brent,2011,Theft and Robbery,Burglary,both,3823
E09000005,Brent,2011,Theft and Robbery,Other theft,both,1484
E09000005,Brent,2011,Theft and Robbery,Robbery,both,2139
E09000005,Brent,2011,Theft and Robbery,Shoplifting,both,363
E09000005,Brent,2011,Theft and Robbery,Vehicle crime,both,3372
E09000005,Brent,2011,Violence and Sexual Offences,Violent crime,legacy_only,6727
E09000005,Brent,2012,Criminal Damage and Arson,Criminal damage and arson,both,2106
E09000005,Brent,2012,Drug and Weapon Offences,Drugs,both,3275
E09000005,Brent,2012,Other Crimes,Other crime,both,1928
E09000005,Brent,2012,Public Order Offences,Anti-social behaviour,both,12286
E09000005,Brent,2012,Public Order Offences,Public disorder and weapons,legacy_only,1462
E09000005,Brent,2012,Theft and Robbery,Burglary,both,3994
E09000005,Brent,2012,Theft and Robbery,Other theft,both,4203
E09000005,Brent,2012,Theft and Robbery,Robbery,both,1677
E09000005,Brent,2012,Theft and Robbery,Shoplifting,both,873
E09000005,Brent,2012,Theft and Robbery,Vehicle crime,both,3015
E09000005,Brent,2012,Violence and Sexual Offences,Violent crime,legacy_only,5626
E09000005,Brent,2013,Criminal Damage and Arson,Criminal damage and arson,both,1993
E09000005,Brent,2013,Drug and Weapon Offences,Drugs,both,3135
E09000005,Brent,2013,Drug and Weapon Offences,Possession of weapons,current_only,99
E09000005,Brent,2013,Other Crimes,Other crime,both,443
E09000005,Brent,2013,Public Order Offences,Anti-social behaviour,both,9750
E09000005,Brent,2013,Public Order Offences,Public disorder and weapons,legacy_only,357
E09000005,Brent,2013,Public Order Offences,Public order,current_only,836
E09000005,Brent,2013,Theft and Robbery,Bicycle theft,current_only,333
E09000005,Brent,2013,Theft and Robbery,Burglary,both,3144
E09000005,Brent,2013,Theft and Robbery,Other theft,both,3062
E09000005,Brent,2013,Theft and Robbery,Robbery,both,1174
E09000005,Brent,2013,Theft and Robbery,Shoplifting,both,852
E09000005,Brent,2013,Theft and Robbery,Theft from the person,current_only,637
E09000005,Brent,2013,Theft and Robbery,Vehicle crime,both,2838
E09000005,Brent,2013,Violence and Sexual Offences,Violence and sexual offences,current_only,3660
E09000005,Brent,2013,Violence and Sexual Offences,Violent crime,legacy_only,1619
E09000005,Brent,2014,Criminal Damage and Arson,Criminal damage and arson,both,2035
E09000005,Brent,2014,Drug and Weapon Offences,Drugs,both,2719
E09000005,Brent,2014,Drug and Weapon Offences,Possession of weapons,current_only,136
E09000005,Brent,2014,Other Crimes,Other crime,both,239
E09000005,Brent,2014,Public Order Offences,Anti-social behaviour,both,9435
E09000005,Brent,2014,Public Order Offences,Public order,current_only,1382
E09000005,Brent,2014,Theft and Robbery,Bicycle theft,current_only,438
E09000005,Brent,2014,Theft and Robbery,Burglary,both,2639
E09000005,Brent,2014,Theft and Robbery,Other theft,both,2982
E09000005,Brent,2014,Theft and Robbery,Robbery,both,879
E09000005,Brent,2014,Theft and Robbery,Shoplifting,both,1112
E09000005,Brent,2014,Theft and Robbery,Theft from the person,current_only,708
E09000005,Brent,2014,Theft and Robbery,Vehicle crime,both,2462
E09000005,Brent,2014,Violence and Sexual Offences,Violence and sexual offences,current_only,6868
E09000005,Brent,2015,Criminal Damage and Arson,Criminal damage and arson,both,2038
E09000005,Brent,2015,Drug and Weapon Offences,Drugs,both,1698
E09000005,Brent,2015,Drug and Weapon Offences,Possession of weapons,current_only,159
E09000005,Brent,2015,Other Crimes,Other crime,both,252
E09000005,Brent,2015,Public Order Offences,Anti-social behaviour,both,8243
E09000005,Brent,2015,Public Order Offences,Public order,current_only,1499
E09000005,Brent,2015,Theft and Robbery,Bicycle theft,current_only,430
E09000005,Brent,2015,Theft and Robbery,Burglary,both,2716
E09000005,Brent,2015,Theft and Robbery,Other theft,both,2958
E09000005,Brent,2015,Theft and Robbery,Robbery,both,897
E09000005,Brent,2015,Theft and Robbery,Shoplifting,both,1255
E09000005,Brent,2015,Theft and Robbery,Theft from the person,current_only,718
E09000005,Brent,2015,Theft and Robbery,Vehicle crime,both,3045
E09000005,Brent,2015,Violence and Sexual Offences,Violence and sexual offences,current_only,7399
E09000005,Brent,2016,Criminal Damage and Arson,Criminal damage and arson,both,2192
E09000005,Brent,2016,Drug and Weapon Offences,Drugs,both,1895
E09000005,Brent,2016,Drug and Weapon Offences,Possession of weapons,current_only,206
E09000005,Brent,2016,Other Crimes,Other crime,both,264
E09000005,Brent,2016,Public Order Offences,Anti-social behaviour,both,9761
E09000005,Brent,2016,Public Order Offences,Public order,current_only,1545
E09000005,Brent,2016,Theft and Robbery,Bicycle theft,current_only,445
E09000005,Brent,2016,Theft and Robbery,Burglary,both,2629
E09000005,Brent,2016,Theft and Robbery,Other theft,both,3264
E09000005,Brent,2016,Theft and Robbery,Robbery,both,893
E09000005,Brent,2016,Theft and Robbery,Shoplifting,both,1428
E09000005,Brent,2016,Theft and Robbery,Theft from the person,current_only,705
E09000005,Brent,2016,Theft and Robbery,Vehicle crime,both,3146
E09000005,Brent,2016,Violence and Sexual Offences,Violence and sexual offences,current_only,8068
E09000005,Brent,2017,Criminal Damage and Arson,Criminal damage and arson,both,2156
E09000005,Brent,2017,Drug and Weapon Offences,Drugs,both,1534
E09000005,Brent,2017,Drug and Weapon Offences,Possession of weapons,current_only,249
E09000005,Brent,2017,Other Crimes,Other crime,both,320
E09000005,Brent,2017,Public Order Offences,Anti-social behaviour,both,9107
E09000005,Brent,2017,Public Order Offences,Public order,current_only,1684
E09000005,Brent,2017,Theft and Robbery,Bicycle theft,current_only,421
E09000005,Brent,2017,Theft and Robbery,Burglary,both,2871
E09000005,Brent,2017,Theft and Robbery,Other theft,both,3514
E09000005,Brent,2017,Theft and Robbery,Robbery,both,1185
E09000005,Brent,2017,Theft and Robbery,Shoplifting,both,1382
E09000005,Brent,2017,Theft and Robbery,Theft from the person,current_only,825
E09000005,Brent,2017,Theft and Robbery,Vehicle crime,both,4001
E09000005,Brent,2017,Violence and Sexual Offences,Violence and sexual offences,current_only,8684
E09000005,Brent,2018,Criminal Damage and Arson,Criminal damage and arson,both,2085
E09000005,Brent,2018,Drug and Weapon Offences,Drugs,both,1641
E09000005,Brent,2018,Drug and Weapon Offences,Possession of weapons,current_only,247
E09000005,Brent,2018,Other Crimes,Other crime,both,334
E09000005,Brent,2018,Public Order Offences,Anti-social behaviour,both,9015
E09000005,Brent,2018,Public Order Offences,Public order,current_only,1836
E09000005,Brent,2018,Theft and Robbery,Bicycle theft,current_only,328
E09000005,Brent,2018,Theft and Robbery,Burglary,both,3257
E09000005,Brent,2018,Theft and Robbery,Other theft,both,3269
E09000005,Brent,2018,Theft and Robbery,Robbery,both,1389
E09000005,Brent,2018,Theft and Robbery,Shoplifting,both,1264
E09000005,Brent,2018,Theft and Robbery,Theft from the person,current_only,878
E09000005,Brent,2018,Theft and Robbery,Vehicle crime,both,3963
E09000005,Brent,2018,Violence and Sexual Offences,Violence and sexual offences,current_only,9070
E09000005,Brent,2019,Criminal Damage and Arson,Criminal damage and arson,both,2004
E09000005,Brent,2019,Drug and Weapon Offences,Drugs,both,1645
E09000005,Brent,2019,Drug and Weapon Offences,Possession of weapons,current_only,237
E09000005,Brent,2019,Other Crimes,Other crime,both,317
E09000005,Brent,2019,Public Order Offences,Anti-social behaviour,both,9800
E09000005,Brent,2019,Public Order Offences,Public order,current_only,1750
E09000005,Brent,2019,Theft and Robbery,Bicycle theft,current_only,264
E09000005,Brent,2019,Theft and Robbery,Burglary,both,2641
E09000005,Brent,2019,Theft and Robbery,Other theft,both,3016
E09000005,Brent,2019,Theft and Robbery,Robbery,both,1327
E09000005,Brent,2019,Theft and Robbery,Shoplifting,both,1039
E09000005,Brent,2019,Theft and Robbery,Theft from the person,current_only,849
E09000005,Brent,2019,Theft and Robbery,Vehicle crime,both,4197
E09000005,Brent,2019,Violence and Sexual Offences,Violence and sexual offences,current_only,8830
E09000005,Brent,2020,Criminal Damage and Arson,Criminal damage and arson,both,2020
E09000005,Brent,2020,Drug and Weapon Offences,Drugs,both,2087
E09000005,Brent,2020,Drug and Weapon Offences,Possession of weapons,current_only,217
E09000005,Brent,2020,Other Crimes,Other crime,both,360
E09000005,Brent,2020,Public Order Offences,Anti-social behaviour,both,16244
E09000005,Brent,2020,Public Order Offences,Public order,current_only,1993
E09000005,Brent,2020,Theft and Robbery,Bicycle theft,current_only,379
E09000005,Brent,2020,Theft and Robbery,Burglary,both,2139
E09000005,Brent,2020,Theft and Robbery,Other theft,both,2539
E09000005,Brent,2020,Theft and Robbery,Robbery,both,940
E09000005,Brent,2020,Theft and Robbery,Shoplifting,both,941
E09000005,Brent,2020,Theft and Robbery,Theft from the person,current_only,618
E09000005,Brent,2020,Theft and Robbery,Vehicle crime,both,4246
E09000005,Brent,2020,Violence and Sexual Offences,Violence and sexual offences,current_only,8925
E09000005,Brent,2021,Criminal Damage and Arson,Criminal damage and arson,both,1990
E09000005,Brent,2021,Drug and Weapon Offences,Drugs,both,1792
E09000005,Brent,2021,Drug and Weapon Offences,Possession of weapons,current_only,194
E09000005,Brent,2021,Other Crimes,Other crime,both,382
E09000005,Brent,2021,Public Order Offences,Anti-social behaviour,both,11893
E09000005,Brent,2021,Public Order Offences,Public order,current_only,2123
E09000005,Brent,2021,Theft and Robbery,Bicycle theft,current_only,347
E09000005,Brent,2021,Theft and Robbery,Burglary,both,1773
E09000005,Brent,2021,Theft and Robbery,Other theft,both,2798
E09000005,Brent,2021,Theft and Robbery,Robbery,both,709
E09000005,Brent,2021,Theft and Robbery,Shoplifting,both,988
E09000005,Brent,2021,Theft and Robbery,Theft from the person,current_only,780
E09000005,Brent,2021,Theft and Robbery,Vehicle crime,both,3549
E09000005,Brent,2021,Violence and Sexual Offences,Violence and sexual offences,current_only,9160
E09000005,Brent,2022,Criminal Damage and Arson,Criminal damage and arson,both,1935
E09000005,Brent,2022,Drug and Weapon Offences,Drugs,both,1598
E09000005,Brent,2022,Drug and Weapon Offences,Possession of weapons,current_only,179
E09000005,Brent,2022,Other Crimes,Other crime,both,377
E09000005,Brent,2022,Public Order Offences,Anti-social behaviour,both,10745
E09000005,Brent,2022,Public Order Offences,Public order,current_only,2182
E09000005,Brent,2022,Theft and Robbery,Bicycle theft,current_only,381
E09000005,Brent,2022,Theft and Robbery,Burglary,both,1866
E09000005,Brent,2022,Theft and Robbery,Other theft,both,3356
E09000005,Brent,2022,Theft and Robbery,Robbery,both,904
E09000005,Brent,2022,Theft and Robbery,Shoplifting,both,1335
E09000005,Brent,2022,Theft and Robbery,Theft from the person,current_only,958
E09000005,Brent,2022,Theft and Robbery,Vehicle crime,both,3788
E09000005,Brent,2022,Violence and Sexual Offences,Violence and sexual offences,current_only,9910
E09000005,Brent,2023,Criminal Damage and Arson,Criminal damage and arson,both,2040
E09000005,Brent,2023,Drug and Weapon Offences,Drugs,both,1545
E09000005,Brent,2023,Drug and Weapon Offences,Possession of weapons,current_only,185
E09000005,Brent,2023,Other Crimes,Other crime,both,324
E09000005,Brent,2023,Public Order Offences,Anti-social behaviour,both,9487
E09000005,Brent,2023,Public Order Offences,Public order,current_only,2180
E09000005,Brent,2023,Theft and Robbery,Bicycle theft,current_only,328
E09000005,Brent,2023,Theft and Robbery,Burglary,both,2073
E09000005,Brent,2023,Theft and Robbery,Other theft,both,3847
E09000005,Brent,2023,Theft and Robbery,Robbery,both,1048
E09000005,Brent,2023,Theft and Robbery,Shoplifting,both,2107
E09000005,Brent,2023,Theft and Robbery,Theft from the person,current_only,1311
E09000005,Brent,2023,Theft and Robbery,Vehicle crime,both,3868
E09000005,Brent,2023,Violence and Sexual Offences,Violence and sexual offences,current_only,10038
E09000005,Brent,2024,Criminal Damage and Arson,Criminal damage and arson,both,2043
E09000005,Brent,2024,Drug and Weapon Offences,Drugs,both,1666
E09000005,Brent,2024,Drug and Weapon Offences,Possession of weapons,current_only,164
E09000005,Brent,2024,Other Crimes,Other crime,both,342
E09000005,Brent,2024,Public Order Offences,Anti-social behaviour,both,10070
E09000005,Brent,2024,Public Order Offences,Public order,current_only,2141
E09000005,Brent,2024,Theft and Robbery,Bicycle theft,current_only,327
E09000005,Brent,2024,Theft and Robbery,Burglary,both,1974
E09000005,Brent,2024,Theft and Robbery,Other theft,both,3465
E09000005,Brent,2024,Theft and Robbery,Robbery,both,1123
E09000005,Brent,2024,Theft and Robbery,Shoplifting,both,3233
E09000005,Brent,2024,Theft and Robbery,Theft from the person,current_only,2075
E09000005,Brent,2024,Theft and Robbery,Vehicle crime,both,3762
E09000005,Brent,2024,Violence and Sexual Offences,Violence and sexual offences,current_only,10054
E09000005,Brent,2025,Criminal Damage and Arson,Criminal damage and arson,both,2001
E09000005,Brent,2025,Drug and Weapon Offences,Drugs,both,2828
E09000005,Brent,2025,Drug and Weapon Offences,Possession of weapons,current_only,217
E09000005,Brent,2025,Other Crimes,Other crime,both,424
E09000005,Brent,2025,Public Order Offences,Anti-social behaviour,both,10412
E09000005,Brent,2025,Public Order Offences,Public order,current_only,2242
E09000005,Brent,2025,Theft and Robbery,Bicycle theft,current_only,261
E09000005,Brent,2025,Theft and Robbery,Burglary,both,1607
E09000005,Brent,2025,Theft and Robbery,Other theft,both,3190
E09000005,Brent,2025,Theft and Robbery,Robbery,both,1230
E09000005,Brent,2025,Theft and Robbery,Shoplifting,both,3193
E09000005,Brent,2025,Theft and Robbery,Theft from the person,current_only,2328
E09000005,Brent,2025,Theft and Robbery,Vehicle crime,both,2933
E09000005,Brent,2025,Violence and Sexual Offences,Violence and sexual offences,current_only,10532
E09000005,Brent,2026,Criminal Damage and Arson,Criminal damage and arson,both,721
E09000005,Brent,2026,Drug and Weapon Offences,Drugs,both,665
E09000005,Brent,2026,Drug and Weapon Offences,Possession of weapons,current_only,124
E09000005,Brent,2026,Other Crimes,Other crime,both,149
E09000005,Brent,2026,Public Order Offences,Anti-social behaviour,both,3071
E09000005,Brent,2026,Public Order Offences,Public order,current_only,712
E09000005,Brent,2026,Theft and Robbery,Bicycle theft,current_only,103
E09000005,Brent,2026,Theft and Robbery,Burglary,both,652
E09000005,Brent,2026,Theft and Robbery,Other theft,both,981
E09000005,Brent,2026,Theft and Robbery,Robbery,both,461
E09000005,Brent,2026,Theft and Robbery,Shoplifting,both,897
E09000005,Brent,2026,Theft and Robbery,Theft from the person,current_only,676
E09000005,Brent,2026,Theft and Robbery,Vehicle crime,both,886
E09000005,Brent,2026,Violence and Sexual Offences,Violence and sexual offences,current_only,3483
E09000006,Bromley,2011,Criminal Damage and Arson,Criminal damage and arson,both,824
E09000006,Bromley,2011,Drug and Weapon Offences,Drugs,both,354
E09000006,Bromley,2011,Other Crimes,Other crime,both,7665
E09000006,Bromley,2011,Public Order Offences,Anti-social behaviour,both,11783
E09000006,Bromley,2011,Public Order Offences,Public disorder and weapons,legacy_only,339
E09000006,Bromley,2011,Theft and Robbery,Burglary,both,3181
E09000006,Bromley,2011,Theft and Robbery,Other theft,both,1020
E09000006,Bromley,2011,Theft and Robbery,Robbery,both,701
E09000006,Bromley,2011,Theft and Robbery,Shoplifting,both,467
E09000006,Bromley,2011,Theft and Robbery,Vehicle crime,both,2933
E09000006,Bromley,2011,Violence and Sexual Offences,Violent crime,legacy_only,4480
E09000006,Bromley,2012,Criminal Damage and Arson,Criminal damage and arson,both,2200
E09000006,Bromley,2012,Drug and Weapon Offences,Drugs,both,947
E09000006,Bromley,2012,Other Crimes,Other crime,both,1459
E09000006,Bromley,2012,Public Order Offences,Anti-social behaviour,both,9406
E09000006,Bromley,2012,Public Order Offences,Public disorder and weapons,legacy_only,802
E09000006,Bromley,2012,Theft and Robbery,Burglary,both,3475
E09000006,Bromley,2012,Theft and Robbery,Other theft,both,3266
E09000006,Bromley,2012,Theft and Robbery,Robbery,both,601
E09000006,Bromley,2012,Theft and Robbery,Shoplifting,both,1210
E09000006,Bromley,2012,Theft and Robbery,Vehicle crime,both,2857
E09000006,Bromley,2012,Violence and Sexual Offences,Violent crime,legacy_only,3700
E09000006,Bromley,2013,Criminal Damage and Arson,Criminal damage and arson,both,1941
E09000006,Bromley,2013,Drug and Weapon Offences,Drugs,both,976
E09000006,Bromley,2013,Drug and Weapon Offences,Possession of weapons,current_only,56
E09000006,Bromley,2013,Other Crimes,Other crime,both,414
E09000006,Bromley,2013,Public Order Offences,Anti-social behaviour,both,7699
E09000006,Bromley,2013,Public Order Offences,Public disorder and weapons,legacy_only,246
E09000006,Bromley,2013,Public Order Offences,Public order,current_only,567
E09000006,Bromley,2013,Theft and Robbery,Bicycle theft,current_only,132
E09000006,Bromley,2013,Theft and Robbery,Burglary,both,3138
E09000006,Bromley,2013,Theft and Robbery,Other theft,both,2955
E09000006,Bromley,2013,Theft and Robbery,Robbery,both,584
E09000006,Bromley,2013,Theft and Robbery,Shoplifting,both,1522
E09000006,Bromley,2013,Theft and Robbery,Theft from the person,current_only,219
E09000006,Bromley,2013,Theft and Robbery,Vehicle crime,both,2799
E09000006,Bromley,2013,Violence and Sexual Offences,Violence and sexual offences,current_only,2623
E09000006,Bromley,2013,Violence and Sexual Offences,Violent crime,legacy_only,1195
E09000006,Bromley,2014,Criminal Damage and Arson,Criminal damage and arson,both,2170
E09000006,Bromley,2014,Drug and Weapon Offences,Drugs,both,903
E09000006,Bromley,2014,Drug and Weapon Offences,Possession of weapons,current_only,61
E09000006,Bromley,2014,Other Crimes,Other crime,both,207
E09000006,Bromley,2014,Public Order Offences,Anti-social behaviour,both,6270
E09000006,Bromley,2014,Public Order Offences,Public order,current_only,1122
E09000006,Bromley,2014,Theft and Robbery,Bicycle theft,current_only,172
E09000006,Bromley,2014,Theft and Robbery,Burglary,both,2672
E09000006,Bromley,2014,Theft and Robbery,Other theft,both,2807
E09000006,Bromley,2014,Theft and Robbery,Robbery,both,386
E09000006,Bromley,2014,Theft and Robbery,Shoplifting,both,1717
E09000006,Bromley,2014,Theft and Robbery,Theft from the person,current_only,302
E09000006,Bromley,2014,Theft and Robbery,Vehicle crime,both,2480
E09000006,Bromley,2014,Violence and Sexual Offences,Violence and sexual offences,current_only,4819
E09000006,Bromley,2015,Criminal Damage and Arson,Criminal damage and arson,both,2246
E09000006,Bromley,2015,Drug and Weapon Offences,Drugs,both,761
E09000006,Bromley,2015,Drug and Weapon Offences,Possession of weapons,current_only,70
E09000006,Bromley,2015,Other Crimes,Other crime,both,235
E09000006,Bromley,2015,Public Order Offences,Anti-social behaviour,both,5563
E09000006,Bromley,2015,Public Order Offences,Public order,current_only,1412
E09000006,Bromley,2015,Theft and Robbery,Bicycle theft,current_only,171
E09000006,Bromley,2015,Theft and Robbery,Burglary,both,2520
E09000006,Bromley,2015,Theft and Robbery,Other theft,both,2859
E09000006,Bromley,2015,Theft and Robbery,Robbery,both,358
E09000006,Bromley,2015,Theft and Robbery,Shoplifting,both,1660
E09000006,Bromley,2015,Theft and Robbery,Theft from the person,current_only,281
E09000006,Bromley,2015,Theft and Robbery,Vehicle crime,both,2577
E09000006,Bromley,2015,Violence and Sexual Offences,Violence and sexual offences,current_only,5592
E09000006,Bromley,2016,Criminal Damage and Arson,Criminal damage and arson,both,2137
E09000006,Bromley,2016,Drug and Weapon Offences,Drugs,both,648
E09000006,Bromley,2016,Drug and Weapon Offences,Possession of weapons,current_only,80
E09000006,Bromley,2016,Other Crimes,Other crime,both,260
E09000006,Bromley,2016,Public Order Offences,Anti-social behaviour,both,5979
E09000006,Bromley,2016,Public Order Offences,Public order,current_only,1416
E09000006,Bromley,2016,Theft and Robbery,Bicycle theft,current_only,209
E09000006,Bromley,2016,Theft and Robbery,Burglary,both,2213
E09000006,Bromley,2016,Theft and Robbery,Other theft,both,2704
E09000006,Bromley,2016,Theft and Robbery,Robbery,both,367
E09000006,Bromley,2016,Theft and Robbery,Shoplifting,both,1817
E09000006,Bromley,2016,Theft and Robbery,Theft from the person,current_only,349
E09000006,Bromley,2016,Theft and Robbery,Vehicle crime,both,2519
E09000006,Bromley,2016,Violence and Sexual Offences,Violence and sexual offences,current_only,5773
E09000006,Bromley,2017,Criminal Damage and Arson,Criminal damage and arson,both,2162
E09000006,Bromley,2017,Drug and Weapon Offences,Drugs,both,563
E09000006,Bromley,2017,Drug and Weapon Offences,Possession of weapons,current_only,192
E09000006,Bromley,2017,Other Crimes,Other crime,both,285
E09000006,Bromley,2017,Public Order Offences,Anti-social behaviour,both,5682
E09000006,Bromley,2017,Public Order Offences,Public order,current_only,1387
E09000006,Bromley,2017,Theft and Robbery,Bicycle theft,current_only,226
E09000006,Bromley,2017,Theft and Robbery,Burglary,both,2587
E09000006,Bromley,2017,Theft and Robbery,Other theft,both,2742
E09000006,Bromley,2017,Theft and Robbery,Robbery,both,599
E09000006,Bromley,2017,Theft and Robbery,Shoplifting,both,1706
E09000006,Bromley,2017,Theft and Robbery,Theft from the person,current_only,298
E09000006,Bromley,2017,Theft and Robbery,Vehicle crime,both,3248
E09000006,Bromley,2017,Violence and Sexual Offences,Violence and sexual offences,current_only,6358
E09000006,Bromley,2018,Criminal Damage and Arson,Criminal damage and arson,both,2115
E09000006,Bromley,2018,Drug and Weapon Offences,Drugs,both,663
E09000006,Bromley,2018,Drug and Weapon Offences,Possession of weapons,current_only,183
E09000006,Bromley,2018,Other Crimes,Other crime,both,266
E09000006,Bromley,2018,Public Order Offences,Anti-social behaviour,both,5034
E09000006,Bromley,2018,Public Order Offences,Public order,current_only,1479
E09000006,Bromley,2018,Theft and Robbery,Bicycle theft,current_only,217
E09000006,Bromley,2018,Theft and Robbery,Burglary,both,2579
E09000006,Bromley,2018,Theft and Robbery,Other theft,both,2666
E09000006,Bromley,2018,Theft and Robbery,Robbery,both,439
E09000006,Bromley,2018,Theft and Robbery,Shoplifting,both,2052
E09000006,Bromley,2018,Theft and Robbery,Theft from the person,current_only,301
E09000006,Bromley,2018,Theft and Robbery,Vehicle crime,both,3457
E09000006,Bromley,2018,Violence and Sexual Offences,Violence and sexual offences,current_only,6415
E09000006,Bromley,2019,Criminal Damage and Arson,Criminal damage and arson,both,1917
E09000006,Bromley,2019,Drug and Weapon Offences,Drugs,both,1023
E09000006,Bromley,2019,Drug and Weapon Offences,Possession of weapons,current_only,139
E09000006,Bromley,2019,Other Crimes,Other crime,both,271
E09000006,Bromley,2019,Public Order Offences,Anti-social behaviour,both,5812
E09000006,Bromley,2019,Public Order Offences,Public order,current_only,1550
E09000006,Bromley,2019,Theft and Robbery,Bicycle theft,current_only,162
E09000006,Bromley,2019,Theft and Robbery,Burglary,both,2704
E09000006,Bromley,2019,Theft and Robbery,Other theft,both,2351
E09000006,Bromley,2019,Theft and Robbery,Robbery,both,490
E09000006,Bromley,2019,Theft and Robbery,Shoplifting,both,2001
E09000006,Bromley,2019,Theft and Robbery,Theft from the person,current_only,428
E09000006,Bromley,2019,Theft and Robbery,Vehicle crime,both,3853
E09000006,Bromley,2019,Violence and Sexual Offences,Violence and sexual offences,current_only,6755
E09000006,Bromley,2020,Criminal Damage and Arson,Criminal damage and arson,both,1706
E09000006,Bromley,2020,Drug and Weapon Offences,Drugs,both,1184
E09000006,Bromley,2020,Drug and Weapon Offences,Possession of weapons,current_only,164
E09000006,Bromley,2020,Other Crimes,Other crime,both,318
E09000006,Bromley,2020,Public Order Offences,Anti-social behaviour,both,10800
E09000006,Bromley,2020,Public Order Offences,Public order,current_only,1615
E09000006,Bromley,2020,Theft and Robbery,Bicycle theft,current_only,150
E09000006,Bromley,2020,Theft and Robbery,Burglary,both,1730
E09000006,Bromley,2020,Theft and Robbery,Other theft,both,1749
E09000006,Bromley,2020,Theft and Robbery,Robbery,both,496
E09000006,Bromley,2020,Theft and Robbery,Shoplifting,both,1715
E09000006,Bromley,2020,Theft and Robbery,Theft from the person,current_only,305
E09000006,Bromley,2020,Theft and Robbery,Vehicle crime,both,3574
E09000006,Bromley,2020,Violence and Sexual Offences,Violence and sexual offences,current_only,6571
E09000006,Bromley,2021,Criminal Damage and Arson,Criminal damage and arson,both,1793
E09000006,Bromley,2021,Drug and Weapon Offences,Drugs,both,1045
E09000006,Bromley,2021,Drug and Weapon Offences,Possession of weapons,current_only,126
E09000006,Bromley,2021,Other Crimes,Other crime,both,335
E09000006,Bromley,2021,Public Order Offences,Anti-social behaviour,both,7350
E09000006,Bromley,2021,Public Order Offences,Public order,current_only,1830
E09000006,Bromley,2021,Theft and Robbery,Bicycle theft,current_only,171
E09000006,Bromley,2021,Theft and Robbery,Burglary,both,1485
E09000006,Bromley,2021,Theft and Robbery,Other theft,both,1920
E09000006,Bromley,2021,Theft and Robbery,Robbery,both,369
E09000006,Bromley,2021,Theft and Robbery,Shoplifting,both,1968
E09000006,Bromley,2021,Theft and Robbery,Theft from the person,current_only,521
E09000006,Bromley,2021,Theft and Robbery,Vehicle crime,both,3476
E09000006,Bromley,2021,Violence and Sexual Offences,Violence and sexual offences,current_only,6717
E09000006,Bromley,2022,Criminal Damage and Arson,Criminal damage and arson,both,1847
E09000006,Bromley,2022,Drug and Weapon Offences,Drugs,both,1118
E09000006,Bromley,2022,Drug and Weapon Offences,Possession of weapons,current_only,145
E09000006,Bromley,2022,Other Crimes,Other crime,both,299
E09000006,Bromley,2022,Public Order Offences,Anti-social behaviour,both,6059
E09000006,Bromley,2022,Public Order Offences,Public order,current_only,1707
E09000006,Bromley,2022,Theft and Robbery,Bicycle theft,current_only,131
E09000006,Bromley,2022,Theft and Robbery,Burglary,both,1414
E09000006,Bromley,2022,Theft and Robbery,Other theft,both,2270
E09000006,Bromley,2022,Theft and Robbery,Robbery,both,534
E09000006,Bromley,2022,Theft and Robbery,Shoplifting,both,1917
E09000006,Bromley,2022,Theft and Robbery,Theft from the person,current_only,457
E09000006,Bromley,2022,Theft and Robbery,Vehicle crime,both,3358
E09000006,Bromley,2022,Violence and Sexual Offences,Violence and sexual offences,current_only,6990
E09000006,Bromley,2023,Criminal Damage and Arson,Criminal damage and arson,both,1947
E09000006,Bromley,2023,Drug and Weapon Offences,Drugs,both,945
E09000006,Bromley,2023,Drug and Weapon Offences,Possession of weapons,current_only,127
E09000006,Bromley,2023,Other Crimes,Other crime,both,305
E09000006,Bromley,2023,Public Order Offences,Anti-social behaviour,both,5368
E09000006,Bromley,2023,Public Order Offences,Public order,current_only,1652
E09000006,Bromley,2023,Theft and Robbery,Bicycle theft,current_only,127
E09000006,Bromley,2023,Theft and Robbery,Burglary,both,1553
E09000006,Bromley,2023,Theft and Robbery,Other theft,both,2429
E09000006,Bromley,2023,Theft and Robbery,Robbery,both,575
E09000006,Bromley,2023,Theft and Robbery,Shoplifting,both,2452
E09000006,Bromley,2023,Theft and Robbery,Theft from the person,current_only,487
E09000006,Bromley,2023,Theft and Robbery,Vehicle crime,both,3129
E09000006,Bromley,2023,Violence and Sexual Offences,Violence and sexual offences,current_only,7467
E09000006,Bromley,2024,Criminal Damage and Arson,Criminal damage and arson,both,2068
E09000006,Bromley,2024,Drug and Weapon Offences,Drugs,both,900
E09000006,Bromley,2024,Drug and Weapon Offences,Possession of weapons,current_only,111
E09000006,Bromley,2024,Other Crimes,Other crime,both,327
E09000006,Bromley,2024,Public Order Offences,Anti-social behaviour,both,5310
E09000006,Bromley,2024,Public Order Offences,Public order,current_only,1550
E09000006,Bromley,2024,Theft and Robbery,Bicycle theft,current_only,137
E09000006,Bromley,2024,Theft and Robbery,Burglary,both,1371
E09000006,Bromley,2024,Theft and Robbery,Other theft,both,2060
E09000006,Bromley,2024,Theft and Robbery,Robbery,both,618
E09000006,Bromley,2024,Theft and Robbery,Shoplifting,both,3028
E09000006,Bromley,2024,Theft and Robbery,Theft from the person,current_only,680
E09000006,Bromley,2024,Theft and Robbery,Vehicle crime,both,3691
E09000006,Bromley,2024,Violence and Sexual Offences,Violence and sexual offences,current_only,7276
E09000006,Bromley,2025,Criminal Damage and Arson,Criminal damage and arson,both,2177
E09000006,Bromley,2025,Drug and Weapon Offences,Drugs,both,1179
E09000006,Bromley,2025,Drug and Weapon Offences,Possession of weapons,current_only,151
E09000006,Bromley,2025,Other Crimes,Other crime,both,361
E09000006,Bromley,2025,Public Order Offences,Anti-social behaviour,both,5590
E09000006,Bromley,2025,Public Order Offences,Public order,current_only,1740
E09000006,Bromley,2025,Theft and Robbery,Bicycle theft,current_only,134
E09000006,Bromley,2025,Theft and Robbery,Burglary,both,1311
E09000006,Bromley,2025,Theft and Robbery,Other theft,both,1869
E09000006,Bromley,2025,Theft and Robbery,Robbery,both,624
E09000006,Bromley,2025,Theft and Robbery,Shoplifting,both,2862
E09000006,Bromley,2025,Theft and Robbery,Theft from the person,current_only,606
E09000006,Bromley,2025,Theft and Robbery,Vehicle crime,both,3327
E09000006,Bromley,2025,Violence and Sexual Offences,Violence and sexual offences,current_only,7546
E09000006,Bromley,2026,Criminal Damage and Arson,Criminal damage and arson,both,619
E09000006,Bromley,2026,Drug and Weapon Offences,Drugs,both,386
E09000006,Bromley,2026,Drug and Weapon Offences,Possession of weapons,current_only,58
E09000006,Bromley,2026,Other Crimes,Other crime,both,113
E09000006,Bromley,2026,Public Order Offences,Anti-social behaviour,both,1716
E09000006,Bromley,2026,Public Order Offences,Public order,current_only,576
E09000006,Bromley,2026,Theft and Robbery,Bicycle theft,current_only,31
E09000006,Bromley,2026,Theft and Robbery,Burglary,both,390
E09000006,Bromley,2026,Theft and Robbery,Other theft,both,563
E09000006,Bromley,2026,Theft and Robbery,Robbery,both,188
E09000006,Bromley,2026,Theft and Robbery,Shoplifting,both,888
E09000006,Bromley,2026,Theft and Robbery,Theft from the person,current_only,182
E09000006,Bromley,2026,Theft and Robbery,Vehicle crime,both,1080
E09000006,Bromley,2026,Violence and Sexual Offences,Violence and sexual offences,current_only,2449
E09000007,Camden,2011,Criminal Damage and Arson,Criminal damage and arson,both,639
E09000007,Camden,2011,Drug and Weapon Offences,Drugs,both,891
E09000007,Camden,2011,Other Crimes,Other crime,both,14976
E09000007,Camden,2011,Public Order Offences,Anti-social behaviour,both,14958
E09000007,Camden,2011,Public Order Offences,Public disorder and weapons,legacy_only,462
E09000007,Camden,2011,Theft and Robbery,Burglary,both,3397
E09000007,Camden,2011,Theft and Robbery,Other theft,both,4755
E09000007,Camden,2011,Theft and Robbery,Robbery,both,1455
E09000007,Camden,2011,Theft and Robbery,Shoplifting,both,450
E09000007,Camden,2011,Theft and Robbery,Vehicle crime,both,3106
E09000007,Camden,2011,Violence and Sexual Offences,Violent crime,legacy_only,5310
E09000007,Camden,2012,Criminal Damage and Arson,Criminal damage and arson,both,1811
E09000007,Camden,2012,Drug and Weapon Offences,Drugs,both,2097
E09000007,Camden,2012,Other Crimes,Other crime,both,1720
E09000007,Camden,2012,Public Order Offences,Anti-social behaviour,both,12934
E09000007,Camden,2012,Public Order Offences,Public disorder and weapons,legacy_only,1334
E09000007,Camden,2012,Theft and Robbery,Burglary,both,2917
E09000007,Camden,2012,Theft and Robbery,Other theft,both,13510
E09000007,Camden,2012,Theft and Robbery,Robbery,both,1103
E09000007,Camden,2012,Theft and Robbery,Shoplifting,both,1213
E09000007,Camden,2012,Theft and Robbery,Vehicle crime,both,2729
E09000007,Camden,2012,Violence and Sexual Offences,Violent crime,legacy_only,4305
E09000007,Camden,2013,Criminal Damage and Arson,Criminal damage and arson,both,1537
E09000007,Camden,2013,Drug and Weapon Offences,Drugs,both,1977
E09000007,Camden,2013,Drug and Weapon Offences,Possession of weapons,current_only,65
E09000007,Camden,2013,Other Crimes,Other crime,both,388
E09000007,Camden,2013,Public Order Offences,Anti-social behaviour,both,9933
E09000007,Camden,2013,Public Order Offences,Public disorder and weapons,legacy_only,327
E09000007,Camden,2013,Public Order Offences,Public order,current_only,655
E09000007,Camden,2013,Theft and Robbery,Bicycle theft,current_only,803
E09000007,Camden,2013,Theft and Robbery,Burglary,both,3014
E09000007,Camden,2013,Theft and Robbery,Other theft,both,8720
E09000007,Camden,2013,Theft and Robbery,Robbery,both,869
E09000007,Camden,2013,Theft and Robbery,Shoplifting,both,1114
E09000007,Camden,2013,Theft and Robbery,Theft from the person,current_only,2354
E09000007,Camden,2013,Theft and Robbery,Vehicle crime,both,2714
E09000007,Camden,2013,Violence and Sexual Offences,Violence and sexual offences,current_only,2590
E09000007,Camden,2013,Violence and Sexual Offences,Violent crime,legacy_only,1323
E09000007,Camden,2014,Criminal Damage and Arson,Criminal damage and arson,both,1600
E09000007,Camden,2014,Drug and Weapon Offences,Drugs,both,1693
E09000007,Camden,2014,Drug and Weapon Offences,Possession of weapons,current_only,66
E09000007,Camden,2014,Other Crimes,Other crime,both,193
E09000007,Camden,2014,Public Order Offences,Anti-social behaviour,both,9211
E09000007,Camden,2014,Public Order Offences,Public order,current_only,1269
E09000007,Camden,2014,Theft and Robbery,Bicycle theft,current_only,1135
E09000007,Camden,2014,Theft and Robbery,Burglary,both,2871
E09000007,Camden,2014,Theft and Robbery,Other theft,both,5935
E09000007,Camden,2014,Theft and Robbery,Robbery,both,867
E09000007,Camden,2014,Theft and Robbery,Shoplifting,both,1197
E09000007,Camden,2014,Theft and Robbery,Theft from the person,current_only,2449
E09000007,Camden,2014,Theft and Robbery,Vehicle crime,both,2769
E09000007,Camden,2014,Violence and Sexual Offences,Violence and sexual offences,current_only,4838
E09000007,Camden,2015,Criminal Damage and Arson,Criminal damage and arson,both,1763
E09000007,Camden,2015,Drug and Weapon Offences,Drugs,both,1406
E09000007,Camden,2015,Drug and Weapon Offences,Possession of weapons,current_only,92
E09000007,Camden,2015,Other Crimes,Other crime,both,199
E09000007,Camden,2015,Public Order Offences,Anti-social behaviour,both,8655
E09000007,Camden,2015,Public Order Offences,Public order,current_only,1501
E09000007,Camden,2015,Theft and Robbery,Bicycle theft,current_only,1023
E09000007,Camden,2015,Theft and Robbery,Burglary,both,2781
E09000007,Camden,2015,Theft and Robbery,Other theft,both,6070
E09000007,Camden,2015,Theft and Robbery,Robbery,both,998
E09000007,Camden,2015,Theft and Robbery,Shoplifting,both,1463
E09000007,Camden,2015,Theft and Robbery,Theft from the person,current_only,3048
E09000007,Camden,2015,Theft and Robbery,Vehicle crime,both,2604
E09000007,Camden,2015,Violence and Sexual Offences,Violence and sexual offences,current_only,5941
E09000007,Camden,2016,Criminal Damage and Arson,Criminal damage and arson,both,1836
E09000007,Camden,2016,Drug and Weapon Offences,Drugs,both,1273
E09000007,Camden,2016,Drug and Weapon Offences,Possession of weapons,current_only,160
E09000007,Camden,2016,Other Crimes,Other crime,both,242
E09000007,Camden,2016,Public Order Offences,Anti-social behaviour,both,9819
E09000007,Camden,2016,Public Order Offences,Public order,current_only,1712
E09000007,Camden,2016,Theft and Robbery,Bicycle theft,current_only,1042
E09000007,Camden,2016,Theft and Robbery,Burglary,both,2620
E09000007,Camden,2016,Theft and Robbery,Other theft,both,5676
E09000007,Camden,2016,Theft and Robbery,Robbery,both,874
E09000007,Camden,2016,Theft and Robbery,Shoplifting,both,1669
E09000007,Camden,2016,Theft and Robbery,Theft from the person,current_only,2752
E09000007,Camden,2016,Theft and Robbery,Vehicle crime,both,2804
E09000007,Camden,2016,Violence and Sexual Offences,Violence and sexual offences,current_only,6281
E09000007,Camden,2017,Criminal Damage and Arson,Criminal damage and arson,both,1757
E09000007,Camden,2017,Drug and Weapon Offences,Drugs,both,1166
E09000007,Camden,2017,Drug and Weapon Offences,Possession of weapons,current_only,197
E09000007,Camden,2017,Other Crimes,Other crime,both,224
E09000007,Camden,2017,Public Order Offences,Anti-social behaviour,both,9881
E09000007,Camden,2017,Public Order Offences,Public order,current_only,1890
E09000007,Camden,2017,Theft and Robbery,Bicycle theft,current_only,1161
E09000007,Camden,2017,Theft and Robbery,Burglary,both,2984
E09000007,Camden,2017,Theft and Robbery,Other theft,both,5845
E09000007,Camden,2017,Theft and Robbery,Robbery,both,1934
E09000007,Camden,2017,Theft and Robbery,Shoplifting,both,1814
E09000007,Camden,2017,Theft and Robbery,Theft from the person,current_only,7177
E09000007,Camden,2017,Theft and Robbery,Vehicle crime,both,3377
E09000007,Camden,2017,Violence and Sexual Offences,Violence and sexual offences,current_only,6824
E09000007,Camden,2018,Criminal Damage and Arson,Criminal damage and arson,both,1647
E09000007,Camden,2018,Drug and Weapon Offences,Drugs,both,1152
E09000007,Camden,2018,Drug and Weapon Offences,Possession of weapons,current_only,182
E09000007,Camden,2018,Other Crimes,Other crime,both,225
E09000007,Camden,2018,Public Order Offences,Anti-social behaviour,both,9605
E09000007,Camden,2018,Public Order Offences,Public order,current_only,1727
E09000007,Camden,2018,Theft and Robbery,Bicycle theft,current_only,1302
E09000007,Camden,2018,Theft and Robbery,Burglary,both,3380
E09000007,Camden,2018,Theft and Robbery,Other theft,both,6907
E09000007,Camden,2018,Theft and Robbery,Robbery,both,1712
E09000007,Camden,2018,Theft and Robbery,Shoplifting,both,1734
E09000007,Camden,2018,Theft and Robbery,Theft from the person,current_only,4530
E09000007,Camden,2018,Theft and Robbery,Vehicle crime,both,3124
E09000007,Camden,2018,Violence and Sexual Offences,Violence and sexual offences,current_only,7257
E09000007,Camden,2019,Criminal Damage and Arson,Criminal damage and arson,both,1525
E09000007,Camden,2019,Drug and Weapon Offences,Drugs,both,1736
E09000007,Camden,2019,Drug and Weapon Offences,Possession of weapons,current_only,194
E09000007,Camden,2019,Other Crimes,Other crime,both,256
E09000007,Camden,2019,Public Order Offences,Anti-social behaviour,both,10271
E09000007,Camden,2019,Public Order Offences,Public order,current_only,1875
E09000007,Camden,2019,Theft and Robbery,Bicycle theft,current_only,1236
E09000007,Camden,2019,Theft and Robbery,Burglary,both,3227
E09000007,Camden,2019,Theft and Robbery,Other theft,both,8565
E09000007,Camden,2019,Theft and Robbery,Robbery,both,1809
E09000007,Camden,2019,Theft and Robbery,Shoplifting,both,1571
E09000007,Camden,2019,Theft and Robbery,Theft from the person,current_only,4829
E09000007,Camden,2019,Theft and Robbery,Vehicle crime,both,3358
E09000007,Camden,2019,Violence and Sexual Offences,Violence and sexual offences,current_only,6610
E09000007,Camden,2020,Criminal Damage and Arson,Criminal damage and arson,both,1479
E09000007,Camden,2020,Drug and Weapon Offences,Drugs,both,1952
E09000007,Camden,2020,Drug and Weapon Offences,Possession of weapons,current_only,133
E09000007,Camden,2020,Other Crimes,Other crime,both,215
E09000007,Camden,2020,Public Order Offences,Anti-social behaviour,both,14342
E09000007,Camden,2020,Public Order Offences,Public order,current_only,1915
E09000007,Camden,2020,Theft and Robbery,Bicycle theft,current_only,1529
E09000007,Camden,2020,Theft and Robbery,Burglary,both,2213
E09000007,Camden,2020,Theft and Robbery,Other theft,both,4340
E09000007,Camden,2020,Theft and Robbery,Robbery,both,1199
E09000007,Camden,2020,Theft and Robbery,Shoplifting,both,1170
E09000007,Camden,2020,Theft and Robbery,Theft from the person,current_only,2965
E09000007,Camden,2020,Theft and Robbery,Vehicle crime,both,2959
E09000007,Camden,2020,Violence and Sexual Offences,Violence and sexual offences,current_only,6397
E09000007,Camden,2021,Criminal Damage and Arson,Criminal damage and arson,both,1632
E09000007,Camden,2021,Drug and Weapon Offences,Drugs,both,1243
E09000007,Camden,2021,Drug and Weapon Offences,Possession of weapons,current_only,108
E09000007,Camden,2021,Other Crimes,Other crime,both,222
E09000007,Camden,2021,Public Order Offences,Anti-social behaviour,both,11339
E09000007,Camden,2021,Public Order Offences,Public order,current_only,2008
E09000007,Camden,2021,Theft and Robbery,Bicycle theft,current_only,1261
E09000007,Camden,2021,Theft and Robbery,Burglary,both,1758
E09000007,Camden,2021,Theft and Robbery,Other theft,both,3973
E09000007,Camden,2021,Theft and Robbery,Robbery,both,1037
E09000007,Camden,2021,Theft and Robbery,Shoplifting,both,1147
E09000007,Camden,2021,Theft and Robbery,Theft from the person,current_only,3020
E09000007,Camden,2021,Theft and Robbery,Vehicle crime,both,2725
E09000007,Camden,2021,Violence and Sexual Offences,Violence and sexual offences,current_only,6544
E09000007,Camden,2022,Criminal Damage and Arson,Criminal damage and arson,both,1551
E09000007,Camden,2022,Drug and Weapon Offences,Drugs,both,1393
E09000007,Camden,2022,Drug and Weapon Offences,Possession of weapons,current_only,151
E09000007,Camden,2022,Other Crimes,Other crime,both,213
E09000007,Camden,2022,Public Order Offences,Anti-social behaviour,both,10161
E09000007,Camden,2022,Public Order Offences,Public order,current_only,2068
E09000007,Camden,2022,Theft and Robbery,Bicycle theft,current_only,1224
E09000007,Camden,2022,Theft and Robbery,Burglary,both,1963
E09000007,Camden,2022,Theft and Robbery,Other theft,both,7149
E09000007,Camden,2022,Theft and Robbery,Robbery,both,1248
E09000007,Camden,2022,Theft and Robbery,Shoplifting,both,1279
E09000007,Camden,2022,Theft and Robbery,Theft from the person,current_only,4963
E09000007,Camden,2022,Theft and Robbery,Vehicle crime,both,3307
E09000007,Camden,2022,Violence and Sexual Offences,Violence and sexual offences,current_only,7212
E09000007,Camden,2023,Criminal Damage and Arson,Criminal damage and arson,both,1801
E09000007,Camden,2023,Drug and Weapon Offences,Drugs,both,1205
E09000007,Camden,2023,Drug and Weapon Offences,Possession of weapons,current_only,137
E09000007,Camden,2023,Other Crimes,Other crime,both,229
E09000007,Camden,2023,Public Order Offences,Anti-social behaviour,both,9838
E09000007,Camden,2023,Public Order Offences,Public order,current_only,2270
E09000007,Camden,2023,Theft and Robbery,Bicycle theft,current_only,984
E09000007,Camden,2023,Theft and Robbery,Burglary,both,2141
E09000007,Camden,2023,Theft and Robbery,Other theft,both,9065
E09000007,Camden,2023,Theft and Robbery,Robbery,both,1586
E09000007,Camden,2023,Theft and Robbery,Shoplifting,both,2261
E09000007,Camden,2023,Theft and Robbery,Theft from the person,current_only,6315
E09000007,Camden,2023,Theft and Robbery,Vehicle crime,both,3133
E09000007,Camden,2023,Violence and Sexual Offences,Violence and sexual offences,current_only,7860
E09000007,Camden,2024,Criminal Damage and Arson,Criminal damage and arson,both,1721
E09000007,Camden,2024,Drug and Weapon Offences,Drugs,both,1417
E09000007,Camden,2024,Drug and Weapon Offences,Possession of weapons,current_only,112
E09000007,Camden,2024,Other Crimes,Other crime,both,242
E09000007,Camden,2024,Public Order Offences,Anti-social behaviour,both,9845
E09000007,Camden,2024,Public Order Offences,Public order,current_only,2124
E09000007,Camden,2024,Theft and Robbery,Bicycle theft,current_only,848
E09000007,Camden,2024,Theft and Robbery,Burglary,both,2267
E09000007,Camden,2024,Theft and Robbery,Other theft,both,7124
E09000007,Camden,2024,Theft and Robbery,Robbery,both,1774
E09000007,Camden,2024,Theft and Robbery,Shoplifting,both,3500
E09000007,Camden,2024,Theft and Robbery,Theft from the person,current_only,9660
E09000007,Camden,2024,Theft and Robbery,Vehicle crime,both,2938
E09000007,Camden,2024,Violence and Sexual Offences,Violence and sexual offences,current_only,7398
E09000007,Camden,2025,Criminal Damage and Arson,Criminal damage and arson,both,1657
E09000007,Camden,2025,Drug and Weapon Offences,Drugs,both,1619
E09000007,Camden,2025,Drug and Weapon Offences,Possession of weapons,current_only,139
E09000007,Camden,2025,Other Crimes,Other crime,both,248
E09000007,Camden,2025,Public Order Offences,Anti-social behaviour,both,9293
E09000007,Camden,2025,Public Order Offences,Public order,current_only,2444
E09000007,Camden,2025,Theft and Robbery,Bicycle theft,current_only,916
E09000007,Camden,2025,Theft and Robbery,Burglary,both,2256
E09000007,Camden,2025,Theft and Robbery,Other theft,both,7145
E09000007,Camden,2025,Theft and Robbery,Robbery,both,1399
E09000007,Camden,2025,Theft and Robbery,Shoplifting,both,3886
E09000007,Camden,2025,Theft and Robbery,Theft from the person,current_only,7475
E09000007,Camden,2025,Theft and Robbery,Vehicle crime,both,2498
E09000007,Camden,2025,Violence and Sexual Offences,Violence and sexual offences,current_only,7769
E09000007,Camden,2026,Criminal Damage and Arson,Criminal damage and arson,both,515
E09000007,Camden,2026,Drug and Weapon Offences,Drugs,both,546
E09000007,Camden,2026,Drug and Weapon Offences,Possession of weapons,current_only,63
E09000007,Camden,2026,Other Crimes,Other crime,both,125
E09000007,Camden,2026,Public Order Offences,Anti-social behaviour,both,2951
E09000007,Camden,2026,Public Order Offences,Public order,current_only,726
E09000007,Camden,2026,Theft and Robbery,Bicycle theft,current_only,232
E09000007,Camden,2026,Theft and Robbery,Burglary,both,610
E09000007,Camden,2026,Theft and Robbery,Other theft,both,1887
E09000007,Camden,2026,Theft and Robbery,Robbery,both,479
E09000007,Camden,2026,Theft and Robbery,Shoplifting,both,1295
E09000007,Camden,2026,Theft and Robbery,Theft from the person,current_only,2139
E09000007,Camden,2026,Theft and Robbery,Vehicle crime,both,627
E09000007,Camden,2026,Violence and Sexual Offences,Violence and sexual offences,current_only,2592
E09000001,City of London,2011,Criminal Damage and Arson,Criminal damage and arson,both,76
E09000001,City of London,2011,Drug and Weapon Offences,Drugs,both,145
E09000001,City of London,2011,Other Crimes,Other crime,both,3416
E09000001,City of London,2011,Public Order Offences,Anti-social behaviour,both,1632
E09000001,City of London,2011,Public Order Offences,Public disorder and weapons,legacy_only,76
E09000001,City of London,2011,Theft and Robbery,Burglary,both,264
E09000001,City of London,2011,Theft and Robbery,Other theft,both,809
E09000001,City of London,2011,Theft and Robbery,Robbery,both,40
E09000001,City of London,2011,Theft and Robbery,Shoplifting,both,192
E09000001,City of London,2011,Theft and Robbery,Vehicle crime,both,190
E09000001,City of London,2011,Violence and Sexual Offences,Violent crime,legacy_only,653
E09000001,City of London,2012,Criminal Damage and Arson,Criminal damage and arson,both,238
E09000001,City of London,2012,Drug and Weapon Offences,Drugs,both,465
E09000001,City of London,2012,Other Crimes,Other crime,both,261
E09000001,City of London,2012,Public Order Offences,Anti-social behaviour,both,1632
E09000001,City of London,2012,Public Order Offences,Public disorder and weapons,legacy_only,220
E09000001,City of London,2012,Theft and Robbery,Burglary,both,353
E09000001,City of London,2012,Theft and Robbery,Other theft,both,2685
E09000001,City of London,2012,Theft and Robbery,Robbery,both,51
E09000001,City of London,2012,Theft and Robbery,Shoplifting,both,647
E09000001,City of London,2012,Theft and Robbery,Vehicle crime,both,144
E09000001,City of London,2012,Violence and Sexual Offences,Violent crime,legacy_only,592
E09000001,City of London,2013,Criminal Damage and Arson,Criminal damage and arson,both,230
E09000001,City of London,2013,Drug and Weapon Offences,Drugs,both,389
E09000001,City of London,2013,Drug and Weapon Offences,Possession of weapons,current_only,14
E09000001,City of London,2013,Other Crimes,Other crime,both,129
E09000001,City of London,2013,Public Order Offences,Anti-social behaviour,both,1067
E09000001,City of London,2013,Public Order Offences,Public disorder and weapons,legacy_only,50
E09000001,City of London,2013,Public Order Offences,Public order,current_only,113
E09000001,City of London,2013,Theft and Robbery,Bicycle theft,current_only,253
E09000001,City of London,2013,Theft and Robbery,Burglary,both,314
E09000001,City of London,2013,Theft and Robbery,Other theft,both,2222
E09000001,City of London,2013,Theft and Robbery,Robbery,both,48
E09000001,City of London,2013,Theft and Robbery,Shoplifting,both,627
E09000001,City of London,2013,Theft and Robbery,Theft from the person,current_only,255
E09000001,City of London,2013,Theft and Robbery,Vehicle crime,both,140
E09000001,City of London,2013,Violence and Sexual Offences,Violence and sexual offences,current_only,427
E09000001,City of London,2013,Violence and Sexual Offences,Violent crime,legacy_only,188
E09000001,City of London,2014,Criminal Damage and Arson,Criminal damage and arson,both,211
E09000001,City of London,2014,Drug and Weapon Offences,Drugs,both,358
E09000001,City of London,2014,Drug and Weapon Offences,Possession of weapons,current_only,23
E09000001,City of London,2014,Other Crimes,Other crime,both,156
E09000001,City of London,2014,Public Order Offences,Anti-social behaviour,both,998
E09000001,City of London,2014,Public Order Offences,Public order,current_only,192
E09000001,City of London,2014,Theft and Robbery,Bicycle theft,current_only,399
E09000001,City of London,2014,Theft and Robbery,Burglary,both,234
E09000001,City of London,2014,Theft and Robbery,Other theft,both,1838
E09000001,City of London,2014,Theft and Robbery,Robbery,both,49
E09000001,City of London,2014,Theft and Robbery,Shoplifting,both,582
E09000001,City of London,2014,Theft and Robbery,Theft from the person,current_only,410
E09000001,City of London,2014,Theft and Robbery,Vehicle crime,both,222
E09000001,City of London,2014,Violence and Sexual Offences,Violence and sexual offences,current_only,721
E09000001,City of London,2015,Criminal Damage and Arson,Criminal damage and arson,both,235
E09000001,City of London,2015,Drug and Weapon Offences,Drugs,both,343
E09000001,City of London,2015,Drug and Weapon Offences,Possession of weapons,current_only,30
E09000001,City of London,2015,Other Crimes,Other crime,both,140
E09000001,City of London,2015,Public Order Offences,Anti-social behaviour,both,882
E09000001,City of London,2015,Public Order Offences,Public order,current_only,243
E09000001,City of London,2015,Theft and Robbery,Bicycle theft,current_only,299
E09000001,City of London,2015,Theft and Robbery,Burglary,both,245
E09000001,City of London,2015,Theft and Robbery,Other theft,both,1514
E09000001,City of London,2015,Theft and Robbery,Robbery,both,48
E09000001,City of London,2015,Theft and Robbery,Shoplifting,both,700
E09000001,City of London,2015,Theft and Robbery,Theft from the person,current_only,411
E09000001,City of London,2015,Theft and Robbery,Vehicle crime,both,106
E09000001,City of London,2015,Violence and Sexual Offences,Violence and sexual offences,current_only,871
E09000001,City of London,2016,Criminal Damage and Arson,Criminal damage and arson,both,233
E09000001,City of London,2016,Drug and Weapon Offences,Drugs,both,306
E09000001,City of London,2016,Drug and Weapon Offences,Possession of weapons,current_only,40
E09000001,City of London,2016,Other Crimes,Other crime,both,145
E09000001,City of London,2016,Public Order Offences,Anti-social behaviour,both,1193
E09000001,City of London,2016,Public Order Offences,Public order,current_only,242
E09000001,City of London,2016,Theft and Robbery,Bicycle theft,current_only,354
E09000001,City of London,2016,Theft and Robbery,Burglary,both,253
E09000001,City of London,2016,Theft and Robbery,Other theft,both,1565
E09000001,City of London,2016,Theft and Robbery,Robbery,both,39
E09000001,City of London,2016,Theft and Robbery,Shoplifting,both,659
E09000001,City of London,2016,Theft and Robbery,Theft from the person,current_only,464
E09000001,City of London,2016,Theft and Robbery,Vehicle crime,both,184
E09000001,City of London,2016,Violence and Sexual Offences,Violence and sexual offences,current_only,940
E09000001,City of London,2017,Criminal Damage and Arson,Criminal damage and arson,both,244
E09000001,City of London,2017,Drug and Weapon Offences,Drugs,both,263
E09000001,City of London,2017,Drug and Weapon Offences,Possession of weapons,current_only,48
E09000001,City of London,2017,Other Crimes,Other crime,both,114
E09000001,City of London,2017,Public Order Offences,Anti-social behaviour,both,1541
E09000001,City of London,2017,Public Order Offences,Public order,current_only,235
E09000001,City of London,2017,Theft and Robbery,Bicycle theft,current_only,401
E09000001,City of London,2017,Theft and Robbery,Burglary,both,250
E09000001,City of London,2017,Theft and Robbery,Other theft,both,1598
E09000001,City of London,2017,Theft and Robbery,Robbery,both,71
E09000001,City of London,2017,Theft and Robbery,Shoplifting,both,778
E09000001,City of London,2017,Theft and Robbery,Theft from the person,current_only,627
E09000001,City of London,2017,Theft and Robbery,Vehicle crime,both,209
E09000001,City of London,2017,Violence and Sexual Offences,Violence and sexual offences,current_only,932
E09000001,City of London,2018,Criminal Damage and Arson,Criminal damage and arson,both,226
E09000001,City of London,2018,Drug and Weapon Offences,Drugs,both,327
E09000001,City of London,2018,Drug and Weapon Offences,Possession of weapons,current_only,57
E09000001,City of London,2018,Other Crimes,Other crime,both,95
E09000001,City of London,2018,Public Order Offences,Anti-social behaviour,both,1438
E09000001,City of London,2018,Public Order Offences,Public order,current_only,404
E09000001,City of London,2018,Theft and Robbery,Bicycle theft,current_only,460
E09000001,City of London,2018,Theft and Robbery,Burglary,both,332
E09000001,City of London,2018,Theft and Robbery,Other theft,both,1770
E09000001,City of London,2018,Theft and Robbery,Robbery,both,119
E09000001,City of London,2018,Theft and Robbery,Shoplifting,both,880
E09000001,City of London,2018,Theft and Robbery,Theft from the person,current_only,704
E09000001,City of London,2018,Theft and Robbery,Vehicle crime,both,252
E09000001,City of London,2018,Violence and Sexual Offences,Violence and sexual offences,current_only,1180
E09000001,City of London,2019,Criminal Damage and Arson,Criminal damage and arson,both,278
E09000001,City of London,2019,Drug and Weapon Offences,Drugs,both,588
E09000001,City of London,2019,Drug and Weapon Offences,Possession of weapons,current_only,64
E09000001,City of London,2019,Other Crimes,Other crime,both,150
E09000001,City of London,2019,Public Order Offences,Anti-social behaviour,both,1193
E09000001,City of London,2019,Public Order Offences,Public order,current_only,458
E09000001,City of London,2019,Theft and Robbery,Bicycle theft,current_only,458
E09000001,City of London,2019,Theft and Robbery,Burglary,both,351
E09000001,City of London,2019,Theft and Robbery,Other theft,both,2874
E09000001,City of London,2019,Theft and Robbery,Robbery,both,189
E09000001,City of London,2019,Theft and Robbery,Shoplifting,both,933
E09000001,City of London,2019,Theft and Robbery,Theft from the person,current_only,881
E09000001,City of London,2019,Theft and Robbery,Vehicle crime,both,210
E09000001,City of London,2019,Violence and Sexual Offences,Violence and sexual offences,current_only,1303
E09000001,City of London,2020,Criminal Damage and Arson,Criminal damage and arson,both,211
E09000001,City of London,2020,Drug and Weapon Offences,Drugs,both,488
E09000001,City of London,2020,Drug and Weapon Offences,Possession of weapons,current_only,50
E09000001,City of London,2020,Other Crimes,Other crime,both,88
E09000001,City of London,2020,Public Order Offences,Anti-social behaviour,both,728
E09000001,City of London,2020,Public Order Offences,Public order,current_only,278
E09000001,City of London,2020,Theft and Robbery,Bicycle theft,current_only,456
E09000001,City of London,2020,Theft and Robbery,Burglary,both,203
E09000001,City of London,2020,Theft and Robbery,Other theft,both,1011
E09000001,City of London,2020,Theft and Robbery,Robbery,both,105
E09000001,City of London,2020,Theft and Robbery,Shoplifting,both,674
E09000001,City of London,2020,Theft and Robbery,Theft from the person,current_only,510
E09000001,City of London,2020,Theft and Robbery,Vehicle crime,both,183
E09000001,City of London,2020,Violence and Sexual Offences,Violence and sexual offences,current_only,673
E09000001,City of London,2021,Criminal Damage and Arson,Criminal damage and arson,both,244
E09000001,City of London,2021,Drug and Weapon Offences,Drugs,both,495
E09000001,City of London,2021,Drug and Weapon Offences,Possession of weapons,current_only,42
E09000001,City of London,2021,Other Crimes,Other crime,both,71
E09000001,City of London,2021,Public Order Offences,Anti-social behaviour,both,972
E09000001,City of London,2021,Public Order Offences,Public order,current_only,446
E09000001,City of London,2021,Theft and Robbery,Bicycle theft,current_only,283
E09000001,City of London,2021,Theft and Robbery,Burglary,both,198
E09000001,City of London,2021,Theft and Robbery,Other theft,both,920
E09000001,City of London,2021,Theft and Robbery,Robbery,both,135
E09000001,City of London,2021,Theft and Robbery,Shoplifting,both,647
E09000001,City of London,2021,Theft and Robbery,Theft from the person,current_only,725
E09000001,City of London,2021,Theft and Robbery,Vehicle crime,both,194
E09000001,City of London,2021,Violence and Sexual Offences,Violence and sexual offences,current_only,1043
E09000001,City of London,2022,Criminal Damage and Arson,Criminal damage and arson,both,287
E09000001,City of London,2022,Drug and Weapon Offences,Drugs,both,479
E09000001,City of London,2022,Drug and Weapon Offences,Possession of weapons,current_only,48
E09000001,City of London,2022,Other Crimes,Other crime,both,94
E09000001,City of London,2022,Public Order Offences,Anti-social behaviour,both,912
E09000001,City of London,2022,Public Order Offences,Public order,current_only,497
E09000001,City of London,2022,Theft and Robbery,Bicycle theft,current_only,211
E09000001,City of London,2022,Theft and Robbery,Burglary,both,321
E09000001,City of London,2022,Theft and Robbery,Other theft,both,2002
E09000001,City of London,2022,Theft and Robbery,Robbery,both,154
E09000001,City of London,2022,Theft and Robbery,Shoplifting,both,708
E09000001,City of London,2022,Theft and Robbery,Theft from the person,current_only,1543
E09000001,City of London,2022,Theft and Robbery,Vehicle crime,both,252
E09000001,City of London,2022,Violence and Sexual Offences,Violence and sexual offences,current_only,1381
E09000001,City of London,2023,Criminal Damage and Arson,Criminal damage and arson,both,335
E09000001,City of London,2023,Drug and Weapon Offences,Drugs,both,507
E09000001,City of London,2023,Drug and Weapon Offences,Possession of weapons,current_only,67
E09000001,City of London,2023,Other Crimes,Other crime,both,136
E09000001,City of London,2023,Public Order Offences,Anti-social behaviour,both,400
E09000001,City of London,2023,Public Order Offences,Public order,current_only,580
E09000001,City of London,2023,Theft and Robbery,Bicycle theft,current_only,249
E09000001,City of London,2023,Theft and Robbery,Burglary,both,353
E09000001,City of London,2023,Theft and Robbery,Other theft,both,2541
E09000001,City of London,2023,Theft and Robbery,Robbery,both,199
E09000001,City of London,2023,Theft and Robbery,Shoplifting,both,972
E09000001,City of London,2023,Theft and Robbery,Theft from the person,current_only,1427
E09000001,City of London,2023,Theft and Robbery,Vehicle crime,both,184
E09000001,City of London,2023,Violence and Sexual Offences,Violence and sexual offences,current_only,1552
E09000001,City of London,2024,Criminal Damage and Arson,Criminal damage and arson,both,379
E09000001,City of London,2024,Drug and Weapon Offences,Drugs,both,437
E09000001,City of London,2024,Drug and Weapon Offences,Possession of weapons,current_only,65
E09000001,City of London,2024,Other Crimes,Other crime,both,90
E09000001,City of London,2024,Public Order Offences,Anti-social behaviour,both,394
E09000001,City of London,2024,Public Order Offences,Public order,current_only,678
E09000001,City of London,2024,Theft and Robbery,Bicycle theft,current_only,246
E09000001,City of London,2024,Theft and Robbery,Burglary,both,349
E09000001,City of London,2024,Theft and Robbery,Other theft,both,2257
E09000001,City of London,2024,Theft and Robbery,Robbery,both,204
E09000001,City of London,2024,Theft and Robbery,Shoplifting,both,1658
E09000001,City of London,2024,Theft and Robbery,Theft from the person,current_only,1620
E09000001,City of London,2024,Theft and Robbery,Vehicle crime,both,145
E09000001,City of London,2024,Violence and Sexual Offences,Violence and sexual offences,current_only,1617
E09000001,City of London,2025,Criminal Damage and Arson,Criminal damage and arson,both,331
E09000001,City of London,2025,Drug and Weapon Offences,Drugs,both,431
E09000001,City of London,2025,Drug and Weapon Offences,Possession of weapons,current_only,50
E09000001,City of London,2025,Other Crimes,Other crime,both,67
E09000001,City of London,2025,Public Order Offences,Anti-social behaviour,both,178
E09000001,City of London,2025,Public Order Offences,Public order,current_only,646
E09000001,City of London,2025,Theft and Robbery,Bicycle theft,current_only,308
E09000001,City of London,2025,Theft and Robbery,Burglary,both,509
E09000001,City of London,2025,Theft and Robbery,Other theft,both,2237
E09000001,City of London,2025,Theft and Robbery,Robbery,both,285
E09000001,City of London,2025,Theft and Robbery,Shoplifting,both,1685
E09000001,City of London,2025,Theft and Robbery,Theft from the person,current_only,1496
E09000001,City of London,2025,Theft and Robbery,Vehicle crime,both,135
E09000001,City of London,2025,Violence and Sexual Offences,Violence and sexual offences,current_only,1645
E09000001,City of London,2026,Criminal Damage and Arson,Criminal damage and arson,both,90
E09000001,City of London,2026,Drug and Weapon Offences,Drugs,both,201
E09000001,City of London,2026,Drug and Weapon Offences,Possession of weapons,current_only,14
E09000001,City of London,2026,Other Crimes,Other crime,both,15
E09000001,City of London,2026,Public Order Offences,Anti-social behaviour,both,70
E09000001,City of London,2026,Public Order Offences,Public order,current_only,217
E09000001,City of London,2026,Theft and Robbery,Bicycle theft,current_only,83
E09000001,City of London,2026,Theft and Robbery,Burglary,both,158
E09000001,City of London,2026,Theft and Robbery,Other theft,both,838
E09000001,City of London,2026,Theft and Robbery,Robbery,both,84
E09000001,City of London,2026,Theft and Robbery,Shoplifting,both,531
E09000001,City of London,2026,Theft and Robbery,Theft from the person,current_only,443
E09000001,City of London,2026,Theft and Robbery,Vehicle crime,both,77
E09000001,City of London,2026,Violence and Sexual Offences,Violence and sexual offences,current_only,430
E09000008,Croydon,2011,Criminal Damage and Arson,Criminal damage and arson,both,1035
E09000008,Croydon,2011,Drug and Weapon Offences,Drugs,both,829
E09000008,Croydon,2011,Other Crimes,Other crime,both,10804
E09000008,Croydon,2011,Public Order Offences,Anti-social behaviour,both,16686
E09000008,Croydon,2011,Public Order Offences,Public disorder and weapons,legacy_only,313
E09000008,Croydon,2011,Theft and Robbery,Burglary,both,4644
E09000008,Croydon,2011,Theft and Robbery,Other theft,both,1544
E09000008,Croydon,2011,Theft and Robbery,Robbery,both,1762
E09000008,Croydon,2011,Theft and Robbery,Shoplifting,both,560
E09000008,Croydon,2011,Theft and Robbery,Vehicle crime,both,3792
E09000008,Croydon,2011,Violence and Sexual Offences,Violent crime,legacy_only,6504
E09000008,Croydon,2012,Criminal Damage and Arson,Criminal damage and arson,both,2984
E09000008,Croydon,2012,Drug and Weapon Offences,Drugs,both,2243
E09000008,Croydon,2012,Other Crimes,Other crime,both,2469
E09000008,Croydon,2012,Public Order Offences,Anti-social behaviour,both,14352
E09000008,Croydon,2012,Public Order Offences,Public disorder and weapons,legacy_only,1126
E09000008,Croydon,2012,Theft and Robbery,Burglary,both,4083
E09000008,Croydon,2012,Theft and Robbery,Other theft,both,4976
E09000008,Croydon,2012,Theft and Robbery,Robbery,both,1926
E09000008,Croydon,2012,Theft and Robbery,Shoplifting,both,1671
E09000008,Croydon,2012,Theft and Robbery,Vehicle crime,both,4118
E09000008,Croydon,2012,Violence and Sexual Offences,Violent crime,legacy_only,6237
E09000008,Croydon,2013,Criminal Damage and Arson,Criminal damage and arson,both,2768
E09000008,Croydon,2013,Drug and Weapon Offences,Drugs,both,1940
E09000008,Croydon,2013,Drug and Weapon Offences,Possession of weapons,current_only,104
E09000008,Croydon,2013,Other Crimes,Other crime,both,548
E09000008,Croydon,2013,Public Order Offences,Anti-social behaviour,both,11976
E09000008,Croydon,2013,Public Order Offences,Public disorder and weapons,legacy_only,342
E09000008,Croydon,2013,Public Order Offences,Public order,current_only,617
E09000008,Croydon,2013,Theft and Robbery,Bicycle theft,current_only,259
E09000008,Croydon,2013,Theft and Robbery,Burglary,both,3968
E09000008,Croydon,2013,Theft and Robbery,Other theft,both,4136
E09000008,Croydon,2013,Theft and Robbery,Robbery,both,1704
E09000008,Croydon,2013,Theft and Robbery,Shoplifting,both,1492
E09000008,Croydon,2013,Theft and Robbery,Theft from the person,current_only,620
E09000008,Croydon,2013,Theft and Robbery,Vehicle crime,both,3638
E09000008,Croydon,2013,Violence and Sexual Offences,Violence and sexual offences,current_only,4058
E09000008,Croydon,2013,Violence and Sexual Offences,Violent crime,legacy_only,1805
E09000008,Croydon,2014,Criminal Damage and Arson,Criminal damage and arson,both,2721
E09000008,Croydon,2014,Drug and Weapon Offences,Drugs,both,1716
E09000008,Croydon,2014,Drug and Weapon Offences,Possession of weapons,current_only,161
E09000008,Croydon,2014,Other Crimes,Other crime,both,249
E09000008,Croydon,2014,Public Order Offences,Anti-social behaviour,both,9171
E09000008,Croydon,2014,Public Order Offences,Public order,current_only,1270
E09000008,Croydon,2014,Theft and Robbery,Bicycle theft,current_only,239
E09000008,Croydon,2014,Theft and Robbery,Burglary,both,3117
E09000008,Croydon,2014,Theft and Robbery,Other theft,both,3923
E09000008,Croydon,2014,Theft and Robbery,Robbery,both,978
E09000008,Croydon,2014,Theft and Robbery,Shoplifting,both,1997
E09000008,Croydon,2014,Theft and Robbery,Theft from the person,current_only,533
E09000008,Croydon,2014,Theft and Robbery,Vehicle crime,both,3104
E09000008,Croydon,2014,Violence and Sexual Offences,Violence and sexual offences,current_only,7549
E09000008,Croydon,2015,Criminal Damage and Arson,Criminal damage and arson,both,2961
E09000008,Croydon,2015,Drug and Weapon Offences,Drugs,both,1358
E09000008,Croydon,2015,Drug and Weapon Offences,Possession of weapons,current_only,152
E09000008,Croydon,2015,Other Crimes,Other crime,both,377
E09000008,Croydon,2015,Public Order Offences,Anti-social behaviour,both,7860
E09000008,Croydon,2015,Public Order Offences,Public order,current_only,1627
E09000008,Croydon,2015,Theft and Robbery,Bicycle theft,current_only,225
E09000008,Croydon,2015,Theft and Robbery,Burglary,both,2704
E09000008,Croydon,2015,Theft and Robbery,Other theft,both,3609
E09000008,Croydon,2015,Theft and Robbery,Robbery,both,740
E09000008,Croydon,2015,Theft and Robbery,Shoplifting,both,1903
E09000008,Croydon,2015,Theft and Robbery,Theft from the person,current_only,513
E09000008,Croydon,2015,Theft and Robbery,Vehicle crime,both,3225
E09000008,Croydon,2015,Violence and Sexual Offences,Violence and sexual offences,current_only,8755
E09000008,Croydon,2016,Criminal Damage and Arson,Criminal damage and arson,both,3105
E09000008,Croydon,2016,Drug and Weapon Offences,Drugs,both,1203
E09000008,Croydon,2016,Drug and Weapon Offences,Possession of weapons,current_only,201
E09000008,Croydon,2016,Other Crimes,Other crime,both,411
E09000008,Croydon,2016,Public Order Offences,Anti-social behaviour,both,9076
E09000008,Croydon,2016,Public Order Offences,Public order,current_only,1778
E09000008,Croydon,2016,Theft and Robbery,Bicycle theft,current_only,265
E09000008,Croydon,2016,Theft and Robbery,Burglary,both,2721
E09000008,Croydon,2016,Theft and Robbery,Other theft,both,3275
E09000008,Croydon,2016,Theft and Robbery,Robbery,both,1120
E09000008,Croydon,2016,Theft and Robbery,Shoplifting,both,1808
E09000008,Croydon,2016,Theft and Robbery,Theft from the person,current_only,613
E09000008,Croydon,2016,Theft and Robbery,Vehicle crime,both,3259
E09000008,Croydon,2016,Violence and Sexual Offences,Violence and sexual offences,current_only,9235
E09000008,Croydon,2017,Criminal Damage and Arson,Criminal damage and arson,both,3005
E09000008,Croydon,2017,Drug and Weapon Offences,Drugs,both,1464
E09000008,Croydon,2017,Drug and Weapon Offences,Possession of weapons,current_only,359
E09000008,Croydon,2017,Other Crimes,Other crime,both,359
E09000008,Croydon,2017,Public Order Offences,Anti-social behaviour,both,8353
E09000008,Croydon,2017,Public Order Offences,Public order,current_only,1909
E09000008,Croydon,2017,Theft and Robbery,Bicycle theft,current_only,331
E09000008,Croydon,2017,Theft and Robbery,Burglary,both,2667
E09000008,Croydon,2017,Theft and Robbery,Other theft,both,3199
E09000008,Croydon,2017,Theft and Robbery,Robbery,both,1151
E09000008,Croydon,2017,Theft and Robbery,Shoplifting,both,1590
E09000008,Croydon,2017,Theft and Robbery,Theft from the person,current_only,471
E09000008,Croydon,2017,Theft and Robbery,Vehicle crime,both,3521
E09000008,Croydon,2017,Violence and Sexual Offences,Violence and sexual offences,current_only,9280
E09000008,Croydon,2018,Criminal Damage and Arson,Criminal damage and arson,both,2529
E09000008,Croydon,2018,Drug and Weapon Offences,Drugs,both,1539
E09000008,Croydon,2018,Drug and Weapon Offences,Possession of weapons,current_only,329
E09000008,Croydon,2018,Other Crimes,Other crime,both,415
E09000008,Croydon,2018,Public Order Offences,Anti-social behaviour,both,7776
E09000008,Croydon,2018,Public Order Offences,Public order,current_only,1716
E09000008,Croydon,2018,Theft and Robbery,Bicycle theft,current_only,248
E09000008,Croydon,2018,Theft and Robbery,Burglary,both,2794
E09000008,Croydon,2018,Theft and Robbery,Other theft,both,3571
E09000008,Croydon,2018,Theft and Robbery,Robbery,both,1069
E09000008,Croydon,2018,Theft and Robbery,Shoplifting,both,1375
E09000008,Croydon,2018,Theft and Robbery,Theft from the person,current_only,556
E09000008,Croydon,2018,Theft and Robbery,Vehicle crime,both,4129
E09000008,Croydon,2018,Violence and Sexual Offences,Violence and sexual offences,current_only,9718
E09000008,Croydon,2019,Criminal Damage and Arson,Criminal damage and arson,both,2273
E09000008,Croydon,2019,Drug and Weapon Offences,Drugs,both,2233
E09000008,Croydon,2019,Drug and Weapon Offences,Possession of weapons,current_only,333
E09000008,Croydon,2019,Other Crimes,Other crime,both,412
E09000008,Croydon,2019,Public Order Offences,Anti-social behaviour,both,8581
E09000008,Croydon,2019,Public Order Offences,Public order,current_only,1925
E09000008,Croydon,2019,Theft and Robbery,Bicycle theft,current_only,214
E09000008,Croydon,2019,Theft and Robbery,Burglary,both,2754
E09000008,Croydon,2019,Theft and Robbery,Other theft,both,3147
E09000008,Croydon,2019,Theft and Robbery,Robbery,both,1086
E09000008,Croydon,2019,Theft and Robbery,Shoplifting,both,1568
E09000008,Croydon,2019,Theft and Robbery,Theft from the person,current_only,532
E09000008,Croydon,2019,Theft and Robbery,Vehicle crime,both,4617
E09000008,Croydon,2019,Violence and Sexual Offences,Violence and sexual offences,current_only,9818
E09000008,Croydon,2020,Criminal Damage and Arson,Criminal damage and arson,both,2449
E09000008,Croydon,2020,Drug and Weapon Offences,Drugs,both,2552
E09000008,Croydon,2020,Drug and Weapon Offences,Possession of weapons,current_only,317
E09000008,Croydon,2020,Other Crimes,Other crime,both,446
E09000008,Croydon,2020,Public Order Offences,Anti-social behaviour,both,15356
E09000008,Croydon,2020,Public Order Offences,Public order,current_only,2190
E09000008,Croydon,2020,Theft and Robbery,Bicycle theft,current_only,255
E09000008,Croydon,2020,Theft and Robbery,Burglary,both,2333
E09000008,Croydon,2020,Theft and Robbery,Other theft,both,2652
E09000008,Croydon,2020,Theft and Robbery,Robbery,both,916
E09000008,Croydon,2020,Theft and Robbery,Shoplifting,both,1212
E09000008,Croydon,2020,Theft and Robbery,Theft from the person,current_only,415
E09000008,Croydon,2020,Theft and Robbery,Vehicle crime,both,4921
E09000008,Croydon,2020,Violence and Sexual Offences,Violence and sexual offences,current_only,10901
E09000008,Croydon,2021,Criminal Damage and Arson,Criminal damage and arson,both,2548
E09000008,Croydon,2021,Drug and Weapon Offences,Drugs,both,2075
E09000008,Croydon,2021,Drug and Weapon Offences,Possession of weapons,current_only,248
E09000008,Croydon,2021,Other Crimes,Other crime,both,486
E09000008,Croydon,2021,Public Order Offences,Anti-social behaviour,both,11447
E09000008,Croydon,2021,Public Order Offences,Public order,current_only,2409
E09000008,Croydon,2021,Theft and Robbery,Bicycle theft,current_only,185
E09000008,Croydon,2021,Theft and Robbery,Burglary,both,2023
E09000008,Croydon,2021,Theft and Robbery,Other theft,both,3226
E09000008,Croydon,2021,Theft and Robbery,Robbery,both,795
E09000008,Croydon,2021,Theft and Robbery,Shoplifting,both,1272
E09000008,Croydon,2021,Theft and Robbery,Theft from the person,current_only,524
E09000008,Croydon,2021,Theft and Robbery,Vehicle crime,both,4094
E09000008,Croydon,2021,Violence and Sexual Offences,Violence and sexual offences,current_only,11371
E09000008,Croydon,2022,Criminal Damage and Arson,Criminal damage and arson,both,2434
E09000008,Croydon,2022,Drug and Weapon Offences,Drugs,both,1873
E09000008,Croydon,2022,Drug and Weapon Offences,Possession of weapons,current_only,263
E09000008,Croydon,2022,Other Crimes,Other crime,both,443
E09000008,Croydon,2022,Public Order Offences,Anti-social behaviour,both,9817
E09000008,Croydon,2022,Public Order Offences,Public order,current_only,2233
E09000008,Croydon,2022,Theft and Robbery,Bicycle theft,current_only,185
E09000008,Croydon,2022,Theft and Robbery,Burglary,both,2118
E09000008,Croydon,2022,Theft and Robbery,Other theft,both,3674
E09000008,Croydon,2022,Theft and Robbery,Robbery,both,1123
E09000008,Croydon,2022,Theft and Robbery,Shoplifting,both,1552
E09000008,Croydon,2022,Theft and Robbery,Theft from the person,current_only,642
E09000008,Croydon,2022,Theft and Robbery,Vehicle crime,both,4459
E09000008,Croydon,2022,Violence and Sexual Offences,Violence and sexual offences,current_only,11483
E09000008,Croydon,2023,Criminal Damage and Arson,Criminal damage and arson,both,2788
E09000008,Croydon,2023,Drug and Weapon Offences,Drugs,both,1656
E09000008,Croydon,2023,Drug and Weapon Offences,Possession of weapons,current_only,270
E09000008,Croydon,2023,Other Crimes,Other crime,both,423
E09000008,Croydon,2023,Public Order Offences,Anti-social behaviour,both,8050
E09000008,Croydon,2023,Public Order Offences,Public order,current_only,2215
E09000008,Croydon,2023,Theft and Robbery,Bicycle theft,current_only,168
E09000008,Croydon,2023,Theft and Robbery,Burglary,both,1783
E09000008,Croydon,2023,Theft and Robbery,Other theft,both,3364
E09000008,Croydon,2023,Theft and Robbery,Robbery,both,1372
E09000008,Croydon,2023,Theft and Robbery,Shoplifting,both,2570
E09000008,Croydon,2023,Theft and Robbery,Theft from the person,current_only,683
E09000008,Croydon,2023,Theft and Robbery,Vehicle crime,both,3801
E09000008,Croydon,2023,Violence and Sexual Offences,Violence and sexual offences,current_only,11710
E09000008,Croydon,2024,Criminal Damage and Arson,Criminal damage and arson,both,2742
E09000008,Croydon,2024,Drug and Weapon Offences,Drugs,both,1830
E09000008,Croydon,2024,Drug and Weapon Offences,Possession of weapons,current_only,240
E09000008,Croydon,2024,Other Crimes,Other crime,both,516
E09000008,Croydon,2024,Public Order Offences,Anti-social behaviour,both,8690
E09000008,Croydon,2024,Public Order Offences,Public order,current_only,2250
E09000008,Croydon,2024,Theft and Robbery,Bicycle theft,current_only,186
E09000008,Croydon,2024,Theft and Robbery,Burglary,both,1925
E09000008,Croydon,2024,Theft and Robbery,Other theft,both,2898
E09000008,Croydon,2024,Theft and Robbery,Robbery,both,1335
E09000008,Croydon,2024,Theft and Robbery,Shoplifting,both,3956
E09000008,Croydon,2024,Theft and Robbery,Theft from the person,current_only,832
E09000008,Croydon,2024,Theft and Robbery,Vehicle crime,both,3912
E09000008,Croydon,2024,Violence and Sexual Offences,Violence and sexual offences,current_only,12183
E09000008,Croydon,2025,Criminal Damage and Arson,Criminal damage and arson,both,2538
E09000008,Croydon,2025,Drug and Weapon Offences,Drugs,both,2377
E09000008,Croydon,2025,Drug and Weapon Offences,Possession of weapons,current_only,252
E09000008,Croydon,2025,Other Crimes,Other crime,both,545
E09000008,Croydon,2025,Public Order Offences,Anti-social behaviour,both,8913
E09000008,Croydon,2025,Public Order Offences,Public order,current_only,2434
E09000008,Croydon,2025,Theft and Robbery,Bicycle theft,current_only,201
E09000008,Croydon,2025,Theft and Robbery,Burglary,both,1790
E09000008,Croydon,2025,Theft and Robbery,Other theft,both,2659
E09000008,Croydon,2025,Theft and Robbery,Robbery,both,1064
E09000008,Croydon,2025,Theft and Robbery,Shoplifting,both,3092
E09000008,Croydon,2025,Theft and Robbery,Theft from the person,current_only,816
E09000008,Croydon,2025,Theft and Robbery,Vehicle crime,both,3483
E09000008,Croydon,2025,Violence and Sexual Offences,Violence and sexual offences,current_only,12419
E09000008,Croydon,2026,Criminal Damage and Arson,Criminal damage and arson,both,839
E09000008,Croydon,2026,Drug and Weapon Offences,Drugs,both,740
E09000008,Croydon,2026,Drug and Weapon Offences,Possession of weapons,current_only,130
E09000008,Croydon,2026,Other Crimes,Other crime,both,188
E09000008,Croydon,2026,Public Order Offences,Anti-social behaviour,both,2674
E09000008,Croydon,2026,Public Order Offences,Public order,current_only,740
E09000008,Croydon,2026,Theft and Robbery,Bicycle theft,current_only,60
E09000008,Croydon,2026,Theft and Robbery,Burglary,both,572
E09000008,Croydon,2026,Theft and Robbery,Other theft,both,842
E09000008,Croydon,2026,Theft and Robbery,Robbery,both,302
E09000008,Croydon,2026,Theft and Robbery,Shoplifting,both,1189
E09000008,Croydon,2026,Theft and Robbery,Theft from the person,current_only,261
E09000008,Croydon,2026,Theft and Robbery,Vehicle crime,both,1149
E09000008,Croydon,2026,Violence and Sexual Offences,Violence and sexual offences,current_only,4123
E09000009,Ealing,2011,Criminal Damage and Arson,Criminal damage and arson,both,863
E09000009,Ealing,2011,Drug and Weapon Offences,Drugs,both,721
E09000009,Ealing,2011,Other Crimes,Other crime,both,11351
E09000009,Ealing,2011,Public Order Offences,Anti-social behaviour,both,18411
E09000009,Ealing,2011,Public Order Offences,Public disorder and weapons,legacy_only,568
E09000009,Ealing,2011,Theft and Robbery,Burglary,both,3851
E09000009,Ealing,2011,Theft and Robbery,Other theft,both,1540
E09000009,Ealing,2011,Theft and Robbery,Robbery,both,1447
E09000009,Ealing,2011,Theft and Robbery,Shoplifting,both,468
E09000009,Ealing,2011,Theft and Robbery,Vehicle crime,both,4699
E09000009,Ealing,2011,Violence and Sexual Offences,Violent crime,legacy_only,6982
E09000009,Ealing,2012,Criminal Damage and Arson,Criminal damage and arson,both,2503
E09000009,Ealing,2012,Drug and Weapon Offences,Drugs,both,2001
E09000009,Ealing,2012,Other Crimes,Other crime,both,2131
E09000009,Ealing,2012,Public Order Offences,Anti-social behaviour,both,14237
E09000009,Ealing,2012,Public Order Offences,Public disorder and weapons,legacy_only,1377
E09000009,Ealing,2012,Theft and Robbery,Burglary,both,4066
E09000009,Ealing,2012,Theft and Robbery,Other theft,both,5257
E09000009,Ealing,2012,Theft and Robbery,Robbery,both,1259
E09000009,Ealing,2012,Theft and Robbery,Shoplifting,both,1368
E09000009,Ealing,2012,Theft and Robbery,Vehicle crime,both,4268
E09000009,Ealing,2012,Violence and Sexual Offences,Violent crime,legacy_only,6139
E09000009,Ealing,2013,Criminal Damage and Arson,Criminal damage and arson,both,2177
E09000009,Ealing,2013,Drug and Weapon Offences,Drugs,both,1722
E09000009,Ealing,2013,Drug and Weapon Offences,Possession of weapons,current_only,70
E09000009,Ealing,2013,Other Crimes,Other crime,both,554
E09000009,Ealing,2013,Public Order Offences,Anti-social behaviour,both,11721
E09000009,Ealing,2013,Public Order Offences,Public disorder and weapons,legacy_only,375
E09000009,Ealing,2013,Public Order Offences,Public order,current_only,834
E09000009,Ealing,2013,Theft and Robbery,Bicycle theft,current_only,513
E09000009,Ealing,2013,Theft and Robbery,Burglary,both,3583
E09000009,Ealing,2013,Theft and Robbery,Other theft,both,3913
E09000009,Ealing,2013,Theft and Robbery,Robbery,both,945
E09000009,Ealing,2013,Theft and Robbery,Shoplifting,both,1445
E09000009,Ealing,2013,Theft and Robbery,Theft from the person,current_only,587
E09000009,Ealing,2013,Theft and Robbery,Vehicle crime,both,3905
E09000009,Ealing,2013,Violence and Sexual Offences,Violence and sexual offences,current_only,3754
E09000009,Ealing,2013,Violence and Sexual Offences,Violent crime,legacy_only,1897
E09000009,Ealing,2014,Criminal Damage and Arson,Criminal damage and arson,both,2230
E09000009,Ealing,2014,Drug and Weapon Offences,Drugs,both,1415
E09000009,Ealing,2014,Drug and Weapon Offences,Possession of weapons,current_only,112
E09000009,Ealing,2014,Other Crimes,Other crime,both,208
E09000009,Ealing,2014,Public Order Offences,Anti-social behaviour,both,10441
E09000009,Ealing,2014,Public Order Offences,Public order,current_only,1372
E09000009,Ealing,2014,Theft and Robbery,Bicycle theft,current_only,526
E09000009,Ealing,2014,Theft and Robbery,Burglary,both,2878
E09000009,Ealing,2014,Theft and Robbery,Other theft,both,3432
E09000009,Ealing,2014,Theft and Robbery,Robbery,both,656
E09000009,Ealing,2014,Theft and Robbery,Shoplifting,both,1540
E09000009,Ealing,2014,Theft and Robbery,Theft from the person,current_only,560
E09000009,Ealing,2014,Theft and Robbery,Vehicle crime,both,3625
E09000009,Ealing,2014,Violence and Sexual Offences,Violence and sexual offences,current_only,6573
E09000009,Ealing,2015,Criminal Damage and Arson,Criminal damage and arson,both,2396
E09000009,Ealing,2015,Drug and Weapon Offences,Drugs,both,1192
E09000009,Ealing,2015,Drug and Weapon Offences,Possession of weapons,current_only,118
E09000009,Ealing,2015,Other Crimes,Other crime,both,292
E09000009,Ealing,2015,Public Order Offences,Anti-social behaviour,both,9582
E09000009,Ealing,2015,Public Order Offences,Public order,current_only,1747
E09000009,Ealing,2015,Theft and Robbery,Bicycle theft,current_only,501
E09000009,Ealing,2015,Theft and Robbery,Burglary,both,2626
E09000009,Ealing,2015,Theft and Robbery,Other theft,both,3518
E09000009,Ealing,2015,Theft and Robbery,Robbery,both,636
E09000009,Ealing,2015,Theft and Robbery,Shoplifting,both,1647
E09000009,Ealing,2015,Theft and Robbery,Theft from the person,current_only,588
E09000009,Ealing,2015,Theft and Robbery,Vehicle crime,both,3423
E09000009,Ealing,2015,Violence and Sexual Offences,Violence and sexual offences,current_only,7782
E09000009,Ealing,2016,Criminal Damage and Arson,Criminal damage and arson,both,2486
E09000009,Ealing,2016,Drug and Weapon Offences,Drugs,both,1202
E09000009,Ealing,2016,Drug and Weapon Offences,Possession of weapons,current_only,146
E09000009,Ealing,2016,Other Crimes,Other crime,both,379
E09000009,Ealing,2016,Public Order Offences,Anti-social behaviour,both,10062
E09000009,Ealing,2016,Public Order Offences,Public order,current_only,1773
E09000009,Ealing,2016,Theft and Robbery,Bicycle theft,current_only,601
E09000009,Ealing,2016,Theft and Robbery,Burglary,both,2497
E09000009,Ealing,2016,Theft and Robbery,Other theft,both,3556
E09000009,Ealing,2016,Theft and Robbery,Robbery,both,656
E09000009,Ealing,2016,Theft and Robbery,Shoplifting,both,1901
E09000009,Ealing,2016,Theft and Robbery,Theft from the person,current_only,607
E09000009,Ealing,2016,Theft and Robbery,Vehicle crime,both,3425
E09000009,Ealing,2016,Violence and Sexual Offences,Violence and sexual offences,current_only,8195
E09000009,Ealing,2017,Criminal Damage and Arson,Criminal damage and arson,both,2271
E09000009,Ealing,2017,Drug and Weapon Offences,Drugs,both,1192
E09000009,Ealing,2017,Drug and Weapon Offences,Possession of weapons,current_only,207
E09000009,Ealing,2017,Other Crimes,Other crime,both,373
E09000009,Ealing,2017,Public Order Offences,Anti-social behaviour,both,9535
E09000009,Ealing,2017,Public Order Offences,Public order,current_only,1925
E09000009,Ealing,2017,Theft and Robbery,Bicycle theft,current_only,653
E09000009,Ealing,2017,Theft and Robbery,Burglary,both,2577
E09000009,Ealing,2017,Theft and Robbery,Other theft,both,3389
E09000009,Ealing,2017,Theft and Robbery,Robbery,both,831
E09000009,Ealing,2017,Theft and Robbery,Shoplifting,both,1664
E09000009,Ealing,2017,Theft and Robbery,Theft from the person,current_only,577
E09000009,Ealing,2017,Theft and Robbery,Vehicle crime,both,3753
E09000009,Ealing,2017,Violence and Sexual Offences,Violence and sexual offences,current_only,8329
E09000009,Ealing,2018,Criminal Damage and Arson,Criminal damage and arson,both,2119
E09000009,Ealing,2018,Drug and Weapon Offences,Drugs,both,1029
E09000009,Ealing,2018,Drug and Weapon Offences,Possession of weapons,current_only,183
E09000009,Ealing,2018,Other Crimes,Other crime,both,289
E09000009,Ealing,2018,Public Order Offences,Anti-social behaviour,both,9506
E09000009,Ealing,2018,Public Order Offences,Public order,current_only,1848
E09000009,Ealing,2018,Theft and Robbery,Bicycle theft,current_only,568
E09000009,Ealing,2018,Theft and Robbery,Burglary,both,2541
E09000009,Ealing,2018,Theft and Robbery,Other theft,both,3518
E09000009,Ealing,2018,Theft and Robbery,Robbery,both,839
E09000009,Ealing,2018,Theft and Robbery,Shoplifting,both,1258
E09000009,Ealing,2018,Theft and Robbery,Theft from the person,current_only,674
E09000009,Ealing,2018,Theft and Robbery,Vehicle crime,both,4223
E09000009,Ealing,2018,Violence and Sexual Offences,Violence and sexual offences,current_only,8573
E09000009,Ealing,2019,Criminal Damage and Arson,Criminal damage and arson,both,2091
E09000009,Ealing,2019,Drug and Weapon Offences,Drugs,both,1500
E09000009,Ealing,2019,Drug and Weapon Offences,Possession of weapons,current_only,217
E09000009,Ealing,2019,Other Crimes,Other crime,both,318
E09000009,Ealing,2019,Public Order Offences,Anti-social behaviour,both,10395
E09000009,Ealing,2019,Public Order Offences,Public order,current_only,1860
E09000009,Ealing,2019,Theft and Robbery,Bicycle theft,current_only,485
E09000009,Ealing,2019,Theft and Robbery,Burglary,both,2860
E09000009,Ealing,2019,Theft and Robbery,Other theft,both,3216
E09000009,Ealing,2019,Theft and Robbery,Robbery,both,1252
E09000009,Ealing,2019,Theft and Robbery,Shoplifting,both,1246
E09000009,Ealing,2019,Theft and Robbery,Theft from the person,current_only,794
E09000009,Ealing,2019,Theft and Robbery,Vehicle crime,both,4994
E09000009,Ealing,2019,Violence and Sexual Offences,Violence and sexual offences,current_only,8549
E09000009,Ealing,2020,Criminal Damage and Arson,Criminal damage and arson,both,2038
E09000009,Ealing,2020,Drug and Weapon Offences,Drugs,both,2063
E09000009,Ealing,2020,Drug and Weapon Offences,Possession of weapons,current_only,199
E09000009,Ealing,2020,Other Crimes,Other crime,both,412
E09000009,Ealing,2020,Public Order Offences,Anti-social behaviour,both,16434
E09000009,Ealing,2020,Public Order Offences,Public order,current_only,2139
E09000009,Ealing,2020,Theft and Robbery,Bicycle theft,current_only,612
E09000009,Ealing,2020,Theft and Robbery,Burglary,both,2194
E09000009,Ealing,2020,Theft and Robbery,Other theft,both,2634
E09000009,Ealing,2020,Theft and Robbery,Robbery,both,852
E09000009,Ealing,2020,Theft and Robbery,Shoplifting,both,1065
E09000009,Ealing,2020,Theft and Robbery,Theft from the person,current_only,456
E09000009,Ealing,2020,Theft and Robbery,Vehicle crime,both,4555
E09000009,Ealing,2020,Violence and Sexual Offences,Violence and sexual offences,current_only,8993
E09000009,Ealing,2021,Criminal Damage and Arson,Criminal damage and arson,both,1974
E09000009,Ealing,2021,Drug and Weapon Offences,Drugs,both,1463
E09000009,Ealing,2021,Drug and Weapon Offences,Possession of weapons,current_only,143
E09000009,Ealing,2021,Other Crimes,Other crime,both,402
E09000009,Ealing,2021,Public Order Offences,Anti-social behaviour,both,11904
E09000009,Ealing,2021,Public Order Offences,Public order,current_only,2336
E09000009,Ealing,2021,Theft and Robbery,Bicycle theft,current_only,498
E09000009,Ealing,2021,Theft and Robbery,Burglary,both,1851
E09000009,Ealing,2021,Theft and Robbery,Other theft,both,2840
E09000009,Ealing,2021,Theft and Robbery,Robbery,both,608
E09000009,Ealing,2021,Theft and Robbery,Shoplifting,both,907
E09000009,Ealing,2021,Theft and Robbery,Theft from the person,current_only,592
E09000009,Ealing,2021,Theft and Robbery,Vehicle crime,both,4438
E09000009,Ealing,2021,Violence and Sexual Offences,Violence and sexual offences,current_only,9565
E09000009,Ealing,2022,Criminal Damage and Arson,Criminal damage and arson,both,2014
E09000009,Ealing,2022,Drug and Weapon Offences,Drugs,both,1252
E09000009,Ealing,2022,Drug and Weapon Offences,Possession of weapons,current_only,133
E09000009,Ealing,2022,Other Crimes,Other crime,both,338
E09000009,Ealing,2022,Public Order Offences,Anti-social behaviour,both,10860
E09000009,Ealing,2022,Public Order Offences,Public order,current_only,2246
E09000009,Ealing,2022,Theft and Robbery,Bicycle theft,current_only,391
E09000009,Ealing,2022,Theft and Robbery,Burglary,both,1826
E09000009,Ealing,2022,Theft and Robbery,Other theft,both,3286
E09000009,Ealing,2022,Theft and Robbery,Robbery,both,673
E09000009,Ealing,2022,Theft and Robbery,Shoplifting,both,1165
E09000009,Ealing,2022,Theft and Robbery,Theft from the person,current_only,781
E09000009,Ealing,2022,Theft and Robbery,Vehicle crime,both,4396
E09000009,Ealing,2022,Violence and Sexual Offences,Violence and sexual offences,current_only,9989
E09000009,Ealing,2023,Criminal Damage and Arson,Criminal damage and arson,both,2216
E09000009,Ealing,2023,Drug and Weapon Offences,Drugs,both,1224
E09000009,Ealing,2023,Drug and Weapon Offences,Possession of weapons,current_only,128
E09000009,Ealing,2023,Other Crimes,Other crime,both,353
E09000009,Ealing,2023,Public Order Offences,Anti-social behaviour,both,9892
E09000009,Ealing,2023,Public Order Offences,Public order,current_only,2270
E09000009,Ealing,2023,Theft and Robbery,Bicycle theft,current_only,415
E09000009,Ealing,2023,Theft and Robbery,Burglary,both,1961
E09000009,Ealing,2023,Theft and Robbery,Other theft,both,3629
E09000009,Ealing,2023,Theft and Robbery,Robbery,both,914
E09000009,Ealing,2023,Theft and Robbery,Shoplifting,both,1867
E09000009,Ealing,2023,Theft and Robbery,Theft from the person,current_only,884
E09000009,Ealing,2023,Theft and Robbery,Vehicle crime,both,4761
E09000009,Ealing,2023,Violence and Sexual Offences,Violence and sexual offences,current_only,10630
E09000009,Ealing,2024,Criminal Damage and Arson,Criminal damage and arson,both,1915
E09000009,Ealing,2024,Drug and Weapon Offences,Drugs,both,1209
E09000009,Ealing,2024,Drug and Weapon Offences,Possession of weapons,current_only,147
E09000009,Ealing,2024,Other Crimes,Other crime,both,402
E09000009,Ealing,2024,Public Order Offences,Anti-social behaviour,both,10731
E09000009,Ealing,2024,Public Order Offences,Public order,current_only,2063
E09000009,Ealing,2024,Theft and Robbery,Bicycle theft,current_only,480
E09000009,Ealing,2024,Theft and Robbery,Burglary,both,1847
E09000009,Ealing,2024,Theft and Robbery,Other theft,both,3163
E09000009,Ealing,2024,Theft and Robbery,Robbery,both,1001
E09000009,Ealing,2024,Theft and Robbery,Shoplifting,both,2707
E09000009,Ealing,2024,Theft and Robbery,Theft from the person,current_only,1222
E09000009,Ealing,2024,Theft and Robbery,Vehicle crime,both,4494
E09000009,Ealing,2024,Violence and Sexual Offences,Violence and sexual offences,current_only,10450
E09000009,Ealing,2025,Criminal Damage and Arson,Criminal damage and arson,both,2187
E09000009,Ealing,2025,Drug and Weapon Offences,Drugs,both,2042
E09000009,Ealing,2025,Drug and Weapon Offences,Possession of weapons,current_only,211
E09000009,Ealing,2025,Other Crimes,Other crime,both,394
E09000009,Ealing,2025,Public Order Offences,Anti-social behaviour,both,11210
E09000009,Ealing,2025,Public Order Offences,Public order,current_only,2200
E09000009,Ealing,2025,Theft and Robbery,Bicycle theft,current_only,369
E09000009,Ealing,2025,Theft and Robbery,Burglary,both,1776
E09000009,Ealing,2025,Theft and Robbery,Other theft,both,2742
E09000009,Ealing,2025,Theft and Robbery,Robbery,both,862
E09000009,Ealing,2025,Theft and Robbery,Shoplifting,both,2888
E09000009,Ealing,2025,Theft and Robbery,Theft from the person,current_only,1258
E09000009,Ealing,2025,Theft and Robbery,Vehicle crime,both,4206
E09000009,Ealing,2025,Violence and Sexual Offences,Violence and sexual offences,current_only,11129
E09000009,Ealing,2026,Criminal Damage and Arson,Criminal damage and arson,both,695
E09000009,Ealing,2026,Drug and Weapon Offences,Drugs,both,510
E09000009,Ealing,2026,Drug and Weapon Offences,Possession of weapons,current_only,82
E09000009,Ealing,2026,Other Crimes,Other crime,both,139
E09000009,Ealing,2026,Public Order Offences,Anti-social behaviour,both,3539
E09000009,Ealing,2026,Public Order Offences,Public order,current_only,752
E09000009,Ealing,2026,Theft and Robbery,Bicycle theft,current_only,91
E09000009,Ealing,2026,Theft and Robbery,Burglary,both,626
E09000009,Ealing,2026,Theft and Robbery,Other theft,both,863
E09000009,Ealing,2026,Theft and Robbery,Robbery,both,314
E09000009,Ealing,2026,Theft and Robbery,Shoplifting,both,792
E09000009,Ealing,2026,Theft and Robbery,Theft from the person,current_only,486
E09000009,Ealing,2026,Theft and Robbery,Vehicle crime,both,1418
E09000009,Ealing,2026,Violence and Sexual Offences,Violence and sexual offences,current_only,3605
E09000010,Enfield,2011,Criminal Damage and Arson,Criminal damage and arson,both,788
E09000010,Enfield,2011,Drug and Weapon Offences,Drugs,both,404
E09000010,Enfield,2011,Other Crimes,Other crime,both,7601
E09000010,Enfield,2011,Public Order Offences,Anti-social behaviour,both,15260
E09000010,Enfield,2011,Public Order Offences,Public disorder and weapons,legacy_only,243
E09000010,Enfield,2011,Theft and Robbery,Burglary,both,3717
E09000010,Enfield,2011,Theft and Robbery,Other theft,both,833
E09000010,Enfield,2011,Theft and Robbery,Robbery,both,1136
E09000010,Enfield,2011,Theft and Robbery,Shoplifting,both,238
E09000010,Enfield,2011,Theft and Robbery,Vehicle crime,both,4088
E09000010,Enfield,2011,Violence and Sexual Offences,Violent crime,legacy_only,4239
E09000010,Enfield,2012,Criminal Damage and Arson,Criminal damage and arson,both,2089
E09000010,Enfield,2012,Drug and Weapon Offences,Drugs,both,1075
E09000010,Enfield,2012,Other Crimes,Other crime,both,1560
E09000010,Enfield,2012,Public Order Offences,Anti-social behaviour,both,11901
E09000010,Enfield,2012,Public Order Offences,Public disorder and weapons,legacy_only,669
E09000010,Enfield,2012,Theft and Robbery,Burglary,both,3750
E09000010,Enfield,2012,Theft and Robbery,Other theft,both,3196
E09000010,Enfield,2012,Theft and Robbery,Robbery,both,1129
E09000010,Enfield,2012,Theft and Robbery,Shoplifting,both,892
E09000010,Enfield,2012,Theft and Robbery,Vehicle crime,both,3991
E09000010,Enfield,2012,Violence and Sexual Offences,Violent crime,legacy_only,4058
E09000010,Enfield,2013,Criminal Damage and Arson,Criminal damage and arson,both,1949
E09000010,Enfield,2013,Drug and Weapon Offences,Drugs,both,1471
E09000010,Enfield,2013,Drug and Weapon Offences,Possession of weapons,current_only,85
E09000010,Enfield,2013,Other Crimes,Other crime,both,425
E09000010,Enfield,2013,Public Order Offences,Anti-social behaviour,both,9586
E09000010,Enfield,2013,Public Order Offences,Public disorder and weapons,legacy_only,229
E09000010,Enfield,2013,Public Order Offences,Public order,current_only,492
E09000010,Enfield,2013,Theft and Robbery,Bicycle theft,current_only,149
E09000010,Enfield,2013,Theft and Robbery,Burglary,both,3463
E09000010,Enfield,2013,Theft and Robbery,Other theft,both,2968
E09000010,Enfield,2013,Theft and Robbery,Robbery,both,938
E09000010,Enfield,2013,Theft and Robbery,Shoplifting,both,917
E09000010,Enfield,2013,Theft and Robbery,Theft from the person,current_only,410
E09000010,Enfield,2013,Theft and Robbery,Vehicle crime,both,4363
E09000010,Enfield,2013,Violence and Sexual Offences,Violence and sexual offences,current_only,2982
E09000010,Enfield,2013,Violence and Sexual Offences,Violent crime,legacy_only,1266
E09000010,Enfield,2014,Criminal Damage and Arson,Criminal damage and arson,both,2011
E09000010,Enfield,2014,Drug and Weapon Offences,Drugs,both,1293
E09000010,Enfield,2014,Drug and Weapon Offences,Possession of weapons,current_only,141
E09000010,Enfield,2014,Other Crimes,Other crime,both,256
E09000010,Enfield,2014,Public Order Offences,Anti-social behaviour,both,8088
E09000010,Enfield,2014,Public Order Offences,Public order,current_only,963
E09000010,Enfield,2014,Theft and Robbery,Bicycle theft,current_only,246
E09000010,Enfield,2014,Theft and Robbery,Burglary,both,3046
E09000010,Enfield,2014,Theft and Robbery,Other theft,both,3251
E09000010,Enfield,2014,Theft and Robbery,Robbery,both,758
E09000010,Enfield,2014,Theft and Robbery,Shoplifting,both,996
E09000010,Enfield,2014,Theft and Robbery,Theft from the person,current_only,465
E09000010,Enfield,2014,Theft and Robbery,Vehicle crime,both,3116
E09000010,Enfield,2014,Violence and Sexual Offences,Violence and sexual offences,current_only,5471
E09000010,Enfield,2015,Criminal Damage and Arson,Criminal damage and arson,both,2034
E09000010,Enfield,2015,Drug and Weapon Offences,Drugs,both,1063
E09000010,Enfield,2015,Drug and Weapon Offences,Possession of weapons,current_only,118
E09000010,Enfield,2015,Other Crimes,Other crime,both,286
E09000010,Enfield,2015,Public Order Offences,Anti-social behaviour,both,7143
E09000010,Enfield,2015,Public Order Offences,Public order,current_only,1085
E09000010,Enfield,2015,Theft and Robbery,Bicycle theft,current_only,269
E09000010,Enfield,2015,Theft and Robbery,Burglary,both,2809
E09000010,Enfield,2015,Theft and Robbery,Other theft,both,2884
E09000010,Enfield,2015,Theft and Robbery,Robbery,both,936
E09000010,Enfield,2015,Theft and Robbery,Shoplifting,both,1049
E09000010,Enfield,2015,Theft and Robbery,Theft from the person,current_only,466
E09000010,Enfield,2015,Theft and Robbery,Vehicle crime,both,3200
E09000010,Enfield,2015,Violence and Sexual Offences,Violence and sexual offences,current_only,5986
E09000010,Enfield,2016,Criminal Damage and Arson,Criminal damage and arson,both,2065
E09000010,Enfield,2016,Drug and Weapon Offences,Drugs,both,921
E09000010,Enfield,2016,Drug and Weapon Offences,Possession of weapons,current_only,165
E09000010,Enfield,2016,Other Crimes,Other crime,both,280
E09000010,Enfield,2016,Public Order Offences,Anti-social behaviour,both,8093
E09000010,Enfield,2016,Public Order Offences,Public order,current_only,1226
E09000010,Enfield,2016,Theft and Robbery,Bicycle theft,current_only,256
E09000010,Enfield,2016,Theft and Robbery,Burglary,both,2552
E09000010,Enfield,2016,Theft and Robbery,Other theft,both,2874
E09000010,Enfield,2016,Theft and Robbery,Robbery,both,808
E09000010,Enfield,2016,Theft and Robbery,Shoplifting,both,1186
E09000010,Enfield,2016,Theft and Robbery,Theft from the person,current_only,527
E09000010,Enfield,2016,Theft and Robbery,Vehicle crime,both,3273
E09000010,Enfield,2016,Violence and Sexual Offences,Violence and sexual offences,current_only,6639
E09000010,Enfield,2017,Criminal Damage and Arson,Criminal damage and arson,both,2102
E09000010,Enfield,2017,Drug and Weapon Offences,Drugs,both,919
E09000010,Enfield,2017,Drug and Weapon Offences,Possession of weapons,current_only,218
E09000010,Enfield,2017,Other Crimes,Other crime,both,298
E09000010,Enfield,2017,Public Order Offences,Anti-social behaviour,both,7866
E09000010,Enfield,2017,Public Order Offences,Public order,current_only,1231
E09000010,Enfield,2017,Theft and Robbery,Bicycle theft,current_only,293
E09000010,Enfield,2017,Theft and Robbery,Burglary,both,2630
E09000010,Enfield,2017,Theft and Robbery,Other theft,both,2950
E09000010,Enfield,2017,Theft and Robbery,Robbery,both,973
E09000010,Enfield,2017,Theft and Robbery,Shoplifting,both,1464
E09000010,Enfield,2017,Theft and Robbery,Theft from the person,current_only,559
E09000010,Enfield,2017,Theft and Robbery,Vehicle crime,both,3987
E09000010,Enfield,2017,Violence and Sexual Offences,Violence and sexual offences,current_only,6913
E09000010,Enfield,2018,Criminal Damage and Arson,Criminal damage and arson,both,2114
E09000010,Enfield,2018,Drug and Weapon Offences,Drugs,both,843
E09000010,Enfield,2018,Drug and Weapon Offences,Possession of weapons,current_only,214
E09000010,Enfield,2018,Other Crimes,Other crime,both,392
E09000010,Enfield,2018,Public Order Offences,Anti-social behaviour,both,8075
E09000010,Enfield,2018,Public Order Offences,Public order,current_only,1365
E09000010,Enfield,2018,Theft and Robbery,Bicycle theft,current_only,186
E09000010,Enfield,2018,Theft and Robbery,Burglary,both,2993
E09000010,Enfield,2018,Theft and Robbery,Other theft,both,3017
E09000010,Enfield,2018,Theft and Robbery,Robbery,both,1229
E09000010,Enfield,2018,Theft and Robbery,Shoplifting,both,1314
E09000010,Enfield,2018,Theft and Robbery,Theft from the person,current_only,658
E09000010,Enfield,2018,Theft and Robbery,Vehicle crime,both,5594
E09000010,Enfield,2018,Violence and Sexual Offences,Violence and sexual offences,current_only,7447
E09000010,Enfield,2019,Criminal Damage and Arson,Criminal damage and arson,both,1928
E09000010,Enfield,2019,Drug and Weapon Offences,Drugs,both,967
E09000010,Enfield,2019,Drug and Weapon Offences,Possession of weapons,current_only,242
E09000010,Enfield,2019,Other Crimes,Other crime,both,345
E09000010,Enfield,2019,Public Order Offences,Anti-social behaviour,both,8299
E09000010,Enfield,2019,Public Order Offences,Public order,current_only,1412
E09000010,Enfield,2019,Theft and Robbery,Bicycle theft,current_only,237
E09000010,Enfield,2019,Theft and Robbery,Burglary,both,3148
E09000010,Enfield,2019,Theft and Robbery,Other theft,both,2912
E09000010,Enfield,2019,Theft and Robbery,Robbery,both,1645
E09000010,Enfield,2019,Theft and Robbery,Shoplifting,both,1037
E09000010,Enfield,2019,Theft and Robbery,Theft from the person,current_only,731
E09000010,Enfield,2019,Theft and Robbery,Vehicle crime,both,5592
E09000010,Enfield,2019,Violence and Sexual Offences,Violence and sexual offences,current_only,8070
E09000010,Enfield,2020,Criminal Damage and Arson,Criminal damage and arson,both,1824
E09000010,Enfield,2020,Drug and Weapon Offences,Drugs,both,1413
E09000010,Enfield,2020,Drug and Weapon Offences,Possession of weapons,current_only,206
E09000010,Enfield,2020,Other Crimes,Other crime,both,396
E09000010,Enfield,2020,Public Order Offences,Anti-social behaviour,both,14775
E09000010,Enfield,2020,Public Order Offences,Public order,current_only,1730
E09000010,Enfield,2020,Theft and Robbery,Bicycle theft,current_only,250
E09000010,Enfield,2020,Theft and Robbery,Burglary,both,2446
E09000010,Enfield,2020,Theft and Robbery,Other theft,both,2475
E09000010,Enfield,2020,Theft and Robbery,Robbery,both,1072
E09000010,Enfield,2020,Theft and Robbery,Shoplifting,both,885
E09000010,Enfield,2020,Theft and Robbery,Theft from the person,current_only,589
E09000010,Enfield,2020,Theft and Robbery,Vehicle crime,both,5733
E09000010,Enfield,2020,Violence and Sexual Offences,Violence and sexual offences,current_only,8796
E09000010,Enfield,2021,Criminal Damage and Arson,Criminal damage and arson,both,1928
E09000010,Enfield,2021,Drug and Weapon Offences,Drugs,both,1078
E09000010,Enfield,2021,Drug and Weapon Offences,Possession of weapons,current_only,149
E09000010,Enfield,2021,Other Crimes,Other crime,both,397
E09000010,Enfield,2021,Public Order Offences,Anti-social behaviour,both,10442
E09000010,Enfield,2021,Public Order Offences,Public order,current_only,1878
E09000010,Enfield,2021,Theft and Robbery,Bicycle theft,current_only,207
E09000010,Enfield,2021,Theft and Robbery,Burglary,both,2124
E09000010,Enfield,2021,Theft and Robbery,Other theft,both,2808
E09000010,Enfield,2021,Theft and Robbery,Robbery,both,879
E09000010,Enfield,2021,Theft and Robbery,Shoplifting,both,873
E09000010,Enfield,2021,Theft and Robbery,Theft from the person,current_only,709
E09000010,Enfield,2021,Theft and Robbery,Vehicle crime,both,5622
E09000010,Enfield,2021,Violence and Sexual Offences,Violence and sexual offences,current_only,9345
E09000010,Enfield,2022,Criminal Damage and Arson,Criminal damage and arson,both,2006
E09000010,Enfield,2022,Drug and Weapon Offences,Drugs,both,1429
E09000010,Enfield,2022,Drug and Weapon Offences,Possession of weapons,current_only,209
E09000010,Enfield,2022,Other Crimes,Other crime,both,405
E09000010,Enfield,2022,Public Order Offences,Anti-social behaviour,both,8870
E09000010,Enfield,2022,Public Order Offences,Public order,current_only,1904
E09000010,Enfield,2022,Theft and Robbery,Bicycle theft,current_only,160
E09000010,Enfield,2022,Theft and Robbery,Burglary,both,2041
E09000010,Enfield,2022,Theft and Robbery,Other theft,both,3246
E09000010,Enfield,2022,Theft and Robbery,Robbery,both,978
E09000010,Enfield,2022,Theft and Robbery,Shoplifting,both,1067
E09000010,Enfield,2022,Theft and Robbery,Theft from the person,current_only,936
E09000010,Enfield,2022,Theft and Robbery,Vehicle crime,both,5254
E09000010,Enfield,2022,Violence and Sexual Offences,Violence and sexual offences,current_only,9509
E09000010,Enfield,2023,Criminal Damage and Arson,Criminal damage and arson,both,2091
E09000010,Enfield,2023,Drug and Weapon Offences,Drugs,both,1119
E09000010,Enfield,2023,Drug and Weapon Offences,Possession of weapons,current_only,188
E09000010,Enfield,2023,Other Crimes,Other crime,both,364
E09000010,Enfield,2023,Public Order Offences,Anti-social behaviour,both,8141
E09000010,Enfield,2023,Public Order Offences,Public order,current_only,1737
E09000010,Enfield,2023,Theft and Robbery,Bicycle theft,current_only,176
E09000010,Enfield,2023,Theft and Robbery,Burglary,both,2210
E09000010,Enfield,2023,Theft and Robbery,Other theft,both,3080
E09000010,Enfield,2023,Theft and Robbery,Robbery,both,899
E09000010,Enfield,2023,Theft and Robbery,Shoplifting,both,1555
E09000010,Enfield,2023,Theft and Robbery,Theft from the person,current_only,893
E09000010,Enfield,2023,Theft and Robbery,Vehicle crime,both,5213
E09000010,Enfield,2023,Violence and Sexual Offences,Violence and sexual offences,current_only,9627
E09000010,Enfield,2024,Criminal Damage and Arson,Criminal damage and arson,both,1939
E09000010,Enfield,2024,Drug and Weapon Offences,Drugs,both,1443
E09000010,Enfield,2024,Drug and Weapon Offences,Possession of weapons,current_only,225
E09000010,Enfield,2024,Other Crimes,Other crime,both,391
E09000010,Enfield,2024,Public Order Offences,Anti-social behaviour,both,7900
E09000010,Enfield,2024,Public Order Offences,Public order,current_only,1629
E09000010,Enfield,2024,Theft and Robbery,Bicycle theft,current_only,190
E09000010,Enfield,2024,Theft and Robbery,Burglary,both,2001
E09000010,Enfield,2024,Theft and Robbery,Other theft,both,2816
E09000010,Enfield,2024,Theft and Robbery,Robbery,both,978
E09000010,Enfield,2024,Theft and Robbery,Shoplifting,both,2925
E09000010,Enfield,2024,Theft and Robbery,Theft from the person,current_only,1171
E09000010,Enfield,2024,Theft and Robbery,Vehicle crime,both,4610
E09000010,Enfield,2024,Violence and Sexual Offences,Violence and sexual offences,current_only,9083
E09000010,Enfield,2025,Criminal Damage and Arson,Criminal damage and arson,both,1953
E09000010,Enfield,2025,Drug and Weapon Offences,Drugs,both,2008
E09000010,Enfield,2025,Drug and Weapon Offences,Possession of weapons,current_only,210
E09000010,Enfield,2025,Other Crimes,Other crime,both,490
E09000010,Enfield,2025,Public Order Offences,Anti-social behaviour,both,7808
E09000010,Enfield,2025,Public Order Offences,Public order,current_only,1637
E09000010,Enfield,2025,Theft and Robbery,Bicycle theft,current_only,177
E09000010,Enfield,2025,Theft and Robbery,Burglary,both,1854
E09000010,Enfield,2025,Theft and Robbery,Other theft,both,2581
E09000010,Enfield,2025,Theft and Robbery,Robbery,both,1016
E09000010,Enfield,2025,Theft and Robbery,Shoplifting,both,2820
E09000010,Enfield,2025,Theft and Robbery,Theft from the person,current_only,1371
E09000010,Enfield,2025,Theft and Robbery,Vehicle crime,both,3727
E09000010,Enfield,2025,Violence and Sexual Offences,Violence and sexual offences,current_only,9130
E09000010,Enfield,2026,Criminal Damage and Arson,Criminal damage and arson,both,612
E09000010,Enfield,2026,Drug and Weapon Offences,Drugs,both,643
E09000010,Enfield,2026,Drug and Weapon Offences,Possession of weapons,current_only,92
E09000010,Enfield,2026,Other Crimes,Other crime,both,191
E09000010,Enfield,2026,Public Order Offences,Anti-social behaviour,both,2284
E09000010,Enfield,2026,Public Order Offences,Public order,current_only,549
E09000010,Enfield,2026,Theft and Robbery,Bicycle theft,current_only,59
E09000010,Enfield,2026,Theft and Robbery,Burglary,both,753
E09000010,Enfield,2026,Theft and Robbery,Other theft,both,847
E09000010,Enfield,2026,Theft and Robbery,Robbery,both,297
E09000010,Enfield,2026,Theft and Robbery,Shoplifting,both,854
E09000010,Enfield,2026,Theft and Robbery,Theft from the person,current_only,396
E09000010,Enfield,2026,Theft and Robbery,Vehicle crime,both,1175
E09000010,Enfield,2026,Violence and Sexual Offences,Violence and sexual offences,current_only,3246
E09000011,Greenwich,2011,Criminal Damage and Arson,Criminal damage and arson,both,840
E09000011,Greenwich,2011,Drug and Weapon Offences,Drugs,both,339
E09000011,Greenwich,2011,Other Crimes,Other crime,both,7983
E09000011,Greenwich,2011,Public Order Offences,Anti-social behaviour,both,12607
E09000011,Greenwich,2011,Public Order Offences,Public disorder and weapons,legacy_only,368
E09000011,Greenwich,2011,Theft and Robbery,Burglary,both,2542
E09000011,Greenwich,2011,Theft and Robbery,Other theft,both,1253
E09000011,Greenwich,2011,Theft and Robbery,Robbery,both,875
E09000011,Greenwich,2011,Theft and Robbery,Shoplifting,both,360
E09000011,Greenwich,2011,Theft and Robbery,Vehicle crime,both,2831
E09000011,Greenwich,2011,Violence and Sexual Offences,Violent crime,legacy_only,5111
E09000011,Greenwich,2012,Criminal Damage and Arson,Criminal damage and arson,both,2185
E09000011,Greenwich,2012,Drug and Weapon Offences,Drugs,both,1230
E09000011,Greenwich,2012,Other Crimes,Other crime,both,1458
E09000011,Greenwich,2012,Public Order Offences,Anti-social behaviour,both,10370
E09000011,Greenwich,2012,Public Order Offences,Public disorder and weapons,legacy_only,991
E09000011,Greenwich,2012,Theft and Robbery,Burglary,both,2343
E09000011,Greenwich,2012,Theft and Robbery,Other theft,both,4007
E09000011,Greenwich,2012,Theft and Robbery,Robbery,both,585
E09000011,Greenwich,2012,Theft and Robbery,Shoplifting,both,1126
E09000011,Greenwich,2012,Theft and Robbery,Vehicle crime,both,2311
E09000011,Greenwich,2012,Violence and Sexual Offences,Violent crime,legacy_only,4957
E09000011,Greenwich,2013,Criminal Damage and Arson,Criminal damage and arson,both,1969
E09000011,Greenwich,2013,Drug and Weapon Offences,Drugs,both,1216
E09000011,Greenwich,2013,Drug and Weapon Offences,Possession of weapons,current_only,61
E09000011,Greenwich,2013,Other Crimes,Other crime,both,498
E09000011,Greenwich,2013,Public Order Offences,Anti-social behaviour,both,7907
E09000011,Greenwich,2013,Public Order Offences,Public disorder and weapons,legacy_only,256
E09000011,Greenwich,2013,Public Order Offences,Public order,current_only,648
E09000011,Greenwich,2013,Theft and Robbery,Bicycle theft,current_only,252
E09000011,Greenwich,2013,Theft and Robbery,Burglary,both,2394
E09000011,Greenwich,2013,Theft and Robbery,Other theft,both,2937
E09000011,Greenwich,2013,Theft and Robbery,Robbery,both,476
E09000011,Greenwich,2013,Theft and Robbery,Shoplifting,both,1230
E09000011,Greenwich,2013,Theft and Robbery,Theft from the person,current_only,414
E09000011,Greenwich,2013,Theft and Robbery,Vehicle crime,both,2443
E09000011,Greenwich,2013,Violence and Sexual Offences,Violence and sexual offences,current_only,3204
E09000011,Greenwich,2013,Violence and Sexual Offences,Violent crime,legacy_only,1477
E09000011,Greenwich,2014,Criminal Damage and Arson,Criminal damage and arson,both,1881
E09000011,Greenwich,2014,Drug and Weapon Offences,Drugs,both,1108
E09000011,Greenwich,2014,Drug and Weapon Offences,Possession of weapons,current_only,102
E09000011,Greenwich,2014,Other Crimes,Other crime,both,271
E09000011,Greenwich,2014,Public Order Offences,Anti-social behaviour,both,6172
E09000011,Greenwich,2014,Public Order Offences,Public order,current_only,1121
E09000011,Greenwich,2014,Theft and Robbery,Bicycle theft,current_only,276
E09000011,Greenwich,2014,Theft and Robbery,Burglary,both,2170
E09000011,Greenwich,2014,Theft and Robbery,Other theft,both,2762
E09000011,Greenwich,2014,Theft and Robbery,Robbery,both,412
E09000011,Greenwich,2014,Theft and Robbery,Shoplifting,both,1422
E09000011,Greenwich,2014,Theft and Robbery,Theft from the person,current_only,470
E09000011,Greenwich,2014,Theft and Robbery,Vehicle crime,both,2301
E09000011,Greenwich,2014,Violence and Sexual Offences,Violence and sexual offences,current_only,5829
E09000011,Greenwich,2015,Criminal Damage and Arson,Criminal damage and arson,both,2166
E09000011,Greenwich,2015,Drug and Weapon Offences,Drugs,both,770
E09000011,Greenwich,2015,Drug and Weapon Offences,Possession of weapons,current_only,93
E09000011,Greenwich,2015,Other Crimes,Other crime,both,346
E09000011,Greenwich,2015,Public Order Offences,Anti-social behaviour,both,5750
E09000011,Greenwich,2015,Public Order Offences,Public order,current_only,1433
E09000011,Greenwich,2015,Theft and Robbery,Bicycle theft,current_only,295
E09000011,Greenwich,2015,Theft and Robbery,Burglary,both,1850
E09000011,Greenwich,2015,Theft and Robbery,Other theft,both,2662
E09000011,Greenwich,2015,Theft and Robbery,Robbery,both,470
E09000011,Greenwich,2015,Theft and Robbery,Shoplifting,both,1372
E09000011,Greenwich,2015,Theft and Robbery,Theft from the person,current_only,493
E09000011,Greenwich,2015,Theft and Robbery,Vehicle crime,both,2262
E09000011,Greenwich,2015,Violence and Sexual Offences,Violence and sexual offences,current_only,6744
E09000011,Greenwich,2016,Criminal Damage and Arson,Criminal damage and arson,both,2364
E09000011,Greenwich,2016,Drug and Weapon Offences,Drugs,both,730
E09000011,Greenwich,2016,Drug and Weapon Offences,Possession of weapons,current_only,93
E09000011,Greenwich,2016,Other Crimes,Other crime,both,390
E09000011,Greenwich,2016,Public Order Offences,Anti-social behaviour,both,6396
E09000011,Greenwich,2016,Public Order Offences,Public order,current_only,1664
E09000011,Greenwich,2016,Theft and Robbery,Bicycle theft,current_only,389
E09000011,Greenwich,2016,Theft and Robbery,Burglary,both,1778
E09000011,Greenwich,2016,Theft and Robbery,Other theft,both,2870
E09000011,Greenwich,2016,Theft and Robbery,Robbery,both,485
E09000011,Greenwich,2016,Theft and Robbery,Shoplifting,both,1433
E09000011,Greenwich,2016,Theft and Robbery,Theft from the person,current_only,589
E09000011,Greenwich,2016,Theft and Robbery,Vehicle crime,both,2709
E09000011,Greenwich,2016,Violence and Sexual Offences,Violence and sexual offences,current_only,7443
E09000011,Greenwich,2017,Criminal Damage and Arson,Criminal damage and arson,both,2490
E09000011,Greenwich,2017,Drug and Weapon Offences,Drugs,both,860
E09000011,Greenwich,2017,Drug and Weapon Offences,Possession of weapons,current_only,199
E09000011,Greenwich,2017,Other Crimes,Other crime,both,405
E09000011,Greenwich,2017,Public Order Offences,Anti-social behaviour,both,6141
E09000011,Greenwich,2017,Public Order Offences,Public order,current_only,1693
E09000011,Greenwich,2017,Theft and Robbery,Bicycle theft,current_only,348
E09000011,Greenwich,2017,Theft and Robbery,Burglary,both,2202
E09000011,Greenwich,2017,Theft and Robbery,Other theft,both,2896
E09000011,Greenwich,2017,Theft and Robbery,Robbery,both,631
E09000011,Greenwich,2017,Theft and Robbery,Shoplifting,both,1605
E09000011,Greenwich,2017,Theft and Robbery,Theft from the person,current_only,563
E09000011,Greenwich,2017,Theft and Robbery,Vehicle crime,both,3116
E09000011,Greenwich,2017,Violence and Sexual Offences,Violence and sexual offences,current_only,7848
E09000011,Greenwich,2018,Criminal Damage and Arson,Criminal damage and arson,both,2084
E09000011,Greenwich,2018,Drug and Weapon Offences,Drugs,both,780
E09000011,Greenwich,2018,Drug and Weapon Offences,Possession of weapons,current_only,180
E09000011,Greenwich,2018,Other Crimes,Other crime,both,400
E09000011,Greenwich,2018,Public Order Offences,Anti-social behaviour,both,5757
E09000011,Greenwich,2018,Public Order Offences,Public order,current_only,1587
E09000011,Greenwich,2018,Theft and Robbery,Bicycle theft,current_only,348
E09000011,Greenwich,2018,Theft and Robbery,Burglary,both,2396
E09000011,Greenwich,2018,Theft and Robbery,Other theft,both,2964
E09000011,Greenwich,2018,Theft and Robbery,Robbery,both,651
E09000011,Greenwich,2018,Theft and Robbery,Shoplifting,both,1523
E09000011,Greenwich,2018,Theft and Robbery,Theft from the person,current_only,488
E09000011,Greenwich,2018,Theft and Robbery,Vehicle crime,both,3479
E09000011,Greenwich,2018,Violence and Sexual Offences,Violence and sexual offences,current_only,8230
E09000011,Greenwich,2019,Criminal Damage and Arson,Criminal damage and arson,both,2065
E09000011,Greenwich,2019,Drug and Weapon Offences,Drugs,both,1158
E09000011,Greenwich,2019,Drug and Weapon Offences,Possession of weapons,current_only,210
E09000011,Greenwich,2019,Other Crimes,Other crime,both,373
E09000011,Greenwich,2019,Public Order Offences,Anti-social behaviour,both,6501
E09000011,Greenwich,2019,Public Order Offences,Public order,current_only,1663
E09000011,Greenwich,2019,Theft and Robbery,Bicycle theft,current_only,310
E09000011,Greenwich,2019,Theft and Robbery,Burglary,both,2494
E09000011,Greenwich,2019,Theft and Robbery,Other theft,both,2689
E09000011,Greenwich,2019,Theft and Robbery,Robbery,both,841
E09000011,Greenwich,2019,Theft and Robbery,Shoplifting,both,1669
E09000011,Greenwich,2019,Theft and Robbery,Theft from the person,current_only,543
E09000011,Greenwich,2019,Theft and Robbery,Vehicle crime,both,4265
E09000011,Greenwich,2019,Violence and Sexual Offences,Violence and sexual offences,current_only,8254
E09000011,Greenwich,2020,Criminal Damage and Arson,Criminal damage and arson,both,1952
E09000011,Greenwich,2020,Drug and Weapon Offences,Drugs,both,1811
E09000011,Greenwich,2020,Drug and Weapon Offences,Possession of weapons,current_only,213
E09000011,Greenwich,2020,Other Crimes,Other crime,both,390
E09000011,Greenwich,2020,Public Order Offences,Anti-social behaviour,both,11645
E09000011,Greenwich,2020,Public Order Offences,Public order,current_only,1867
E09000011,Greenwich,2020,Theft and Robbery,Bicycle theft,current_only,440
E09000011,Greenwich,2020,Theft and Robbery,Burglary,both,1647
E09000011,Greenwich,2020,Theft and Robbery,Other theft,both,2126
E09000011,Greenwich,2020,Theft and Robbery,Robbery,both,750
E09000011,Greenwich,2020,Theft and Robbery,Shoplifting,both,1297
E09000011,Greenwich,2020,Theft and Robbery,Theft from the person,current_only,314
E09000011,Greenwich,2020,Theft and Robbery,Vehicle crime,both,3138
E09000011,Greenwich,2020,Violence and Sexual Offences,Violence and sexual offences,current_only,8327
E09000011,Greenwich,2021,Criminal Damage and Arson,Criminal damage and arson,both,1899
E09000011,Greenwich,2021,Drug and Weapon Offences,Drugs,both,1558
E09000011,Greenwich,2021,Drug and Weapon Offences,Possession of weapons,current_only,195
E09000011,Greenwich,2021,Other Crimes,Other crime,both,373
E09000011,Greenwich,2021,Public Order Offences,Anti-social behaviour,both,8356
E09000011,Greenwich,2021,Public Order Offences,Public order,current_only,2059
E09000011,Greenwich,2021,Theft and Robbery,Bicycle theft,current_only,543
E09000011,Greenwich,2021,Theft and Robbery,Burglary,both,1577
E09000011,Greenwich,2021,Theft and Robbery,Other theft,both,2352
E09000011,Greenwich,2021,Theft and Robbery,Robbery,both,517
E09000011,Greenwich,2021,Theft and Robbery,Shoplifting,both,1198
E09000011,Greenwich,2021,Theft and Robbery,Theft from the person,current_only,368
E09000011,Greenwich,2021,Theft and Robbery,Vehicle crime,both,3002
E09000011,Greenwich,2021,Violence and Sexual Offences,Violence and sexual offences,current_only,8903
E09000011,Greenwich,2022,Criminal Damage and Arson,Criminal damage and arson,both,1891
E09000011,Greenwich,2022,Drug and Weapon Offences,Drugs,both,1496
E09000011,Greenwich,2022,Drug and Weapon Offences,Possession of weapons,current_only,190
E09000011,Greenwich,2022,Other Crimes,Other crime,both,370
E09000011,Greenwich,2022,Public Order Offences,Anti-social behaviour,both,6909
E09000011,Greenwich,2022,Public Order Offences,Public order,current_only,1929
E09000011,Greenwich,2022,Theft and Robbery,Bicycle theft,current_only,396
E09000011,Greenwich,2022,Theft and Robbery,Burglary,both,1625
E09000011,Greenwich,2022,Theft and Robbery,Other theft,both,2997
E09000011,Greenwich,2022,Theft and Robbery,Robbery,both,658
E09000011,Greenwich,2022,Theft and Robbery,Shoplifting,both,1146
E09000011,Greenwich,2022,Theft and Robbery,Theft from the person,current_only,643
E09000011,Greenwich,2022,Theft and Robbery,Vehicle crime,both,3161
E09000011,Greenwich,2022,Violence and Sexual Offences,Violence and sexual offences,current_only,9101
E09000011,Greenwich,2023,Criminal Damage and Arson,Criminal damage and arson,both,2187
E09000011,Greenwich,2023,Drug and Weapon Offences,Drugs,both,1390
E09000011,Greenwich,2023,Drug and Weapon Offences,Possession of weapons,current_only,183
E09000011,Greenwich,2023,Other Crimes,Other crime,both,365
E09000011,Greenwich,2023,Public Order Offences,Anti-social behaviour,both,6127
E09000011,Greenwich,2023,Public Order Offences,Public order,current_only,1981
E09000011,Greenwich,2023,Theft and Robbery,Bicycle theft,current_only,249
E09000011,Greenwich,2023,Theft and Robbery,Burglary,both,1573
E09000011,Greenwich,2023,Theft and Robbery,Other theft,both,3185
E09000011,Greenwich,2023,Theft and Robbery,Robbery,both,774
E09000011,Greenwich,2023,Theft and Robbery,Shoplifting,both,1949
E09000011,Greenwich,2023,Theft and Robbery,Theft from the person,current_only,880
E09000011,Greenwich,2023,Theft and Robbery,Vehicle crime,both,2981
E09000011,Greenwich,2023,Violence and Sexual Offences,Violence and sexual offences,current_only,9706
E09000011,Greenwich,2024,Criminal Damage and Arson,Criminal damage and arson,both,2012
E09000011,Greenwich,2024,Drug and Weapon Offences,Drugs,both,1438
E09000011,Greenwich,2024,Drug and Weapon Offences,Possession of weapons,current_only,178
E09000011,Greenwich,2024,Other Crimes,Other crime,both,417
E09000011,Greenwich,2024,Public Order Offences,Anti-social behaviour,both,6436
E09000011,Greenwich,2024,Public Order Offences,Public order,current_only,1930
E09000011,Greenwich,2024,Theft and Robbery,Bicycle theft,current_only,359
E09000011,Greenwich,2024,Theft and Robbery,Burglary,both,1458
E09000011,Greenwich,2024,Theft and Robbery,Other theft,both,2664
E09000011,Greenwich,2024,Theft and Robbery,Robbery,both,889
E09000011,Greenwich,2024,Theft and Robbery,Shoplifting,both,2529
E09000011,Greenwich,2024,Theft and Robbery,Theft from the person,current_only,991
E09000011,Greenwich,2024,Theft and Robbery,Vehicle crime,both,2916
E09000011,Greenwich,2024,Violence and Sexual Offences,Violence and sexual offences,current_only,9393
E09000011,Greenwich,2025,Criminal Damage and Arson,Criminal damage and arson,both,1961
E09000011,Greenwich,2025,Drug and Weapon Offences,Drugs,both,1897
E09000011,Greenwich,2025,Drug and Weapon Offences,Possession of weapons,current_only,207
E09000011,Greenwich,2025,Other Crimes,Other crime,both,457
E09000011,Greenwich,2025,Public Order Offences,Anti-social behaviour,both,6710
E09000011,Greenwich,2025,Public Order Offences,Public order,current_only,2080
E09000011,Greenwich,2025,Theft and Robbery,Bicycle theft,current_only,275
E09000011,Greenwich,2025,Theft and Robbery,Burglary,both,1455
E09000011,Greenwich,2025,Theft and Robbery,Other theft,both,2589
E09000011,Greenwich,2025,Theft and Robbery,Robbery,both,812
E09000011,Greenwich,2025,Theft and Robbery,Shoplifting,both,2557
E09000011,Greenwich,2025,Theft and Robbery,Theft from the person,current_only,883
E09000011,Greenwich,2025,Theft and Robbery,Vehicle crime,both,2442
E09000011,Greenwich,2025,Violence and Sexual Offences,Violence and sexual offences,current_only,9970
E09000011,Greenwich,2026,Criminal Damage and Arson,Criminal damage and arson,both,617
E09000011,Greenwich,2026,Drug and Weapon Offences,Drugs,both,540
E09000011,Greenwich,2026,Drug and Weapon Offences,Possession of weapons,current_only,64
E09000011,Greenwich,2026,Other Crimes,Other crime,both,162
E09000011,Greenwich,2026,Public Order Offences,Anti-social behaviour,both,1971
E09000011,Greenwich,2026,Public Order Offences,Public order,current_only,713
E09000011,Greenwich,2026,Theft and Robbery,Bicycle theft,current_only,62
E09000011,Greenwich,2026,Theft and Robbery,Burglary,both,422
E09000011,Greenwich,2026,Theft and Robbery,Other theft,both,692
E09000011,Greenwich,2026,Theft and Robbery,Robbery,both,274
E09000011,Greenwich,2026,Theft and Robbery,Shoplifting,both,1011
E09000011,Greenwich,2026,Theft and Robbery,Theft from the person,current_only,281
E09000011,Greenwich,2026,Theft and Robbery,Vehicle crime,both,835
E09000011,Greenwich,2026,Violence and Sexual Offences,Violence and sexual offences,current_only,3203
E09000012,Hackney,2011,Criminal Damage and Arson,Criminal damage and arson,both,633
E09000012,Hackney,2011,Drug and Weapon Offences,Drugs,both,796
E09000012,Hackney,2011,Other Crimes,Other crime,both,11003
E09000012,Hackney,2011,Public Order Offences,Anti-social behaviour,both,14083
E09000012,Hackney,2011,Public Order Offences,Public disorder and weapons,legacy_only,327
E09000012,Hackney,2011,Theft and Robbery,Burglary,both,2309
E09000012,Hackney,2011,Theft and Robbery,Other theft,both,2871
E09000012,Hackney,2011,Theft and Robbery,Robbery,both,1138
E09000012,Hackney,2011,Theft and Robbery,Shoplifting,both,219
E09000012,Hackney,2011,Theft and Robbery,Vehicle crime,both,2839
E09000012,Hackney,2011,Violence and Sexual Offences,Violent crime,legacy_only,5175
E09000012,Hackney,2012,Criminal Damage and Arson,Criminal damage and arson,both,1757
E09000012,Hackney,2012,Drug and Weapon Offences,Drugs,both,2041
E09000012,Hackney,2012,Other Crimes,Other crime,both,1108
E09000012,Hackney,2012,Public Order Offences,Anti-social behaviour,both,11543
E09000012,Hackney,2012,Public Order Offences,Public disorder and weapons,legacy_only,1083
E09000012,Hackney,2012,Theft and Robbery,Burglary,both,2422
E09000012,Hackney,2012,Theft and Robbery,Other theft,both,9654
E09000012,Hackney,2012,Theft and Robbery,Robbery,both,1233
E09000012,Hackney,2012,Theft and Robbery,Shoplifting,both,652
E09000012,Hackney,2012,Theft and Robbery,Vehicle crime,both,2935
E09000012,Hackney,2012,Violence and Sexual Offences,Violent crime,legacy_only,5222
E09000012,Hackney,2013,Criminal Damage and Arson,Criminal damage and arson,both,1624
E09000012,Hackney,2013,Drug and Weapon Offences,Drugs,both,1724
E09000012,Hackney,2013,Drug and Weapon Offences,Possession of weapons,current_only,90
E09000012,Hackney,2013,Other Crimes,Other crime,both,247
E09000012,Hackney,2013,Public Order Offences,Anti-social behaviour,both,10413
E09000012,Hackney,2013,Public Order Offences,Public disorder and weapons,legacy_only,353
E09000012,Hackney,2013,Public Order Offences,Public order,current_only,663
E09000012,Hackney,2013,Theft and Robbery,Bicycle theft,current_only,997
E09000012,Hackney,2013,Theft and Robbery,Burglary,both,2768
E09000012,Hackney,2013,Theft and Robbery,Other theft,both,5781
E09000012,Hackney,2013,Theft and Robbery,Robbery,both,1023
E09000012,Hackney,2013,Theft and Robbery,Shoplifting,both,710
E09000012,Hackney,2013,Theft and Robbery,Theft from the person,current_only,1973
E09000012,Hackney,2013,Theft and Robbery,Vehicle crime,both,2659
E09000012,Hackney,2013,Violence and Sexual Offences,Violence and sexual offences,current_only,3608
E09000012,Hackney,2013,Violence and Sexual Offences,Violent crime,legacy_only,1564
E09000012,Hackney,2014,Criminal Damage and Arson,Criminal damage and arson,both,1773
E09000012,Hackney,2014,Drug and Weapon Offences,Drugs,both,1112
E09000012,Hackney,2014,Drug and Weapon Offences,Possession of weapons,current_only,122
E09000012,Hackney,2014,Other Crimes,Other crime,both,223
E09000012,Hackney,2014,Public Order Offences,Anti-social behaviour,both,9592
E09000012,Hackney,2014,Public Order Offences,Public order,current_only,1327
E09000012,Hackney,2014,Theft and Robbery,Bicycle theft,current_only,1349
E09000012,Hackney,2014,Theft and Robbery,Burglary,both,2679
E09000012,Hackney,2014,Theft and Robbery,Other theft,both,3944
E09000012,Hackney,2014,Theft and Robbery,Robbery,both,939
E09000012,Hackney,2014,Theft and Robbery,Shoplifting,both,716
E09000012,Hackney,2014,Theft and Robbery,Theft from the person,current_only,2060
E09000012,Hackney,2014,Theft and Robbery,Vehicle crime,both,2353
E09000012,Hackney,2014,Violence and Sexual Offences,Violence and sexual offences,current_only,6268
E09000012,Hackney,2015,Criminal Damage and Arson,Criminal damage and arson,both,1948
E09000012,Hackney,2015,Drug and Weapon Offences,Drugs,both,1058
E09000012,Hackney,2015,Drug and Weapon Offences,Possession of weapons,current_only,192
E09000012,Hackney,2015,Other Crimes,Other crime,both,268
E09000012,Hackney,2015,Public Order Offences,Anti-social behaviour,both,7903
E09000012,Hackney,2015,Public Order Offences,Public order,current_only,1623
E09000012,Hackney,2015,Theft and Robbery,Bicycle theft,current_only,1306
E09000012,Hackney,2015,Theft and Robbery,Burglary,both,2469
E09000012,Hackney,2015,Theft and Robbery,Other theft,both,3918
E09000012,Hackney,2015,Theft and Robbery,Robbery,both,1017
E09000012,Hackney,2015,Theft and Robbery,Shoplifting,both,700
E09000012,Hackney,2015,Theft and Robbery,Theft from the person,current_only,2458
E09000012,Hackney,2015,Theft and Robbery,Vehicle crime,both,2612
E09000012,Hackney,2015,Violence and Sexual Offences,Violence and sexual offences,current_only,7241
E09000012,Hackney,2016,Criminal Damage and Arson,Criminal damage and arson,both,1921
E09000012,Hackney,2016,Drug and Weapon Offences,Drugs,both,1136
E09000012,Hackney,2016,Drug and Weapon Offences,Possession of weapons,current_only,190
E09000012,Hackney,2016,Other Crimes,Other crime,both,243
E09000012,Hackney,2016,Public Order Offences,Anti-social behaviour,both,8704
E09000012,Hackney,2016,Public Order Offences,Public order,current_only,1765
E09000012,Hackney,2016,Theft and Robbery,Bicycle theft,current_only,1465
E09000012,Hackney,2016,Theft and Robbery,Burglary,both,2689
E09000012,Hackney,2016,Theft and Robbery,Other theft,both,3974
E09000012,Hackney,2016,Theft and Robbery,Robbery,both,1010
E09000012,Hackney,2016,Theft and Robbery,Shoplifting,both,1127
E09000012,Hackney,2016,Theft and Robbery,Theft from the person,current_only,2765
E09000012,Hackney,2016,Theft and Robbery,Vehicle crime,both,2502
E09000012,Hackney,2016,Violence and Sexual Offences,Violence and sexual offences,current_only,7622
E09000012,Hackney,2017,Criminal Damage and Arson,Criminal damage and arson,both,1940
E09000012,Hackney,2017,Drug and Weapon Offences,Drugs,both,1090
E09000012,Hackney,2017,Drug and Weapon Offences,Possession of weapons,current_only,296
E09000012,Hackney,2017,Other Crimes,Other crime,both,252
E09000012,Hackney,2017,Public Order Offences,Anti-social behaviour,both,8638
E09000012,Hackney,2017,Public Order Offences,Public order,current_only,1828
E09000012,Hackney,2017,Theft and Robbery,Bicycle theft,current_only,1709
E09000012,Hackney,2017,Theft and Robbery,Burglary,both,2915
E09000012,Hackney,2017,Theft and Robbery,Other theft,both,3768
E09000012,Hackney,2017,Theft and Robbery,Robbery,both,1455
E09000012,Hackney,2017,Theft and Robbery,Shoplifting,both,1106
E09000012,Hackney,2017,Theft and Robbery,Theft from the person,current_only,3409
E09000012,Hackney,2017,Theft and Robbery,Vehicle crime,both,3174
E09000012,Hackney,2017,Violence and Sexual Offences,Violence and sexual offences,current_only,8120
E09000012,Hackney,2018,Criminal Damage and Arson,Criminal damage and arson,both,1805
E09000012,Hackney,2018,Drug and Weapon Offences,Drugs,both,1334
E09000012,Hackney,2018,Drug and Weapon Offences,Possession of weapons,current_only,267
E09000012,Hackney,2018,Other Crimes,Other crime,both,262
E09000012,Hackney,2018,Public Order Offences,Anti-social behaviour,both,7947
E09000012,Hackney,2018,Public Order Offences,Public order,current_only,1668
E09000012,Hackney,2018,Theft and Robbery,Bicycle theft,current_only,1668
E09000012,Hackney,2018,Theft and Robbery,Burglary,both,3209
E09000012,Hackney,2018,Theft and Robbery,Other theft,both,4096
E09000012,Hackney,2018,Theft and Robbery,Robbery,both,1555
E09000012,Hackney,2018,Theft and Robbery,Shoplifting,both,870
E09000012,Hackney,2018,Theft and Robbery,Theft from the person,current_only,2238
E09000012,Hackney,2018,Theft and Robbery,Vehicle crime,both,3410
E09000012,Hackney,2018,Violence and Sexual Offences,Violence and sexual offences,current_only,8252
E09000012,Hackney,2019,Criminal Damage and Arson,Criminal damage and arson,both,1666
E09000012,Hackney,2019,Drug and Weapon Offences,Drugs,both,1553
E09000012,Hackney,2019,Drug and Weapon Offences,Possession of weapons,current_only,275
E09000012,Hackney,2019,Other Crimes,Other crime,both,266
E09000012,Hackney,2019,Public Order Offences,Anti-social behaviour,both,8866
E09000012,Hackney,2019,Public Order Offences,Public order,current_only,1829
E09000012,Hackney,2019,Theft and Robbery,Bicycle theft,current_only,1548
E09000012,Hackney,2019,Theft and Robbery,Burglary,both,3248
E09000012,Hackney,2019,Theft and Robbery,Other theft,both,4345
E09000012,Hackney,2019,Theft and Robbery,Robbery,both,1975
E09000012,Hackney,2019,Theft and Robbery,Shoplifting,both,890
E09000012,Hackney,2019,Theft and Robbery,Theft from the person,current_only,3045
E09000012,Hackney,2019,Theft and Robbery,Vehicle crime,both,3339
E09000012,Hackney,2019,Violence and Sexual Offences,Violence and sexual offences,current_only,7964
E09000012,Hackney,2020,Criminal Damage and Arson,Criminal damage and arson,both,1738
E09000012,Hackney,2020,Drug and Weapon Offences,Drugs,both,1489
E09000012,Hackney,2020,Drug and Weapon Offences,Possession of weapons,current_only,262
E09000012,Hackney,2020,Other Crimes,Other crime,both,285
E09000012,Hackney,2020,Public Order Offences,Anti-social behaviour,both,17441
E09000012,Hackney,2020,Public Order Offences,Public order,current_only,2117
E09000012,Hackney,2020,Theft and Robbery,Bicycle theft,current_only,2285
E09000012,Hackney,2020,Theft and Robbery,Burglary,both,2552
E09000012,Hackney,2020,Theft and Robbery,Other theft,both,2989
E09000012,Hackney,2020,Theft and Robbery,Robbery,both,1571
E09000012,Hackney,2020,Theft and Robbery,Shoplifting,both,745
E09000012,Hackney,2020,Theft and Robbery,Theft from the person,current_only,2300
E09000012,Hackney,2020,Theft and Robbery,Vehicle crime,both,3128
E09000012,Hackney,2020,Violence and Sexual Offences,Violence and sexual offences,current_only,8146
E09000012,Hackney,2021,Criminal Damage and Arson,Criminal damage and arson,both,1642
E09000012,Hackney,2021,Drug and Weapon Offences,Drugs,both,1448
E09000012,Hackney,2021,Drug and Weapon Offences,Possession of weapons,current_only,217
E09000012,Hackney,2021,Other Crimes,Other crime,both,292
E09000012,Hackney,2021,Public Order Offences,Anti-social behaviour,both,11791
E09000012,Hackney,2021,Public Order Offences,Public order,current_only,2176
E09000012,Hackney,2021,Theft and Robbery,Bicycle theft,current_only,1579
E09000012,Hackney,2021,Theft and Robbery,Burglary,both,2452
E09000012,Hackney,2021,Theft and Robbery,Other theft,both,3162
E09000012,Hackney,2021,Theft and Robbery,Robbery,both,1316
E09000012,Hackney,2021,Theft and Robbery,Shoplifting,both,736
E09000012,Hackney,2021,Theft and Robbery,Theft from the person,current_only,2890
E09000012,Hackney,2021,Theft and Robbery,Vehicle crime,both,3070
E09000012,Hackney,2021,Violence and Sexual Offences,Violence and sexual offences,current_only,8473
E09000012,Hackney,2022,Criminal Damage and Arson,Criminal damage and arson,both,1750
E09000012,Hackney,2022,Drug and Weapon Offences,Drugs,both,1481
E09000012,Hackney,2022,Drug and Weapon Offences,Possession of weapons,current_only,196
E09000012,Hackney,2022,Other Crimes,Other crime,both,286
E09000012,Hackney,2022,Public Order Offences,Anti-social behaviour,both,9022
E09000012,Hackney,2022,Public Order Offences,Public order,current_only,2075
E09000012,Hackney,2022,Theft and Robbery,Bicycle theft,current_only,1401
E09000012,Hackney,2022,Theft and Robbery,Burglary,both,2146
E09000012,Hackney,2022,Theft and Robbery,Other theft,both,3923
E09000012,Hackney,2022,Theft and Robbery,Robbery,both,1344
E09000012,Hackney,2022,Theft and Robbery,Shoplifting,both,777
E09000012,Hackney,2022,Theft and Robbery,Theft from the person,current_only,2968
E09000012,Hackney,2022,Theft and Robbery,Vehicle crime,both,3098
E09000012,Hackney,2022,Violence and Sexual Offences,Violence and sexual offences,current_only,8645
E09000012,Hackney,2023,Criminal Damage and Arson,Criminal damage and arson,both,1797
E09000012,Hackney,2023,Drug and Weapon Offences,Drugs,both,1140
E09000012,Hackney,2023,Drug and Weapon Offences,Possession of weapons,current_only,169
E09000012,Hackney,2023,Other Crimes,Other crime,both,253
E09000012,Hackney,2023,Public Order Offences,Anti-social behaviour,both,7976
E09000012,Hackney,2023,Public Order Offences,Public order,current_only,2156
E09000012,Hackney,2023,Theft and Robbery,Bicycle theft,current_only,1391
E09000012,Hackney,2023,Theft and Robbery,Burglary,both,2433
E09000012,Hackney,2023,Theft and Robbery,Other theft,both,4207
E09000012,Hackney,2023,Theft and Robbery,Robbery,both,1472
E09000012,Hackney,2023,Theft and Robbery,Shoplifting,both,1059
E09000012,Hackney,2023,Theft and Robbery,Theft from the person,current_only,3207
E09000012,Hackney,2023,Theft and Robbery,Vehicle crime,both,2551
E09000012,Hackney,2023,Violence and Sexual Offences,Violence and sexual offences,current_only,9023
E09000012,Hackney,2024,Criminal Damage and Arson,Criminal damage and arson,both,1727
E09000012,Hackney,2024,Drug and Weapon Offences,Drugs,both,1414
E09000012,Hackney,2024,Drug and Weapon Offences,Possession of weapons,current_only,175
E09000012,Hackney,2024,Other Crimes,Other crime,both,278
E09000012,Hackney,2024,Public Order Offences,Anti-social behaviour,both,8095
E09000012,Hackney,2024,Public Order Offences,Public order,current_only,2075
E09000012,Hackney,2024,Theft and Robbery,Bicycle theft,current_only,1403
E09000012,Hackney,2024,Theft and Robbery,Burglary,both,2149
E09000012,Hackney,2024,Theft and Robbery,Other theft,both,3644
E09000012,Hackney,2024,Theft and Robbery,Robbery,both,1711
E09000012,Hackney,2024,Theft and Robbery,Shoplifting,both,2079
E09000012,Hackney,2024,Theft and Robbery,Theft from the person,current_only,4750
E09000012,Hackney,2024,Theft and Robbery,Vehicle crime,both,2532
E09000012,Hackney,2024,Violence and Sexual Offences,Violence and sexual offences,current_only,8506
E09000012,Hackney,2025,Criminal Damage and Arson,Criminal damage and arson,both,1614
E09000012,Hackney,2025,Drug and Weapon Offences,Drugs,both,2231
E09000012,Hackney,2025,Drug and Weapon Offences,Possession of weapons,current_only,252
E09000012,Hackney,2025,Other Crimes,Other crime,both,342
E09000012,Hackney,2025,Public Order Offences,Anti-social behaviour,both,7975
E09000012,Hackney,2025,Public Order Offences,Public order,current_only,2163
E09000012,Hackney,2025,Theft and Robbery,Bicycle theft,current_only,1220
E09000012,Hackney,2025,Theft and Robbery,Burglary,both,1932
E09000012,Hackney,2025,Theft and Robbery,Other theft,both,3212
E09000012,Hackney,2025,Theft and Robbery,Robbery,both,1580
E09000012,Hackney,2025,Theft and Robbery,Shoplifting,both,2142
E09000012,Hackney,2025,Theft and Robbery,Theft from the person,current_only,4270
E09000012,Hackney,2025,Theft and Robbery,Vehicle crime,both,2030
E09000012,Hackney,2025,Violence and Sexual Offences,Violence and sexual offences,current_only,8762
E09000012,Hackney,2026,Criminal Damage and Arson,Criminal damage and arson,both,525
E09000012,Hackney,2026,Drug and Weapon Offences,Drugs,both,708
E09000012,Hackney,2026,Drug and Weapon Offences,Possession of weapons,current_only,89
E09000012,Hackney,2026,Other Crimes,Other crime,both,96
E09000012,Hackney,2026,Public Order Offences,Anti-social behaviour,both,2350
E09000012,Hackney,2026,Public Order Offences,Public order,current_only,647
E09000012,Hackney,2026,Theft and Robbery,Bicycle theft,current_only,278
E09000012,Hackney,2026,Theft and Robbery,Burglary,both,568
E09000012,Hackney,2026,Theft and Robbery,Other theft,both,911
E09000012,Hackney,2026,Theft and Robbery,Robbery,both,474
E09000012,Hackney,2026,Theft and Robbery,Shoplifting,both,747
E09000012,Hackney,2026,Theft and Robbery,Theft from the person,current_only,1417
E09000012,Hackney,2026,Theft and Robbery,Vehicle crime,both,575
E09000012,Hackney,2026,Violence and Sexual Offences,Violence and sexual offences,current_only,2741
E09000013,Hammersmith and Fulham,2011,Criminal Damage and Arson,Criminal damage and arson,both,544
E09000013,Hammersmith and Fulham,2011,Drug and Weapon Offences,Drugs,both,484
E09000013,Hammersmith and Fulham,2011,Other Crimes,Other crime,both,8483
E09000013,Hammersmith and Fulham,2011,Public Order Offences,Anti-social behaviour,both,11215
E09000013,Hammersmith and Fulham,2011,Public Order Offences,Public disorder and weapons,legacy_only,413
E09000013,Hammersmith and Fulham,2011,Theft and Robbery,Burglary,both,2514
E09000013,Hammersmith and Fulham,2011,Theft and Robbery,Other theft,both,1911
E09000013,Hammersmith and Fulham,2011,Theft and Robbery,Robbery,both,771
E09000013,Hammersmith and Fulham,2011,Theft and Robbery,Shoplifting,both,609
E09000013,Hammersmith and Fulham,2011,Theft and Robbery,Vehicle crime,both,3363
E09000013,Hammersmith and Fulham,2011,Violence and Sexual Offences,Violent crime,legacy_only,4023
E09000013,Hammersmith and Fulham,2012,Criminal Damage and Arson,Criminal damage and arson,both,1451
E09000013,Hammersmith and Fulham,2012,Drug and Weapon Offences,Drugs,both,1575
E09000013,Hammersmith and Fulham,2012,Other Crimes,Other crime,both,1409
E09000013,Hammersmith and Fulham,2012,Public Order Offences,Anti-social behaviour,both,8689
E09000013,Hammersmith and Fulham,2012,Public Order Offences,Public disorder and weapons,legacy_only,1208
E09000013,Hammersmith and Fulham,2012,Theft and Robbery,Burglary,both,1893
E09000013,Hammersmith and Fulham,2012,Theft and Robbery,Other theft,both,5856
E09000013,Hammersmith and Fulham,2012,Theft and Robbery,Robbery,both,705
E09000013,Hammersmith and Fulham,2012,Theft and Robbery,Shoplifting,both,1692
E09000013,Hammersmith and Fulham,2012,Theft and Robbery,Vehicle crime,both,2980
E09000013,Hammersmith and Fulham,2012,Violence and Sexual Offences,Violent crime,legacy_only,3452
E09000013,Hammersmith and Fulham,2013,Criminal Damage and Arson,Criminal damage and arson,both,1197
E09000013,Hammersmith and Fulham,2013,Drug and Weapon Offences,Drugs,both,1834
E09000013,Hammersmith and Fulham,2013,Drug and Weapon Offences,Possession of weapons,current_only,67
E09000013,Hammersmith and Fulham,2013,Other Crimes,Other crime,both,339
E09000013,Hammersmith and Fulham,2013,Public Order Offences,Anti-social behaviour,both,6829
E09000013,Hammersmith and Fulham,2013,Public Order Offences,Public disorder and weapons,legacy_only,405
E09000013,Hammersmith and Fulham,2013,Public Order Offences,Public order,current_only,674
E09000013,Hammersmith and Fulham,2013,Theft and Robbery,Bicycle theft,current_only,708
E09000013,Hammersmith and Fulham,2013,Theft and Robbery,Burglary,both,1527
E09000013,Hammersmith and Fulham,2013,Theft and Robbery,Other theft,both,3715
E09000013,Hammersmith and Fulham,2013,Theft and Robbery,Robbery,both,565
E09000013,Hammersmith and Fulham,2013,Theft and Robbery,Shoplifting,both,1643
E09000013,Hammersmith and Fulham,2013,Theft and Robbery,Theft from the person,current_only,654
E09000013,Hammersmith and Fulham,2013,Theft and Robbery,Vehicle crime,both,2331
E09000013,Hammersmith and Fulham,2013,Violence and Sexual Offences,Violence and sexual offences,current_only,2258
E09000013,Hammersmith and Fulham,2013,Violence and Sexual Offences,Violent crime,legacy_only,1040
E09000013,Hammersmith and Fulham,2014,Criminal Damage and Arson,Criminal damage and arson,both,1365
E09000013,Hammersmith and Fulham,2014,Drug and Weapon Offences,Drugs,both,1671
E09000013,Hammersmith and Fulham,2014,Drug and Weapon Offences,Possession of weapons,current_only,97
E09000013,Hammersmith and Fulham,2014,Other Crimes,Other crime,both,254
E09000013,Hammersmith and Fulham,2014,Public Order Offences,Anti-social behaviour,both,6021
E09000013,Hammersmith and Fulham,2014,Public Order Offences,Public order,current_only,1220
E09000013,Hammersmith and Fulham,2014,Theft and Robbery,Bicycle theft,current_only,748
E09000013,Hammersmith and Fulham,2014,Theft and Robbery,Burglary,both,1485
E09000013,Hammersmith and Fulham,2014,Theft and Robbery,Other theft,both,3168
E09000013,Hammersmith and Fulham,2014,Theft and Robbery,Robbery,both,379
E09000013,Hammersmith and Fulham,2014,Theft and Robbery,Shoplifting,both,1644
E09000013,Hammersmith and Fulham,2014,Theft and Robbery,Theft from the person,current_only,765
E09000013,Hammersmith and Fulham,2014,Theft and Robbery,Vehicle crime,both,2541
E09000013,Hammersmith and Fulham,2014,Violence and Sexual Offences,Violence and sexual offences,current_only,3989
E09000013,Hammersmith and Fulham,2015,Criminal Damage and Arson,Criminal damage and arson,both,1454
E09000013,Hammersmith and Fulham,2015,Drug and Weapon Offences,Drugs,both,1255
E09000013,Hammersmith and Fulham,2015,Drug and Weapon Offences,Possession of weapons,current_only,89
E09000013,Hammersmith and Fulham,2015,Other Crimes,Other crime,both,260
E09000013,Hammersmith and Fulham,2015,Public Order Offences,Anti-social behaviour,both,5542
E09000013,Hammersmith and Fulham,2015,Public Order Offences,Public order,current_only,1388
E09000013,Hammersmith and Fulham,2015,Theft and Robbery,Bicycle theft,current_only,670
E09000013,Hammersmith and Fulham,2015,Theft and Robbery,Burglary,both,1575
E09000013,Hammersmith and Fulham,2015,Theft and Robbery,Other theft,both,3149
E09000013,Hammersmith and Fulham,2015,Theft and Robbery,Robbery,both,360
E09000013,Hammersmith and Fulham,2015,Theft and Robbery,Shoplifting,both,1549
E09000013,Hammersmith and Fulham,2015,Theft and Robbery,Theft from the person,current_only,839
E09000013,Hammersmith and Fulham,2015,Theft and Robbery,Vehicle crime,both,2768
E09000013,Hammersmith and Fulham,2015,Violence and Sexual Offences,Violence and sexual offences,current_only,4664
E09000013,Hammersmith and Fulham,2016,Criminal Damage and Arson,Criminal damage and arson,both,1383
E09000013,Hammersmith and Fulham,2016,Drug and Weapon Offences,Drugs,both,1166
E09000013,Hammersmith and Fulham,2016,Drug and Weapon Offences,Possession of weapons,current_only,100
E09000013,Hammersmith and Fulham,2016,Other Crimes,Other crime,both,296
E09000013,Hammersmith and Fulham,2016,Public Order Offences,Anti-social behaviour,both,6087
E09000013,Hammersmith and Fulham,2016,Public Order Offences,Public order,current_only,1561
E09000013,Hammersmith and Fulham,2016,Theft and Robbery,Bicycle theft,current_only,912
E09000013,Hammersmith and Fulham,2016,Theft and Robbery,Burglary,both,1542
E09000013,Hammersmith and Fulham,2016,Theft and Robbery,Other theft,both,2915
E09000013,Hammersmith and Fulham,2016,Theft and Robbery,Robbery,both,403
E09000013,Hammersmith and Fulham,2016,Theft and Robbery,Shoplifting,both,1562
E09000013,Hammersmith and Fulham,2016,Theft and Robbery,Theft from the person,current_only,643
E09000013,Hammersmith and Fulham,2016,Theft and Robbery,Vehicle crime,both,2951
E09000013,Hammersmith and Fulham,2016,Violence and Sexual Offences,Violence and sexual offences,current_only,5002
E09000013,Hammersmith and Fulham,2017,Criminal Damage and Arson,Criminal damage and arson,both,1317
E09000013,Hammersmith and Fulham,2017,Drug and Weapon Offences,Drugs,both,947
E09000013,Hammersmith and Fulham,2017,Drug and Weapon Offences,Possession of weapons,current_only,142
E09000013,Hammersmith and Fulham,2017,Other Crimes,Other crime,both,275
E09000013,Hammersmith and Fulham,2017,Public Order Offences,Anti-social behaviour,both,5849
E09000013,Hammersmith and Fulham,2017,Public Order Offences,Public order,current_only,1464
E09000013,Hammersmith and Fulham,2017,Theft and Robbery,Bicycle theft,current_only,1192
E09000013,Hammersmith and Fulham,2017,Theft and Robbery,Burglary,both,1921
E09000013,Hammersmith and Fulham,2017,Theft and Robbery,Other theft,both,2798
E09000013,Hammersmith and Fulham,2017,Theft and Robbery,Robbery,both,552
E09000013,Hammersmith and Fulham,2017,Theft and Robbery,Shoplifting,both,1442
E09000013,Hammersmith and Fulham,2017,Theft and Robbery,Theft from the person,current_only,641
E09000013,Hammersmith and Fulham,2017,Theft and Robbery,Vehicle crime,both,3403
E09000013,Hammersmith and Fulham,2017,Violence and Sexual Offences,Violence and sexual offences,current_only,5087
E09000013,Hammersmith and Fulham,2018,Criminal Damage and Arson,Criminal damage and arson,both,1219
E09000013,Hammersmith and Fulham,2018,Drug and Weapon Offences,Drugs,both,866
E09000013,Hammersmith and Fulham,2018,Drug and Weapon Offences,Possession of weapons,current_only,153
E09000013,Hammersmith and Fulham,2018,Other Crimes,Other crime,both,236
E09000013,Hammersmith and Fulham,2018,Public Order Offences,Anti-social behaviour,both,5505
E09000013,Hammersmith and Fulham,2018,Public Order Offences,Public order,current_only,1403
E09000013,Hammersmith and Fulham,2018,Theft and Robbery,Bicycle theft,current_only,1017
E09000013,Hammersmith and Fulham,2018,Theft and Robbery,Burglary,both,1932
E09000013,Hammersmith and Fulham,2018,Theft and Robbery,Other theft,both,3148
E09000013,Hammersmith and Fulham,2018,Theft and Robbery,Robbery,both,759
E09000013,Hammersmith and Fulham,2018,Theft and Robbery,Shoplifting,both,1478
E09000013,Hammersmith and Fulham,2018,Theft and Robbery,Theft from the person,current_only,716
E09000013,Hammersmith and Fulham,2018,Theft and Robbery,Vehicle crime,both,2847
E09000013,Hammersmith and Fulham,2018,Violence and Sexual Offences,Violence and sexual offences,current_only,5496
E09000013,Hammersmith and Fulham,2019,Criminal Damage and Arson,Criminal damage and arson,both,1261
E09000013,Hammersmith and Fulham,2019,Drug and Weapon Offences,Drugs,both,1022
E09000013,Hammersmith and Fulham,2019,Drug and Weapon Offences,Possession of weapons,current_only,131
E09000013,Hammersmith and Fulham,2019,Other Crimes,Other crime,both,259
E09000013,Hammersmith and Fulham,2019,Public Order Offences,Anti-social behaviour,both,5780
E09000013,Hammersmith and Fulham,2019,Public Order Offences,Public order,current_only,1493
E09000013,Hammersmith and Fulham,2019,Theft and Robbery,Bicycle theft,current_only,1077
E09000013,Hammersmith and Fulham,2019,Theft and Robbery,Burglary,both,1810
E09000013,Hammersmith and Fulham,2019,Theft and Robbery,Other theft,both,3079
E09000013,Hammersmith and Fulham,2019,Theft and Robbery,Robbery,both,836
E09000013,Hammersmith and Fulham,2019,Theft and Robbery,Shoplifting,both,1285
E09000013,Hammersmith and Fulham,2019,Theft and Robbery,Theft from the person,current_only,833
E09000013,Hammersmith and Fulham,2019,Theft and Robbery,Vehicle crime,both,3035
E09000013,Hammersmith and Fulham,2019,Violence and Sexual Offences,Violence and sexual offences,current_only,5374
E09000013,Hammersmith and Fulham,2020,Criminal Damage and Arson,Criminal damage and arson,both,1122
E09000013,Hammersmith and Fulham,2020,Drug and Weapon Offences,Drugs,both,1119
E09000013,Hammersmith and Fulham,2020,Drug and Weapon Offences,Possession of weapons,current_only,108
E09000013,Hammersmith and Fulham,2020,Other Crimes,Other crime,both,218
E09000013,Hammersmith and Fulham,2020,Public Order Offences,Anti-social behaviour,both,9657
E09000013,Hammersmith and Fulham,2020,Public Order Offences,Public order,current_only,1494
E09000013,Hammersmith and Fulham,2020,Theft and Robbery,Bicycle theft,current_only,1150
E09000013,Hammersmith and Fulham,2020,Theft and Robbery,Burglary,both,1448
E09000013,Hammersmith and Fulham,2020,Theft and Robbery,Other theft,both,2114
E09000013,Hammersmith and Fulham,2020,Theft and Robbery,Robbery,both,543
E09000013,Hammersmith and Fulham,2020,Theft and Robbery,Shoplifting,both,1084
E09000013,Hammersmith and Fulham,2020,Theft and Robbery,Theft from the person,current_only,538
E09000013,Hammersmith and Fulham,2020,Theft and Robbery,Vehicle crime,both,2254
E09000013,Hammersmith and Fulham,2020,Violence and Sexual Offences,Violence and sexual offences,current_only,5098
E09000013,Hammersmith and Fulham,2021,Criminal Damage and Arson,Criminal damage and arson,both,1224
E09000013,Hammersmith and Fulham,2021,Drug and Weapon Offences,Drugs,both,985
E09000013,Hammersmith and Fulham,2021,Drug and Weapon Offences,Possession of weapons,current_only,92
E09000013,Hammersmith and Fulham,2021,Other Crimes,Other crime,both,203
E09000013,Hammersmith and Fulham,2021,Public Order Offences,Anti-social behaviour,both,7499
E09000013,Hammersmith and Fulham,2021,Public Order Offences,Public order,current_only,1551
E09000013,Hammersmith and Fulham,2021,Theft and Robbery,Bicycle theft,current_only,1344
E09000013,Hammersmith and Fulham,2021,Theft and Robbery,Burglary,both,1370
E09000013,Hammersmith and Fulham,2021,Theft and Robbery,Other theft,both,2319
E09000013,Hammersmith and Fulham,2021,Theft and Robbery,Robbery,both,411
E09000013,Hammersmith and Fulham,2021,Theft and Robbery,Shoplifting,both,887
E09000013,Hammersmith and Fulham,2021,Theft and Robbery,Theft from the person,current_only,644
E09000013,Hammersmith and Fulham,2021,Theft and Robbery,Vehicle crime,both,2356
E09000013,Hammersmith and Fulham,2021,Violence and Sexual Offences,Violence and sexual offences,current_only,5467
E09000013,Hammersmith and Fulham,2022,Criminal Damage and Arson,Criminal damage and arson,both,1182
E09000013,Hammersmith and Fulham,2022,Drug and Weapon Offences,Drugs,both,830
E09000013,Hammersmith and Fulham,2022,Drug and Weapon Offences,Possession of weapons,current_only,100
E09000013,Hammersmith and Fulham,2022,Other Crimes,Other crime,both,169
E09000013,Hammersmith and Fulham,2022,Public Order Offences,Anti-social behaviour,both,6203
E09000013,Hammersmith and Fulham,2022,Public Order Offences,Public order,current_only,1521
E09000013,Hammersmith and Fulham,2022,Theft and Robbery,Bicycle theft,current_only,998
E09000013,Hammersmith and Fulham,2022,Theft and Robbery,Burglary,both,1223
E09000013,Hammersmith and Fulham,2022,Theft and Robbery,Other theft,both,2714
E09000013,Hammersmith and Fulham,2022,Theft and Robbery,Robbery,both,481
E09000013,Hammersmith and Fulham,2022,Theft and Robbery,Shoplifting,both,1006
E09000013,Hammersmith and Fulham,2022,Theft and Robbery,Theft from the person,current_only,727
E09000013,Hammersmith and Fulham,2022,Theft and Robbery,Vehicle crime,both,2751
E09000013,Hammersmith and Fulham,2022,Violence and Sexual Offences,Violence and sexual offences,current_only,5555
E09000013,Hammersmith and Fulham,2023,Criminal Damage and Arson,Criminal damage and arson,both,1285
E09000013,Hammersmith and Fulham,2023,Drug and Weapon Offences,Drugs,both,889
E09000013,Hammersmith and Fulham,2023,Drug and Weapon Offences,Possession of weapons,current_only,103
E09000013,Hammersmith and Fulham,2023,Other Crimes,Other crime,both,202
E09000013,Hammersmith and Fulham,2023,Public Order Offences,Anti-social behaviour,both,5335
E09000013,Hammersmith and Fulham,2023,Public Order Offences,Public order,current_only,1613
E09000013,Hammersmith and Fulham,2023,Theft and Robbery,Bicycle theft,current_only,1013
E09000013,Hammersmith and Fulham,2023,Theft and Robbery,Burglary,both,1345
E09000013,Hammersmith and Fulham,2023,Theft and Robbery,Other theft,both,3032
E09000013,Hammersmith and Fulham,2023,Theft and Robbery,Robbery,both,648
E09000013,Hammersmith and Fulham,2023,Theft and Robbery,Shoplifting,both,1466
E09000013,Hammersmith and Fulham,2023,Theft and Robbery,Theft from the person,current_only,863
E09000013,Hammersmith and Fulham,2023,Theft and Robbery,Vehicle crime,both,2967
E09000013,Hammersmith and Fulham,2023,Violence and Sexual Offences,Violence and sexual offences,current_only,5964
E09000013,Hammersmith and Fulham,2024,Criminal Damage and Arson,Criminal damage and arson,both,1228
E09000013,Hammersmith and Fulham,2024,Drug and Weapon Offences,Drugs,both,1010
E09000013,Hammersmith and Fulham,2024,Drug and Weapon Offences,Possession of weapons,current_only,102
E09000013,Hammersmith and Fulham,2024,Other Crimes,Other crime,both,228
E09000013,Hammersmith and Fulham,2024,Public Order Offences,Anti-social behaviour,both,6094
E09000013,Hammersmith and Fulham,2024,Public Order Offences,Public order,current_only,1567
E09000013,Hammersmith and Fulham,2024,Theft and Robbery,Bicycle theft,current_only,738
E09000013,Hammersmith and Fulham,2024,Theft and Robbery,Burglary,both,1341
E09000013,Hammersmith and Fulham,2024,Theft and Robbery,Other theft,both,2509
E09000013,Hammersmith and Fulham,2024,Theft and Robbery,Robbery,both,603
E09000013,Hammersmith and Fulham,2024,Theft and Robbery,Shoplifting,both,2157
E09000013,Hammersmith and Fulham,2024,Theft and Robbery,Theft from the person,current_only,1311
E09000013,Hammersmith and Fulham,2024,Theft and Robbery,Vehicle crime,both,2030
E09000013,Hammersmith and Fulham,2024,Violence and Sexual Offences,Violence and sexual offences,current_only,6051
E09000013,Hammersmith and Fulham,2025,Criminal Damage and Arson,Criminal damage and arson,both,1204
E09000013,Hammersmith and Fulham,2025,Drug and Weapon Offences,Drugs,both,1368
E09000013,Hammersmith and Fulham,2025,Drug and Weapon Offences,Possession of weapons,current_only,141
E09000013,Hammersmith and Fulham,2025,Other Crimes,Other crime,both,275
E09000013,Hammersmith and Fulham,2025,Public Order Offences,Anti-social behaviour,both,5919
E09000013,Hammersmith and Fulham,2025,Public Order Offences,Public order,current_only,1578
E09000013,Hammersmith and Fulham,2025,Theft and Robbery,Bicycle theft,current_only,561
E09000013,Hammersmith and Fulham,2025,Theft and Robbery,Burglary,both,1158
E09000013,Hammersmith and Fulham,2025,Theft and Robbery,Other theft,both,2350
E09000013,Hammersmith and Fulham,2025,Theft and Robbery,Robbery,both,598
E09000013,Hammersmith and Fulham,2025,Theft and Robbery,Shoplifting,both,2284
E09000013,Hammersmith and Fulham,2025,Theft and Robbery,Theft from the person,current_only,1064
E09000013,Hammersmith and Fulham,2025,Theft and Robbery,Vehicle crime,both,1772
E09000013,Hammersmith and Fulham,2025,Violence and Sexual Offences,Violence and sexual offences,current_only,6492
E09000013,Hammersmith and Fulham,2026,Criminal Damage and Arson,Criminal damage and arson,both,359
E09000013,Hammersmith and Fulham,2026,Drug and Weapon Offences,Drugs,both,344
E09000013,Hammersmith and Fulham,2026,Drug and Weapon Offences,Possession of weapons,current_only,45
E09000013,Hammersmith and Fulham,2026,Other Crimes,Other crime,both,81
E09000013,Hammersmith and Fulham,2026,Public Order Offences,Anti-social behaviour,both,1867
E09000013,Hammersmith and Fulham,2026,Public Order Offences,Public order,current_only,536
E09000013,Hammersmith and Fulham,2026,Theft and Robbery,Bicycle theft,current_only,131
E09000013,Hammersmith and Fulham,2026,Theft and Robbery,Burglary,both,367
E09000013,Hammersmith and Fulham,2026,Theft and Robbery,Other theft,both,699
E09000013,Hammersmith and Fulham,2026,Theft and Robbery,Robbery,both,143
E09000013,Hammersmith and Fulham,2026,Theft and Robbery,Shoplifting,both,893
E09000013,Hammersmith and Fulham,2026,Theft and Robbery,Theft from the person,current_only,271
E09000013,Hammersmith and Fulham,2026,Theft and Robbery,Vehicle crime,both,540
E09000013,Hammersmith and Fulham,2026,Violence and Sexual Offences,Violence and sexual offences,current_only,2000
E09000014,Haringey,2011,Criminal Damage and Arson,Criminal damage and arson,both,899
E09000014,Haringey,2011,Drug and Weapon Offences,Drugs,both,459
E09000014,Haringey,2011,Other Crimes,Other crime,both,7662
E09000014,Haringey,2011,Public Order Offences,Anti-social behaviour,both,15768
E09000014,Haringey,2011,Public Order Offences,Public disorder and weapons,legacy_only,272
E09000014,Haringey,2011,Theft and Robbery,Burglary,both,3649
E09000014,Haringey,2011,Theft and Robbery,Other theft,both,1524
E09000014,Haringey,2011,Theft and Robbery,Robbery,both,1407
E09000014,Haringey,2011,Theft and Robbery,Shoplifting,both,310
E09000014,Haringey,2011,Theft and Robbery,Vehicle crime,both,4330
E09000014,Haringey,2011,Violence and Sexual Offences,Violent crime,legacy_only,4629
E09000014,Haringey,2012,Criminal Damage and Arson,Criminal damage and arson,both,2153
E09000014,Haringey,2012,Drug and Weapon Offences,Drugs,both,1442
E09000014,Haringey,2012,Other Crimes,Other crime,both,1511
E09000014,Haringey,2012,Public Order Offences,Anti-social behaviour,both,11396
E09000014,Haringey,2012,Public Order Offences,Public disorder and weapons,legacy_only,752
E09000014,Haringey,2012,Theft and Robbery,Burglary,both,3480
E09000014,Haringey,2012,Theft and Robbery,Other theft,both,4815
E09000014,Haringey,2012,Theft and Robbery,Robbery,both,1137
E09000014,Haringey,2012,Theft and Robbery,Shoplifting,both,868
E09000014,Haringey,2012,Theft and Robbery,Vehicle crime,both,3836
E09000014,Haringey,2012,Violence and Sexual Offences,Violent crime,legacy_only,4564
E09000014,Haringey,2013,Criminal Damage and Arson,Criminal damage and arson,both,1843
E09000014,Haringey,2013,Drug and Weapon Offences,Drugs,both,1100
E09000014,Haringey,2013,Drug and Weapon Offences,Possession of weapons,current_only,74
E09000014,Haringey,2013,Other Crimes,Other crime,both,396
E09000014,Haringey,2013,Public Order Offences,Anti-social behaviour,both,9694
E09000014,Haringey,2013,Public Order Offences,Public disorder and weapons,legacy_only,240
E09000014,Haringey,2013,Public Order Offences,Public order,current_only,424
E09000014,Haringey,2013,Theft and Robbery,Bicycle theft,current_only,290
E09000014,Haringey,2013,Theft and Robbery,Burglary,both,2755
E09000014,Haringey,2013,Theft and Robbery,Other theft,both,3517
E09000014,Haringey,2013,Theft and Robbery,Robbery,both,926
E09000014,Haringey,2013,Theft and Robbery,Shoplifting,both,849
E09000014,Haringey,2013,Theft and Robbery,Theft from the person,current_only,975
E09000014,Haringey,2013,Theft and Robbery,Vehicle crime,both,3609
E09000014,Haringey,2013,Violence and Sexual Offences,Violence and sexual offences,current_only,2930
E09000014,Haringey,2013,Violence and Sexual Offences,Violent crime,legacy_only,1346
E09000014,Haringey,2014,Criminal Damage and Arson,Criminal damage and arson,both,2093
E09000014,Haringey,2014,Drug and Weapon Offences,Drugs,both,1053
E09000014,Haringey,2014,Drug and Weapon Offences,Possession of weapons,current_only,104
E09000014,Haringey,2014,Other Crimes,Other crime,both,193
E09000014,Haringey,2014,Public Order Offences,Anti-social behaviour,both,8616
E09000014,Haringey,2014,Public Order Offences,Public order,current_only,1091
E09000014,Haringey,2014,Theft and Robbery,Bicycle theft,current_only,428
E09000014,Haringey,2014,Theft and Robbery,Burglary,both,2863
E09000014,Haringey,2014,Theft and Robbery,Other theft,both,3229
E09000014,Haringey,2014,Theft and Robbery,Robbery,both,1000
E09000014,Haringey,2014,Theft and Robbery,Shoplifting,both,1055
E09000014,Haringey,2014,Theft and Robbery,Theft from the person,current_only,1125
E09000014,Haringey,2014,Theft and Robbery,Vehicle crime,both,3151
E09000014,Haringey,2014,Violence and Sexual Offences,Violence and sexual offences,current_only,5684
E09000014,Haringey,2015,Criminal Damage and Arson,Criminal damage and arson,both,2078
E09000014,Haringey,2015,Drug and Weapon Offences,Drugs,both,1150
E09000014,Haringey,2015,Drug and Weapon Offences,Possession of weapons,current_only,160
E09000014,Haringey,2015,Other Crimes,Other crime,both,247
E09000014,Haringey,2015,Public Order Offences,Anti-social behaviour,both,7183
E09000014,Haringey,2015,Public Order Offences,Public order,current_only,1278
E09000014,Haringey,2015,Theft and Robbery,Bicycle theft,current_only,500
E09000014,Haringey,2015,Theft and Robbery,Burglary,both,2563
E09000014,Haringey,2015,Theft and Robbery,Other theft,both,3402
E09000014,Haringey,2015,Theft and Robbery,Robbery,both,1223
E09000014,Haringey,2015,Theft and Robbery,Shoplifting,both,1377
E09000014,Haringey,2015,Theft and Robbery,Theft from the person,current_only,1237
E09000014,Haringey,2015,Theft and Robbery,Vehicle crime,both,2848
E09000014,Haringey,2015,Violence and Sexual Offences,Violence and sexual offences,current_only,6684
E09000014,Haringey,2016,Criminal Damage and Arson,Criminal damage and arson,both,2171
E09000014,Haringey,2016,Drug and Weapon Offences,Drugs,both,1351
E09000014,Haringey,2016,Drug and Weapon Offences,Possession of weapons,current_only,187
E09000014,Haringey,2016,Other Crimes,Other crime,both,292
E09000014,Haringey,2016,Public Order Offences,Anti-social behaviour,both,7745
E09000014,Haringey,2016,Public Order Offences,Public order,current_only,1645
E09000014,Haringey,2016,Theft and Robbery,Bicycle theft,current_only,531
E09000014,Haringey,2016,Theft and Robbery,Burglary,both,2480
E09000014,Haringey,2016,Theft and Robbery,Other theft,both,3325
E09000014,Haringey,2016,Theft and Robbery,Robbery,both,1224
E09000014,Haringey,2016,Theft and Robbery,Shoplifting,both,1547
E09000014,Haringey,2016,Theft and Robbery,Theft from the person,current_only,1779
E09000014,Haringey,2016,Theft and Robbery,Vehicle crime,both,3421
E09000014,Haringey,2016,Violence and Sexual Offences,Violence and sexual offences,current_only,7502
E09000014,Haringey,2017,Criminal Damage and Arson,Criminal damage and arson,both,2070
E09000014,Haringey,2017,Drug and Weapon Offences,Drugs,both,1185
E09000014,Haringey,2017,Drug and Weapon Offences,Possession of weapons,current_only,259
E09000014,Haringey,2017,Other Crimes,Other crime,both,279
E09000014,Haringey,2017,Public Order Offences,Anti-social behaviour,both,7850
E09000014,Haringey,2017,Public Order Offences,Public order,current_only,1774
E09000014,Haringey,2017,Theft and Robbery,Bicycle theft,current_only,457
E09000014,Haringey,2017,Theft and Robbery,Burglary,both,2357
E09000014,Haringey,2017,Theft and Robbery,Other theft,both,3588
E09000014,Haringey,2017,Theft and Robbery,Robbery,both,1757
E09000014,Haringey,2017,Theft and Robbery,Shoplifting,both,1428
E09000014,Haringey,2017,Theft and Robbery,Theft from the person,current_only,2178
E09000014,Haringey,2017,Theft and Robbery,Vehicle crime,both,4113
E09000014,Haringey,2017,Violence and Sexual Offences,Violence and sexual offences,current_only,7934
E09000014,Haringey,2018,Criminal Damage and Arson,Criminal damage and arson,both,2008
E09000014,Haringey,2018,Drug and Weapon Offences,Drugs,both,1192
E09000014,Haringey,2018,Drug and Weapon Offences,Possession of weapons,current_only,296
E09000014,Haringey,2018,Other Crimes,Other crime,both,327
E09000014,Haringey,2018,Public Order Offences,Anti-social behaviour,both,8100
E09000014,Haringey,2018,Public Order Offences,Public order,current_only,1647
E09000014,Haringey,2018,Theft and Robbery,Bicycle theft,current_only,445
E09000014,Haringey,2018,Theft and Robbery,Burglary,both,3179
E09000014,Haringey,2018,Theft and Robbery,Other theft,both,3448
E09000014,Haringey,2018,Theft and Robbery,Robbery,both,1774
E09000014,Haringey,2018,Theft and Robbery,Shoplifting,both,1232
E09000014,Haringey,2018,Theft and Robbery,Theft from the person,current_only,1659
E09000014,Haringey,2018,Theft and Robbery,Vehicle crime,both,4786
E09000014,Haringey,2018,Violence and Sexual Offences,Violence and sexual offences,current_only,8267
E09000014,Haringey,2019,Criminal Damage and Arson,Criminal damage and arson,both,1734
E09000014,Haringey,2019,Drug and Weapon Offences,Drugs,both,1427
E09000014,Haringey,2019,Drug and Weapon Offences,Possession of weapons,current_only,258
E09000014,Haringey,2019,Other Crimes,Other crime,both,313
E09000014,Haringey,2019,Public Order Offences,Anti-social behaviour,both,8506
E09000014,Haringey,2019,Public Order Offences,Public order,current_only,1643
E09000014,Haringey,2019,Theft and Robbery,Bicycle theft,current_only,387
E09000014,Haringey,2019,Theft and Robbery,Burglary,both,2805
E09000014,Haringey,2019,Theft and Robbery,Other theft,both,3389
E09000014,Haringey,2019,Theft and Robbery,Robbery,both,2500
E09000014,Haringey,2019,Theft and Robbery,Shoplifting,both,1327
E09000014,Haringey,2019,Theft and Robbery,Theft from the person,current_only,1528
E09000014,Haringey,2019,Theft and Robbery,Vehicle crime,both,4963
E09000014,Haringey,2019,Violence and Sexual Offences,Violence and sexual offences,current_only,7738
E09000014,Haringey,2020,Criminal Damage and Arson,Criminal damage and arson,both,1765
E09000014,Haringey,2020,Drug and Weapon Offences,Drugs,both,1818
E09000014,Haringey,2020,Drug and Weapon Offences,Possession of weapons,current_only,224
E09000014,Haringey,2020,Other Crimes,Other crime,both,321
E09000014,Haringey,2020,Public Order Offences,Anti-social behaviour,both,15883
E09000014,Haringey,2020,Public Order Offences,Public order,current_only,1752
E09000014,Haringey,2020,Theft and Robbery,Bicycle theft,current_only,634
E09000014,Haringey,2020,Theft and Robbery,Burglary,both,2032
E09000014,Haringey,2020,Theft and Robbery,Other theft,both,2516
E09000014,Haringey,2020,Theft and Robbery,Robbery,both,1504
E09000014,Haringey,2020,Theft and Robbery,Shoplifting,both,1222
E09000014,Haringey,2020,Theft and Robbery,Theft from the person,current_only,1145
E09000014,Haringey,2020,Theft and Robbery,Vehicle crime,both,4955
E09000014,Haringey,2020,Violence and Sexual Offences,Violence and sexual offences,current_only,7758
E09000014,Haringey,2021,Criminal Damage and Arson,Criminal damage and arson,both,1688
E09000014,Haringey,2021,Drug and Weapon Offences,Drugs,both,1048
E09000014,Haringey,2021,Drug and Weapon Offences,Possession of weapons,current_only,148
E09000014,Haringey,2021,Other Crimes,Other crime,both,277
E09000014,Haringey,2021,Public Order Offences,Anti-social behaviour,both,11131
E09000014,Haringey,2021,Public Order Offences,Public order,current_only,2025
E09000014,Haringey,2021,Theft and Robbery,Bicycle theft,current_only,497
E09000014,Haringey,2021,Theft and Robbery,Burglary,both,2221
E09000014,Haringey,2021,Theft and Robbery,Other theft,both,2816
E09000014,Haringey,2021,Theft and Robbery,Robbery,both,1187
E09000014,Haringey,2021,Theft and Robbery,Shoplifting,both,1041
E09000014,Haringey,2021,Theft and Robbery,Theft from the person,current_only,1298
E09000014,Haringey,2021,Theft and Robbery,Vehicle crime,both,5038
E09000014,Haringey,2021,Violence and Sexual Offences,Violence and sexual offences,current_only,8471
E09000014,Haringey,2022,Criminal Damage and Arson,Criminal damage and arson,both,1634
E09000014,Haringey,2022,Drug and Weapon Offences,Drugs,both,1440
E09000014,Haringey,2022,Drug and Weapon Offences,Possession of weapons,current_only,146
E09000014,Haringey,2022,Other Crimes,Other crime,both,302
E09000014,Haringey,2022,Public Order Offences,Anti-social behaviour,both,9400
E09000014,Haringey,2022,Public Order Offences,Public order,current_only,1895
E09000014,Haringey,2022,Theft and Robbery,Bicycle theft,current_only,427
E09000014,Haringey,2022,Theft and Robbery,Burglary,both,1786
E09000014,Haringey,2022,Theft and Robbery,Other theft,both,3163
E09000014,Haringey,2022,Theft and Robbery,Robbery,both,1284
E09000014,Haringey,2022,Theft and Robbery,Shoplifting,both,1022
E09000014,Haringey,2022,Theft and Robbery,Theft from the person,current_only,1779
E09000014,Haringey,2022,Theft and Robbery,Vehicle crime,both,4419
E09000014,Haringey,2022,Violence and Sexual Offences,Violence and sexual offences,current_only,8224
E09000014,Haringey,2023,Criminal Damage and Arson,Criminal damage and arson,both,1805
E09000014,Haringey,2023,Drug and Weapon Offences,Drugs,both,1568
E09000014,Haringey,2023,Drug and Weapon Offences,Possession of weapons,current_only,190
E09000014,Haringey,2023,Other Crimes,Other crime,both,294
E09000014,Haringey,2023,Public Order Offences,Anti-social behaviour,both,8384
E09000014,Haringey,2023,Public Order Offences,Public order,current_only,1851
E09000014,Haringey,2023,Theft and Robbery,Bicycle theft,current_only,377
E09000014,Haringey,2023,Theft and Robbery,Burglary,both,1756
E09000014,Haringey,2023,Theft and Robbery,Other theft,both,3347
E09000014,Haringey,2023,Theft and Robbery,Robbery,both,1461
E09000014,Haringey,2023,Theft and Robbery,Shoplifting,both,1759
E09000014,Haringey,2023,Theft and Robbery,Theft from the person,current_only,2109
E09000014,Haringey,2023,Theft and Robbery,Vehicle crime,both,4190
E09000014,Haringey,2023,Violence and Sexual Offences,Violence and sexual offences,current_only,8308
E09000014,Haringey,2024,Criminal Damage and Arson,Criminal damage and arson,both,1688
E09000014,Haringey,2024,Drug and Weapon Offences,Drugs,both,1359
E09000014,Haringey,2024,Drug and Weapon Offences,Possession of weapons,current_only,158
E09000014,Haringey,2024,Other Crimes,Other crime,both,285
E09000014,Haringey,2024,Public Order Offences,Anti-social behaviour,both,8197
E09000014,Haringey,2024,Public Order Offences,Public order,current_only,1680
E09000014,Haringey,2024,Theft and Robbery,Bicycle theft,current_only,327
E09000014,Haringey,2024,Theft and Robbery,Burglary,both,1673
E09000014,Haringey,2024,Theft and Robbery,Other theft,both,2764
E09000014,Haringey,2024,Theft and Robbery,Robbery,both,1294
E09000014,Haringey,2024,Theft and Robbery,Shoplifting,both,1843
E09000014,Haringey,2024,Theft and Robbery,Theft from the person,current_only,2608
E09000014,Haringey,2024,Theft and Robbery,Vehicle crime,both,3582
E09000014,Haringey,2024,Violence and Sexual Offences,Violence and sexual offences,current_only,8024
E09000014,Haringey,2025,Criminal Damage and Arson,Criminal damage and arson,both,1689
E09000014,Haringey,2025,Drug and Weapon Offences,Drugs,both,2005
E09000014,Haringey,2025,Drug and Weapon Offences,Possession of weapons,current_only,204
E09000014,Haringey,2025,Other Crimes,Other crime,both,358
E09000014,Haringey,2025,Public Order Offences,Anti-social behaviour,both,8206
E09000014,Haringey,2025,Public Order Offences,Public order,current_only,1732
E09000014,Haringey,2025,Theft and Robbery,Bicycle theft,current_only,293
E09000014,Haringey,2025,Theft and Robbery,Burglary,both,1499
E09000014,Haringey,2025,Theft and Robbery,Other theft,both,2373
E09000014,Haringey,2025,Theft and Robbery,Robbery,both,1336
E09000014,Haringey,2025,Theft and Robbery,Shoplifting,both,2461
E09000014,Haringey,2025,Theft and Robbery,Theft from the person,current_only,2408
E09000014,Haringey,2025,Theft and Robbery,Vehicle crime,both,3377
E09000014,Haringey,2025,Violence and Sexual Offences,Violence and sexual offences,current_only,8429
E09000014,Haringey,2026,Criminal Damage and Arson,Criminal damage and arson,both,451
E09000014,Haringey,2026,Drug and Weapon Offences,Drugs,both,446
E09000014,Haringey,2026,Drug and Weapon Offences,Possession of weapons,current_only,83
E09000014,Haringey,2026,Other Crimes,Other crime,both,95
E09000014,Haringey,2026,Public Order Offences,Anti-social behaviour,both,2492
E09000014,Haringey,2026,Public Order Offences,Public order,current_only,564
E09000014,Haringey,2026,Theft and Robbery,Bicycle theft,current_only,80
E09000014,Haringey,2026,Theft and Robbery,Burglary,both,429
E09000014,Haringey,2026,Theft and Robbery,Other theft,both,733
E09000014,Haringey,2026,Theft and Robbery,Robbery,both,339
E09000014,Haringey,2026,Theft and Robbery,Shoplifting,both,732
E09000014,Haringey,2026,Theft and Robbery,Theft from the person,current_only,581
E09000014,Haringey,2026,Theft and Robbery,Vehicle crime,both,861
E09000014,Haringey,2026,Violence and Sexual Offences,Violence and sexual offences,current_only,2815
E09000015,Harrow,2011,Criminal Damage and Arson,Criminal damage and arson,both,470
E09000015,Harrow,2011,Drug and Weapon Offences,Drugs,both,203
E09000015,Harrow,2011,Other Crimes,Other crime,both,4518
E09000015,Harrow,2011,Public Order Offences,Anti-social behaviour,both,7863
E09000015,Harrow,2011,Public Order Offences,Public disorder and weapons,legacy_only,148
E09000015,Harrow,2011,Theft and Robbery,Burglary,both,2567
E09000015,Harrow,2011,Theft and Robbery,Other theft,both,640
E09000015,Harrow,2011,Theft and Robbery,Robbery,both,628
E09000015,Harrow,2011,Theft and Robbery,Shoplifting,both,173
E09000015,Harrow,2011,Theft and Robbery,Vehicle crime,both,1803
E09000015,Harrow,2011,Violence and Sexual Offences,Violent crime,legacy_only,2730
E09000015,Harrow,2012,Criminal Damage and Arson,Criminal damage and arson,both,1182
E09000015,Harrow,2012,Drug and Weapon Offences,Drugs,both,654
E09000015,Harrow,2012,Other Crimes,Other crime,both,977
E09000015,Harrow,2012,Public Order Offences,Anti-social behaviour,both,7348
E09000015,Harrow,2012,Public Order Offences,Public disorder and weapons,legacy_only,472
E09000015,Harrow,2012,Theft and Robbery,Burglary,both,2484
E09000015,Harrow,2012,Theft and Robbery,Other theft,both,1939
E09000015,Harrow,2012,Theft and Robbery,Robbery,both,646
E09000015,Harrow,2012,Theft and Robbery,Shoplifting,both,515
E09000015,Harrow,2012,Theft and Robbery,Vehicle crime,both,1938
E09000015,Harrow,2012,Violence and Sexual Offences,Violent crime,legacy_only,2688
E09000015,Harrow,2013,Criminal Damage and Arson,Criminal damage and arson,both,1085
E09000015,Harrow,2013,Drug and Weapon Offences,Drugs,both,835
E09000015,Harrow,2013,Drug and Weapon Offences,Possession of weapons,current_only,33
E09000015,Harrow,2013,Other Crimes,Other crime,both,272
E09000015,Harrow,2013,Public Order Offences,Anti-social behaviour,both,5928
E09000015,Harrow,2013,Public Order Offences,Public disorder and weapons,legacy_only,138
E09000015,Harrow,2013,Public Order Offences,Public order,current_only,321
E09000015,Harrow,2013,Theft and Robbery,Bicycle theft,current_only,84
E09000015,Harrow,2013,Theft and Robbery,Burglary,both,2087
E09000015,Harrow,2013,Theft and Robbery,Other theft,both,1614
E09000015,Harrow,2013,Theft and Robbery,Robbery,both,501
E09000015,Harrow,2013,Theft and Robbery,Shoplifting,both,602
E09000015,Harrow,2013,Theft and Robbery,Theft from the person,current_only,228
E09000015,Harrow,2013,Theft and Robbery,Vehicle crime,both,1637
E09000015,Harrow,2013,Violence and Sexual Offences,Violence and sexual offences,current_only,1976
E09000015,Harrow,2013,Violence and Sexual Offences,Violent crime,legacy_only,828
E09000015,Harrow,2014,Criminal Damage and Arson,Criminal damage and arson,both,1125
E09000015,Harrow,2014,Drug and Weapon Offences,Drugs,both,827
E09000015,Harrow,2014,Drug and Weapon Offences,Possession of weapons,current_only,51
E09000015,Harrow,2014,Other Crimes,Other crime,both,113
E09000015,Harrow,2014,Public Order Offences,Anti-social behaviour,both,5380
E09000015,Harrow,2014,Public Order Offences,Public order,current_only,537
E09000015,Harrow,2014,Theft and Robbery,Bicycle theft,current_only,123
E09000015,Harrow,2014,Theft and Robbery,Burglary,both,1819
E09000015,Harrow,2014,Theft and Robbery,Other theft,both,1508
E09000015,Harrow,2014,Theft and Robbery,Robbery,both,302
E09000015,Harrow,2014,Theft and Robbery,Shoplifting,both,631
E09000015,Harrow,2014,Theft and Robbery,Theft from the person,current_only,295
E09000015,Harrow,2014,Theft and Robbery,Vehicle crime,both,1464
E09000015,Harrow,2014,Violence and Sexual Offences,Violence and sexual offences,current_only,3141
E09000015,Harrow,2015,Criminal Damage and Arson,Criminal damage and arson,both,1116
E09000015,Harrow,2015,Drug and Weapon Offences,Drugs,both,505
E09000015,Harrow,2015,Drug and Weapon Offences,Possession of weapons,current_only,55
E09000015,Harrow,2015,Other Crimes,Other crime,both,149
E09000015,Harrow,2015,Public Order Offences,Anti-social behaviour,both,4624
E09000015,Harrow,2015,Public Order Offences,Public order,current_only,611
E09000015,Harrow,2015,Theft and Robbery,Bicycle theft,current_only,144
E09000015,Harrow,2015,Theft and Robbery,Burglary,both,1653
E09000015,Harrow,2015,Theft and Robbery,Other theft,both,1656
E09000015,Harrow,2015,Theft and Robbery,Robbery,both,310
E09000015,Harrow,2015,Theft and Robbery,Shoplifting,both,825
E09000015,Harrow,2015,Theft and Robbery,Theft from the person,current_only,286
E09000015,Harrow,2015,Theft and Robbery,Vehicle crime,both,1606
E09000015,Harrow,2015,Violence and Sexual Offences,Violence and sexual offences,current_only,3687
E09000015,Harrow,2016,Criminal Damage and Arson,Criminal damage and arson,both,1135
E09000015,Harrow,2016,Drug and Weapon Offences,Drugs,both,384
E09000015,Harrow,2016,Drug and Weapon Offences,Possession of weapons,current_only,52
E09000015,Harrow,2016,Other Crimes,Other crime,both,192
E09000015,Harrow,2016,Public Order Offences,Anti-social behaviour,both,4897
E09000015,Harrow,2016,Public Order Offences,Public order,current_only,593
E09000015,Harrow,2016,Theft and Robbery,Bicycle theft,current_only,154
E09000015,Harrow,2016,Theft and Robbery,Burglary,both,1971
E09000015,Harrow,2016,Theft and Robbery,Other theft,both,1644
E09000015,Harrow,2016,Theft and Robbery,Robbery,both,367
E09000015,Harrow,2016,Theft and Robbery,Shoplifting,both,919
E09000015,Harrow,2016,Theft and Robbery,Theft from the person,current_only,367
E09000015,Harrow,2016,Theft and Robbery,Vehicle crime,both,1553
E09000015,Harrow,2016,Violence and Sexual Offences,Violence and sexual offences,current_only,3916
E09000015,Harrow,2017,Criminal Damage and Arson,Criminal damage and arson,both,1046
E09000015,Harrow,2017,Drug and Weapon Offences,Drugs,both,435
E09000015,Harrow,2017,Drug and Weapon Offences,Possession of weapons,current_only,95
E09000015,Harrow,2017,Other Crimes,Other crime,both,156
E09000015,Harrow,2017,Public Order Offences,Anti-social behaviour,both,4569
E09000015,Harrow,2017,Public Order Offences,Public order,current_only,675
E09000015,Harrow,2017,Theft and Robbery,Bicycle theft,current_only,146
E09000015,Harrow,2017,Theft and Robbery,Burglary,both,2017
E09000015,Harrow,2017,Theft and Robbery,Other theft,both,1510
E09000015,Harrow,2017,Theft and Robbery,Robbery,both,301
E09000015,Harrow,2017,Theft and Robbery,Shoplifting,both,757
E09000015,Harrow,2017,Theft and Robbery,Theft from the person,current_only,310
E09000015,Harrow,2017,Theft and Robbery,Vehicle crime,both,1917
E09000015,Harrow,2017,Violence and Sexual Offences,Violence and sexual offences,current_only,4174
E09000015,Harrow,2018,Criminal Damage and Arson,Criminal damage and arson,both,1045
E09000015,Harrow,2018,Drug and Weapon Offences,Drugs,both,545
E09000015,Harrow,2018,Drug and Weapon Offences,Possession of weapons,current_only,90
E09000015,Harrow,2018,Other Crimes,Other crime,both,186
E09000015,Harrow,2018,Public Order Offences,Anti-social behaviour,both,4588
E09000015,Harrow,2018,Public Order Offences,Public order,current_only,840
E09000015,Harrow,2018,Theft and Robbery,Bicycle theft,current_only,164
E09000015,Harrow,2018,Theft and Robbery,Burglary,both,1933
E09000015,Harrow,2018,Theft and Robbery,Other theft,both,1677
E09000015,Harrow,2018,Theft and Robbery,Robbery,both,354
E09000015,Harrow,2018,Theft and Robbery,Shoplifting,both,871
E09000015,Harrow,2018,Theft and Robbery,Theft from the person,current_only,430
E09000015,Harrow,2018,Theft and Robbery,Vehicle crime,both,2024
E09000015,Harrow,2018,Violence and Sexual Offences,Violence and sexual offences,current_only,4463
E09000015,Harrow,2019,Criminal Damage and Arson,Criminal damage and arson,both,1036
E09000015,Harrow,2019,Drug and Weapon Offences,Drugs,both,728
E09000015,Harrow,2019,Drug and Weapon Offences,Possession of weapons,current_only,93
E09000015,Harrow,2019,Other Crimes,Other crime,both,170
E09000015,Harrow,2019,Public Order Offences,Anti-social behaviour,both,5474
E09000015,Harrow,2019,Public Order Offences,Public order,current_only,826
E09000015,Harrow,2019,Theft and Robbery,Bicycle theft,current_only,118
E09000015,Harrow,2019,Theft and Robbery,Burglary,both,2018
E09000015,Harrow,2019,Theft and Robbery,Other theft,both,1746
E09000015,Harrow,2019,Theft and Robbery,Robbery,both,614
E09000015,Harrow,2019,Theft and Robbery,Shoplifting,both,900
E09000015,Harrow,2019,Theft and Robbery,Theft from the person,current_only,551
E09000015,Harrow,2019,Theft and Robbery,Vehicle crime,both,2638
E09000015,Harrow,2019,Violence and Sexual Offences,Violence and sexual offences,current_only,4637
E09000015,Harrow,2020,Criminal Damage and Arson,Criminal damage and arson,both,951
E09000015,Harrow,2020,Drug and Weapon Offences,Drugs,both,997
E09000015,Harrow,2020,Drug and Weapon Offences,Possession of weapons,current_only,92
E09000015,Harrow,2020,Other Crimes,Other crime,both,208
E09000015,Harrow,2020,Public Order Offences,Anti-social behaviour,both,8935
E09000015,Harrow,2020,Public Order Offences,Public order,current_only,982
E09000015,Harrow,2020,Theft and Robbery,Bicycle theft,current_only,168
E09000015,Harrow,2020,Theft and Robbery,Burglary,both,1332
E09000015,Harrow,2020,Theft and Robbery,Other theft,both,1309
E09000015,Harrow,2020,Theft and Robbery,Robbery,both,511
E09000015,Harrow,2020,Theft and Robbery,Shoplifting,both,585
E09000015,Harrow,2020,Theft and Robbery,Theft from the person,current_only,270
E09000015,Harrow,2020,Theft and Robbery,Vehicle crime,both,2939
E09000015,Harrow,2020,Violence and Sexual Offences,Violence and sexual offences,current_only,4584
E09000015,Harrow,2021,Criminal Damage and Arson,Criminal damage and arson,both,929
E09000015,Harrow,2021,Drug and Weapon Offences,Drugs,both,840
E09000015,Harrow,2021,Drug and Weapon Offences,Possession of weapons,current_only,72
E09000015,Harrow,2021,Other Crimes,Other crime,both,190
E09000015,Harrow,2021,Public Order Offences,Anti-social behaviour,both,6043
E09000015,Harrow,2021,Public Order Offences,Public order,current_only,1008
E09000015,Harrow,2021,Theft and Robbery,Bicycle theft,current_only,220
E09000015,Harrow,2021,Theft and Robbery,Burglary,both,1059
E09000015,Harrow,2021,Theft and Robbery,Other theft,both,1411
E09000015,Harrow,2021,Theft and Robbery,Robbery,both,293
E09000015,Harrow,2021,Theft and Robbery,Shoplifting,both,471
E09000015,Harrow,2021,Theft and Robbery,Theft from the person,current_only,469
E09000015,Harrow,2021,Theft and Robbery,Vehicle crime,both,2419
E09000015,Harrow,2021,Violence and Sexual Offences,Violence and sexual offences,current_only,4787
E09000015,Harrow,2022,Criminal Damage and Arson,Criminal damage and arson,both,1013
E09000015,Harrow,2022,Drug and Weapon Offences,Drugs,both,637
E09000015,Harrow,2022,Drug and Weapon Offences,Possession of weapons,current_only,69
E09000015,Harrow,2022,Other Crimes,Other crime,both,218
E09000015,Harrow,2022,Public Order Offences,Anti-social behaviour,both,5559
E09000015,Harrow,2022,Public Order Offences,Public order,current_only,961
E09000015,Harrow,2022,Theft and Robbery,Bicycle theft,current_only,88
E09000015,Harrow,2022,Theft and Robbery,Burglary,both,1048
E09000015,Harrow,2022,Theft and Robbery,Other theft,both,1646
E09000015,Harrow,2022,Theft and Robbery,Robbery,both,424
E09000015,Harrow,2022,Theft and Robbery,Shoplifting,both,607
E09000015,Harrow,2022,Theft and Robbery,Theft from the person,current_only,561
E09000015,Harrow,2022,Theft and Robbery,Vehicle crime,both,2370
E09000015,Harrow,2022,Violence and Sexual Offences,Violence and sexual offences,current_only,5018
E09000015,Harrow,2023,Criminal Damage and Arson,Criminal damage and arson,both,1000
E09000015,Harrow,2023,Drug and Weapon Offences,Drugs,both,559
E09000015,Harrow,2023,Drug and Weapon Offences,Possession of weapons,current_only,72
E09000015,Harrow,2023,Other Crimes,Other crime,both,195
E09000015,Harrow,2023,Public Order Offences,Anti-social behaviour,both,4834
E09000015,Harrow,2023,Public Order Offences,Public order,current_only,1024
E09000015,Harrow,2023,Theft and Robbery,Bicycle theft,current_only,98
E09000015,Harrow,2023,Theft and Robbery,Burglary,both,1171
E09000015,Harrow,2023,Theft and Robbery,Other theft,both,1780
E09000015,Harrow,2023,Theft and Robbery,Robbery,both,385
E09000015,Harrow,2023,Theft and Robbery,Shoplifting,both,923
E09000015,Harrow,2023,Theft and Robbery,Theft from the person,current_only,514
E09000015,Harrow,2023,Theft and Robbery,Vehicle crime,both,2442
E09000015,Harrow,2023,Violence and Sexual Offences,Violence and sexual offences,current_only,4946
E09000015,Harrow,2024,Criminal Damage and Arson,Criminal damage and arson,both,969
E09000015,Harrow,2024,Drug and Weapon Offences,Drugs,both,594
E09000015,Harrow,2024,Drug and Weapon Offences,Possession of weapons,current_only,68
E09000015,Harrow,2024,Other Crimes,Other crime,both,233
E09000015,Harrow,2024,Public Order Offences,Anti-social behaviour,both,5161
E09000015,Harrow,2024,Public Order Offences,Public order,current_only,1037
E09000015,Harrow,2024,Theft and Robbery,Bicycle theft,current_only,122
E09000015,Harrow,2024,Theft and Robbery,Burglary,both,1110
E09000015,Harrow,2024,Theft and Robbery,Other theft,both,1609
E09000015,Harrow,2024,Theft and Robbery,Robbery,both,483
E09000015,Harrow,2024,Theft and Robbery,Shoplifting,both,1798
E09000015,Harrow,2024,Theft and Robbery,Theft from the person,current_only,847
E09000015,Harrow,2024,Theft and Robbery,Vehicle crime,both,2050
E09000015,Harrow,2024,Violence and Sexual Offences,Violence and sexual offences,current_only,5219
E09000015,Harrow,2025,Criminal Damage and Arson,Criminal damage and arson,both,1009
E09000015,Harrow,2025,Drug and Weapon Offences,Drugs,both,966
E09000015,Harrow,2025,Drug and Weapon Offences,Possession of weapons,current_only,90
E09000015,Harrow,2025,Other Crimes,Other crime,both,235
E09000015,Harrow,2025,Public Order Offences,Anti-social behaviour,both,5328
E09000015,Harrow,2025,Public Order Offences,Public order,current_only,962
E09000015,Harrow,2025,Theft and Robbery,Bicycle theft,current_only,106
E09000015,Harrow,2025,Theft and Robbery,Burglary,both,1141
E09000015,Harrow,2025,Theft and Robbery,Other theft,both,1416
E09000015,Harrow,2025,Theft and Robbery,Robbery,both,558
E09000015,Harrow,2025,Theft and Robbery,Shoplifting,both,1560
E09000015,Harrow,2025,Theft and Robbery,Theft from the person,current_only,1137
E09000015,Harrow,2025,Theft and Robbery,Vehicle crime,both,1779
E09000015,Harrow,2025,Violence and Sexual Offences,Violence and sexual offences,current_only,5395
E09000015,Harrow,2026,Criminal Damage and Arson,Criminal damage and arson,both,355
E09000015,Harrow,2026,Drug and Weapon Offences,Drugs,both,285
E09000015,Harrow,2026,Drug and Weapon Offences,Possession of weapons,current_only,33
E09000015,Harrow,2026,Other Crimes,Other crime,both,74
E09000015,Harrow,2026,Public Order Offences,Anti-social behaviour,both,1634
E09000015,Harrow,2026,Public Order Offences,Public order,current_only,324
E09000015,Harrow,2026,Theft and Robbery,Bicycle theft,current_only,30
E09000015,Harrow,2026,Theft and Robbery,Burglary,both,473
E09000015,Harrow,2026,Theft and Robbery,Other theft,both,414
E09000015,Harrow,2026,Theft and Robbery,Robbery,both,160
E09000015,Harrow,2026,Theft and Robbery,Shoplifting,both,504
E09000015,Harrow,2026,Theft and Robbery,Theft from the person,current_only,331
E09000015,Harrow,2026,Theft and Robbery,Vehicle crime,both,638
E09000015,Harrow,2026,Violence and Sexual Offences,Violence and sexual offences,current_only,1879
E09000016,Havering,2011,Criminal Damage and Arson,Criminal damage and arson,both,545
E09000016,Havering,2011,Drug and Weapon Offences,Drugs,both,307
E09000016,Havering,2011,Other Crimes,Other crime,both,6072
E09000016,Havering,2011,Public Order Offences,Anti-social behaviour,both,8626
E09000016,Havering,2011,Public Order Offences,Public disorder and weapons,legacy_only,187
E09000016,Havering,2011,Theft and Robbery,Burglary,both,2808
E09000016,Havering,2011,Theft and Robbery,Other theft,both,801
E09000016,Havering,2011,Theft and Robbery,Robbery,both,485
E09000016,Havering,2011,Theft and Robbery,Shoplifting,both,390
E09000016,Havering,2011,Theft and Robbery,Vehicle crime,both,2447
E09000016,Havering,2011,Violence and Sexual Offences,Violent crime,legacy_only,3274
E09000016,Havering,2012,Criminal Damage and Arson,Criminal damage and arson,both,1545
E09000016,Havering,2012,Drug and Weapon Offences,Drugs,both,903
E09000016,Havering,2012,Other Crimes,Other crime,both,1030
E09000016,Havering,2012,Public Order Offences,Anti-social behaviour,both,7203
E09000016,Havering,2012,Public Order Offences,Public disorder and weapons,legacy_only,667
E09000016,Havering,2012,Theft and Robbery,Burglary,both,2826
E09000016,Havering,2012,Theft and Robbery,Other theft,both,2526
E09000016,Havering,2012,Theft and Robbery,Robbery,both,439
E09000016,Havering,2012,Theft and Robbery,Shoplifting,both,905
E09000016,Havering,2012,Theft and Robbery,Vehicle crime,both,2695
E09000016,Havering,2012,Violence and Sexual Offences,Violent crime,legacy_only,3006
E09000016,Havering,2013,Criminal Damage and Arson,Criminal damage and arson,both,1457
E09000016,Havering,2013,Drug and Weapon Offences,Drugs,both,891
E09000016,Havering,2013,Drug and Weapon Offences,Possession of weapons,current_only,43
E09000016,Havering,2013,Other Crimes,Other crime,both,287
E09000016,Havering,2013,Public Order Offences,Anti-social behaviour,both,5682
E09000016,Havering,2013,Public Order Offences,Public disorder and weapons,legacy_only,199
E09000016,Havering,2013,Public Order Offences,Public order,current_only,450
E09000016,Havering,2013,Theft and Robbery,Bicycle theft,current_only,102
E09000016,Havering,2013,Theft and Robbery,Burglary,both,2483
E09000016,Havering,2013,Theft and Robbery,Other theft,both,2288
E09000016,Havering,2013,Theft and Robbery,Robbery,both,295
E09000016,Havering,2013,Theft and Robbery,Shoplifting,both,950
E09000016,Havering,2013,Theft and Robbery,Theft from the person,current_only,264
E09000016,Havering,2013,Theft and Robbery,Vehicle crime,both,2610
E09000016,Havering,2013,Violence and Sexual Offences,Violence and sexual offences,current_only,2004
E09000016,Havering,2013,Violence and Sexual Offences,Violent crime,legacy_only,929
E09000016,Havering,2014,Criminal Damage and Arson,Criminal damage and arson,both,1502
E09000016,Havering,2014,Drug and Weapon Offences,Drugs,both,639
E09000016,Havering,2014,Drug and Weapon Offences,Possession of weapons,current_only,57
E09000016,Havering,2014,Other Crimes,Other crime,both,164
E09000016,Havering,2014,Public Order Offences,Anti-social behaviour,both,4537
E09000016,Havering,2014,Public Order Offences,Public order,current_only,726
E09000016,Havering,2014,Theft and Robbery,Bicycle theft,current_only,106
E09000016,Havering,2014,Theft and Robbery,Burglary,both,2102
E09000016,Havering,2014,Theft and Robbery,Other theft,both,2132
E09000016,Havering,2014,Theft and Robbery,Robbery,both,283
E09000016,Havering,2014,Theft and Robbery,Shoplifting,both,1057
E09000016,Havering,2014,Theft and Robbery,Theft from the person,current_only,388
E09000016,Havering,2014,Theft and Robbery,Vehicle crime,both,2074
E09000016,Havering,2014,Violence and Sexual Offences,Violence and sexual offences,current_only,3586
E09000016,Havering,2015,Criminal Damage and Arson,Criminal damage and arson,both,1591
E09000016,Havering,2015,Drug and Weapon Offences,Drugs,both,575
E09000016,Havering,2015,Drug and Weapon Offences,Possession of weapons,current_only,68
E09000016,Havering,2015,Other Crimes,Other crime,both,168
E09000016,Havering,2015,Public Order Offences,Anti-social behaviour,both,4241
E09000016,Havering,2015,Public Order Offences,Public order,current_only,906
E09000016,Havering,2015,Theft and Robbery,Bicycle theft,current_only,172
E09000016,Havering,2015,Theft and Robbery,Burglary,both,1929
E09000016,Havering,2015,Theft and Robbery,Other theft,both,2164
E09000016,Havering,2015,Theft and Robbery,Robbery,both,317
E09000016,Havering,2015,Theft and Robbery,Shoplifting,both,1087
E09000016,Havering,2015,Theft and Robbery,Theft from the person,current_only,350
E09000016,Havering,2015,Theft and Robbery,Vehicle crime,both,2072
E09000016,Havering,2015,Violence and Sexual Offences,Violence and sexual offences,current_only,4477
E09000016,Havering,2016,Criminal Damage and Arson,Criminal damage and arson,both,1728
E09000016,Havering,2016,Drug and Weapon Offences,Drugs,both,604
E09000016,Havering,2016,Drug and Weapon Offences,Possession of weapons,current_only,81
E09000016,Havering,2016,Other Crimes,Other crime,both,221
E09000016,Havering,2016,Public Order Offences,Anti-social behaviour,both,4984
E09000016,Havering,2016,Public Order Offences,Public order,current_only,992
E09000016,Havering,2016,Theft and Robbery,Bicycle theft,current_only,153
E09000016,Havering,2016,Theft and Robbery,Burglary,both,1819
E09000016,Havering,2016,Theft and Robbery,Other theft,both,2191
E09000016,Havering,2016,Theft and Robbery,Robbery,both,306
E09000016,Havering,2016,Theft and Robbery,Shoplifting,both,1185
E09000016,Havering,2016,Theft and Robbery,Theft from the person,current_only,377
E09000016,Havering,2016,Theft and Robbery,Vehicle crime,both,2036
E09000016,Havering,2016,Violence and Sexual Offences,Violence and sexual offences,current_only,5285
E09000016,Havering,2017,Criminal Damage and Arson,Criminal damage and arson,both,1749
E09000016,Havering,2017,Drug and Weapon Offences,Drugs,both,432
E09000016,Havering,2017,Drug and Weapon Offences,Possession of weapons,current_only,116
E09000016,Havering,2017,Other Crimes,Other crime,both,213
E09000016,Havering,2017,Public Order Offences,Anti-social behaviour,both,4748
E09000016,Havering,2017,Public Order Offences,Public order,current_only,1043
E09000016,Havering,2017,Theft and Robbery,Bicycle theft,current_only,191
E09000016,Havering,2017,Theft and Robbery,Burglary,both,2240
E09000016,Havering,2017,Theft and Robbery,Other theft,both,2109
E09000016,Havering,2017,Theft and Robbery,Robbery,both,603
E09000016,Havering,2017,Theft and Robbery,Shoplifting,both,1345
E09000016,Havering,2017,Theft and Robbery,Theft from the person,current_only,392
E09000016,Havering,2017,Theft and Robbery,Vehicle crime,both,2566
E09000016,Havering,2017,Violence and Sexual Offences,Violence and sexual offences,current_only,5352
E09000016,Havering,2018,Criminal Damage and Arson,Criminal damage and arson,both,1433
E09000016,Havering,2018,Drug and Weapon Offences,Drugs,both,474
E09000016,Havering,2018,Drug and Weapon Offences,Possession of weapons,current_only,153
E09000016,Havering,2018,Other Crimes,Other crime,both,219
E09000016,Havering,2018,Public Order Offences,Anti-social behaviour,both,4457
E09000016,Havering,2018,Public Order Offences,Public order,current_only,1077
E09000016,Havering,2018,Theft and Robbery,Bicycle theft,current_only,144
E09000016,Havering,2018,Theft and Robbery,Burglary,both,1949
E09000016,Havering,2018,Theft and Robbery,Other theft,both,2122
E09000016,Havering,2018,Theft and Robbery,Robbery,both,671
E09000016,Havering,2018,Theft and Robbery,Shoplifting,both,1159
E09000016,Havering,2018,Theft and Robbery,Theft from the person,current_only,348
E09000016,Havering,2018,Theft and Robbery,Vehicle crime,both,2897
E09000016,Havering,2018,Violence and Sexual Offences,Violence and sexual offences,current_only,5665
E09000016,Havering,2019,Criminal Damage and Arson,Criminal damage and arson,both,1259
E09000016,Havering,2019,Drug and Weapon Offences,Drugs,both,666
E09000016,Havering,2019,Drug and Weapon Offences,Possession of weapons,current_only,138
E09000016,Havering,2019,Other Crimes,Other crime,both,240
E09000016,Havering,2019,Public Order Offences,Anti-social behaviour,both,4638
E09000016,Havering,2019,Public Order Offences,Public order,current_only,1068
E09000016,Havering,2019,Theft and Robbery,Bicycle theft,current_only,145
E09000016,Havering,2019,Theft and Robbery,Burglary,both,1871
E09000016,Havering,2019,Theft and Robbery,Other theft,both,1872
E09000016,Havering,2019,Theft and Robbery,Robbery,both,666
E09000016,Havering,2019,Theft and Robbery,Shoplifting,both,1328
E09000016,Havering,2019,Theft and Robbery,Theft from the person,current_only,391
E09000016,Havering,2019,Theft and Robbery,Vehicle crime,both,2675
E09000016,Havering,2019,Violence and Sexual Offences,Violence and sexual offences,current_only,5573
E09000016,Havering,2020,Criminal Damage and Arson,Criminal damage and arson,both,1129
E09000016,Havering,2020,Drug and Weapon Offences,Drugs,both,1108
E09000016,Havering,2020,Drug and Weapon Offences,Possession of weapons,current_only,113
E09000016,Havering,2020,Other Crimes,Other crime,both,264
E09000016,Havering,2020,Public Order Offences,Anti-social behaviour,both,8411
E09000016,Havering,2020,Public Order Offences,Public order,current_only,1117
E09000016,Havering,2020,Theft and Robbery,Bicycle theft,current_only,146
E09000016,Havering,2020,Theft and Robbery,Burglary,both,1292
E09000016,Havering,2020,Theft and Robbery,Other theft,both,1529
E09000016,Havering,2020,Theft and Robbery,Robbery,both,405
E09000016,Havering,2020,Theft and Robbery,Shoplifting,both,1181
E09000016,Havering,2020,Theft and Robbery,Theft from the person,current_only,267
E09000016,Havering,2020,Theft and Robbery,Vehicle crime,both,2419
E09000016,Havering,2020,Violence and Sexual Offences,Violence and sexual offences,current_only,5341
E09000016,Havering,2021,Criminal Damage and Arson,Criminal damage and arson,both,1239
E09000016,Havering,2021,Drug and Weapon Offences,Drugs,both,863
E09000016,Havering,2021,Drug and Weapon Offences,Possession of weapons,current_only,105
E09000016,Havering,2021,Other Crimes,Other crime,both,236
E09000016,Havering,2021,Public Order Offences,Anti-social behaviour,both,6153
E09000016,Havering,2021,Public Order Offences,Public order,current_only,1282
E09000016,Havering,2021,Theft and Robbery,Bicycle theft,current_only,139
E09000016,Havering,2021,Theft and Robbery,Burglary,both,1047
E09000016,Havering,2021,Theft and Robbery,Other theft,both,1605
E09000016,Havering,2021,Theft and Robbery,Robbery,both,325
E09000016,Havering,2021,Theft and Robbery,Shoplifting,both,1155
E09000016,Havering,2021,Theft and Robbery,Theft from the person,current_only,347
E09000016,Havering,2021,Theft and Robbery,Vehicle crime,both,2227
E09000016,Havering,2021,Violence and Sexual Offences,Violence and sexual offences,current_only,5913
E09000016,Havering,2022,Criminal Damage and Arson,Criminal damage and arson,both,1477
E09000016,Havering,2022,Drug and Weapon Offences,Drugs,both,898
E09000016,Havering,2022,Drug and Weapon Offences,Possession of weapons,current_only,136
E09000016,Havering,2022,Other Crimes,Other crime,both,284
E09000016,Havering,2022,Public Order Offences,Anti-social behaviour,both,4932
E09000016,Havering,2022,Public Order Offences,Public order,current_only,1294
E09000016,Havering,2022,Theft and Robbery,Bicycle theft,current_only,116
E09000016,Havering,2022,Theft and Robbery,Burglary,both,1077
E09000016,Havering,2022,Theft and Robbery,Other theft,both,2024
E09000016,Havering,2022,Theft and Robbery,Robbery,both,323
E09000016,Havering,2022,Theft and Robbery,Shoplifting,both,1187
E09000016,Havering,2022,Theft and Robbery,Theft from the person,current_only,413
E09000016,Havering,2022,Theft and Robbery,Vehicle crime,both,3147
E09000016,Havering,2022,Violence and Sexual Offences,Violence and sexual offences,current_only,6411
E09000016,Havering,2023,Criminal Damage and Arson,Criminal damage and arson,both,1475
E09000016,Havering,2023,Drug and Weapon Offences,Drugs,both,1050
E09000016,Havering,2023,Drug and Weapon Offences,Possession of weapons,current_only,168
E09000016,Havering,2023,Other Crimes,Other crime,both,271
E09000016,Havering,2023,Public Order Offences,Anti-social behaviour,both,4530
E09000016,Havering,2023,Public Order Offences,Public order,current_only,1332
E09000016,Havering,2023,Theft and Robbery,Bicycle theft,current_only,101
E09000016,Havering,2023,Theft and Robbery,Burglary,both,1181
E09000016,Havering,2023,Theft and Robbery,Other theft,both,2078
E09000016,Havering,2023,Theft and Robbery,Robbery,both,462
E09000016,Havering,2023,Theft and Robbery,Shoplifting,both,2003
E09000016,Havering,2023,Theft and Robbery,Theft from the person,current_only,412
E09000016,Havering,2023,Theft and Robbery,Vehicle crime,both,3198
E09000016,Havering,2023,Violence and Sexual Offences,Violence and sexual offences,current_only,6807
E09000016,Havering,2024,Criminal Damage and Arson,Criminal damage and arson,both,1577
E09000016,Havering,2024,Drug and Weapon Offences,Drugs,both,984
E09000016,Havering,2024,Drug and Weapon Offences,Possession of weapons,current_only,120
E09000016,Havering,2024,Other Crimes,Other crime,both,310
E09000016,Havering,2024,Public Order Offences,Anti-social behaviour,both,4943
E09000016,Havering,2024,Public Order Offences,Public order,current_only,1359
E09000016,Havering,2024,Theft and Robbery,Bicycle theft,current_only,113
E09000016,Havering,2024,Theft and Robbery,Burglary,both,1243
E09000016,Havering,2024,Theft and Robbery,Other theft,both,1778
E09000016,Havering,2024,Theft and Robbery,Robbery,both,541
E09000016,Havering,2024,Theft and Robbery,Shoplifting,both,2417
E09000016,Havering,2024,Theft and Robbery,Theft from the person,current_only,502
E09000016,Havering,2024,Theft and Robbery,Vehicle crime,both,2454
E09000016,Havering,2024,Violence and Sexual Offences,Violence and sexual offences,current_only,6628
E09000016,Havering,2025,Criminal Damage and Arson,Criminal damage and arson,both,1379
E09000016,Havering,2025,Drug and Weapon Offences,Drugs,both,1327
E09000016,Havering,2025,Drug and Weapon Offences,Possession of weapons,current_only,132
E09000016,Havering,2025,Other Crimes,Other crime,both,315
E09000016,Havering,2025,Public Order Offences,Anti-social behaviour,both,5239
E09000016,Havering,2025,Public Order Offences,Public order,current_only,1330
E09000016,Havering,2025,Theft and Robbery,Bicycle theft,current_only,105
E09000016,Havering,2025,Theft and Robbery,Burglary,both,909
E09000016,Havering,2025,Theft and Robbery,Other theft,both,1488
E09000016,Havering,2025,Theft and Robbery,Robbery,both,633
E09000016,Havering,2025,Theft and Robbery,Shoplifting,both,2251
E09000016,Havering,2025,Theft and Robbery,Theft from the person,current_only,448
E09000016,Havering,2025,Theft and Robbery,Vehicle crime,both,2161
E09000016,Havering,2025,Violence and Sexual Offences,Violence and sexual offences,current_only,6736
E09000016,Havering,2026,Criminal Damage and Arson,Criminal damage and arson,both,489
E09000016,Havering,2026,Drug and Weapon Offences,Drugs,both,426
E09000016,Havering,2026,Drug and Weapon Offences,Possession of weapons,current_only,66
E09000016,Havering,2026,Other Crimes,Other crime,both,109
E09000016,Havering,2026,Public Order Offences,Anti-social behaviour,both,1603
E09000016,Havering,2026,Public Order Offences,Public order,current_only,437
E09000016,Havering,2026,Theft and Robbery,Bicycle theft,current_only,27
E09000016,Havering,2026,Theft and Robbery,Burglary,both,237
E09000016,Havering,2026,Theft and Robbery,Other theft,both,469
E09000016,Havering,2026,Theft and Robbery,Robbery,both,195
E09000016,Havering,2026,Theft and Robbery,Shoplifting,both,662
E09000016,Havering,2026,Theft and Robbery,Theft from the person,current_only,143
E09000016,Havering,2026,Theft and Robbery,Vehicle crime,both,747
E09000016,Havering,2026,Violence and Sexual Offences,Violence and sexual offences,current_only,2172
E09000017,Hillingdon,2011,Criminal Damage and Arson,Criminal damage and arson,both,921
E09000017,Hillingdon,2011,Drug and Weapon Offences,Drugs,both,454
E09000017,Hillingdon,2011,Other Crimes,Other crime,both,9013
E09000017,Hillingdon,2011,Public Order Offences,Anti-social behaviour,both,14984
E09000017,Hillingdon,2011,Public Order Offences,Public disorder and weapons,legacy_only,342
E09000017,Hillingdon,2011,Theft and Robbery,Burglary,both,3754
E09000017,Hillingdon,2011,Theft and Robbery,Other theft,both,1527
E09000017,Hillingdon,2011,Theft and Robbery,Robbery,both,911
E09000017,Hillingdon,2011,Theft and Robbery,Shoplifting,both,432
E09000017,Hillingdon,2011,Theft and Robbery,Vehicle crime,both,3673
E09000017,Hillingdon,2011,Violence and Sexual Offences,Violent crime,legacy_only,5338
E09000017,Hillingdon,2012,Criminal Damage and Arson,Criminal damage and arson,both,2213
E09000017,Hillingdon,2012,Drug and Weapon Offences,Drugs,both,1021
E09000017,Hillingdon,2012,Other Crimes,Other crime,both,1566
E09000017,Hillingdon,2012,Public Order Offences,Anti-social behaviour,both,12143
E09000017,Hillingdon,2012,Public Order Offences,Public disorder and weapons,legacy_only,1110
E09000017,Hillingdon,2012,Theft and Robbery,Burglary,both,3409
E09000017,Hillingdon,2012,Theft and Robbery,Other theft,both,4247
E09000017,Hillingdon,2012,Theft and Robbery,Robbery,both,839
E09000017,Hillingdon,2012,Theft and Robbery,Shoplifting,both,1414
E09000017,Hillingdon,2012,Theft and Robbery,Vehicle crime,both,3177
E09000017,Hillingdon,2012,Violence and Sexual Offences,Violent crime,legacy_only,4582
E09000017,Hillingdon,2013,Criminal Damage and Arson,Criminal damage and arson,both,2111
E09000017,Hillingdon,2013,Drug and Weapon Offences,Drugs,both,983
E09000017,Hillingdon,2013,Drug and Weapon Offences,Possession of weapons,current_only,114
E09000017,Hillingdon,2013,Other Crimes,Other crime,both,551
E09000017,Hillingdon,2013,Public Order Offences,Anti-social behaviour,both,9935
E09000017,Hillingdon,2013,Public Order Offences,Public disorder and weapons,legacy_only,384
E09000017,Hillingdon,2013,Public Order Offences,Public order,current_only,571
E09000017,Hillingdon,2013,Theft and Robbery,Bicycle theft,current_only,216
E09000017,Hillingdon,2013,Theft and Robbery,Burglary,both,2880
E09000017,Hillingdon,2013,Theft and Robbery,Other theft,both,3783
E09000017,Hillingdon,2013,Theft and Robbery,Robbery,both,567
E09000017,Hillingdon,2013,Theft and Robbery,Shoplifting,both,1398
E09000017,Hillingdon,2013,Theft and Robbery,Theft from the person,current_only,321
E09000017,Hillingdon,2013,Theft and Robbery,Vehicle crime,both,2555
E09000017,Hillingdon,2013,Violence and Sexual Offences,Violence and sexual offences,current_only,3103
E09000017,Hillingdon,2013,Violence and Sexual Offences,Violent crime,legacy_only,1371
E09000017,Hillingdon,2014,Criminal Damage and Arson,Criminal damage and arson,both,2325
E09000017,Hillingdon,2014,Drug and Weapon Offences,Drugs,both,804
E09000017,Hillingdon,2014,Drug and Weapon Offences,Possession of weapons,current_only,268
E09000017,Hillingdon,2014,Other Crimes,Other crime,both,708
E09000017,Hillingdon,2014,Public Order Offences,Anti-social behaviour,both,8804
E09000017,Hillingdon,2014,Public Order Offences,Public order,current_only,1342
E09000017,Hillingdon,2014,Theft and Robbery,Bicycle theft,current_only,296
E09000017,Hillingdon,2014,Theft and Robbery,Burglary,both,2681
E09000017,Hillingdon,2014,Theft and Robbery,Other theft,both,3715
E09000017,Hillingdon,2014,Theft and Robbery,Robbery,both,505
E09000017,Hillingdon,2014,Theft and Robbery,Shoplifting,both,1587
E09000017,Hillingdon,2014,Theft and Robbery,Theft from the person,current_only,452
E09000017,Hillingdon,2014,Theft and Robbery,Vehicle crime,both,3028
E09000017,Hillingdon,2014,Violence and Sexual Offences,Violence and sexual offences,current_only,5923
E09000017,Hillingdon,2015,Criminal Damage and Arson,Criminal damage and arson,both,2205
E09000017,Hillingdon,2015,Drug and Weapon Offences,Drugs,both,943
E09000017,Hillingdon,2015,Drug and Weapon Offences,Possession of weapons,current_only,93
E09000017,Hillingdon,2015,Other Crimes,Other crime,both,890
E09000017,Hillingdon,2015,Public Order Offences,Anti-social behaviour,both,8334
E09000017,Hillingdon,2015,Public Order Offences,Public order,current_only,1445
E09000017,Hillingdon,2015,Theft and Robbery,Bicycle theft,current_only,346
E09000017,Hillingdon,2015,Theft and Robbery,Burglary,both,2206
E09000017,Hillingdon,2015,Theft and Robbery,Other theft,both,3549
E09000017,Hillingdon,2015,Theft and Robbery,Robbery,both,326
E09000017,Hillingdon,2015,Theft and Robbery,Shoplifting,both,1763
E09000017,Hillingdon,2015,Theft and Robbery,Theft from the person,current_only,433
E09000017,Hillingdon,2015,Theft and Robbery,Vehicle crime,both,2785
E09000017,Hillingdon,2015,Violence and Sexual Offences,Violence and sexual offences,current_only,6402
E09000017,Hillingdon,2016,Criminal Damage and Arson,Criminal damage and arson,both,2386
E09000017,Hillingdon,2016,Drug and Weapon Offences,Drugs,both,919
E09000017,Hillingdon,2016,Drug and Weapon Offences,Possession of weapons,current_only,89
E09000017,Hillingdon,2016,Other Crimes,Other crime,both,1152
E09000017,Hillingdon,2016,Public Order Offences,Anti-social behaviour,both,9137
E09000017,Hillingdon,2016,Public Order Offences,Public order,current_only,1577
E09000017,Hillingdon,2016,Theft and Robbery,Bicycle theft,current_only,310
E09000017,Hillingdon,2016,Theft and Robbery,Burglary,both,2229
E09000017,Hillingdon,2016,Theft and Robbery,Other theft,both,3399
E09000017,Hillingdon,2016,Theft and Robbery,Robbery,both,409
E09000017,Hillingdon,2016,Theft and Robbery,Shoplifting,both,1993
E09000017,Hillingdon,2016,Theft and Robbery,Theft from the person,current_only,478
E09000017,Hillingdon,2016,Theft and Robbery,Vehicle crime,both,3000
E09000017,Hillingdon,2016,Violence and Sexual Offences,Violence and sexual offences,current_only,6760
E09000017,Hillingdon,2017,Criminal Damage and Arson,Criminal damage and arson,both,2569
E09000017,Hillingdon,2017,Drug and Weapon Offences,Drugs,both,709
E09000017,Hillingdon,2017,Drug and Weapon Offences,Possession of weapons,current_only,162
E09000017,Hillingdon,2017,Other Crimes,Other crime,both,1295
E09000017,Hillingdon,2017,Public Order Offences,Anti-social behaviour,both,8679
E09000017,Hillingdon,2017,Public Order Offences,Public order,current_only,1602
E09000017,Hillingdon,2017,Theft and Robbery,Bicycle theft,current_only,392
E09000017,Hillingdon,2017,Theft and Robbery,Burglary,both,2370
E09000017,Hillingdon,2017,Theft and Robbery,Other theft,both,3719
E09000017,Hillingdon,2017,Theft and Robbery,Robbery,both,525
E09000017,Hillingdon,2017,Theft and Robbery,Shoplifting,both,1989
E09000017,Hillingdon,2017,Theft and Robbery,Theft from the person,current_only,424
E09000017,Hillingdon,2017,Theft and Robbery,Vehicle crime,both,4330
E09000017,Hillingdon,2017,Violence and Sexual Offences,Violence and sexual offences,current_only,7011
E09000017,Hillingdon,2018,Criminal Damage and Arson,Criminal damage and arson,both,2061
E09000017,Hillingdon,2018,Drug and Weapon Offences,Drugs,both,874
E09000017,Hillingdon,2018,Drug and Weapon Offences,Possession of weapons,current_only,199
E09000017,Hillingdon,2018,Other Crimes,Other crime,both,1189
E09000017,Hillingdon,2018,Public Order Offences,Anti-social behaviour,both,8383
E09000017,Hillingdon,2018,Public Order Offences,Public order,current_only,1685
E09000017,Hillingdon,2018,Theft and Robbery,Bicycle theft,current_only,299
E09000017,Hillingdon,2018,Theft and Robbery,Burglary,both,2070
E09000017,Hillingdon,2018,Theft and Robbery,Other theft,both,3905
E09000017,Hillingdon,2018,Theft and Robbery,Robbery,both,569
E09000017,Hillingdon,2018,Theft and Robbery,Shoplifting,both,1888
E09000017,Hillingdon,2018,Theft and Robbery,Theft from the person,current_only,476
E09000017,Hillingdon,2018,Theft and Robbery,Vehicle crime,both,4725
E09000017,Hillingdon,2018,Violence and Sexual Offences,Violence and sexual offences,current_only,7349
E09000017,Hillingdon,2019,Criminal Damage and Arson,Criminal damage and arson,both,2112
E09000017,Hillingdon,2019,Drug and Weapon Offences,Drugs,both,1249
E09000017,Hillingdon,2019,Drug and Weapon Offences,Possession of weapons,current_only,174
E09000017,Hillingdon,2019,Other Crimes,Other crime,both,1273
E09000017,Hillingdon,2019,Public Order Offences,Anti-social behaviour,both,8811
E09000017,Hillingdon,2019,Public Order Offences,Public order,current_only,1663
E09000017,Hillingdon,2019,Theft and Robbery,Bicycle theft,current_only,315
E09000017,Hillingdon,2019,Theft and Robbery,Burglary,both,2785
E09000017,Hillingdon,2019,Theft and Robbery,Other theft,both,3803
E09000017,Hillingdon,2019,Theft and Robbery,Robbery,both,763
E09000017,Hillingdon,2019,Theft and Robbery,Shoplifting,both,1894
E09000017,Hillingdon,2019,Theft and Robbery,Theft from the person,current_only,566
E09000017,Hillingdon,2019,Theft and Robbery,Vehicle crime,both,4295
E09000017,Hillingdon,2019,Violence and Sexual Offences,Violence and sexual offences,current_only,7664
E09000017,Hillingdon,2020,Criminal Damage and Arson,Criminal damage and arson,both,1893
E09000017,Hillingdon,2020,Drug and Weapon Offences,Drugs,both,1601
E09000017,Hillingdon,2020,Drug and Weapon Offences,Possession of weapons,current_only,185
E09000017,Hillingdon,2020,Other Crimes,Other crime,both,794
E09000017,Hillingdon,2020,Public Order Offences,Anti-social behaviour,both,13583
E09000017,Hillingdon,2020,Public Order Offences,Public order,current_only,1857
E09000017,Hillingdon,2020,Theft and Robbery,Bicycle theft,current_only,270
E09000017,Hillingdon,2020,Theft and Robbery,Burglary,both,1905
E09000017,Hillingdon,2020,Theft and Robbery,Other theft,both,2736
E09000017,Hillingdon,2020,Theft and Robbery,Robbery,both,512
E09000017,Hillingdon,2020,Theft and Robbery,Shoplifting,both,1575
E09000017,Hillingdon,2020,Theft and Robbery,Theft from the person,current_only,296
E09000017,Hillingdon,2020,Theft and Robbery,Vehicle crime,both,4082
E09000017,Hillingdon,2020,Violence and Sexual Offences,Violence and sexual offences,current_only,7817
E09000017,Hillingdon,2021,Criminal Damage and Arson,Criminal damage and arson,both,1654
E09000017,Hillingdon,2021,Drug and Weapon Offences,Drugs,both,1391
E09000017,Hillingdon,2021,Drug and Weapon Offences,Possession of weapons,current_only,155
E09000017,Hillingdon,2021,Other Crimes,Other crime,both,910
E09000017,Hillingdon,2021,Public Order Offences,Anti-social behaviour,both,9935
E09000017,Hillingdon,2021,Public Order Offences,Public order,current_only,1981
E09000017,Hillingdon,2021,Theft and Robbery,Bicycle theft,current_only,217
E09000017,Hillingdon,2021,Theft and Robbery,Burglary,both,1293
E09000017,Hillingdon,2021,Theft and Robbery,Other theft,both,2805
E09000017,Hillingdon,2021,Theft and Robbery,Robbery,both,407
E09000017,Hillingdon,2021,Theft and Robbery,Shoplifting,both,1069
E09000017,Hillingdon,2021,Theft and Robbery,Theft from the person,current_only,461
E09000017,Hillingdon,2021,Theft and Robbery,Vehicle crime,both,3579
E09000017,Hillingdon,2021,Violence and Sexual Offences,Violence and sexual offences,current_only,8115
E09000017,Hillingdon,2022,Criminal Damage and Arson,Criminal damage and arson,both,1776
E09000017,Hillingdon,2022,Drug and Weapon Offences,Drugs,both,1052
E09000017,Hillingdon,2022,Drug and Weapon Offences,Possession of weapons,current_only,117
E09000017,Hillingdon,2022,Other Crimes,Other crime,both,1663
E09000017,Hillingdon,2022,Public Order Offences,Anti-social behaviour,both,8680
E09000017,Hillingdon,2022,Public Order Offences,Public order,current_only,1967
E09000017,Hillingdon,2022,Theft and Robbery,Bicycle theft,current_only,188
E09000017,Hillingdon,2022,Theft and Robbery,Burglary,both,1335
E09000017,Hillingdon,2022,Theft and Robbery,Other theft,both,3435
E09000017,Hillingdon,2022,Theft and Robbery,Robbery,both,445
E09000017,Hillingdon,2022,Theft and Robbery,Shoplifting,both,1435
E09000017,Hillingdon,2022,Theft and Robbery,Theft from the person,current_only,532
E09000017,Hillingdon,2022,Theft and Robbery,Vehicle crime,both,3934
E09000017,Hillingdon,2022,Violence and Sexual Offences,Violence and sexual offences,current_only,8425
E09000017,Hillingdon,2023,Criminal Damage and Arson,Criminal damage and arson,both,2058
E09000017,Hillingdon,2023,Drug and Weapon Offences,Drugs,both,870
E09000017,Hillingdon,2023,Drug and Weapon Offences,Possession of weapons,current_only,119
E09000017,Hillingdon,2023,Other Crimes,Other crime,both,1539
E09000017,Hillingdon,2023,Public Order Offences,Anti-social behaviour,both,7539
E09000017,Hillingdon,2023,Public Order Offences,Public order,current_only,1972
E09000017,Hillingdon,2023,Theft and Robbery,Bicycle theft,current_only,255
E09000017,Hillingdon,2023,Theft and Robbery,Burglary,both,1402
E09000017,Hillingdon,2023,Theft and Robbery,Other theft,both,3419
E09000017,Hillingdon,2023,Theft and Robbery,Robbery,both,477
E09000017,Hillingdon,2023,Theft and Robbery,Shoplifting,both,2026
E09000017,Hillingdon,2023,Theft and Robbery,Theft from the person,current_only,435
E09000017,Hillingdon,2023,Theft and Robbery,Vehicle crime,both,4206
E09000017,Hillingdon,2023,Violence and Sexual Offences,Violence and sexual offences,current_only,8716
E09000017,Hillingdon,2024,Criminal Damage and Arson,Criminal damage and arson,both,2451
E09000017,Hillingdon,2024,Drug and Weapon Offences,Drugs,both,896
E09000017,Hillingdon,2024,Drug and Weapon Offences,Possession of weapons,current_only,140
E09000017,Hillingdon,2024,Other Crimes,Other crime,both,1732
E09000017,Hillingdon,2024,Public Order Offences,Anti-social behaviour,both,8442
E09000017,Hillingdon,2024,Public Order Offences,Public order,current_only,1986
E09000017,Hillingdon,2024,Theft and Robbery,Bicycle theft,current_only,220
E09000017,Hillingdon,2024,Theft and Robbery,Burglary,both,1469
E09000017,Hillingdon,2024,Theft and Robbery,Other theft,both,3566
E09000017,Hillingdon,2024,Theft and Robbery,Robbery,both,697
E09000017,Hillingdon,2024,Theft and Robbery,Shoplifting,both,2927
E09000017,Hillingdon,2024,Theft and Robbery,Theft from the person,current_only,789
E09000017,Hillingdon,2024,Theft and Robbery,Vehicle crime,both,3670
E09000017,Hillingdon,2024,Violence and Sexual Offences,Violence and sexual offences,current_only,8941
E09000017,Hillingdon,2025,Criminal Damage and Arson,Criminal damage and arson,both,2156
E09000017,Hillingdon,2025,Drug and Weapon Offences,Drugs,both,1547
E09000017,Hillingdon,2025,Drug and Weapon Offences,Possession of weapons,current_only,164
E09000017,Hillingdon,2025,Other Crimes,Other crime,both,1883
E09000017,Hillingdon,2025,Public Order Offences,Anti-social behaviour,both,9022
E09000017,Hillingdon,2025,Public Order Offences,Public order,current_only,2162
E09000017,Hillingdon,2025,Theft and Robbery,Bicycle theft,current_only,253
E09000017,Hillingdon,2025,Theft and Robbery,Burglary,both,1422
E09000017,Hillingdon,2025,Theft and Robbery,Other theft,both,3236
E09000017,Hillingdon,2025,Theft and Robbery,Robbery,both,712
E09000017,Hillingdon,2025,Theft and Robbery,Shoplifting,both,3038
E09000017,Hillingdon,2025,Theft and Robbery,Theft from the person,current_only,1141
E09000017,Hillingdon,2025,Theft and Robbery,Vehicle crime,both,3485
E09000017,Hillingdon,2025,Violence and Sexual Offences,Violence and sexual offences,current_only,9647
E09000017,Hillingdon,2026,Criminal Damage and Arson,Criminal damage and arson,both,628
E09000017,Hillingdon,2026,Drug and Weapon Offences,Drugs,both,464
E09000017,Hillingdon,2026,Drug and Weapon Offences,Possession of weapons,current_only,76
E09000017,Hillingdon,2026,Other Crimes,Other crime,both,674
E09000017,Hillingdon,2026,Public Order Offences,Anti-social behaviour,both,2625
E09000017,Hillingdon,2026,Public Order Offences,Public order,current_only,617
E09000017,Hillingdon,2026,Theft and Robbery,Bicycle theft,current_only,53
E09000017,Hillingdon,2026,Theft and Robbery,Burglary,both,530
E09000017,Hillingdon,2026,Theft and Robbery,Other theft,both,993
E09000017,Hillingdon,2026,Theft and Robbery,Robbery,both,195
E09000017,Hillingdon,2026,Theft and Robbery,Shoplifting,both,963
E09000017,Hillingdon,2026,Theft and Robbery,Theft from the person,current_only,346
E09000017,Hillingdon,2026,Theft and Robbery,Vehicle crime,both,1205
E09000017,Hillingdon,2026,Violence and Sexual Offences,Violence and sexual offences,current_only,3109
E09000018,Hounslow,2011,Criminal Damage and Arson,Criminal damage and arson,both,843
E09000018,Hounslow,2011,Drug and Weapon Offences,Drugs,both,483
E09000018,Hounslow,2011,Other Crimes,Other crime,both,8562
E09000018,Hounslow,2011,Public Order Offences,Anti-social behaviour,both,13135
E09000018,Hounslow,2011,Public Order Offences,Public disorder and weapons,legacy_only,403
E09000018,Hounslow,2011,Theft and Robbery,Burglary,both,2691
E09000018,Hounslow,2011,Theft and Robbery,Other theft,both,1299
E09000018,Hounslow,2011,Theft and Robbery,Robbery,both,645
E09000018,Hounslow,2011,Theft and Robbery,Shoplifting,both,422
E09000018,Hounslow,2011,Theft and Robbery,Vehicle crime,both,3192
E09000018,Hounslow,2011,Violence and Sexual Offences,Violent crime,legacy_only,5183
E09000018,Hounslow,2012,Criminal Damage and Arson,Criminal damage and arson,both,2180
E09000018,Hounslow,2012,Drug and Weapon Offences,Drugs,both,1496
E09000018,Hounslow,2012,Other Crimes,Other crime,both,1588
E09000018,Hounslow,2012,Public Order Offences,Anti-social behaviour,both,10829
E09000018,Hounslow,2012,Public Order Offences,Public disorder and weapons,legacy_only,1090
E09000018,Hounslow,2012,Theft and Robbery,Burglary,both,2943
E09000018,Hounslow,2012,Theft and Robbery,Other theft,both,4055
E09000018,Hounslow,2012,Theft and Robbery,Robbery,both,763
E09000018,Hounslow,2012,Theft and Robbery,Shoplifting,both,1405
E09000018,Hounslow,2012,Theft and Robbery,Vehicle crime,both,3235
E09000018,Hounslow,2012,Violence and Sexual Offences,Violent crime,legacy_only,4779
E09000018,Hounslow,2013,Criminal Damage and Arson,Criminal damage and arson,both,1950
E09000018,Hounslow,2013,Drug and Weapon Offences,Drugs,both,1343
E09000018,Hounslow,2013,Drug and Weapon Offences,Possession of weapons,current_only,61
E09000018,Hounslow,2013,Other Crimes,Other crime,both,428
E09000018,Hounslow,2013,Public Order Offences,Anti-social behaviour,both,9115
E09000018,Hounslow,2013,Public Order Offences,Public disorder and weapons,legacy_only,300
E09000018,Hounslow,2013,Public Order Offences,Public order,current_only,627
E09000018,Hounslow,2013,Theft and Robbery,Bicycle theft,current_only,435
E09000018,Hounslow,2013,Theft and Robbery,Burglary,both,2457
E09000018,Hounslow,2013,Theft and Robbery,Other theft,both,3008
E09000018,Hounslow,2013,Theft and Robbery,Robbery,both,490
E09000018,Hounslow,2013,Theft and Robbery,Shoplifting,both,1464
E09000018,Hounslow,2013,Theft and Robbery,Theft from the person,current_only,339
E09000018,Hounslow,2013,Theft and Robbery,Vehicle crime,both,2378
E09000018,Hounslow,2013,Violence and Sexual Offences,Violence and sexual offences,current_only,3155
E09000018,Hounslow,2013,Violence and Sexual Offences,Violent crime,legacy_only,1399
E09000018,Hounslow,2014,Criminal Damage and Arson,Criminal damage and arson,both,1849
E09000018,Hounslow,2014,Drug and Weapon Offences,Drugs,both,1340
E09000018,Hounslow,2014,Drug and Weapon Offences,Possession of weapons,current_only,108
E09000018,Hounslow,2014,Other Crimes,Other crime,both,301
E09000018,Hounslow,2014,Public Order Offences,Anti-social behaviour,both,7892
E09000018,Hounslow,2014,Public Order Offences,Public order,current_only,1161
E09000018,Hounslow,2014,Theft and Robbery,Bicycle theft,current_only,472
E09000018,Hounslow,2014,Theft and Robbery,Burglary,both,1892
E09000018,Hounslow,2014,Theft and Robbery,Other theft,both,2721
E09000018,Hounslow,2014,Theft and Robbery,Robbery,both,404
E09000018,Hounslow,2014,Theft and Robbery,Shoplifting,both,1440
E09000018,Hounslow,2014,Theft and Robbery,Theft from the person,current_only,416
E09000018,Hounslow,2014,Theft and Robbery,Vehicle crime,both,2362
E09000018,Hounslow,2014,Violence and Sexual Offences,Violence and sexual offences,current_only,5282
E09000018,Hounslow,2015,Criminal Damage and Arson,Criminal damage and arson,both,2054
E09000018,Hounslow,2015,Drug and Weapon Offences,Drugs,both,928
E09000018,Hounslow,2015,Drug and Weapon Offences,Possession of weapons,current_only,56
E09000018,Hounslow,2015,Other Crimes,Other crime,both,356
E09000018,Hounslow,2015,Public Order Offences,Anti-social behaviour,both,7296
E09000018,Hounslow,2015,Public Order Offences,Public order,current_only,1326
E09000018,Hounslow,2015,Theft and Robbery,Bicycle theft,current_only,531
E09000018,Hounslow,2015,Theft and Robbery,Burglary,both,1751
E09000018,Hounslow,2015,Theft and Robbery,Other theft,both,2730
E09000018,Hounslow,2015,Theft and Robbery,Robbery,both,370
E09000018,Hounslow,2015,Theft and Robbery,Shoplifting,both,1550
E09000018,Hounslow,2015,Theft and Robbery,Theft from the person,current_only,477
E09000018,Hounslow,2015,Theft and Robbery,Vehicle crime,both,2746
E09000018,Hounslow,2015,Violence and Sexual Offences,Violence and sexual offences,current_only,6219
E09000018,Hounslow,2016,Criminal Damage and Arson,Criminal damage and arson,both,2105
E09000018,Hounslow,2016,Drug and Weapon Offences,Drugs,both,915
E09000018,Hounslow,2016,Drug and Weapon Offences,Possession of weapons,current_only,101
E09000018,Hounslow,2016,Other Crimes,Other crime,both,476
E09000018,Hounslow,2016,Public Order Offences,Anti-social behaviour,both,7434
E09000018,Hounslow,2016,Public Order Offences,Public order,current_only,1412
E09000018,Hounslow,2016,Theft and Robbery,Bicycle theft,current_only,580
E09000018,Hounslow,2016,Theft and Robbery,Burglary,both,1762
E09000018,Hounslow,2016,Theft and Robbery,Other theft,both,2729
E09000018,Hounslow,2016,Theft and Robbery,Robbery,both,377
E09000018,Hounslow,2016,Theft and Robbery,Shoplifting,both,1588
E09000018,Hounslow,2016,Theft and Robbery,Theft from the person,current_only,402
E09000018,Hounslow,2016,Theft and Robbery,Vehicle crime,both,3168
E09000018,Hounslow,2016,Violence and Sexual Offences,Violence and sexual offences,current_only,6476
E09000018,Hounslow,2017,Criminal Damage and Arson,Criminal damage and arson,both,1997
E09000018,Hounslow,2017,Drug and Weapon Offences,Drugs,both,1059
E09000018,Hounslow,2017,Drug and Weapon Offences,Possession of weapons,current_only,173
E09000018,Hounslow,2017,Other Crimes,Other crime,both,456
E09000018,Hounslow,2017,Public Order Offences,Anti-social behaviour,both,7206
E09000018,Hounslow,2017,Public Order Offences,Public order,current_only,1516
E09000018,Hounslow,2017,Theft and Robbery,Bicycle theft,current_only,784
E09000018,Hounslow,2017,Theft and Robbery,Burglary,both,2271
E09000018,Hounslow,2017,Theft and Robbery,Other theft,both,2947
E09000018,Hounslow,2017,Theft and Robbery,Robbery,both,455
E09000018,Hounslow,2017,Theft and Robbery,Shoplifting,both,1523
E09000018,Hounslow,2017,Theft and Robbery,Theft from the person,current_only,417
E09000018,Hounslow,2017,Theft and Robbery,Vehicle crime,both,3533
E09000018,Hounslow,2017,Violence and Sexual Offences,Violence and sexual offences,current_only,6945
E09000018,Hounslow,2018,Criminal Damage and Arson,Criminal damage and arson,both,1927
E09000018,Hounslow,2018,Drug and Weapon Offences,Drugs,both,1144
E09000018,Hounslow,2018,Drug and Weapon Offences,Possession of weapons,current_only,202
E09000018,Hounslow,2018,Other Crimes,Other crime,both,473
E09000018,Hounslow,2018,Public Order Offences,Anti-social behaviour,both,7033
E09000018,Hounslow,2018,Public Order Offences,Public order,current_only,1514
E09000018,Hounslow,2018,Theft and Robbery,Bicycle theft,current_only,723
E09000018,Hounslow,2018,Theft and Robbery,Burglary,both,2216
E09000018,Hounslow,2018,Theft and Robbery,Other theft,both,2886
E09000018,Hounslow,2018,Theft and Robbery,Robbery,both,633
E09000018,Hounslow,2018,Theft and Robbery,Shoplifting,both,1188
E09000018,Hounslow,2018,Theft and Robbery,Theft from the person,current_only,541
E09000018,Hounslow,2018,Theft and Robbery,Vehicle crime,both,3897
E09000018,Hounslow,2018,Violence and Sexual Offences,Violence and sexual offences,current_only,7605
E09000018,Hounslow,2019,Criminal Damage and Arson,Criminal damage and arson,both,1744
E09000018,Hounslow,2019,Drug and Weapon Offences,Drugs,both,1550
E09000018,Hounslow,2019,Drug and Weapon Offences,Possession of weapons,current_only,193
E09000018,Hounslow,2019,Other Crimes,Other crime,both,364
E09000018,Hounslow,2019,Public Order Offences,Anti-social behaviour,both,7404
E09000018,Hounslow,2019,Public Order Offences,Public order,current_only,1655
E09000018,Hounslow,2019,Theft and Robbery,Bicycle theft,current_only,592
E09000018,Hounslow,2019,Theft and Robbery,Burglary,both,2152
E09000018,Hounslow,2019,Theft and Robbery,Other theft,both,2776
E09000018,Hounslow,2019,Theft and Robbery,Robbery,both,705
E09000018,Hounslow,2019,Theft and Robbery,Shoplifting,both,1155
E09000018,Hounslow,2019,Theft and Robbery,Theft from the person,current_only,551
E09000018,Hounslow,2019,Theft and Robbery,Vehicle crime,both,3881
E09000018,Hounslow,2019,Violence and Sexual Offences,Violence and sexual offences,current_only,7571
E09000018,Hounslow,2020,Criminal Damage and Arson,Criminal damage and arson,both,1617
E09000018,Hounslow,2020,Drug and Weapon Offences,Drugs,both,1571
E09000018,Hounslow,2020,Drug and Weapon Offences,Possession of weapons,current_only,159
E09000018,Hounslow,2020,Other Crimes,Other crime,both,391
E09000018,Hounslow,2020,Public Order Offences,Anti-social behaviour,both,12644
E09000018,Hounslow,2020,Public Order Offences,Public order,current_only,1634
E09000018,Hounslow,2020,Theft and Robbery,Bicycle theft,current_only,548
E09000018,Hounslow,2020,Theft and Robbery,Burglary,both,1733
E09000018,Hounslow,2020,Theft and Robbery,Other theft,both,2217
E09000018,Hounslow,2020,Theft and Robbery,Robbery,both,570
E09000018,Hounslow,2020,Theft and Robbery,Shoplifting,both,876
E09000018,Hounslow,2020,Theft and Robbery,Theft from the person,current_only,341
E09000018,Hounslow,2020,Theft and Robbery,Vehicle crime,both,3643
E09000018,Hounslow,2020,Violence and Sexual Offences,Violence and sexual offences,current_only,7835
E09000018,Hounslow,2021,Criminal Damage and Arson,Criminal damage and arson,both,1611
E09000018,Hounslow,2021,Drug and Weapon Offences,Drugs,both,1181
E09000018,Hounslow,2021,Drug and Weapon Offences,Possession of weapons,current_only,127
E09000018,Hounslow,2021,Other Crimes,Other crime,both,341
E09000018,Hounslow,2021,Public Order Offences,Anti-social behaviour,both,9522
E09000018,Hounslow,2021,Public Order Offences,Public order,current_only,1845
E09000018,Hounslow,2021,Theft and Robbery,Bicycle theft,current_only,634
E09000018,Hounslow,2021,Theft and Robbery,Burglary,both,1426
E09000018,Hounslow,2021,Theft and Robbery,Other theft,both,2382
E09000018,Hounslow,2021,Theft and Robbery,Robbery,both,364
E09000018,Hounslow,2021,Theft and Robbery,Shoplifting,both,731
E09000018,Hounslow,2021,Theft and Robbery,Theft from the person,current_only,425
E09000018,Hounslow,2021,Theft and Robbery,Vehicle crime,both,2971
E09000018,Hounslow,2021,Violence and Sexual Offences,Violence and sexual offences,current_only,8218
E09000018,Hounslow,2022,Criminal Damage and Arson,Criminal damage and arson,both,1667
E09000018,Hounslow,2022,Drug and Weapon Offences,Drugs,both,1027
E09000018,Hounslow,2022,Drug and Weapon Offences,Possession of weapons,current_only,122
E09000018,Hounslow,2022,Other Crimes,Other crime,both,349
E09000018,Hounslow,2022,Public Order Offences,Anti-social behaviour,both,7950
E09000018,Hounslow,2022,Public Order Offences,Public order,current_only,1912
E09000018,Hounslow,2022,Theft and Robbery,Bicycle theft,current_only,649
E09000018,Hounslow,2022,Theft and Robbery,Burglary,both,1475
E09000018,Hounslow,2022,Theft and Robbery,Other theft,both,2826
E09000018,Hounslow,2022,Theft and Robbery,Robbery,both,394
E09000018,Hounslow,2022,Theft and Robbery,Shoplifting,both,1052
E09000018,Hounslow,2022,Theft and Robbery,Theft from the person,current_only,510
E09000018,Hounslow,2022,Theft and Robbery,Vehicle crime,both,3099
E09000018,Hounslow,2022,Violence and Sexual Offences,Violence and sexual offences,current_only,8409
E09000018,Hounslow,2023,Criminal Damage and Arson,Criminal damage and arson,both,1969
E09000018,Hounslow,2023,Drug and Weapon Offences,Drugs,both,900
E09000018,Hounslow,2023,Drug and Weapon Offences,Possession of weapons,current_only,138
E09000018,Hounslow,2023,Other Crimes,Other crime,both,344
E09000018,Hounslow,2023,Public Order Offences,Anti-social behaviour,both,7399
E09000018,Hounslow,2023,Public Order Offences,Public order,current_only,1878
E09000018,Hounslow,2023,Theft and Robbery,Bicycle theft,current_only,555
E09000018,Hounslow,2023,Theft and Robbery,Burglary,both,1787
E09000018,Hounslow,2023,Theft and Robbery,Other theft,both,2907
E09000018,Hounslow,2023,Theft and Robbery,Robbery,both,590
E09000018,Hounslow,2023,Theft and Robbery,Shoplifting,both,1784
E09000018,Hounslow,2023,Theft and Robbery,Theft from the person,current_only,563
E09000018,Hounslow,2023,Theft and Robbery,Vehicle crime,both,3848
E09000018,Hounslow,2023,Violence and Sexual Offences,Violence and sexual offences,current_only,9104
E09000018,Hounslow,2024,Criminal Damage and Arson,Criminal damage and arson,both,1872
E09000018,Hounslow,2024,Drug and Weapon Offences,Drugs,both,968
E09000018,Hounslow,2024,Drug and Weapon Offences,Possession of weapons,current_only,118
E09000018,Hounslow,2024,Other Crimes,Other crime,both,389
E09000018,Hounslow,2024,Public Order Offences,Anti-social behaviour,both,7152
E09000018,Hounslow,2024,Public Order Offences,Public order,current_only,1804
E09000018,Hounslow,2024,Theft and Robbery,Bicycle theft,current_only,475
E09000018,Hounslow,2024,Theft and Robbery,Burglary,both,1494
E09000018,Hounslow,2024,Theft and Robbery,Other theft,both,2480
E09000018,Hounslow,2024,Theft and Robbery,Robbery,both,669
E09000018,Hounslow,2024,Theft and Robbery,Shoplifting,both,2598
E09000018,Hounslow,2024,Theft and Robbery,Theft from the person,current_only,976
E09000018,Hounslow,2024,Theft and Robbery,Vehicle crime,both,3182
E09000018,Hounslow,2024,Violence and Sexual Offences,Violence and sexual offences,current_only,8839
E09000018,Hounslow,2025,Criminal Damage and Arson,Criminal damage and arson,both,2001
E09000018,Hounslow,2025,Drug and Weapon Offences,Drugs,both,1391
E09000018,Hounslow,2025,Drug and Weapon Offences,Possession of weapons,current_only,166
E09000018,Hounslow,2025,Other Crimes,Other crime,both,407
E09000018,Hounslow,2025,Public Order Offences,Anti-social behaviour,both,7236
E09000018,Hounslow,2025,Public Order Offences,Public order,current_only,2043
E09000018,Hounslow,2025,Theft and Robbery,Bicycle theft,current_only,454
E09000018,Hounslow,2025,Theft and Robbery,Burglary,both,1259
E09000018,Hounslow,2025,Theft and Robbery,Other theft,both,2158
E09000018,Hounslow,2025,Theft and Robbery,Robbery,both,600
E09000018,Hounslow,2025,Theft and Robbery,Shoplifting,both,2667
E09000018,Hounslow,2025,Theft and Robbery,Theft from the person,current_only,934
E09000018,Hounslow,2025,Theft and Robbery,Vehicle crime,both,2897
E09000018,Hounslow,2025,Violence and Sexual Offences,Violence and sexual offences,current_only,9341
E09000018,Hounslow,2026,Criminal Damage and Arson,Criminal damage and arson,both,610
E09000018,Hounslow,2026,Drug and Weapon Offences,Drugs,both,426
E09000018,Hounslow,2026,Drug and Weapon Offences,Possession of weapons,current_only,69
E09000018,Hounslow,2026,Other Crimes,Other crime,both,125
E09000018,Hounslow,2026,Public Order Offences,Anti-social behaviour,both,2018
E09000018,Hounslow,2026,Public Order Offences,Public order,current_only,595
E09000018,Hounslow,2026,Theft and Robbery,Bicycle theft,current_only,93
E09000018,Hounslow,2026,Theft and Robbery,Burglary,both,526
E09000018,Hounslow,2026,Theft and Robbery,Other theft,both,669
E09000018,Hounslow,2026,Theft and Robbery,Robbery,both,190
E09000018,Hounslow,2026,Theft and Robbery,Shoplifting,both,877
E09000018,Hounslow,2026,Theft and Robbery,Theft from the person,current_only,324
E09000018,Hounslow,2026,Theft and Robbery,Vehicle crime,both,825
E09000018,Hounslow,2026,Violence and Sexual Offences,Violence and sexual offences,current_only,3046
E09000019,Islington,2011,Criminal Damage and Arson,Criminal damage and arson,both,634
E09000019,Islington,2011,Drug and Weapon Offences,Drugs,both,488
E09000019,Islington,2011,Other Crimes,Other crime,both,10324
E09000019,Islington,2011,Public Order Offences,Anti-social behaviour,both,15558
E09000019,Islington,2011,Public Order Offences,Public disorder and weapons,legacy_only,513
E09000019,Islington,2011,Theft and Robbery,Burglary,both,2809
E09000019,Islington,2011,Theft and Robbery,Other theft,both,2976
E09000019,Islington,2011,Theft and Robbery,Robbery,both,1140
E09000019,Islington,2011,Theft and Robbery,Shoplifting,both,376
E09000019,Islington,2011,Theft and Robbery,Vehicle crime,both,2710
E09000019,Islington,2011,Violence and Sexual Offences,Violent crime,legacy_only,4743
E09000019,Islington,2012,Criminal Damage and Arson,Criminal damage and arson,both,1820
E09000019,Islington,2012,Drug and Weapon Offences,Drugs,both,1467
E09000019,Islington,2012,Other Crimes,Other crime,both,1292
E09000019,Islington,2012,Public Order Offences,Anti-social behaviour,both,11296
E09000019,Islington,2012,Public Order Offences,Public disorder and weapons,legacy_only,1473
E09000019,Islington,2012,Theft and Robbery,Burglary,both,2474
E09000019,Islington,2012,Theft and Robbery,Other theft,both,9971
E09000019,Islington,2012,Theft and Robbery,Robbery,both,1173
E09000019,Islington,2012,Theft and Robbery,Shoplifting,both,1138
E09000019,Islington,2012,Theft and Robbery,Vehicle crime,both,2345
E09000019,Islington,2012,Violence and Sexual Offences,Violent crime,legacy_only,4360
E09000019,Islington,2013,Criminal Damage and Arson,Criminal damage and arson,both,1583
E09000019,Islington,2013,Drug and Weapon Offences,Drugs,both,1255
E09000019,Islington,2013,Drug and Weapon Offences,Possession of weapons,current_only,71
E09000019,Islington,2013,Other Crimes,Other crime,both,368
E09000019,Islington,2013,Public Order Offences,Anti-social behaviour,both,8849
E09000019,Islington,2013,Public Order Offences,Public disorder and weapons,legacy_only,369
E09000019,Islington,2013,Public Order Offences,Public order,current_only,732
E09000019,Islington,2013,Theft and Robbery,Bicycle theft,current_only,724
E09000019,Islington,2013,Theft and Robbery,Burglary,both,2406
E09000019,Islington,2013,Theft and Robbery,Other theft,both,5696
E09000019,Islington,2013,Theft and Robbery,Robbery,both,957
E09000019,Islington,2013,Theft and Robbery,Shoplifting,both,950
E09000019,Islington,2013,Theft and Robbery,Theft from the person,current_only,2727
E09000019,Islington,2013,Theft and Robbery,Vehicle crime,both,2245
E09000019,Islington,2013,Violence and Sexual Offences,Violence and sexual offences,current_only,2863
E09000019,Islington,2013,Violence and Sexual Offences,Violent crime,legacy_only,1405
E09000019,Islington,2014,Criminal Damage and Arson,Criminal damage and arson,both,1941
E09000019,Islington,2014,Drug and Weapon Offences,Drugs,both,1134
E09000019,Islington,2014,Drug and Weapon Offences,Possession of weapons,current_only,133
E09000019,Islington,2014,Other Crimes,Other crime,both,208
E09000019,Islington,2014,Public Order Offences,Anti-social behaviour,both,7968
E09000019,Islington,2014,Public Order Offences,Public order,current_only,1569
E09000019,Islington,2014,Theft and Robbery,Bicycle theft,current_only,1142
E09000019,Islington,2014,Theft and Robbery,Burglary,both,2360
E09000019,Islington,2014,Theft and Robbery,Other theft,both,3785
E09000019,Islington,2014,Theft and Robbery,Robbery,both,845
E09000019,Islington,2014,Theft and Robbery,Shoplifting,both,1216
E09000019,Islington,2014,Theft and Robbery,Theft from the person,current_only,2825
E09000019,Islington,2014,Theft and Robbery,Vehicle crime,both,2395
E09000019,Islington,2014,Violence and Sexual Offences,Violence and sexual offences,current_only,5420
E09000019,Islington,2015,Criminal Damage and Arson,Criminal damage and arson,both,1974
E09000019,Islington,2015,Drug and Weapon Offences,Drugs,both,1164
E09000019,Islington,2015,Drug and Weapon Offences,Possession of weapons,current_only,120
E09000019,Islington,2015,Other Crimes,Other crime,both,288
E09000019,Islington,2015,Public Order Offences,Anti-social behaviour,both,6568
E09000019,Islington,2015,Public Order Offences,Public order,current_only,1811
E09000019,Islington,2015,Theft and Robbery,Bicycle theft,current_only,990
E09000019,Islington,2015,Theft and Robbery,Burglary,both,2362
E09000019,Islington,2015,Theft and Robbery,Other theft,both,3981
E09000019,Islington,2015,Theft and Robbery,Robbery,both,996
E09000019,Islington,2015,Theft and Robbery,Shoplifting,both,1304
E09000019,Islington,2015,Theft and Robbery,Theft from the person,current_only,3824
E09000019,Islington,2015,Theft and Robbery,Vehicle crime,both,2439
E09000019,Islington,2015,Violence and Sexual Offences,Violence and sexual offences,current_only,6175
E09000019,Islington,2016,Criminal Damage and Arson,Criminal damage and arson,both,1892
E09000019,Islington,2016,Drug and Weapon Offences,Drugs,both,1543
E09000019,Islington,2016,Drug and Weapon Offences,Possession of weapons,current_only,167
E09000019,Islington,2016,Other Crimes,Other crime,both,264
E09000019,Islington,2016,Public Order Offences,Anti-social behaviour,both,6745
E09000019,Islington,2016,Public Order Offences,Public order,current_only,1857
E09000019,Islington,2016,Theft and Robbery,Bicycle theft,current_only,970
E09000019,Islington,2016,Theft and Robbery,Burglary,both,2059
E09000019,Islington,2016,Theft and Robbery,Other theft,both,3760
E09000019,Islington,2016,Theft and Robbery,Robbery,both,958
E09000019,Islington,2016,Theft and Robbery,Shoplifting,both,1546
E09000019,Islington,2016,Theft and Robbery,Theft from the person,current_only,3583
E09000019,Islington,2016,Theft and Robbery,Vehicle crime,both,2390
E09000019,Islington,2016,Violence and Sexual Offences,Violence and sexual offences,current_only,6629
E09000019,Islington,2017,Criminal Damage and Arson,Criminal damage and arson,both,1829
E09000019,Islington,2017,Drug and Weapon Offences,Drugs,both,1274
E09000019,Islington,2017,Drug and Weapon Offences,Possession of weapons,current_only,218
E09000019,Islington,2017,Other Crimes,Other crime,both,253
E09000019,Islington,2017,Public Order Offences,Anti-social behaviour,both,7034
E09000019,Islington,2017,Public Order Offences,Public order,current_only,1760
E09000019,Islington,2017,Theft and Robbery,Bicycle theft,current_only,1198
E09000019,Islington,2017,Theft and Robbery,Burglary,both,2406
E09000019,Islington,2017,Theft and Robbery,Other theft,both,3896
E09000019,Islington,2017,Theft and Robbery,Robbery,both,1803
E09000019,Islington,2017,Theft and Robbery,Shoplifting,both,1580
E09000019,Islington,2017,Theft and Robbery,Theft from the person,current_only,6205
E09000019,Islington,2017,Theft and Robbery,Vehicle crime,both,3010
E09000019,Islington,2017,Violence and Sexual Offences,Violence and sexual offences,current_only,6865
E09000019,Islington,2018,Criminal Damage and Arson,Criminal damage and arson,both,1668
E09000019,Islington,2018,Drug and Weapon Offences,Drugs,both,1161
E09000019,Islington,2018,Drug and Weapon Offences,Possession of weapons,current_only,203
E09000019,Islington,2018,Other Crimes,Other crime,both,283
E09000019,Islington,2018,Public Order Offences,Anti-social behaviour,both,6624
E09000019,Islington,2018,Public Order Offences,Public order,current_only,1651
E09000019,Islington,2018,Theft and Robbery,Bicycle theft,current_only,1167
E09000019,Islington,2018,Theft and Robbery,Burglary,both,2791
E09000019,Islington,2018,Theft and Robbery,Other theft,both,4031
E09000019,Islington,2018,Theft and Robbery,Robbery,both,1516
E09000019,Islington,2018,Theft and Robbery,Shoplifting,both,1354
E09000019,Islington,2018,Theft and Robbery,Theft from the person,current_only,2896
E09000019,Islington,2018,Theft and Robbery,Vehicle crime,both,2823
E09000019,Islington,2018,Violence and Sexual Offences,Violence and sexual offences,current_only,7071
E09000019,Islington,2019,Criminal Damage and Arson,Criminal damage and arson,both,1465
E09000019,Islington,2019,Drug and Weapon Offences,Drugs,both,1190
E09000019,Islington,2019,Drug and Weapon Offences,Possession of weapons,current_only,212
E09000019,Islington,2019,Other Crimes,Other crime,both,262
E09000019,Islington,2019,Public Order Offences,Anti-social behaviour,both,7938
E09000019,Islington,2019,Public Order Offences,Public order,current_only,1664
E09000019,Islington,2019,Theft and Robbery,Bicycle theft,current_only,960
E09000019,Islington,2019,Theft and Robbery,Burglary,both,2655
E09000019,Islington,2019,Theft and Robbery,Other theft,both,4764
E09000019,Islington,2019,Theft and Robbery,Robbery,both,1575
E09000019,Islington,2019,Theft and Robbery,Shoplifting,both,1454
E09000019,Islington,2019,Theft and Robbery,Theft from the person,current_only,3013
E09000019,Islington,2019,Theft and Robbery,Vehicle crime,both,2869
E09000019,Islington,2019,Violence and Sexual Offences,Violence and sexual offences,current_only,6626
E09000019,Islington,2020,Criminal Damage and Arson,Criminal damage and arson,both,1459
E09000019,Islington,2020,Drug and Weapon Offences,Drugs,both,1424
E09000019,Islington,2020,Drug and Weapon Offences,Possession of weapons,current_only,154
E09000019,Islington,2020,Other Crimes,Other crime,both,231
E09000019,Islington,2020,Public Order Offences,Anti-social behaviour,both,13885
E09000019,Islington,2020,Public Order Offences,Public order,current_only,1910
E09000019,Islington,2020,Theft and Robbery,Bicycle theft,current_only,1451
E09000019,Islington,2020,Theft and Robbery,Burglary,both,2132
E09000019,Islington,2020,Theft and Robbery,Other theft,both,2830
E09000019,Islington,2020,Theft and Robbery,Robbery,both,1169
E09000019,Islington,2020,Theft and Robbery,Shoplifting,both,1060
E09000019,Islington,2020,Theft and Robbery,Theft from the person,current_only,2225
E09000019,Islington,2020,Theft and Robbery,Vehicle crime,both,2537
E09000019,Islington,2020,Violence and Sexual Offences,Violence and sexual offences,current_only,6198
E09000019,Islington,2021,Criminal Damage and Arson,Criminal damage and arson,both,1465
E09000019,Islington,2021,Drug and Weapon Offences,Drugs,both,1049
E09000019,Islington,2021,Drug and Weapon Offences,Possession of weapons,current_only,135
E09000019,Islington,2021,Other Crimes,Other crime,both,229
E09000019,Islington,2021,Public Order Offences,Anti-social behaviour,both,10058
E09000019,Islington,2021,Public Order Offences,Public order,current_only,1955
E09000019,Islington,2021,Theft and Robbery,Bicycle theft,current_only,1075
E09000019,Islington,2021,Theft and Robbery,Burglary,both,1798
E09000019,Islington,2021,Theft and Robbery,Other theft,both,2745
E09000019,Islington,2021,Theft and Robbery,Robbery,both,973
E09000019,Islington,2021,Theft and Robbery,Shoplifting,both,930
E09000019,Islington,2021,Theft and Robbery,Theft from the person,current_only,2537
E09000019,Islington,2021,Theft and Robbery,Vehicle crime,both,2274
E09000019,Islington,2021,Violence and Sexual Offences,Violence and sexual offences,current_only,6782
E09000019,Islington,2022,Criminal Damage and Arson,Criminal damage and arson,both,1574
E09000019,Islington,2022,Drug and Weapon Offences,Drugs,both,1109
E09000019,Islington,2022,Drug and Weapon Offences,Possession of weapons,current_only,127
E09000019,Islington,2022,Other Crimes,Other crime,both,306
E09000019,Islington,2022,Public Order Offences,Anti-social behaviour,both,8722
E09000019,Islington,2022,Public Order Offences,Public order,current_only,2035
E09000019,Islington,2022,Theft and Robbery,Bicycle theft,current_only,990
E09000019,Islington,2022,Theft and Robbery,Burglary,both,1697
E09000019,Islington,2022,Theft and Robbery,Other theft,both,3992
E09000019,Islington,2022,Theft and Robbery,Robbery,both,1064
E09000019,Islington,2022,Theft and Robbery,Shoplifting,both,1216
E09000019,Islington,2022,Theft and Robbery,Theft from the person,current_only,2958
E09000019,Islington,2022,Theft and Robbery,Vehicle crime,both,2501
E09000019,Islington,2022,Violence and Sexual Offences,Violence and sexual offences,current_only,7362
E09000019,Islington,2023,Criminal Damage and Arson,Criminal damage and arson,both,1600
E09000019,Islington,2023,Drug and Weapon Offences,Drugs,both,1130
E09000019,Islington,2023,Drug and Weapon Offences,Possession of weapons,current_only,160
E09000019,Islington,2023,Other Crimes,Other crime,both,373
E09000019,Islington,2023,Public Order Offences,Anti-social behaviour,both,7768
E09000019,Islington,2023,Public Order Offences,Public order,current_only,1923
E09000019,Islington,2023,Theft and Robbery,Bicycle theft,current_only,731
E09000019,Islington,2023,Theft and Robbery,Burglary,both,1896
E09000019,Islington,2023,Theft and Robbery,Other theft,both,4867
E09000019,Islington,2023,Theft and Robbery,Robbery,both,1358
E09000019,Islington,2023,Theft and Robbery,Shoplifting,both,1864
E09000019,Islington,2023,Theft and Robbery,Theft from the person,current_only,2824
E09000019,Islington,2023,Theft and Robbery,Vehicle crime,both,2277
E09000019,Islington,2023,Violence and Sexual Offences,Violence and sexual offences,current_only,7655
E09000019,Islington,2024,Criminal Damage and Arson,Criminal damage and arson,both,1662
E09000019,Islington,2024,Drug and Weapon Offences,Drugs,both,1117
E09000019,Islington,2024,Drug and Weapon Offences,Possession of weapons,current_only,131
E09000019,Islington,2024,Other Crimes,Other crime,both,274
E09000019,Islington,2024,Public Order Offences,Anti-social behaviour,both,9408
E09000019,Islington,2024,Public Order Offences,Public order,current_only,1896
E09000019,Islington,2024,Theft and Robbery,Bicycle theft,current_only,879
E09000019,Islington,2024,Theft and Robbery,Burglary,both,1819
E09000019,Islington,2024,Theft and Robbery,Other theft,both,4228
E09000019,Islington,2024,Theft and Robbery,Robbery,both,1259
E09000019,Islington,2024,Theft and Robbery,Shoplifting,both,2984
E09000019,Islington,2024,Theft and Robbery,Theft from the person,current_only,4282
E09000019,Islington,2024,Theft and Robbery,Vehicle crime,both,2422
E09000019,Islington,2024,Violence and Sexual Offences,Violence and sexual offences,current_only,7607
E09000019,Islington,2025,Criminal Damage and Arson,Criminal damage and arson,both,1698
E09000019,Islington,2025,Drug and Weapon Offences,Drugs,both,2166
E09000019,Islington,2025,Drug and Weapon Offences,Possession of weapons,current_only,202
E09000019,Islington,2025,Other Crimes,Other crime,both,356
E09000019,Islington,2025,Public Order Offences,Anti-social behaviour,both,9000
E09000019,Islington,2025,Public Order Offences,Public order,current_only,2230
E09000019,Islington,2025,Theft and Robbery,Bicycle theft,current_only,816
E09000019,Islington,2025,Theft and Robbery,Burglary,both,1675
E09000019,Islington,2025,Theft and Robbery,Other theft,both,3933
E09000019,Islington,2025,Theft and Robbery,Robbery,both,1276
E09000019,Islington,2025,Theft and Robbery,Shoplifting,both,3246
E09000019,Islington,2025,Theft and Robbery,Theft from the person,current_only,3774
E09000019,Islington,2025,Theft and Robbery,Vehicle crime,both,2139
E09000019,Islington,2025,Violence and Sexual Offences,Violence and sexual offences,current_only,8188
E09000019,Islington,2026,Criminal Damage and Arson,Criminal damage and arson,both,492
E09000019,Islington,2026,Drug and Weapon Offences,Drugs,both,628
E09000019,Islington,2026,Drug and Weapon Offences,Possession of weapons,current_only,86
E09000019,Islington,2026,Other Crimes,Other crime,both,109
E09000019,Islington,2026,Public Order Offences,Anti-social behaviour,both,2969
E09000019,Islington,2026,Public Order Offences,Public order,current_only,716
E09000019,Islington,2026,Theft and Robbery,Bicycle theft,current_only,225
E09000019,Islington,2026,Theft and Robbery,Burglary,both,485
E09000019,Islington,2026,Theft and Robbery,Other theft,both,1042
E09000019,Islington,2026,Theft and Robbery,Robbery,both,389
E09000019,Islington,2026,Theft and Robbery,Shoplifting,both,1342
E09000019,Islington,2026,Theft and Robbery,Theft from the person,current_only,1127
E09000019,Islington,2026,Theft and Robbery,Vehicle crime,both,572
E09000019,Islington,2026,Violence and Sexual Offences,Violence and sexual offences,current_only,2803
E09000020,Kensington and Chelsea,2011,Criminal Damage and Arson,Criminal damage and arson,both,351
E09000020,Kensington and Chelsea,2011,Drug and Weapon Offences,Drugs,both,386
E09000020,Kensington and Chelsea,2011,Other Crimes,Other crime,both,8623
E09000020,Kensington and Chelsea,2011,Public Order Offences,Anti-social behaviour,both,8155
E09000020,Kensington and Chelsea,2011,Public Order Offences,Public disorder and weapons,legacy_only,165
E09000020,Kensington and Chelsea,2011,Theft and Robbery,Burglary,both,1708
E09000020,Kensington and Chelsea,2011,Theft and Robbery,Other theft,both,2448
E09000020,Kensington and Chelsea,2011,Theft and Robbery,Robbery,both,549
E09000020,Kensington and Chelsea,2011,Theft and Robbery,Shoplifting,both,563
E09000020,Kensington and Chelsea,2011,Theft and Robbery,Vehicle crime,both,2001
E09000020,Kensington and Chelsea,2011,Violence and Sexual Offences,Violent crime,legacy_only,2589
E09000020,Kensington and Chelsea,2012,Criminal Damage and Arson,Criminal damage and arson,both,1014
E09000020,Kensington and Chelsea,2012,Drug and Weapon Offences,Drugs,both,1225
E09000020,Kensington and Chelsea,2012,Other Crimes,Other crime,both,1187
E09000020,Kensington and Chelsea,2012,Public Order Offences,Anti-social behaviour,both,7131
E09000020,Kensington and Chelsea,2012,Public Order Offences,Public disorder and weapons,legacy_only,569
E09000020,Kensington and Chelsea,2012,Theft and Robbery,Burglary,both,1800
E09000020,Kensington and Chelsea,2012,Theft and Robbery,Other theft,both,8112
E09000020,Kensington and Chelsea,2012,Theft and Robbery,Robbery,both,656
E09000020,Kensington and Chelsea,2012,Theft and Robbery,Shoplifting,both,1578
E09000020,Kensington and Chelsea,2012,Theft and Robbery,Vehicle crime,both,2239
E09000020,Kensington and Chelsea,2012,Violence and Sexual Offences,Violent crime,legacy_only,2420
E09000020,Kensington and Chelsea,2013,Criminal Damage and Arson,Criminal damage and arson,both,820
E09000020,Kensington and Chelsea,2013,Drug and Weapon Offences,Drugs,both,1004
E09000020,Kensington and Chelsea,2013,Drug and Weapon Offences,Possession of weapons,current_only,34
E09000020,Kensington and Chelsea,2013,Other Crimes,Other crime,both,315
E09000020,Kensington and Chelsea,2013,Public Order Offences,Anti-social behaviour,both,6016
E09000020,Kensington and Chelsea,2013,Public Order Offences,Public disorder and weapons,legacy_only,176
E09000020,Kensington and Chelsea,2013,Public Order Offences,Public order,current_only,302
E09000020,Kensington and Chelsea,2013,Theft and Robbery,Bicycle theft,current_only,469
E09000020,Kensington and Chelsea,2013,Theft and Robbery,Burglary,both,1759
E09000020,Kensington and Chelsea,2013,Theft and Robbery,Other theft,both,5623
E09000020,Kensington and Chelsea,2013,Theft and Robbery,Robbery,both,560
E09000020,Kensington and Chelsea,2013,Theft and Robbery,Shoplifting,both,1446
E09000020,Kensington and Chelsea,2013,Theft and Robbery,Theft from the person,current_only,1125
E09000020,Kensington and Chelsea,2013,Theft and Robbery,Vehicle crime,both,2060
E09000020,Kensington and Chelsea,2013,Violence and Sexual Offences,Violence and sexual offences,current_only,1578
E09000020,Kensington and Chelsea,2013,Violence and Sexual Offences,Violent crime,legacy_only,736
E09000020,Kensington and Chelsea,2014,Criminal Damage and Arson,Criminal damage and arson,both,948
E09000020,Kensington and Chelsea,2014,Drug and Weapon Offences,Drugs,both,693
E09000020,Kensington and Chelsea,2014,Drug and Weapon Offences,Possession of weapons,current_only,39
E09000020,Kensington and Chelsea,2014,Other Crimes,Other crime,both,163
E09000020,Kensington and Chelsea,2014,Public Order Offences,Anti-social behaviour,both,5817
E09000020,Kensington and Chelsea,2014,Public Order Offences,Public order,current_only,767
E09000020,Kensington and Chelsea,2014,Theft and Robbery,Bicycle theft,current_only,626
E09000020,Kensington and Chelsea,2014,Theft and Robbery,Burglary,both,1573
E09000020,Kensington and Chelsea,2014,Theft and Robbery,Other theft,both,4387
E09000020,Kensington and Chelsea,2014,Theft and Robbery,Robbery,both,458
E09000020,Kensington and Chelsea,2014,Theft and Robbery,Shoplifting,both,1711
E09000020,Kensington and Chelsea,2014,Theft and Robbery,Theft from the person,current_only,1173
E09000020,Kensington and Chelsea,2014,Theft and Robbery,Vehicle crime,both,2280
E09000020,Kensington and Chelsea,2014,Violence and Sexual Offences,Violence and sexual offences,current_only,3087
E09000020,Kensington and Chelsea,2015,Criminal Damage and Arson,Criminal damage and arson,both,1026
E09000020,Kensington and Chelsea,2015,Drug and Weapon Offences,Drugs,both,917
E09000020,Kensington and Chelsea,2015,Drug and Weapon Offences,Possession of weapons,current_only,120
E09000020,Kensington and Chelsea,2015,Other Crimes,Other crime,both,186
E09000020,Kensington and Chelsea,2015,Public Order Offences,Anti-social behaviour,both,5058
E09000020,Kensington and Chelsea,2015,Public Order Offences,Public order,current_only,1098
E09000020,Kensington and Chelsea,2015,Theft and Robbery,Bicycle theft,current_only,461
E09000020,Kensington and Chelsea,2015,Theft and Robbery,Burglary,both,1604
E09000020,Kensington and Chelsea,2015,Theft and Robbery,Other theft,both,4206
E09000020,Kensington and Chelsea,2015,Theft and Robbery,Robbery,both,410
E09000020,Kensington and Chelsea,2015,Theft and Robbery,Shoplifting,both,1720
E09000020,Kensington and Chelsea,2015,Theft and Robbery,Theft from the person,current_only,1305
E09000020,Kensington and Chelsea,2015,Theft and Robbery,Vehicle crime,both,2458
E09000020,Kensington and Chelsea,2015,Violence and Sexual Offences,Violence and sexual offences,current_only,3624
E09000020,Kensington and Chelsea,2016,Criminal Damage and Arson,Criminal damage and arson,both,1004
E09000020,Kensington and Chelsea,2016,Drug and Weapon Offences,Drugs,both,1518
E09000020,Kensington and Chelsea,2016,Drug and Weapon Offences,Possession of weapons,current_only,138
E09000020,Kensington and Chelsea,2016,Other Crimes,Other crime,both,233
E09000020,Kensington and Chelsea,2016,Public Order Offences,Anti-social behaviour,both,4983
E09000020,Kensington and Chelsea,2016,Public Order Offences,Public order,current_only,1232
E09000020,Kensington and Chelsea,2016,Theft and Robbery,Bicycle theft,current_only,526
E09000020,Kensington and Chelsea,2016,Theft and Robbery,Burglary,both,1431
E09000020,Kensington and Chelsea,2016,Theft and Robbery,Other theft,both,3634
E09000020,Kensington and Chelsea,2016,Theft and Robbery,Robbery,both,524
E09000020,Kensington and Chelsea,2016,Theft and Robbery,Shoplifting,both,1634
E09000020,Kensington and Chelsea,2016,Theft and Robbery,Theft from the person,current_only,1091
E09000020,Kensington and Chelsea,2016,Theft and Robbery,Vehicle crime,both,2954
E09000020,Kensington and Chelsea,2016,Violence and Sexual Offences,Violence and sexual offences,current_only,3690
E09000020,Kensington and Chelsea,2017,Criminal Damage and Arson,Criminal damage and arson,both,1088
E09000020,Kensington and Chelsea,2017,Drug and Weapon Offences,Drugs,both,1468
E09000020,Kensington and Chelsea,2017,Drug and Weapon Offences,Possession of weapons,current_only,148
E09000020,Kensington and Chelsea,2017,Other Crimes,Other crime,both,246
E09000020,Kensington and Chelsea,2017,Public Order Offences,Anti-social behaviour,both,4886
E09000020,Kensington and Chelsea,2017,Public Order Offences,Public order,current_only,1127
E09000020,Kensington and Chelsea,2017,Theft and Robbery,Bicycle theft,current_only,683
E09000020,Kensington and Chelsea,2017,Theft and Robbery,Burglary,both,1769
E09000020,Kensington and Chelsea,2017,Theft and Robbery,Other theft,both,3370
E09000020,Kensington and Chelsea,2017,Theft and Robbery,Robbery,both,659
E09000020,Kensington and Chelsea,2017,Theft and Robbery,Shoplifting,both,1664
E09000020,Kensington and Chelsea,2017,Theft and Robbery,Theft from the person,current_only,1282
E09000020,Kensington and Chelsea,2017,Theft and Robbery,Vehicle crime,both,3095
E09000020,Kensington and Chelsea,2017,Violence and Sexual Offences,Violence and sexual offences,current_only,4079
E09000020,Kensington and Chelsea,2018,Criminal Damage and Arson,Criminal damage and arson,both,1049
E09000020,Kensington and Chelsea,2018,Drug and Weapon Offences,Drugs,both,1411
E09000020,Kensington and Chelsea,2018,Drug and Weapon Offences,Possession of weapons,current_only,146
E09000020,Kensington and Chelsea,2018,Other Crimes,Other crime,both,199
E09000020,Kensington and Chelsea,2018,Public Order Offences,Anti-social behaviour,both,4556
E09000020,Kensington and Chelsea,2018,Public Order Offences,Public order,current_only,1172
E09000020,Kensington and Chelsea,2018,Theft and Robbery,Bicycle theft,current_only,533
E09000020,Kensington and Chelsea,2018,Theft and Robbery,Burglary,both,2047
E09000020,Kensington and Chelsea,2018,Theft and Robbery,Other theft,both,3590
E09000020,Kensington and Chelsea,2018,Theft and Robbery,Robbery,both,709
E09000020,Kensington and Chelsea,2018,Theft and Robbery,Shoplifting,both,1550
E09000020,Kensington and Chelsea,2018,Theft and Robbery,Theft from the person,current_only,1380
E09000020,Kensington and Chelsea,2018,Theft and Robbery,Vehicle crime,both,2852
E09000020,Kensington and Chelsea,2018,Violence and Sexual Offences,Violence and sexual offences,current_only,4388
E09000020,Kensington and Chelsea,2019,Criminal Damage and Arson,Criminal damage and arson,both,974
E09000020,Kensington and Chelsea,2019,Drug and Weapon Offences,Drugs,both,1279
E09000020,Kensington and Chelsea,2019,Drug and Weapon Offences,Possession of weapons,current_only,118
E09000020,Kensington and Chelsea,2019,Other Crimes,Other crime,both,132
E09000020,Kensington and Chelsea,2019,Public Order Offences,Anti-social behaviour,both,5054
E09000020,Kensington and Chelsea,2019,Public Order Offences,Public order,current_only,1178
E09000020,Kensington and Chelsea,2019,Theft and Robbery,Bicycle theft,current_only,622
E09000020,Kensington and Chelsea,2019,Theft and Robbery,Burglary,both,2108
E09000020,Kensington and Chelsea,2019,Theft and Robbery,Other theft,both,4564
E09000020,Kensington and Chelsea,2019,Theft and Robbery,Robbery,both,950
E09000020,Kensington and Chelsea,2019,Theft and Robbery,Shoplifting,both,1623
E09000020,Kensington and Chelsea,2019,Theft and Robbery,Theft from the person,current_only,1658
E09000020,Kensington and Chelsea,2019,Theft and Robbery,Vehicle crime,both,3452
E09000020,Kensington and Chelsea,2019,Violence and Sexual Offences,Violence and sexual offences,current_only,4313
E09000020,Kensington and Chelsea,2020,Criminal Damage and Arson,Criminal damage and arson,both,849
E09000020,Kensington and Chelsea,2020,Drug and Weapon Offences,Drugs,both,1033
E09000020,Kensington and Chelsea,2020,Drug and Weapon Offences,Possession of weapons,current_only,120
E09000020,Kensington and Chelsea,2020,Other Crimes,Other crime,both,156
E09000020,Kensington and Chelsea,2020,Public Order Offences,Anti-social behaviour,both,8979
E09000020,Kensington and Chelsea,2020,Public Order Offences,Public order,current_only,1130
E09000020,Kensington and Chelsea,2020,Theft and Robbery,Bicycle theft,current_only,777
E09000020,Kensington and Chelsea,2020,Theft and Robbery,Burglary,both,1614
E09000020,Kensington and Chelsea,2020,Theft and Robbery,Other theft,both,2648
E09000020,Kensington and Chelsea,2020,Theft and Robbery,Robbery,both,588
E09000020,Kensington and Chelsea,2020,Theft and Robbery,Shoplifting,both,1077
E09000020,Kensington and Chelsea,2020,Theft and Robbery,Theft from the person,current_only,752
E09000020,Kensington and Chelsea,2020,Theft and Robbery,Vehicle crime,both,2476
E09000020,Kensington and Chelsea,2020,Violence and Sexual Offences,Violence and sexual offences,current_only,4106
E09000020,Kensington and Chelsea,2021,Criminal Damage and Arson,Criminal damage and arson,both,981
E09000020,Kensington and Chelsea,2021,Drug and Weapon Offences,Drugs,both,955
E09000020,Kensington and Chelsea,2021,Drug and Weapon Offences,Possession of weapons,current_only,90
E09000020,Kensington and Chelsea,2021,Other Crimes,Other crime,both,156
E09000020,Kensington and Chelsea,2021,Public Order Offences,Anti-social behaviour,both,7287
E09000020,Kensington and Chelsea,2021,Public Order Offences,Public order,current_only,1378
E09000020,Kensington and Chelsea,2021,Theft and Robbery,Bicycle theft,current_only,699
E09000020,Kensington and Chelsea,2021,Theft and Robbery,Burglary,both,1374
E09000020,Kensington and Chelsea,2021,Theft and Robbery,Other theft,both,2827
E09000020,Kensington and Chelsea,2021,Theft and Robbery,Robbery,both,459
E09000020,Kensington and Chelsea,2021,Theft and Robbery,Shoplifting,both,1059
E09000020,Kensington and Chelsea,2021,Theft and Robbery,Theft from the person,current_only,951
E09000020,Kensington and Chelsea,2021,Theft and Robbery,Vehicle crime,both,2283
E09000020,Kensington and Chelsea,2021,Violence and Sexual Offences,Violence and sexual offences,current_only,4417
E09000020,Kensington and Chelsea,2022,Criminal Damage and Arson,Criminal damage and arson,both,1116
E09000020,Kensington and Chelsea,2022,Drug and Weapon Offences,Drugs,both,801
E09000020,Kensington and Chelsea,2022,Drug and Weapon Offences,Possession of weapons,current_only,77
E09000020,Kensington and Chelsea,2022,Other Crimes,Other crime,both,140
E09000020,Kensington and Chelsea,2022,Public Order Offences,Anti-social behaviour,both,5986
E09000020,Kensington and Chelsea,2022,Public Order Offences,Public order,current_only,1301
E09000020,Kensington and Chelsea,2022,Theft and Robbery,Bicycle theft,current_only,562
E09000020,Kensington and Chelsea,2022,Theft and Robbery,Burglary,both,1344
E09000020,Kensington and Chelsea,2022,Theft and Robbery,Other theft,both,4073
E09000020,Kensington and Chelsea,2022,Theft and Robbery,Robbery,both,574
E09000020,Kensington and Chelsea,2022,Theft and Robbery,Shoplifting,both,1069
E09000020,Kensington and Chelsea,2022,Theft and Robbery,Theft from the person,current_only,1815
E09000020,Kensington and Chelsea,2022,Theft and Robbery,Vehicle crime,both,2676
E09000020,Kensington and Chelsea,2022,Violence and Sexual Offences,Violence and sexual offences,current_only,4599
E09000020,Kensington and Chelsea,2023,Criminal Damage and Arson,Criminal damage and arson,both,1149
E09000020,Kensington and Chelsea,2023,Drug and Weapon Offences,Drugs,both,746
E09000020,Kensington and Chelsea,2023,Drug and Weapon Offences,Possession of weapons,current_only,100
E09000020,Kensington and Chelsea,2023,Other Crimes,Other crime,both,126
E09000020,Kensington and Chelsea,2023,Public Order Offences,Anti-social behaviour,both,4522
E09000020,Kensington and Chelsea,2023,Public Order Offences,Public order,current_only,1251
E09000020,Kensington and Chelsea,2023,Theft and Robbery,Bicycle theft,current_only,554
E09000020,Kensington and Chelsea,2023,Theft and Robbery,Burglary,both,1514
E09000020,Kensington and Chelsea,2023,Theft and Robbery,Other theft,both,4698
E09000020,Kensington and Chelsea,2023,Theft and Robbery,Robbery,both,665
E09000020,Kensington and Chelsea,2023,Theft and Robbery,Shoplifting,both,1577
E09000020,Kensington and Chelsea,2023,Theft and Robbery,Theft from the person,current_only,2188
E09000020,Kensington and Chelsea,2023,Theft and Robbery,Vehicle crime,both,2813
E09000020,Kensington and Chelsea,2023,Violence and Sexual Offences,Violence and sexual offences,current_only,4839
E09000020,Kensington and Chelsea,2024,Criminal Damage and Arson,Criminal damage and arson,both,1168
E09000020,Kensington and Chelsea,2024,Drug and Weapon Offences,Drugs,both,846
E09000020,Kensington and Chelsea,2024,Drug and Weapon Offences,Possession of weapons,current_only,110
E09000020,Kensington and Chelsea,2024,Other Crimes,Other crime,both,174
E09000020,Kensington and Chelsea,2024,Public Order Offences,Anti-social behaviour,both,4737
E09000020,Kensington and Chelsea,2024,Public Order Offences,Public order,current_only,1132
E09000020,Kensington and Chelsea,2024,Theft and Robbery,Bicycle theft,current_only,392
E09000020,Kensington and Chelsea,2024,Theft and Robbery,Burglary,both,1483
E09000020,Kensington and Chelsea,2024,Theft and Robbery,Other theft,both,3620
E09000020,Kensington and Chelsea,2024,Theft and Robbery,Robbery,both,649
E09000020,Kensington and Chelsea,2024,Theft and Robbery,Shoplifting,both,2345
E09000020,Kensington and Chelsea,2024,Theft and Robbery,Theft from the person,current_only,2696
E09000020,Kensington and Chelsea,2024,Theft and Robbery,Vehicle crime,both,2587
E09000020,Kensington and Chelsea,2024,Violence and Sexual Offences,Violence and sexual offences,current_only,4935
E09000020,Kensington and Chelsea,2025,Criminal Damage and Arson,Criminal damage and arson,both,1111
E09000020,Kensington and Chelsea,2025,Drug and Weapon Offences,Drugs,both,1227
E09000020,Kensington and Chelsea,2025,Drug and Weapon Offences,Possession of weapons,current_only,129
E09000020,Kensington and Chelsea,2025,Other Crimes,Other crime,both,172
E09000020,Kensington and Chelsea,2025,Public Order Offences,Anti-social behaviour,both,5123
E09000020,Kensington and Chelsea,2025,Public Order Offences,Public order,current_only,1314
E09000020,Kensington and Chelsea,2025,Theft and Robbery,Bicycle theft,current_only,330
E09000020,Kensington and Chelsea,2025,Theft and Robbery,Burglary,both,1263
E09000020,Kensington and Chelsea,2025,Theft and Robbery,Other theft,both,2883
E09000020,Kensington and Chelsea,2025,Theft and Robbery,Robbery,both,663
E09000020,Kensington and Chelsea,2025,Theft and Robbery,Shoplifting,both,3148
E09000020,Kensington and Chelsea,2025,Theft and Robbery,Theft from the person,current_only,2138
E09000020,Kensington and Chelsea,2025,Theft and Robbery,Vehicle crime,both,2505
E09000020,Kensington and Chelsea,2025,Violence and Sexual Offences,Violence and sexual offences,current_only,5199
E09000020,Kensington and Chelsea,2026,Criminal Damage and Arson,Criminal damage and arson,both,285
E09000020,Kensington and Chelsea,2026,Drug and Weapon Offences,Drugs,both,200
E09000020,Kensington and Chelsea,2026,Drug and Weapon Offences,Possession of weapons,current_only,33
E09000020,Kensington and Chelsea,2026,Other Crimes,Other crime,both,59
E09000020,Kensington and Chelsea,2026,Public Order Offences,Anti-social behaviour,both,1488
E09000020,Kensington and Chelsea,2026,Public Order Offences,Public order,current_only,381
E09000020,Kensington and Chelsea,2026,Theft and Robbery,Bicycle theft,current_only,101
E09000020,Kensington and Chelsea,2026,Theft and Robbery,Burglary,both,368
E09000020,Kensington and Chelsea,2026,Theft and Robbery,Other theft,both,893
E09000020,Kensington and Chelsea,2026,Theft and Robbery,Robbery,both,145
E09000020,Kensington and Chelsea,2026,Theft and Robbery,Shoplifting,both,970
E09000020,Kensington and Chelsea,2026,Theft and Robbery,Theft from the person,current_only,497
E09000020,Kensington and Chelsea,2026,Theft and Robbery,Vehicle crime,both,623
E09000020,Kensington and Chelsea,2026,Violence and Sexual Offences,Violence and sexual offences,current_only,1583
E09000021,Kingston upon Thames,2011,Criminal Damage and Arson,Criminal damage and arson,both,345
E09000021,Kingston upon Thames,2011,Drug and Weapon Offences,Drugs,both,221
E09000021,Kingston upon Thames,2011,Other Crimes,Other crime,both,4526
E09000021,Kingston upon Thames,2011,Public Order Offences,Anti-social behaviour,both,6682
E09000021,Kingston upon Thames,2011,Public Order Offences,Public disorder and weapons,legacy_only,116
E09000021,Kingston upon Thames,2011,Theft and Robbery,Burglary,both,1337
E09000021,Kingston upon Thames,2011,Theft and Robbery,Other theft,both,965
E09000021,Kingston upon Thames,2011,Theft and Robbery,Robbery,both,238
E09000021,Kingston upon Thames,2011,Theft and Robbery,Shoplifting,both,364
E09000021,Kingston upon Thames,2011,Theft and Robbery,Vehicle crime,both,823
E09000021,Kingston upon Thames,2011,Violence and Sexual Offences,Violent crime,legacy_only,2154
E09000021,Kingston upon Thames,2012,Criminal Damage and Arson,Criminal damage and arson,both,1032
E09000021,Kingston upon Thames,2012,Drug and Weapon Offences,Drugs,both,405
E09000021,Kingston upon Thames,2012,Other Crimes,Other crime,both,575
E09000021,Kingston upon Thames,2012,Public Order Offences,Anti-social behaviour,both,5148
E09000021,Kingston upon Thames,2012,Public Order Offences,Public disorder and weapons,legacy_only,438
E09000021,Kingston upon Thames,2012,Theft and Robbery,Burglary,both,1387
E09000021,Kingston upon Thames,2012,Theft and Robbery,Other theft,both,2588
E09000021,Kingston upon Thames,2012,Theft and Robbery,Robbery,both,236
E09000021,Kingston upon Thames,2012,Theft and Robbery,Shoplifting,both,953
E09000021,Kingston upon Thames,2012,Theft and Robbery,Vehicle crime,both,900
E09000021,Kingston upon Thames,2012,Violence and Sexual Offences,Violent crime,legacy_only,2053
E09000021,Kingston upon Thames,2013,Criminal Damage and Arson,Criminal damage and arson,both,948
E09000021,Kingston upon Thames,2013,Drug and Weapon Offences,Drugs,both,575
E09000021,Kingston upon Thames,2013,Drug and Weapon Offences,Possession of weapons,current_only,22
E09000021,Kingston upon Thames,2013,Other Crimes,Other crime,both,119
E09000021,Kingston upon Thames,2013,Public Order Offences,Anti-social behaviour,both,4330
E09000021,Kingston upon Thames,2013,Public Order Offences,Public disorder and weapons,legacy_only,105
E09000021,Kingston upon Thames,2013,Public Order Offences,Public order,current_only,239
E09000021,Kingston upon Thames,2013,Theft and Robbery,Bicycle theft,current_only,313
E09000021,Kingston upon Thames,2013,Theft and Robbery,Burglary,both,1195
E09000021,Kingston upon Thames,2013,Theft and Robbery,Other theft,both,1769
E09000021,Kingston upon Thames,2013,Theft and Robbery,Robbery,both,158
E09000021,Kingston upon Thames,2013,Theft and Robbery,Shoplifting,both,1020
E09000021,Kingston upon Thames,2013,Theft and Robbery,Theft from the person,current_only,339
E09000021,Kingston upon Thames,2013,Theft and Robbery,Vehicle crime,both,769
E09000021,Kingston upon Thames,2013,Violence and Sexual Offences,Violence and sexual offences,current_only,1250
E09000021,Kingston upon Thames,2013,Violence and Sexual Offences,Violent crime,legacy_only,643
E09000021,Kingston upon Thames,2014,Criminal Damage and Arson,Criminal damage and arson,both,947
E09000021,Kingston upon Thames,2014,Drug and Weapon Offences,Drugs,both,682
E09000021,Kingston upon Thames,2014,Drug and Weapon Offences,Possession of weapons,current_only,33
E09000021,Kingston upon Thames,2014,Other Crimes,Other crime,both,80
E09000021,Kingston upon Thames,2014,Public Order Offences,Anti-social behaviour,both,3981
E09000021,Kingston upon Thames,2014,Public Order Offences,Public order,current_only,448
E09000021,Kingston upon Thames,2014,Theft and Robbery,Bicycle theft,current_only,381
E09000021,Kingston upon Thames,2014,Theft and Robbery,Burglary,both,993
E09000021,Kingston upon Thames,2014,Theft and Robbery,Other theft,both,1396
E09000021,Kingston upon Thames,2014,Theft and Robbery,Robbery,both,111
E09000021,Kingston upon Thames,2014,Theft and Robbery,Shoplifting,both,1126
E09000021,Kingston upon Thames,2014,Theft and Robbery,Theft from the person,current_only,305
E09000021,Kingston upon Thames,2014,Theft and Robbery,Vehicle crime,both,745
E09000021,Kingston upon Thames,2014,Violence and Sexual Offences,Violence and sexual offences,current_only,2158
E09000021,Kingston upon Thames,2015,Criminal Damage and Arson,Criminal damage and arson,both,990
E09000021,Kingston upon Thames,2015,Drug and Weapon Offences,Drugs,both,782
E09000021,Kingston upon Thames,2015,Drug and Weapon Offences,Possession of weapons,current_only,40
E09000021,Kingston upon Thames,2015,Other Crimes,Other crime,both,104
E09000021,Kingston upon Thames,2015,Public Order Offences,Anti-social behaviour,both,3755
E09000021,Kingston upon Thames,2015,Public Order Offences,Public order,current_only,597
E09000021,Kingston upon Thames,2015,Theft and Robbery,Bicycle theft,current_only,277
E09000021,Kingston upon Thames,2015,Theft and Robbery,Burglary,both,928
E09000021,Kingston upon Thames,2015,Theft and Robbery,Other theft,both,1338
E09000021,Kingston upon Thames,2015,Theft and Robbery,Robbery,both,108
E09000021,Kingston upon Thames,2015,Theft and Robbery,Shoplifting,both,923
E09000021,Kingston upon Thames,2015,Theft and Robbery,Theft from the person,current_only,370
E09000021,Kingston upon Thames,2015,Theft and Robbery,Vehicle crime,both,709
E09000021,Kingston upon Thames,2015,Violence and Sexual Offences,Violence and sexual offences,current_only,2663
E09000021,Kingston upon Thames,2016,Criminal Damage and Arson,Criminal damage and arson,both,1045
E09000021,Kingston upon Thames,2016,Drug and Weapon Offences,Drugs,both,644
E09000021,Kingston upon Thames,2016,Drug and Weapon Offences,Possession of weapons,current_only,47
E09000021,Kingston upon Thames,2016,Other Crimes,Other crime,both,106
E09000021,Kingston upon Thames,2016,Public Order Offences,Anti-social behaviour,both,3907
E09000021,Kingston upon Thames,2016,Public Order Offences,Public order,current_only,643
E09000021,Kingston upon Thames,2016,Theft and Robbery,Bicycle theft,current_only,288
E09000021,Kingston upon Thames,2016,Theft and Robbery,Burglary,both,878
E09000021,Kingston upon Thames,2016,Theft and Robbery,Other theft,both,1322
E09000021,Kingston upon Thames,2016,Theft and Robbery,Robbery,both,119
E09000021,Kingston upon Thames,2016,Theft and Robbery,Shoplifting,both,1023
E09000021,Kingston upon Thames,2016,Theft and Robbery,Theft from the person,current_only,381
E09000021,Kingston upon Thames,2016,Theft and Robbery,Vehicle crime,both,878
E09000021,Kingston upon Thames,2016,Violence and Sexual Offences,Violence and sexual offences,current_only,2810
E09000021,Kingston upon Thames,2017,Criminal Damage and Arson,Criminal damage and arson,both,965
E09000021,Kingston upon Thames,2017,Drug and Weapon Offences,Drugs,both,519
E09000021,Kingston upon Thames,2017,Drug and Weapon Offences,Possession of weapons,current_only,64
E09000021,Kingston upon Thames,2017,Other Crimes,Other crime,both,128
E09000021,Kingston upon Thames,2017,Public Order Offences,Anti-social behaviour,both,3155
E09000021,Kingston upon Thames,2017,Public Order Offences,Public order,current_only,708
E09000021,Kingston upon Thames,2017,Theft and Robbery,Bicycle theft,current_only,354
E09000021,Kingston upon Thames,2017,Theft and Robbery,Burglary,both,1139
E09000021,Kingston upon Thames,2017,Theft and Robbery,Other theft,both,1256
E09000021,Kingston upon Thames,2017,Theft and Robbery,Robbery,both,179
E09000021,Kingston upon Thames,2017,Theft and Robbery,Shoplifting,both,1083
E09000021,Kingston upon Thames,2017,Theft and Robbery,Theft from the person,current_only,329
E09000021,Kingston upon Thames,2017,Theft and Robbery,Vehicle crime,both,1372
E09000021,Kingston upon Thames,2017,Violence and Sexual Offences,Violence and sexual offences,current_only,3121
E09000021,Kingston upon Thames,2018,Criminal Damage and Arson,Criminal damage and arson,both,915
E09000021,Kingston upon Thames,2018,Drug and Weapon Offences,Drugs,both,396
E09000021,Kingston upon Thames,2018,Drug and Weapon Offences,Possession of weapons,current_only,71
E09000021,Kingston upon Thames,2018,Other Crimes,Other crime,both,122
E09000021,Kingston upon Thames,2018,Public Order Offences,Anti-social behaviour,both,3065
E09000021,Kingston upon Thames,2018,Public Order Offences,Public order,current_only,728
E09000021,Kingston upon Thames,2018,Theft and Robbery,Bicycle theft,current_only,631
E09000021,Kingston upon Thames,2018,Theft and Robbery,Burglary,both,979
E09000021,Kingston upon Thames,2018,Theft and Robbery,Other theft,both,1489
E09000021,Kingston upon Thames,2018,Theft and Robbery,Robbery,both,239
E09000021,Kingston upon Thames,2018,Theft and Robbery,Shoplifting,both,1039
E09000021,Kingston upon Thames,2018,Theft and Robbery,Theft from the person,current_only,466
E09000021,Kingston upon Thames,2018,Theft and Robbery,Vehicle crime,both,1391
E09000021,Kingston upon Thames,2018,Violence and Sexual Offences,Violence and sexual offences,current_only,3412
E09000021,Kingston upon Thames,2019,Criminal Damage and Arson,Criminal damage and arson,both,894
E09000021,Kingston upon Thames,2019,Drug and Weapon Offences,Drugs,both,815
E09000021,Kingston upon Thames,2019,Drug and Weapon Offences,Possession of weapons,current_only,82
E09000021,Kingston upon Thames,2019,Other Crimes,Other crime,both,152
E09000021,Kingston upon Thames,2019,Public Order Offences,Anti-social behaviour,both,3245
E09000021,Kingston upon Thames,2019,Public Order Offences,Public order,current_only,758
E09000021,Kingston upon Thames,2019,Theft and Robbery,Bicycle theft,current_only,507
E09000021,Kingston upon Thames,2019,Theft and Robbery,Burglary,both,981
E09000021,Kingston upon Thames,2019,Theft and Robbery,Other theft,both,1263
E09000021,Kingston upon Thames,2019,Theft and Robbery,Robbery,both,340
E09000021,Kingston upon Thames,2019,Theft and Robbery,Shoplifting,both,951
E09000021,Kingston upon Thames,2019,Theft and Robbery,Theft from the person,current_only,510
E09000021,Kingston upon Thames,2019,Theft and Robbery,Vehicle crime,both,1383
E09000021,Kingston upon Thames,2019,Violence and Sexual Offences,Violence and sexual offences,current_only,3421
E09000021,Kingston upon Thames,2020,Criminal Damage and Arson,Criminal damage and arson,both,738
E09000021,Kingston upon Thames,2020,Drug and Weapon Offences,Drugs,both,1058
E09000021,Kingston upon Thames,2020,Drug and Weapon Offences,Possession of weapons,current_only,67
E09000021,Kingston upon Thames,2020,Other Crimes,Other crime,both,114
E09000021,Kingston upon Thames,2020,Public Order Offences,Anti-social behaviour,both,6236
E09000021,Kingston upon Thames,2020,Public Order Offences,Public order,current_only,712
E09000021,Kingston upon Thames,2020,Theft and Robbery,Bicycle theft,current_only,449
E09000021,Kingston upon Thames,2020,Theft and Robbery,Burglary,both,857
E09000021,Kingston upon Thames,2020,Theft and Robbery,Other theft,both,999
E09000021,Kingston upon Thames,2020,Theft and Robbery,Robbery,both,216
E09000021,Kingston upon Thames,2020,Theft and Robbery,Shoplifting,both,538
E09000021,Kingston upon Thames,2020,Theft and Robbery,Theft from the person,current_only,313
E09000021,Kingston upon Thames,2020,Theft and Robbery,Vehicle crime,both,1114
E09000021,Kingston upon Thames,2020,Violence and Sexual Offences,Violence and sexual offences,current_only,3414
E09000021,Kingston upon Thames,2021,Criminal Damage and Arson,Criminal damage and arson,both,825
E09000021,Kingston upon Thames,2021,Drug and Weapon Offences,Drugs,both,855
E09000021,Kingston upon Thames,2021,Drug and Weapon Offences,Possession of weapons,current_only,67
E09000021,Kingston upon Thames,2021,Other Crimes,Other crime,both,135
E09000021,Kingston upon Thames,2021,Public Order Offences,Anti-social behaviour,both,4021
E09000021,Kingston upon Thames,2021,Public Order Offences,Public order,current_only,804
E09000021,Kingston upon Thames,2021,Theft and Robbery,Bicycle theft,current_only,483
E09000021,Kingston upon Thames,2021,Theft and Robbery,Burglary,both,729
E09000021,Kingston upon Thames,2021,Theft and Robbery,Other theft,both,1183
E09000021,Kingston upon Thames,2021,Theft and Robbery,Robbery,both,145
E09000021,Kingston upon Thames,2021,Theft and Robbery,Shoplifting,both,623
E09000021,Kingston upon Thames,2021,Theft and Robbery,Theft from the person,current_only,428
E09000021,Kingston upon Thames,2021,Theft and Robbery,Vehicle crime,both,1020
E09000021,Kingston upon Thames,2021,Violence and Sexual Offences,Violence and sexual offences,current_only,3458
E09000021,Kingston upon Thames,2022,Criminal Damage and Arson,Criminal damage and arson,both,814
E09000021,Kingston upon Thames,2022,Drug and Weapon Offences,Drugs,both,842
E09000021,Kingston upon Thames,2022,Drug and Weapon Offences,Possession of weapons,current_only,77
E09000021,Kingston upon Thames,2022,Other Crimes,Other crime,both,155
E09000021,Kingston upon Thames,2022,Public Order Offences,Anti-social behaviour,both,3516
E09000021,Kingston upon Thames,2022,Public Order Offences,Public order,current_only,749
E09000021,Kingston upon Thames,2022,Theft and Robbery,Bicycle theft,current_only,511
E09000021,Kingston upon Thames,2022,Theft and Robbery,Burglary,both,659
E09000021,Kingston upon Thames,2022,Theft and Robbery,Other theft,both,1425
E09000021,Kingston upon Thames,2022,Theft and Robbery,Robbery,both,181
E09000021,Kingston upon Thames,2022,Theft and Robbery,Shoplifting,both,662
E09000021,Kingston upon Thames,2022,Theft and Robbery,Theft from the person,current_only,594
E09000021,Kingston upon Thames,2022,Theft and Robbery,Vehicle crime,both,1236
E09000021,Kingston upon Thames,2022,Violence and Sexual Offences,Violence and sexual offences,current_only,3410
E09000021,Kingston upon Thames,2023,Criminal Damage and Arson,Criminal damage and arson,both,842
E09000021,Kingston upon Thames,2023,Drug and Weapon Offences,Drugs,both,780
E09000021,Kingston upon Thames,2023,Drug and Weapon Offences,Possession of weapons,current_only,59
E09000021,Kingston upon Thames,2023,Other Crimes,Other crime,both,151
E09000021,Kingston upon Thames,2023,Public Order Offences,Anti-social behaviour,both,3110
E09000021,Kingston upon Thames,2023,Public Order Offences,Public order,current_only,760
E09000021,Kingston upon Thames,2023,Theft and Robbery,Bicycle theft,current_only,523
E09000021,Kingston upon Thames,2023,Theft and Robbery,Burglary,both,813
E09000021,Kingston upon Thames,2023,Theft and Robbery,Other theft,both,1508
E09000021,Kingston upon Thames,2023,Theft and Robbery,Robbery,both,187
E09000021,Kingston upon Thames,2023,Theft and Robbery,Shoplifting,both,1027
E09000021,Kingston upon Thames,2023,Theft and Robbery,Theft from the person,current_only,546
E09000021,Kingston upon Thames,2023,Theft and Robbery,Vehicle crime,both,1099
E09000021,Kingston upon Thames,2023,Violence and Sexual Offences,Violence and sexual offences,current_only,3494
E09000021,Kingston upon Thames,2024,Criminal Damage and Arson,Criminal damage and arson,both,976
E09000021,Kingston upon Thames,2024,Drug and Weapon Offences,Drugs,both,507
E09000021,Kingston upon Thames,2024,Drug and Weapon Offences,Possession of weapons,current_only,47
E09000021,Kingston upon Thames,2024,Other Crimes,Other crime,both,119
E09000021,Kingston upon Thames,2024,Public Order Offences,Anti-social behaviour,both,3224
E09000021,Kingston upon Thames,2024,Public Order Offences,Public order,current_only,763
E09000021,Kingston upon Thames,2024,Theft and Robbery,Bicycle theft,current_only,323
E09000021,Kingston upon Thames,2024,Theft and Robbery,Burglary,both,565
E09000021,Kingston upon Thames,2024,Theft and Robbery,Other theft,both,1180
E09000021,Kingston upon Thames,2024,Theft and Robbery,Robbery,both,207
E09000021,Kingston upon Thames,2024,Theft and Robbery,Shoplifting,both,1485
E09000021,Kingston upon Thames,2024,Theft and Robbery,Theft from the person,current_only,533
E09000021,Kingston upon Thames,2024,Theft and Robbery,Vehicle crime,both,942
E09000021,Kingston upon Thames,2024,Violence and Sexual Offences,Violence and sexual offences,current_only,3400
E09000021,Kingston upon Thames,2025,Criminal Damage and Arson,Criminal damage and arson,both,869
E09000021,Kingston upon Thames,2025,Drug and Weapon Offences,Drugs,both,706
E09000021,Kingston upon Thames,2025,Drug and Weapon Offences,Possession of weapons,current_only,86
E09000021,Kingston upon Thames,2025,Other Crimes,Other crime,both,173
E09000021,Kingston upon Thames,2025,Public Order Offences,Anti-social behaviour,both,3334
E09000021,Kingston upon Thames,2025,Public Order Offences,Public order,current_only,903
E09000021,Kingston upon Thames,2025,Theft and Robbery,Bicycle theft,current_only,247
E09000021,Kingston upon Thames,2025,Theft and Robbery,Burglary,both,624
E09000021,Kingston upon Thames,2025,Theft and Robbery,Other theft,both,978
E09000021,Kingston upon Thames,2025,Theft and Robbery,Robbery,both,222
E09000021,Kingston upon Thames,2025,Theft and Robbery,Shoplifting,both,1628
E09000021,Kingston upon Thames,2025,Theft and Robbery,Theft from the person,current_only,436
E09000021,Kingston upon Thames,2025,Theft and Robbery,Vehicle crime,both,1004
E09000021,Kingston upon Thames,2025,Violence and Sexual Offences,Violence and sexual offences,current_only,3905
E09000021,Kingston upon Thames,2026,Criminal Damage and Arson,Criminal damage and arson,both,238
E09000021,Kingston upon Thames,2026,Drug and Weapon Offences,Drugs,both,261
E09000021,Kingston upon Thames,2026,Drug and Weapon Offences,Possession of weapons,current_only,28
E09000021,Kingston upon Thames,2026,Other Crimes,Other crime,both,58
E09000021,Kingston upon Thames,2026,Public Order Offences,Anti-social behaviour,both,992
E09000021,Kingston upon Thames,2026,Public Order Offences,Public order,current_only,291
E09000021,Kingston upon Thames,2026,Theft and Robbery,Bicycle theft,current_only,70
E09000021,Kingston upon Thames,2026,Theft and Robbery,Burglary,both,154
E09000021,Kingston upon Thames,2026,Theft and Robbery,Other theft,both,309
E09000021,Kingston upon Thames,2026,Theft and Robbery,Robbery,both,71
E09000021,Kingston upon Thames,2026,Theft and Robbery,Shoplifting,both,508
E09000021,Kingston upon Thames,2026,Theft and Robbery,Theft from the person,current_only,126
E09000021,Kingston upon Thames,2026,Theft and Robbery,Vehicle crime,both,320
E09000021,Kingston upon Thames,2026,Violence and Sexual Offences,Violence and sexual offences,current_only,1391
E09000022,Lambeth,2011,Criminal Damage and Arson,Criminal damage and arson,both,927
E09000022,Lambeth,2011,Drug and Weapon Offences,Drugs,both,842
E09000022,Lambeth,2011,Other Crimes,Other crime,both,12647
E09000022,Lambeth,2011,Public Order Offences,Anti-social behaviour,both,18363
E09000022,Lambeth,2011,Public Order Offences,Public disorder and weapons,legacy_only,460
E09000022,Lambeth,2011,Theft and Robbery,Burglary,both,3804
E09000022,Lambeth,2011,Theft and Robbery,Other theft,both,3067
E09000022,Lambeth,2011,Theft and Robbery,Robbery,both,2987
E09000022,Lambeth,2011,Theft and Robbery,Shoplifting,both,266
E09000022,Lambeth,2011,Theft and Robbery,Vehicle crime,both,3660
E09000022,Lambeth,2011,Violence and Sexual Offences,Violent crime,legacy_only,6869
E09000022,Lambeth,2012,Criminal Damage and Arson,Criminal damage and arson,both,2452
E09000022,Lambeth,2012,Drug and Weapon Offences,Drugs,both,2038
E09000022,Lambeth,2012,Other Crimes,Other crime,both,1563
E09000022,Lambeth,2012,Public Order Offences,Anti-social behaviour,both,15578
E09000022,Lambeth,2012,Public Order Offences,Public disorder and weapons,legacy_only,1418
E09000022,Lambeth,2012,Theft and Robbery,Burglary,both,3680
E09000022,Lambeth,2012,Theft and Robbery,Other theft,both,10649
E09000022,Lambeth,2012,Theft and Robbery,Robbery,both,2689
E09000022,Lambeth,2012,Theft and Robbery,Shoplifting,both,782
E09000022,Lambeth,2012,Theft and Robbery,Vehicle crime,both,3574
E09000022,Lambeth,2012,Violence and Sexual Offences,Violent crime,legacy_only,6229
E09000022,Lambeth,2013,Criminal Damage and Arson,Criminal damage and arson,both,2410
E09000022,Lambeth,2013,Drug and Weapon Offences,Drugs,both,1653
E09000022,Lambeth,2013,Drug and Weapon Offences,Possession of weapons,current_only,129
E09000022,Lambeth,2013,Other Crimes,Other crime,both,425
E09000022,Lambeth,2013,Public Order Offences,Anti-social behaviour,both,13661
E09000022,Lambeth,2013,Public Order Offences,Public disorder and weapons,legacy_only,405
E09000022,Lambeth,2013,Public Order Offences,Public order,current_only,906
E09000022,Lambeth,2013,Theft and Robbery,Bicycle theft,current_only,996
E09000022,Lambeth,2013,Theft and Robbery,Burglary,both,3867
E09000022,Lambeth,2013,Theft and Robbery,Other theft,both,6762
E09000022,Lambeth,2013,Theft and Robbery,Robbery,both,2463
E09000022,Lambeth,2013,Theft and Robbery,Shoplifting,both,875
E09000022,Lambeth,2013,Theft and Robbery,Theft from the person,current_only,2225
E09000022,Lambeth,2013,Theft and Robbery,Vehicle crime,both,3228
E09000022,Lambeth,2013,Violence and Sexual Offences,Violence and sexual offences,current_only,4403
E09000022,Lambeth,2013,Violence and Sexual Offences,Violent crime,legacy_only,1838
E09000022,Lambeth,2014,Criminal Damage and Arson,Criminal damage and arson,both,2475
E09000022,Lambeth,2014,Drug and Weapon Offences,Drugs,both,2199
E09000022,Lambeth,2014,Drug and Weapon Offences,Possession of weapons,current_only,218
E09000022,Lambeth,2014,Other Crimes,Other crime,both,313
E09000022,Lambeth,2014,Public Order Offences,Anti-social behaviour,both,11188
E09000022,Lambeth,2014,Public Order Offences,Public order,current_only,1815
E09000022,Lambeth,2014,Theft and Robbery,Bicycle theft,current_only,1076
E09000022,Lambeth,2014,Theft and Robbery,Burglary,both,3020
E09000022,Lambeth,2014,Theft and Robbery,Other theft,both,5022
E09000022,Lambeth,2014,Theft and Robbery,Robbery,both,1379
E09000022,Lambeth,2014,Theft and Robbery,Shoplifting,both,1201
E09000022,Lambeth,2014,Theft and Robbery,Theft from the person,current_only,2060
E09000022,Lambeth,2014,Theft and Robbery,Vehicle crime,both,3338
E09000022,Lambeth,2014,Violence and Sexual Offences,Violence and sexual offences,current_only,7820
E09000022,Lambeth,2015,Criminal Damage and Arson,Criminal damage and arson,both,2640
E09000022,Lambeth,2015,Drug and Weapon Offences,Drugs,both,2195
E09000022,Lambeth,2015,Drug and Weapon Offences,Possession of weapons,current_only,267
E09000022,Lambeth,2015,Other Crimes,Other crime,both,341
E09000022,Lambeth,2015,Public Order Offences,Anti-social behaviour,both,9697
E09000022,Lambeth,2015,Public Order Offences,Public order,current_only,2166
E09000022,Lambeth,2015,Theft and Robbery,Bicycle theft,current_only,999
E09000022,Lambeth,2015,Theft and Robbery,Burglary,both,2578
E09000022,Lambeth,2015,Theft and Robbery,Other theft,both,5223
E09000022,Lambeth,2015,Theft and Robbery,Robbery,both,1160
E09000022,Lambeth,2015,Theft and Robbery,Shoplifting,both,1482
E09000022,Lambeth,2015,Theft and Robbery,Theft from the person,current_only,1906
E09000022,Lambeth,2015,Theft and Robbery,Vehicle crime,both,3415
E09000022,Lambeth,2015,Violence and Sexual Offences,Violence and sexual offences,current_only,9058
E09000022,Lambeth,2016,Criminal Damage and Arson,Criminal damage and arson,both,2688
E09000022,Lambeth,2016,Drug and Weapon Offences,Drugs,both,2316
E09000022,Lambeth,2016,Drug and Weapon Offences,Possession of weapons,current_only,308
E09000022,Lambeth,2016,Other Crimes,Other crime,both,395
E09000022,Lambeth,2016,Public Order Offences,Anti-social behaviour,both,10503
E09000022,Lambeth,2016,Public Order Offences,Public order,current_only,1958
E09000022,Lambeth,2016,Theft and Robbery,Bicycle theft,current_only,1086
E09000022,Lambeth,2016,Theft and Robbery,Burglary,both,3094
E09000022,Lambeth,2016,Theft and Robbery,Other theft,both,4930
E09000022,Lambeth,2016,Theft and Robbery,Robbery,both,1190
E09000022,Lambeth,2016,Theft and Robbery,Shoplifting,both,1581
E09000022,Lambeth,2016,Theft and Robbery,Theft from the person,current_only,2100
E09000022,Lambeth,2016,Theft and Robbery,Vehicle crime,both,3559
E09000022,Lambeth,2016,Violence and Sexual Offences,Violence and sexual offences,current_only,9155
E09000022,Lambeth,2017,Criminal Damage and Arson,Criminal damage and arson,both,2577
E09000022,Lambeth,2017,Drug and Weapon Offences,Drugs,both,1932
E09000022,Lambeth,2017,Drug and Weapon Offences,Possession of weapons,current_only,446
E09000022,Lambeth,2017,Other Crimes,Other crime,both,389
E09000022,Lambeth,2017,Public Order Offences,Anti-social behaviour,both,9813
E09000022,Lambeth,2017,Public Order Offences,Public order,current_only,2032
E09000022,Lambeth,2017,Theft and Robbery,Bicycle theft,current_only,1152
E09000022,Lambeth,2017,Theft and Robbery,Burglary,both,2808
E09000022,Lambeth,2017,Theft and Robbery,Other theft,both,4963
E09000022,Lambeth,2017,Theft and Robbery,Robbery,both,1472
E09000022,Lambeth,2017,Theft and Robbery,Shoplifting,both,1559
E09000022,Lambeth,2017,Theft and Robbery,Theft from the person,current_only,2122
E09000022,Lambeth,2017,Theft and Robbery,Vehicle crime,both,3142
E09000022,Lambeth,2017,Violence and Sexual Offences,Violence and sexual offences,current_only,9350
E09000022,Lambeth,2018,Criminal Damage and Arson,Criminal damage and arson,both,2351
E09000022,Lambeth,2018,Drug and Weapon Offences,Drugs,both,1962
E09000022,Lambeth,2018,Drug and Weapon Offences,Possession of weapons,current_only,395
E09000022,Lambeth,2018,Other Crimes,Other crime,both,407
E09000022,Lambeth,2018,Public Order Offences,Anti-social behaviour,both,9085
E09000022,Lambeth,2018,Public Order Offences,Public order,current_only,1922
E09000022,Lambeth,2018,Theft and Robbery,Bicycle theft,current_only,1039
E09000022,Lambeth,2018,Theft and Robbery,Burglary,both,3145
E09000022,Lambeth,2018,Theft and Robbery,Other theft,both,5152
E09000022,Lambeth,2018,Theft and Robbery,Robbery,both,1334
E09000022,Lambeth,2018,Theft and Robbery,Shoplifting,both,1209
E09000022,Lambeth,2018,Theft and Robbery,Theft from the person,current_only,1982
E09000022,Lambeth,2018,Theft and Robbery,Vehicle crime,both,4020
E09000022,Lambeth,2018,Violence and Sexual Offences,Violence and sexual offences,current_only,9391
E09000022,Lambeth,2019,Criminal Damage and Arson,Criminal damage and arson,both,1965
E09000022,Lambeth,2019,Drug and Weapon Offences,Drugs,both,2022
E09000022,Lambeth,2019,Drug and Weapon Offences,Possession of weapons,current_only,371
E09000022,Lambeth,2019,Other Crimes,Other crime,both,362
E09000022,Lambeth,2019,Public Order Offences,Anti-social behaviour,both,9871
E09000022,Lambeth,2019,Public Order Offences,Public order,current_only,2026
E09000022,Lambeth,2019,Theft and Robbery,Bicycle theft,current_only,954
E09000022,Lambeth,2019,Theft and Robbery,Burglary,both,3137
E09000022,Lambeth,2019,Theft and Robbery,Other theft,both,5286
E09000022,Lambeth,2019,Theft and Robbery,Robbery,both,1322
E09000022,Lambeth,2019,Theft and Robbery,Shoplifting,both,1282
E09000022,Lambeth,2019,Theft and Robbery,Theft from the person,current_only,2044
E09000022,Lambeth,2019,Theft and Robbery,Vehicle crime,both,3321
E09000022,Lambeth,2019,Violence and Sexual Offences,Violence and sexual offences,current_only,9375
E09000022,Lambeth,2020,Criminal Damage and Arson,Criminal damage and arson,both,1998
E09000022,Lambeth,2020,Drug and Weapon Offences,Drugs,both,2275
E09000022,Lambeth,2020,Drug and Weapon Offences,Possession of weapons,current_only,297
E09000022,Lambeth,2020,Other Crimes,Other crime,both,344
E09000022,Lambeth,2020,Public Order Offences,Anti-social behaviour,both,18514
E09000022,Lambeth,2020,Public Order Offences,Public order,current_only,2336
E09000022,Lambeth,2020,Theft and Robbery,Bicycle theft,current_only,1270
E09000022,Lambeth,2020,Theft and Robbery,Burglary,both,2566
E09000022,Lambeth,2020,Theft and Robbery,Other theft,both,3188
E09000022,Lambeth,2020,Theft and Robbery,Robbery,both,1094
E09000022,Lambeth,2020,Theft and Robbery,Shoplifting,both,986
E09000022,Lambeth,2020,Theft and Robbery,Theft from the person,current_only,1123
E09000022,Lambeth,2020,Theft and Robbery,Vehicle crime,both,2938
E09000022,Lambeth,2020,Violence and Sexual Offences,Violence and sexual offences,current_only,8985
E09000022,Lambeth,2021,Criminal Damage and Arson,Criminal damage and arson,both,2087
E09000022,Lambeth,2021,Drug and Weapon Offences,Drugs,both,2056
E09000022,Lambeth,2021,Drug and Weapon Offences,Possession of weapons,current_only,326
E09000022,Lambeth,2021,Other Crimes,Other crime,both,347
E09000022,Lambeth,2021,Public Order Offences,Anti-social behaviour,both,13015
E09000022,Lambeth,2021,Public Order Offences,Public order,current_only,2331
E09000022,Lambeth,2021,Theft and Robbery,Bicycle theft,current_only,1083
E09000022,Lambeth,2021,Theft and Robbery,Burglary,both,2217
E09000022,Lambeth,2021,Theft and Robbery,Other theft,both,3824
E09000022,Lambeth,2021,Theft and Robbery,Robbery,both,1173
E09000022,Lambeth,2021,Theft and Robbery,Shoplifting,both,867
E09000022,Lambeth,2021,Theft and Robbery,Theft from the person,current_only,1533
E09000022,Lambeth,2021,Theft and Robbery,Vehicle crime,both,2704
E09000022,Lambeth,2021,Violence and Sexual Offences,Violence and sexual offences,current_only,9736
E09000022,Lambeth,2022,Criminal Damage and Arson,Criminal damage and arson,both,2079
E09000022,Lambeth,2022,Drug and Weapon Offences,Drugs,both,1552
E09000022,Lambeth,2022,Drug and Weapon Offences,Possession of weapons,current_only,225
E09000022,Lambeth,2022,Other Crimes,Other crime,both,307
E09000022,Lambeth,2022,Public Order Offences,Anti-social behaviour,both,11251
E09000022,Lambeth,2022,Public Order Offences,Public order,current_only,2357
E09000022,Lambeth,2022,Theft and Robbery,Bicycle theft,current_only,996
E09000022,Lambeth,2022,Theft and Robbery,Burglary,both,2220
E09000022,Lambeth,2022,Theft and Robbery,Other theft,both,5030
E09000022,Lambeth,2022,Theft and Robbery,Robbery,both,1479
E09000022,Lambeth,2022,Theft and Robbery,Shoplifting,both,1127
E09000022,Lambeth,2022,Theft and Robbery,Theft from the person,current_only,2352
E09000022,Lambeth,2022,Theft and Robbery,Vehicle crime,both,2716
E09000022,Lambeth,2022,Violence and Sexual Offences,Violence and sexual offences,current_only,9747
E09000022,Lambeth,2023,Criminal Damage and Arson,Criminal damage and arson,both,2239
E09000022,Lambeth,2023,Drug and Weapon Offences,Drugs,both,1272
E09000022,Lambeth,2023,Drug and Weapon Offences,Possession of weapons,current_only,218
E09000022,Lambeth,2023,Other Crimes,Other crime,both,316
E09000022,Lambeth,2023,Public Order Offences,Anti-social behaviour,both,9005
E09000022,Lambeth,2023,Public Order Offences,Public order,current_only,2319
E09000022,Lambeth,2023,Theft and Robbery,Bicycle theft,current_only,767
E09000022,Lambeth,2023,Theft and Robbery,Burglary,both,2166
E09000022,Lambeth,2023,Theft and Robbery,Other theft,both,5851
E09000022,Lambeth,2023,Theft and Robbery,Robbery,both,1858
E09000022,Lambeth,2023,Theft and Robbery,Shoplifting,both,1706
E09000022,Lambeth,2023,Theft and Robbery,Theft from the person,current_only,3151
E09000022,Lambeth,2023,Theft and Robbery,Vehicle crime,both,2933
E09000022,Lambeth,2023,Violence and Sexual Offences,Violence and sexual offences,current_only,10334
E09000022,Lambeth,2024,Criminal Damage and Arson,Criminal damage and arson,both,2283
E09000022,Lambeth,2024,Drug and Weapon Offences,Drugs,both,1464
E09000022,Lambeth,2024,Drug and Weapon Offences,Possession of weapons,current_only,200
E09000022,Lambeth,2024,Other Crimes,Other crime,both,343
E09000022,Lambeth,2024,Public Order Offences,Anti-social behaviour,both,9794
E09000022,Lambeth,2024,Public Order Offences,Public order,current_only,2280
E09000022,Lambeth,2024,Theft and Robbery,Bicycle theft,current_only,891
E09000022,Lambeth,2024,Theft and Robbery,Burglary,both,2115
E09000022,Lambeth,2024,Theft and Robbery,Other theft,both,4682
E09000022,Lambeth,2024,Theft and Robbery,Robbery,both,2281
E09000022,Lambeth,2024,Theft and Robbery,Shoplifting,both,2783
E09000022,Lambeth,2024,Theft and Robbery,Theft from the person,current_only,4917
E09000022,Lambeth,2024,Theft and Robbery,Vehicle crime,both,3503
E09000022,Lambeth,2024,Violence and Sexual Offences,Violence and sexual offences,current_only,10105
E09000022,Lambeth,2025,Criminal Damage and Arson,Criminal damage and arson,both,2209
E09000022,Lambeth,2025,Drug and Weapon Offences,Drugs,both,1880
E09000022,Lambeth,2025,Drug and Weapon Offences,Possession of weapons,current_only,253
E09000022,Lambeth,2025,Other Crimes,Other crime,both,481
E09000022,Lambeth,2025,Public Order Offences,Anti-social behaviour,both,9810
E09000022,Lambeth,2025,Public Order Offences,Public order,current_only,2263
E09000022,Lambeth,2025,Theft and Robbery,Bicycle theft,current_only,852
E09000022,Lambeth,2025,Theft and Robbery,Burglary,both,1789
E09000022,Lambeth,2025,Theft and Robbery,Other theft,both,4392
E09000022,Lambeth,2025,Theft and Robbery,Robbery,both,1700
E09000022,Lambeth,2025,Theft and Robbery,Shoplifting,both,3170
E09000022,Lambeth,2025,Theft and Robbery,Theft from the person,current_only,5274
E09000022,Lambeth,2025,Theft and Robbery,Vehicle crime,both,2551
E09000022,Lambeth,2025,Violence and Sexual Offences,Violence and sexual offences,current_only,10642
E09000022,Lambeth,2026,Criminal Damage and Arson,Criminal damage and arson,both,666
E09000022,Lambeth,2026,Drug and Weapon Offences,Drugs,both,556
E09000022,Lambeth,2026,Drug and Weapon Offences,Possession of weapons,current_only,107
E09000022,Lambeth,2026,Other Crimes,Other crime,both,150
E09000022,Lambeth,2026,Public Order Offences,Anti-social behaviour,both,2902
E09000022,Lambeth,2026,Public Order Offences,Public order,current_only,680
E09000022,Lambeth,2026,Theft and Robbery,Bicycle theft,current_only,301
E09000022,Lambeth,2026,Theft and Robbery,Burglary,both,543
E09000022,Lambeth,2026,Theft and Robbery,Other theft,both,1375
E09000022,Lambeth,2026,Theft and Robbery,Robbery,both,591
E09000022,Lambeth,2026,Theft and Robbery,Shoplifting,both,1148
E09000022,Lambeth,2026,Theft and Robbery,Theft from the person,current_only,1486
E09000022,Lambeth,2026,Theft and Robbery,Vehicle crime,both,924
E09000022,Lambeth,2026,Violence and Sexual Offences,Violence and sexual offences,current_only,3639
E09000023,Lewisham,2011,Criminal Damage and Arson,Criminal damage and arson,both,887
E09000023,Lewisham,2011,Drug and Weapon Offences,Drugs,both,684
E09000023,Lewisham,2011,Other Crimes,Other crime,both,9648
E09000023,Lewisham,2011,Public Order Offences,Anti-social behaviour,both,15301
E09000023,Lewisham,2011,Public Order Offences,Public disorder and weapons,legacy_only,455
E09000023,Lewisham,2011,Theft and Robbery,Burglary,both,3249
E09000023,Lewisham,2011,Theft and Robbery,Other theft,both,1409
E09000023,Lewisham,2011,Theft and Robbery,Robbery,both,1657
E09000023,Lewisham,2011,Theft and Robbery,Shoplifting,both,356
E09000023,Lewisham,2011,Theft and Robbery,Vehicle crime,both,3082
E09000023,Lewisham,2011,Violence and Sexual Offences,Violent crime,legacy_only,6123
E09000023,Lewisham,2012,Criminal Damage and Arson,Criminal damage and arson,both,2346
E09000023,Lewisham,2012,Drug and Weapon Offences,Drugs,both,1332
E09000023,Lewisham,2012,Other Crimes,Other crime,both,1623
E09000023,Lewisham,2012,Public Order Offences,Anti-social behaviour,both,12015
E09000023,Lewisham,2012,Public Order Offences,Public disorder and weapons,legacy_only,1164
E09000023,Lewisham,2012,Theft and Robbery,Burglary,both,3371
E09000023,Lewisham,2012,Theft and Robbery,Other theft,both,4429
E09000023,Lewisham,2012,Theft and Robbery,Robbery,both,1320
E09000023,Lewisham,2012,Theft and Robbery,Shoplifting,both,928
E09000023,Lewisham,2012,Theft and Robbery,Vehicle crime,both,3181
E09000023,Lewisham,2012,Violence and Sexual Offences,Violent crime,legacy_only,5311
E09000023,Lewisham,2013,Criminal Damage and Arson,Criminal damage and arson,both,2151
E09000023,Lewisham,2013,Drug and Weapon Offences,Drugs,both,1553
E09000023,Lewisham,2013,Drug and Weapon Offences,Possession of weapons,current_only,111
E09000023,Lewisham,2013,Other Crimes,Other crime,both,365
E09000023,Lewisham,2013,Public Order Offences,Anti-social behaviour,both,9745
E09000023,Lewisham,2013,Public Order Offences,Public disorder and weapons,legacy_only,348
E09000023,Lewisham,2013,Public Order Offences,Public order,current_only,751
E09000023,Lewisham,2013,Theft and Robbery,Bicycle theft,current_only,266
E09000023,Lewisham,2013,Theft and Robbery,Burglary,both,3351
E09000023,Lewisham,2013,Theft and Robbery,Other theft,both,3137
E09000023,Lewisham,2013,Theft and Robbery,Robbery,both,1295
E09000023,Lewisham,2013,Theft and Robbery,Shoplifting,both,872
E09000023,Lewisham,2013,Theft and Robbery,Theft from the person,current_only,512
E09000023,Lewisham,2013,Theft and Robbery,Vehicle crime,both,2491
E09000023,Lewisham,2013,Violence and Sexual Offences,Violence and sexual offences,current_only,3770
E09000023,Lewisham,2013,Violence and Sexual Offences,Violent crime,legacy_only,1573
E09000023,Lewisham,2014,Criminal Damage and Arson,Criminal damage and arson,both,2136
E09000023,Lewisham,2014,Drug and Weapon Offences,Drugs,both,1124
E09000023,Lewisham,2014,Drug and Weapon Offences,Possession of weapons,current_only,124
E09000023,Lewisham,2014,Other Crimes,Other crime,both,194
E09000023,Lewisham,2014,Public Order Offences,Anti-social behaviour,both,7983
E09000023,Lewisham,2014,Public Order Offences,Public order,current_only,1194
E09000023,Lewisham,2014,Theft and Robbery,Bicycle theft,current_only,395
E09000023,Lewisham,2014,Theft and Robbery,Burglary,both,2356
E09000023,Lewisham,2014,Theft and Robbery,Other theft,both,2822
E09000023,Lewisham,2014,Theft and Robbery,Robbery,both,793
E09000023,Lewisham,2014,Theft and Robbery,Shoplifting,both,1072
E09000023,Lewisham,2014,Theft and Robbery,Theft from the person,current_only,602
E09000023,Lewisham,2014,Theft and Robbery,Vehicle crime,both,2233
E09000023,Lewisham,2014,Violence and Sexual Offences,Violence and sexual offences,current_only,6233
E09000023,Lewisham,2015,Criminal Damage and Arson,Criminal damage and arson,both,2382
E09000023,Lewisham,2015,Drug and Weapon Offences,Drugs,both,1298
E09000023,Lewisham,2015,Drug and Weapon Offences,Possession of weapons,current_only,174
E09000023,Lewisham,2015,Other Crimes,Other crime,both,261
E09000023,Lewisham,2015,Public Order Offences,Anti-social behaviour,both,7040
E09000023,Lewisham,2015,Public Order Offences,Public order,current_only,1511
E09000023,Lewisham,2015,Theft and Robbery,Bicycle theft,current_only,326
E09000023,Lewisham,2015,Theft and Robbery,Burglary,both,2166
E09000023,Lewisham,2015,Theft and Robbery,Other theft,both,2875
E09000023,Lewisham,2015,Theft and Robbery,Robbery,both,814
E09000023,Lewisham,2015,Theft and Robbery,Shoplifting,both,1164
E09000023,Lewisham,2015,Theft and Robbery,Theft from the person,current_only,510
E09000023,Lewisham,2015,Theft and Robbery,Vehicle crime,both,2687
E09000023,Lewisham,2015,Violence and Sexual Offences,Violence and sexual offences,current_only,7291
E09000023,Lewisham,2016,Criminal Damage and Arson,Criminal damage and arson,both,2295
E09000023,Lewisham,2016,Drug and Weapon Offences,Drugs,both,1364
E09000023,Lewisham,2016,Drug and Weapon Offences,Possession of weapons,current_only,222
E09000023,Lewisham,2016,Other Crimes,Other crime,both,329
E09000023,Lewisham,2016,Public Order Offences,Anti-social behaviour,both,6867
E09000023,Lewisham,2016,Public Order Offences,Public order,current_only,1601
E09000023,Lewisham,2016,Theft and Robbery,Bicycle theft,current_only,370
E09000023,Lewisham,2016,Theft and Robbery,Burglary,both,2073
E09000023,Lewisham,2016,Theft and Robbery,Other theft,both,2790
E09000023,Lewisham,2016,Theft and Robbery,Robbery,both,854
E09000023,Lewisham,2016,Theft and Robbery,Shoplifting,both,1330
E09000023,Lewisham,2016,Theft and Robbery,Theft from the person,current_only,615
E09000023,Lewisham,2016,Theft and Robbery,Vehicle crime,both,2610
E09000023,Lewisham,2016,Violence and Sexual Offences,Violence and sexual offences,current_only,7684
E09000023,Lewisham,2017,Criminal Damage and Arson,Criminal damage and arson,both,2259
E09000023,Lewisham,2017,Drug and Weapon Offences,Drugs,both,1093
E09000023,Lewisham,2017,Drug and Weapon Offences,Possession of weapons,current_only,258
E09000023,Lewisham,2017,Other Crimes,Other crime,both,320
E09000023,Lewisham,2017,Public Order Offences,Anti-social behaviour,both,6731
E09000023,Lewisham,2017,Public Order Offences,Public order,current_only,1554
E09000023,Lewisham,2017,Theft and Robbery,Bicycle theft,current_only,367
E09000023,Lewisham,2017,Theft and Robbery,Burglary,both,2319
E09000023,Lewisham,2017,Theft and Robbery,Other theft,both,2781
E09000023,Lewisham,2017,Theft and Robbery,Robbery,both,1002
E09000023,Lewisham,2017,Theft and Robbery,Shoplifting,both,1164
E09000023,Lewisham,2017,Theft and Robbery,Theft from the person,current_only,544
E09000023,Lewisham,2017,Theft and Robbery,Vehicle crime,both,2792
E09000023,Lewisham,2017,Violence and Sexual Offences,Violence and sexual offences,current_only,7933
E09000023,Lewisham,2018,Criminal Damage and Arson,Criminal damage and arson,both,2158
E09000023,Lewisham,2018,Drug and Weapon Offences,Drugs,both,1188
E09000023,Lewisham,2018,Drug and Weapon Offences,Possession of weapons,current_only,265
E09000023,Lewisham,2018,Other Crimes,Other crime,both,349
E09000023,Lewisham,2018,Public Order Offences,Anti-social behaviour,both,6577
E09000023,Lewisham,2018,Public Order Offences,Public order,current_only,1575
E09000023,Lewisham,2018,Theft and Robbery,Bicycle theft,current_only,373
E09000023,Lewisham,2018,Theft and Robbery,Burglary,both,2561
E09000023,Lewisham,2018,Theft and Robbery,Other theft,both,2824
E09000023,Lewisham,2018,Theft and Robbery,Robbery,both,1036
E09000023,Lewisham,2018,Theft and Robbery,Shoplifting,both,1179
E09000023,Lewisham,2018,Theft and Robbery,Theft from the person,current_only,515
E09000023,Lewisham,2018,Theft and Robbery,Vehicle crime,both,3415
E09000023,Lewisham,2018,Violence and Sexual Offences,Violence and sexual offences,current_only,8072
E09000023,Lewisham,2019,Criminal Damage and Arson,Criminal damage and arson,both,2054
E09000023,Lewisham,2019,Drug and Weapon Offences,Drugs,both,1270
E09000023,Lewisham,2019,Drug and Weapon Offences,Possession of weapons,current_only,278
E09000023,Lewisham,2019,Other Crimes,Other crime,both,362
E09000023,Lewisham,2019,Public Order Offences,Anti-social behaviour,both,7014
E09000023,Lewisham,2019,Public Order Offences,Public order,current_only,1791
E09000023,Lewisham,2019,Theft and Robbery,Bicycle theft,current_only,383
E09000023,Lewisham,2019,Theft and Robbery,Burglary,both,2623
E09000023,Lewisham,2019,Theft and Robbery,Other theft,both,2815
E09000023,Lewisham,2019,Theft and Robbery,Robbery,both,1223
E09000023,Lewisham,2019,Theft and Robbery,Shoplifting,both,1217
E09000023,Lewisham,2019,Theft and Robbery,Theft from the person,current_only,815
E09000023,Lewisham,2019,Theft and Robbery,Vehicle crime,both,3882
E09000023,Lewisham,2019,Violence and Sexual Offences,Violence and sexual offences,current_only,8614
E09000023,Lewisham,2020,Criminal Damage and Arson,Criminal damage and arson,both,2064
E09000023,Lewisham,2020,Drug and Weapon Offences,Drugs,both,1430
E09000023,Lewisham,2020,Drug and Weapon Offences,Possession of weapons,current_only,252
E09000023,Lewisham,2020,Other Crimes,Other crime,both,321
E09000023,Lewisham,2020,Public Order Offences,Anti-social behaviour,both,13063
E09000023,Lewisham,2020,Public Order Offences,Public order,current_only,2115
E09000023,Lewisham,2020,Theft and Robbery,Bicycle theft,current_only,585
E09000023,Lewisham,2020,Theft and Robbery,Burglary,both,2413
E09000023,Lewisham,2020,Theft and Robbery,Other theft,both,2308
E09000023,Lewisham,2020,Theft and Robbery,Robbery,both,929
E09000023,Lewisham,2020,Theft and Robbery,Shoplifting,both,1224
E09000023,Lewisham,2020,Theft and Robbery,Theft from the person,current_only,483
E09000023,Lewisham,2020,Theft and Robbery,Vehicle crime,both,3857
E09000023,Lewisham,2020,Violence and Sexual Offences,Violence and sexual offences,current_only,8639
E09000023,Lewisham,2021,Criminal Damage and Arson,Criminal damage and arson,both,2144
E09000023,Lewisham,2021,Drug and Weapon Offences,Drugs,both,1343
E09000023,Lewisham,2021,Drug and Weapon Offences,Possession of weapons,current_only,229
E09000023,Lewisham,2021,Other Crimes,Other crime,both,348
E09000023,Lewisham,2021,Public Order Offences,Anti-social behaviour,both,9089
E09000023,Lewisham,2021,Public Order Offences,Public order,current_only,2146
E09000023,Lewisham,2021,Theft and Robbery,Bicycle theft,current_only,466
E09000023,Lewisham,2021,Theft and Robbery,Burglary,both,2051
E09000023,Lewisham,2021,Theft and Robbery,Other theft,both,2695
E09000023,Lewisham,2021,Theft and Robbery,Robbery,both,662
E09000023,Lewisham,2021,Theft and Robbery,Shoplifting,both,1067
E09000023,Lewisham,2021,Theft and Robbery,Theft from the person,current_only,515
E09000023,Lewisham,2021,Theft and Robbery,Vehicle crime,both,3515
E09000023,Lewisham,2021,Violence and Sexual Offences,Violence and sexual offences,current_only,8609
E09000023,Lewisham,2022,Criminal Damage and Arson,Criminal damage and arson,both,2044
E09000023,Lewisham,2022,Drug and Weapon Offences,Drugs,both,1394
E09000023,Lewisham,2022,Drug and Weapon Offences,Possession of weapons,current_only,212
E09000023,Lewisham,2022,Other Crimes,Other crime,both,317
E09000023,Lewisham,2022,Public Order Offences,Anti-social behaviour,both,7555
E09000023,Lewisham,2022,Public Order Offences,Public order,current_only,2041
E09000023,Lewisham,2022,Theft and Robbery,Bicycle theft,current_only,388
E09000023,Lewisham,2022,Theft and Robbery,Burglary,both,1914
E09000023,Lewisham,2022,Theft and Robbery,Other theft,both,3357
E09000023,Lewisham,2022,Theft and Robbery,Robbery,both,688
E09000023,Lewisham,2022,Theft and Robbery,Shoplifting,both,1200
E09000023,Lewisham,2022,Theft and Robbery,Theft from the person,current_only,692
E09000023,Lewisham,2022,Theft and Robbery,Vehicle crime,both,3710
E09000023,Lewisham,2022,Violence and Sexual Offences,Violence and sexual offences,current_only,9099
E09000023,Lewisham,2023,Criminal Damage and Arson,Criminal damage and arson,both,2243
E09000023,Lewisham,2023,Drug and Weapon Offences,Drugs,both,1320
E09000023,Lewisham,2023,Drug and Weapon Offences,Possession of weapons,current_only,199
E09000023,Lewisham,2023,Other Crimes,Other crime,both,300
E09000023,Lewisham,2023,Public Order Offences,Anti-social behaviour,both,6535
E09000023,Lewisham,2023,Public Order Offences,Public order,current_only,2082
E09000023,Lewisham,2023,Theft and Robbery,Bicycle theft,current_only,347
E09000023,Lewisham,2023,Theft and Robbery,Burglary,both,2014
E09000023,Lewisham,2023,Theft and Robbery,Other theft,both,3207
E09000023,Lewisham,2023,Theft and Robbery,Robbery,both,891
E09000023,Lewisham,2023,Theft and Robbery,Shoplifting,both,2194
E09000023,Lewisham,2023,Theft and Robbery,Theft from the person,current_only,1053
E09000023,Lewisham,2023,Theft and Robbery,Vehicle crime,both,3195
E09000023,Lewisham,2023,Violence and Sexual Offences,Violence and sexual offences,current_only,10076
E09000023,Lewisham,2024,Criminal Damage and Arson,Criminal damage and arson,both,2028
E09000023,Lewisham,2024,Drug and Weapon Offences,Drugs,both,1486
E09000023,Lewisham,2024,Drug and Weapon Offences,Possession of weapons,current_only,187
E09000023,Lewisham,2024,Other Crimes,Other crime,both,348
E09000023,Lewisham,2024,Public Order Offences,Anti-social behaviour,both,7022
E09000023,Lewisham,2024,Public Order Offences,Public order,current_only,2090
E09000023,Lewisham,2024,Theft and Robbery,Bicycle theft,current_only,452
E09000023,Lewisham,2024,Theft and Robbery,Burglary,both,1774
E09000023,Lewisham,2024,Theft and Robbery,Other theft,both,2815
E09000023,Lewisham,2024,Theft and Robbery,Robbery,both,997
E09000023,Lewisham,2024,Theft and Robbery,Shoplifting,both,2546
E09000023,Lewisham,2024,Theft and Robbery,Theft from the person,current_only,1736
E09000023,Lewisham,2024,Theft and Robbery,Vehicle crime,both,3297
E09000023,Lewisham,2024,Violence and Sexual Offences,Violence and sexual offences,current_only,9779
E09000023,Lewisham,2025,Criminal Damage and Arson,Criminal damage and arson,both,2024
E09000023,Lewisham,2025,Drug and Weapon Offences,Drugs,both,1942
E09000023,Lewisham,2025,Drug and Weapon Offences,Possession of weapons,current_only,295
E09000023,Lewisham,2025,Other Crimes,Other crime,both,451
E09000023,Lewisham,2025,Public Order Offences,Anti-social behaviour,both,7228
E09000023,Lewisham,2025,Public Order Offences,Public order,current_only,2193
E09000023,Lewisham,2025,Theft and Robbery,Bicycle theft,current_only,333
E09000023,Lewisham,2025,Theft and Robbery,Burglary,both,1502
E09000023,Lewisham,2025,Theft and Robbery,Other theft,both,2511
E09000023,Lewisham,2025,Theft and Robbery,Robbery,both,988
E09000023,Lewisham,2025,Theft and Robbery,Shoplifting,both,2147
E09000023,Lewisham,2025,Theft and Robbery,Theft from the person,current_only,1239
E09000023,Lewisham,2025,Theft and Robbery,Vehicle crime,both,2710
E09000023,Lewisham,2025,Violence and Sexual Offences,Violence and sexual offences,current_only,10354
E09000023,Lewisham,2026,Criminal Damage and Arson,Criminal damage and arson,both,630
E09000023,Lewisham,2026,Drug and Weapon Offences,Drugs,both,473
E09000023,Lewisham,2026,Drug and Weapon Offences,Possession of weapons,current_only,111
E09000023,Lewisham,2026,Other Crimes,Other crime,both,141
E09000023,Lewisham,2026,Public Order Offences,Anti-social behaviour,both,2109
E09000023,Lewisham,2026,Public Order Offences,Public order,current_only,706
E09000023,Lewisham,2026,Theft and Robbery,Bicycle theft,current_only,88
E09000023,Lewisham,2026,Theft and Robbery,Burglary,both,479
E09000023,Lewisham,2026,Theft and Robbery,Other theft,both,795
E09000023,Lewisham,2026,Theft and Robbery,Robbery,both,344
E09000023,Lewisham,2026,Theft and Robbery,Shoplifting,both,1177
E09000023,Lewisham,2026,Theft and Robbery,Theft from the person,current_only,411
E09000023,Lewisham,2026,Theft and Robbery,Vehicle crime,both,771
E09000023,Lewisham,2026,Violence and Sexual Offences,Violence and sexual offences,current_only,3452
E09000024,Merton,2011,Criminal Damage and Arson,Criminal damage and arson,both,508
E09000024,Merton,2011,Drug and Weapon Offences,Drugs,both,301
E09000024,Merton,2011,Other Crimes,Other crime,both,4888
E09000024,Merton,2011,Public Order Offences,Anti-social behaviour,both,7482
E09000024,Merton,2011,Public Order Offences,Public disorder and weapons,legacy_only,167
E09000024,Merton,2011,Theft and Robbery,Burglary,both,2399
E09000024,Merton,2011,Theft and Robbery,Other theft,both,736
E09000024,Merton,2011,Theft and Robbery,Robbery,both,626
E09000024,Merton,2011,Theft and Robbery,Shoplifting,both,281
E09000024,Merton,2011,Theft and Robbery,Vehicle crime,both,1878
E09000024,Merton,2011,Violence and Sexual Offences,Violent crime,legacy_only,2403
E09000024,Merton,2012,Criminal Damage and Arson,Criminal damage and arson,both,1304
E09000024,Merton,2012,Drug and Weapon Offences,Drugs,both,762
E09000024,Merton,2012,Other Crimes,Other crime,both,824
E09000024,Merton,2012,Public Order Offences,Anti-social behaviour,both,6292
E09000024,Merton,2012,Public Order Offences,Public disorder and weapons,legacy_only,486
E09000024,Merton,2012,Theft and Robbery,Burglary,both,2038
E09000024,Merton,2012,Theft and Robbery,Other theft,both,2474
E09000024,Merton,2012,Theft and Robbery,Robbery,both,570
E09000024,Merton,2012,Theft and Robbery,Shoplifting,both,757
E09000024,Merton,2012,Theft and Robbery,Vehicle crime,both,1967
E09000024,Merton,2012,Violence and Sexual Offences,Violent crime,legacy_only,2325
E09000024,Merton,2013,Criminal Damage and Arson,Criminal damage and arson,both,1176
E09000024,Merton,2013,Drug and Weapon Offences,Drugs,both,563
E09000024,Merton,2013,Drug and Weapon Offences,Possession of weapons,current_only,35
E09000024,Merton,2013,Other Crimes,Other crime,both,210
E09000024,Merton,2013,Public Order Offences,Anti-social behaviour,both,5354
E09000024,Merton,2013,Public Order Offences,Public disorder and weapons,legacy_only,129
E09000024,Merton,2013,Public Order Offences,Public order,current_only,291
E09000024,Merton,2013,Theft and Robbery,Bicycle theft,current_only,287
E09000024,Merton,2013,Theft and Robbery,Burglary,both,1766
E09000024,Merton,2013,Theft and Robbery,Other theft,both,1963
E09000024,Merton,2013,Theft and Robbery,Robbery,both,451
E09000024,Merton,2013,Theft and Robbery,Shoplifting,both,761
E09000024,Merton,2013,Theft and Robbery,Theft from the person,current_only,230
E09000024,Merton,2013,Theft and Robbery,Vehicle crime,both,1652
E09000024,Merton,2013,Violence and Sexual Offences,Violence and sexual offences,current_only,1569
E09000024,Merton,2013,Violence and Sexual Offences,Violent crime,legacy_only,738
E09000024,Merton,2014,Criminal Damage and Arson,Criminal damage and arson,both,1201
E09000024,Merton,2014,Drug and Weapon Offences,Drugs,both,469
E09000024,Merton,2014,Drug and Weapon Offences,Possession of weapons,current_only,46
E09000024,Merton,2014,Other Crimes,Other crime,both,105
E09000024,Merton,2014,Public Order Offences,Anti-social behaviour,both,4444
E09000024,Merton,2014,Public Order Offences,Public order,current_only,538
E09000024,Merton,2014,Theft and Robbery,Bicycle theft,current_only,362
E09000024,Merton,2014,Theft and Robbery,Burglary,both,1670
E09000024,Merton,2014,Theft and Robbery,Other theft,both,1605
E09000024,Merton,2014,Theft and Robbery,Robbery,both,287
E09000024,Merton,2014,Theft and Robbery,Shoplifting,both,716
E09000024,Merton,2014,Theft and Robbery,Theft from the person,current_only,245
E09000024,Merton,2014,Theft and Robbery,Vehicle crime,both,1656
E09000024,Merton,2014,Violence and Sexual Offences,Violence and sexual offences,current_only,2696
E09000024,Merton,2015,Criminal Damage and Arson,Criminal damage and arson,both,1371
E09000024,Merton,2015,Drug and Weapon Offences,Drugs,both,409
E09000024,Merton,2015,Drug and Weapon Offences,Possession of weapons,current_only,60
E09000024,Merton,2015,Other Crimes,Other crime,both,128
E09000024,Merton,2015,Public Order Offences,Anti-social behaviour,both,3823
E09000024,Merton,2015,Public Order Offences,Public order,current_only,698
E09000024,Merton,2015,Theft and Robbery,Bicycle theft,current_only,294
E09000024,Merton,2015,Theft and Robbery,Burglary,both,1403
E09000024,Merton,2015,Theft and Robbery,Other theft,both,1726
E09000024,Merton,2015,Theft and Robbery,Robbery,both,257
E09000024,Merton,2015,Theft and Robbery,Shoplifting,both,829
E09000024,Merton,2015,Theft and Robbery,Theft from the person,current_only,266
E09000024,Merton,2015,Theft and Robbery,Vehicle crime,both,1440
E09000024,Merton,2015,Violence and Sexual Offences,Violence and sexual offences,current_only,3411
E09000024,Merton,2016,Criminal Damage and Arson,Criminal damage and arson,both,1375
E09000024,Merton,2016,Drug and Weapon Offences,Drugs,both,410
E09000024,Merton,2016,Drug and Weapon Offences,Possession of weapons,current_only,73
E09000024,Merton,2016,Other Crimes,Other crime,both,158
E09000024,Merton,2016,Public Order Offences,Anti-social behaviour,both,3859
E09000024,Merton,2016,Public Order Offences,Public order,current_only,732
E09000024,Merton,2016,Theft and Robbery,Bicycle theft,current_only,376
E09000024,Merton,2016,Theft and Robbery,Burglary,both,1406
E09000024,Merton,2016,Theft and Robbery,Other theft,both,1587
E09000024,Merton,2016,Theft and Robbery,Robbery,both,280
E09000024,Merton,2016,Theft and Robbery,Shoplifting,both,907
E09000024,Merton,2016,Theft and Robbery,Theft from the person,current_only,225
E09000024,Merton,2016,Theft and Robbery,Vehicle crime,both,1788
E09000024,Merton,2016,Violence and Sexual Offences,Violence and sexual offences,current_only,3538
E09000024,Merton,2017,Criminal Damage and Arson,Criminal damage and arson,both,1232
E09000024,Merton,2017,Drug and Weapon Offences,Drugs,both,539
E09000024,Merton,2017,Drug and Weapon Offences,Possession of weapons,current_only,118
E09000024,Merton,2017,Other Crimes,Other crime,both,170
E09000024,Merton,2017,Public Order Offences,Anti-social behaviour,both,3572
E09000024,Merton,2017,Public Order Offences,Public order,current_only,817
E09000024,Merton,2017,Theft and Robbery,Bicycle theft,current_only,485
E09000024,Merton,2017,Theft and Robbery,Burglary,both,1455
E09000024,Merton,2017,Theft and Robbery,Other theft,both,1487
E09000024,Merton,2017,Theft and Robbery,Robbery,both,353
E09000024,Merton,2017,Theft and Robbery,Shoplifting,both,1013
E09000024,Merton,2017,Theft and Robbery,Theft from the person,current_only,225
E09000024,Merton,2017,Theft and Robbery,Vehicle crime,both,1743
E09000024,Merton,2017,Violence and Sexual Offences,Violence and sexual offences,current_only,3852
E09000024,Merton,2018,Criminal Damage and Arson,Criminal damage and arson,both,1130
E09000024,Merton,2018,Drug and Weapon Offences,Drugs,both,442
E09000024,Merton,2018,Drug and Weapon Offences,Possession of weapons,current_only,98
E09000024,Merton,2018,Other Crimes,Other crime,both,177
E09000024,Merton,2018,Public Order Offences,Anti-social behaviour,both,3436
E09000024,Merton,2018,Public Order Offences,Public order,current_only,892
E09000024,Merton,2018,Theft and Robbery,Bicycle theft,current_only,382
E09000024,Merton,2018,Theft and Robbery,Burglary,both,1541
E09000024,Merton,2018,Theft and Robbery,Other theft,both,1567
E09000024,Merton,2018,Theft and Robbery,Robbery,both,392
E09000024,Merton,2018,Theft and Robbery,Shoplifting,both,986
E09000024,Merton,2018,Theft and Robbery,Theft from the person,current_only,235
E09000024,Merton,2018,Theft and Robbery,Vehicle crime,both,1896
E09000024,Merton,2018,Violence and Sexual Offences,Violence and sexual offences,current_only,3978
E09000024,Merton,2019,Criminal Damage and Arson,Criminal damage and arson,both,1054
E09000024,Merton,2019,Drug and Weapon Offences,Drugs,both,630
E09000024,Merton,2019,Drug and Weapon Offences,Possession of weapons,current_only,98
E09000024,Merton,2019,Other Crimes,Other crime,both,191
E09000024,Merton,2019,Public Order Offences,Anti-social behaviour,both,3793
E09000024,Merton,2019,Public Order Offences,Public order,current_only,883
E09000024,Merton,2019,Theft and Robbery,Bicycle theft,current_only,295
E09000024,Merton,2019,Theft and Robbery,Burglary,both,1571
E09000024,Merton,2019,Theft and Robbery,Other theft,both,1634
E09000024,Merton,2019,Theft and Robbery,Robbery,both,431
E09000024,Merton,2019,Theft and Robbery,Shoplifting,both,727
E09000024,Merton,2019,Theft and Robbery,Theft from the person,current_only,299
E09000024,Merton,2019,Theft and Robbery,Vehicle crime,both,1881
E09000024,Merton,2019,Violence and Sexual Offences,Violence and sexual offences,current_only,4087
E09000024,Merton,2020,Criminal Damage and Arson,Criminal damage and arson,both,1008
E09000024,Merton,2020,Drug and Weapon Offences,Drugs,both,939
E09000024,Merton,2020,Drug and Weapon Offences,Possession of weapons,current_only,101
E09000024,Merton,2020,Other Crimes,Other crime,both,212
E09000024,Merton,2020,Public Order Offences,Anti-social behaviour,both,6906
E09000024,Merton,2020,Public Order Offences,Public order,current_only,998
E09000024,Merton,2020,Theft and Robbery,Bicycle theft,current_only,336
E09000024,Merton,2020,Theft and Robbery,Burglary,both,975
E09000024,Merton,2020,Theft and Robbery,Other theft,both,1165
E09000024,Merton,2020,Theft and Robbery,Robbery,both,384
E09000024,Merton,2020,Theft and Robbery,Shoplifting,both,562
E09000024,Merton,2020,Theft and Robbery,Theft from the person,current_only,189
E09000024,Merton,2020,Theft and Robbery,Vehicle crime,both,2003
E09000024,Merton,2020,Violence and Sexual Offences,Violence and sexual offences,current_only,4319
E09000024,Merton,2021,Criminal Damage and Arson,Criminal damage and arson,both,980
E09000024,Merton,2021,Drug and Weapon Offences,Drugs,both,605
E09000024,Merton,2021,Drug and Weapon Offences,Possession of weapons,current_only,85
E09000024,Merton,2021,Other Crimes,Other crime,both,197
E09000024,Merton,2021,Public Order Offences,Anti-social behaviour,both,5213
E09000024,Merton,2021,Public Order Offences,Public order,current_only,1042
E09000024,Merton,2021,Theft and Robbery,Bicycle theft,current_only,282
E09000024,Merton,2021,Theft and Robbery,Burglary,both,904
E09000024,Merton,2021,Theft and Robbery,Other theft,both,1271
E09000024,Merton,2021,Theft and Robbery,Robbery,both,325
E09000024,Merton,2021,Theft and Robbery,Shoplifting,both,715
E09000024,Merton,2021,Theft and Robbery,Theft from the person,current_only,212
E09000024,Merton,2021,Theft and Robbery,Vehicle crime,both,1505
E09000024,Merton,2021,Violence and Sexual Offences,Violence and sexual offences,current_only,4455
E09000024,Merton,2022,Criminal Damage and Arson,Criminal damage and arson,both,998
E09000024,Merton,2022,Drug and Weapon Offences,Drugs,both,547
E09000024,Merton,2022,Drug and Weapon Offences,Possession of weapons,current_only,76
E09000024,Merton,2022,Other Crimes,Other crime,both,209
E09000024,Merton,2022,Public Order Offences,Anti-social behaviour,both,4419
E09000024,Merton,2022,Public Order Offences,Public order,current_only,980
E09000024,Merton,2022,Theft and Robbery,Bicycle theft,current_only,291
E09000024,Merton,2022,Theft and Robbery,Burglary,both,950
E09000024,Merton,2022,Theft and Robbery,Other theft,both,1589
E09000024,Merton,2022,Theft and Robbery,Robbery,both,507
E09000024,Merton,2022,Theft and Robbery,Shoplifting,both,726
E09000024,Merton,2022,Theft and Robbery,Theft from the person,current_only,226
E09000024,Merton,2022,Theft and Robbery,Vehicle crime,both,1875
E09000024,Merton,2022,Violence and Sexual Offences,Violence and sexual offences,current_only,4562
E09000024,Merton,2023,Criminal Damage and Arson,Criminal damage and arson,both,1063
E09000024,Merton,2023,Drug and Weapon Offences,Drugs,both,471
E09000024,Merton,2023,Drug and Weapon Offences,Possession of weapons,current_only,80
E09000024,Merton,2023,Other Crimes,Other crime,both,156
E09000024,Merton,2023,Public Order Offences,Anti-social behaviour,both,3846
E09000024,Merton,2023,Public Order Offences,Public order,current_only,1004
E09000024,Merton,2023,Theft and Robbery,Bicycle theft,current_only,249
E09000024,Merton,2023,Theft and Robbery,Burglary,both,892
E09000024,Merton,2023,Theft and Robbery,Other theft,both,1530
E09000024,Merton,2023,Theft and Robbery,Robbery,both,451
E09000024,Merton,2023,Theft and Robbery,Shoplifting,both,1220
E09000024,Merton,2023,Theft and Robbery,Theft from the person,current_only,267
E09000024,Merton,2023,Theft and Robbery,Vehicle crime,both,1557
E09000024,Merton,2023,Violence and Sexual Offences,Violence and sexual offences,current_only,4726
E09000024,Merton,2024,Criminal Damage and Arson,Criminal damage and arson,both,1070
E09000024,Merton,2024,Drug and Weapon Offences,Drugs,both,546
E09000024,Merton,2024,Drug and Weapon Offences,Possession of weapons,current_only,73
E09000024,Merton,2024,Other Crimes,Other crime,both,181
E09000024,Merton,2024,Public Order Offences,Anti-social behaviour,both,3754
E09000024,Merton,2024,Public Order Offences,Public order,current_only,876
E09000024,Merton,2024,Theft and Robbery,Bicycle theft,current_only,218
E09000024,Merton,2024,Theft and Robbery,Burglary,both,898
E09000024,Merton,2024,Theft and Robbery,Other theft,both,1368
E09000024,Merton,2024,Theft and Robbery,Robbery,both,392
E09000024,Merton,2024,Theft and Robbery,Shoplifting,both,1698
E09000024,Merton,2024,Theft and Robbery,Theft from the person,current_only,380
E09000024,Merton,2024,Theft and Robbery,Vehicle crime,both,1568
E09000024,Merton,2024,Violence and Sexual Offences,Violence and sexual offences,current_only,4414
E09000024,Merton,2025,Criminal Damage and Arson,Criminal damage and arson,both,1044
E09000024,Merton,2025,Drug and Weapon Offences,Drugs,both,720
E09000024,Merton,2025,Drug and Weapon Offences,Possession of weapons,current_only,94
E09000024,Merton,2025,Other Crimes,Other crime,both,207
E09000024,Merton,2025,Public Order Offences,Anti-social behaviour,both,3675
E09000024,Merton,2025,Public Order Offences,Public order,current_only,918
E09000024,Merton,2025,Theft and Robbery,Bicycle theft,current_only,211
E09000024,Merton,2025,Theft and Robbery,Burglary,both,761
E09000024,Merton,2025,Theft and Robbery,Other theft,both,1167
E09000024,Merton,2025,Theft and Robbery,Robbery,both,355
E09000024,Merton,2025,Theft and Robbery,Shoplifting,both,1536
E09000024,Merton,2025,Theft and Robbery,Theft from the person,current_only,337
E09000024,Merton,2025,Theft and Robbery,Vehicle crime,both,1298
E09000024,Merton,2025,Violence and Sexual Offences,Violence and sexual offences,current_only,4781
E09000024,Merton,2026,Criminal Damage and Arson,Criminal damage and arson,both,259
E09000024,Merton,2026,Drug and Weapon Offences,Drugs,both,221
E09000024,Merton,2026,Drug and Weapon Offences,Possession of weapons,current_only,46
E09000024,Merton,2026,Other Crimes,Other crime,both,80
E09000024,Merton,2026,Public Order Offences,Anti-social behaviour,both,1040
E09000024,Merton,2026,Public Order Offences,Public order,current_only,320
E09000024,Merton,2026,Theft and Robbery,Bicycle theft,current_only,74
E09000024,Merton,2026,Theft and Robbery,Burglary,both,216
E09000024,Merton,2026,Theft and Robbery,Other theft,both,362
E09000024,Merton,2026,Theft and Robbery,Robbery,both,120
E09000024,Merton,2026,Theft and Robbery,Shoplifting,both,446
E09000024,Merton,2026,Theft and Robbery,Theft from the person,current_only,115
E09000024,Merton,2026,Theft and Robbery,Vehicle crime,both,416
E09000024,Merton,2026,Violence and Sexual Offences,Violence and sexual offences,current_only,1501
E09000025,Newham,2011,Criminal Damage and Arson,Criminal damage and arson,both,740
E09000025,Newham,2011,Drug and Weapon Offences,Drugs,both,582
E09000025,Newham,2011,Other Crimes,Other crime,both,10221
E09000025,Newham,2011,Public Order Offences,Anti-social behaviour,both,18888
E09000025,Newham,2011,Public Order Offences,Public disorder and weapons,legacy_only,389
E09000025,Newham,2011,Theft and Robbery,Burglary,both,3239
E09000025,Newham,2011,Theft and Robbery,Other theft,both,1927
E09000025,Newham,2011,Theft and Robbery,Robbery,both,2354
E09000025,Newham,2011,Theft and Robbery,Shoplifting,both,328
E09000025,Newham,2011,Theft and Robbery,Vehicle crime,both,5055
E09000025,Newham,2011,Violence and Sexual Offences,Violent crime,legacy_only,6301
E09000025,Newham,2012,Criminal Damage and Arson,Criminal damage and arson,both,2252
E09000025,Newham,2012,Drug and Weapon Offences,Drugs,both,1712
E09000025,Newham,2012,Other Crimes,Other crime,both,2255
E09000025,Newham,2012,Public Order Offences,Anti-social behaviour,both,15260
E09000025,Newham,2012,Public Order Offences,Public disorder and weapons,legacy_only,1085
E09000025,Newham,2012,Theft and Robbery,Burglary,both,3084
E09000025,Newham,2012,Theft and Robbery,Other theft,both,7204
E09000025,Newham,2012,Theft and Robbery,Robbery,both,2304
E09000025,Newham,2012,Theft and Robbery,Shoplifting,both,1255
E09000025,Newham,2012,Theft and Robbery,Vehicle crime,both,4315
E09000025,Newham,2012,Violence and Sexual Offences,Violent crime,legacy_only,6121
E09000025,Newham,2013,Criminal Damage and Arson,Criminal damage and arson,both,2052
E09000025,Newham,2013,Drug and Weapon Offences,Drugs,both,1513
E09000025,Newham,2013,Drug and Weapon Offences,Possession of weapons,current_only,116
E09000025,Newham,2013,Other Crimes,Other crime,both,491
E09000025,Newham,2013,Public Order Offences,Anti-social behaviour,both,13533
E09000025,Newham,2013,Public Order Offences,Public disorder and weapons,legacy_only,295
E09000025,Newham,2013,Public Order Offences,Public order,current_only,551
E09000025,Newham,2013,Theft and Robbery,Bicycle theft,current_only,339
E09000025,Newham,2013,Theft and Robbery,Burglary,both,2915
E09000025,Newham,2013,Theft and Robbery,Other theft,both,4906
E09000025,Newham,2013,Theft and Robbery,Robbery,both,2138
E09000025,Newham,2013,Theft and Robbery,Shoplifting,both,1332
E09000025,Newham,2013,Theft and Robbery,Theft from the person,current_only,1409
E09000025,Newham,2013,Theft and Robbery,Vehicle crime,both,4308
E09000025,Newham,2013,Violence and Sexual Offences,Violence and sexual offences,current_only,4170
E09000025,Newham,2013,Violence and Sexual Offences,Violent crime,legacy_only,1733
E09000025,Newham,2014,Criminal Damage and Arson,Criminal damage and arson,both,2133
E09000025,Newham,2014,Drug and Weapon Offences,Drugs,both,1531
E09000025,Newham,2014,Drug and Weapon Offences,Possession of weapons,current_only,138
E09000025,Newham,2014,Other Crimes,Other crime,both,292
E09000025,Newham,2014,Public Order Offences,Anti-social behaviour,both,10793
E09000025,Newham,2014,Public Order Offences,Public order,current_only,1167
E09000025,Newham,2014,Theft and Robbery,Bicycle theft,current_only,392
E09000025,Newham,2014,Theft and Robbery,Burglary,both,2454
E09000025,Newham,2014,Theft and Robbery,Other theft,both,4153
E09000025,Newham,2014,Theft and Robbery,Robbery,both,1623
E09000025,Newham,2014,Theft and Robbery,Shoplifting,both,1632
E09000025,Newham,2014,Theft and Robbery,Theft from the person,current_only,1555
E09000025,Newham,2014,Theft and Robbery,Vehicle crime,both,3724
E09000025,Newham,2014,Violence and Sexual Offences,Violence and sexual offences,current_only,7363
E09000025,Newham,2015,Criminal Damage and Arson,Criminal damage and arson,both,2286
E09000025,Newham,2015,Drug and Weapon Offences,Drugs,both,1418
E09000025,Newham,2015,Drug and Weapon Offences,Possession of weapons,current_only,174
E09000025,Newham,2015,Other Crimes,Other crime,both,409
E09000025,Newham,2015,Public Order Offences,Anti-social behaviour,both,9091
E09000025,Newham,2015,Public Order Offences,Public order,current_only,1462
E09000025,Newham,2015,Theft and Robbery,Bicycle theft,current_only,455
E09000025,Newham,2015,Theft and Robbery,Burglary,both,2217
E09000025,Newham,2015,Theft and Robbery,Other theft,both,4154
E09000025,Newham,2015,Theft and Robbery,Robbery,both,1384
E09000025,Newham,2015,Theft and Robbery,Shoplifting,both,1596
E09000025,Newham,2015,Theft and Robbery,Theft from the person,current_only,1442
E09000025,Newham,2015,Theft and Robbery,Vehicle crime,both,3759
E09000025,Newham,2015,Violence and Sexual Offences,Violence and sexual offences,current_only,8531
E09000025,Newham,2016,Criminal Damage and Arson,Criminal damage and arson,both,2414
E09000025,Newham,2016,Drug and Weapon Offences,Drugs,both,1452
E09000025,Newham,2016,Drug and Weapon Offences,Possession of weapons,current_only,211
E09000025,Newham,2016,Other Crimes,Other crime,both,441
E09000025,Newham,2016,Public Order Offences,Anti-social behaviour,both,9605
E09000025,Newham,2016,Public Order Offences,Public order,current_only,1568
E09000025,Newham,2016,Theft and Robbery,Bicycle theft,current_only,513
E09000025,Newham,2016,Theft and Robbery,Burglary,both,2087
E09000025,Newham,2016,Theft and Robbery,Other theft,both,3974
E09000025,Newham,2016,Theft and Robbery,Robbery,both,1456
E09000025,Newham,2016,Theft and Robbery,Shoplifting,both,1888
E09000025,Newham,2016,Theft and Robbery,Theft from the person,current_only,1395
E09000025,Newham,2016,Theft and Robbery,Vehicle crime,both,4254
E09000025,Newham,2016,Violence and Sexual Offences,Violence and sexual offences,current_only,8631
E09000025,Newham,2017,Criminal Damage and Arson,Criminal damage and arson,both,2296
E09000025,Newham,2017,Drug and Weapon Offences,Drugs,both,1848
E09000025,Newham,2017,Drug and Weapon Offences,Possession of weapons,current_only,343
E09000025,Newham,2017,Other Crimes,Other crime,both,473
E09000025,Newham,2017,Public Order Offences,Anti-social behaviour,both,8452
E09000025,Newham,2017,Public Order Offences,Public order,current_only,1614
E09000025,Newham,2017,Theft and Robbery,Bicycle theft,current_only,524
E09000025,Newham,2017,Theft and Robbery,Burglary,both,2163
E09000025,Newham,2017,Theft and Robbery,Other theft,both,4224
E09000025,Newham,2017,Theft and Robbery,Robbery,both,2025
E09000025,Newham,2017,Theft and Robbery,Shoplifting,both,2302
E09000025,Newham,2017,Theft and Robbery,Theft from the person,current_only,1466
E09000025,Newham,2017,Theft and Robbery,Vehicle crime,both,4808
E09000025,Newham,2017,Violence and Sexual Offences,Violence and sexual offences,current_only,9226
E09000025,Newham,2018,Criminal Damage and Arson,Criminal damage and arson,both,2305
E09000025,Newham,2018,Drug and Weapon Offences,Drugs,both,1921
E09000025,Newham,2018,Drug and Weapon Offences,Possession of weapons,current_only,313
E09000025,Newham,2018,Other Crimes,Other crime,both,534
E09000025,Newham,2018,Public Order Offences,Anti-social behaviour,both,8032
E09000025,Newham,2018,Public Order Offences,Public order,current_only,1679
E09000025,Newham,2018,Theft and Robbery,Bicycle theft,current_only,545
E09000025,Newham,2018,Theft and Robbery,Burglary,both,2463
E09000025,Newham,2018,Theft and Robbery,Other theft,both,4514
E09000025,Newham,2018,Theft and Robbery,Robbery,both,1762
E09000025,Newham,2018,Theft and Robbery,Shoplifting,both,2281
E09000025,Newham,2018,Theft and Robbery,Theft from the person,current_only,1877
E09000025,Newham,2018,Theft and Robbery,Vehicle crime,both,5148
E09000025,Newham,2018,Violence and Sexual Offences,Violence and sexual offences,current_only,9557
E09000025,Newham,2019,Criminal Damage and Arson,Criminal damage and arson,both,2063
E09000025,Newham,2019,Drug and Weapon Offences,Drugs,both,2841
E09000025,Newham,2019,Drug and Weapon Offences,Possession of weapons,current_only,304
E09000025,Newham,2019,Other Crimes,Other crime,both,534
E09000025,Newham,2019,Public Order Offences,Anti-social behaviour,both,9037
E09000025,Newham,2019,Public Order Offences,Public order,current_only,1807
E09000025,Newham,2019,Theft and Robbery,Bicycle theft,current_only,470
E09000025,Newham,2019,Theft and Robbery,Burglary,both,2190
E09000025,Newham,2019,Theft and Robbery,Other theft,both,4060
E09000025,Newham,2019,Theft and Robbery,Robbery,both,1824
E09000025,Newham,2019,Theft and Robbery,Shoplifting,both,2110
E09000025,Newham,2019,Theft and Robbery,Theft from the person,current_only,1967
E09000025,Newham,2019,Theft and Robbery,Vehicle crime,both,4122
E09000025,Newham,2019,Violence and Sexual Offences,Violence and sexual offences,current_only,9244
E09000025,Newham,2020,Criminal Damage and Arson,Criminal damage and arson,both,1951
E09000025,Newham,2020,Drug and Weapon Offences,Drugs,both,2797
E09000025,Newham,2020,Drug and Weapon Offences,Possession of weapons,current_only,274
E09000025,Newham,2020,Other Crimes,Other crime,both,449
E09000025,Newham,2020,Public Order Offences,Anti-social behaviour,both,16984
E09000025,Newham,2020,Public Order Offences,Public order,current_only,1913
E09000025,Newham,2020,Theft and Robbery,Bicycle theft,current_only,588
E09000025,Newham,2020,Theft and Robbery,Burglary,both,1873
E09000025,Newham,2020,Theft and Robbery,Other theft,both,3381
E09000025,Newham,2020,Theft and Robbery,Robbery,both,1584
E09000025,Newham,2020,Theft and Robbery,Shoplifting,both,1705
E09000025,Newham,2020,Theft and Robbery,Theft from the person,current_only,1963
E09000025,Newham,2020,Theft and Robbery,Vehicle crime,both,3837
E09000025,Newham,2020,Violence and Sexual Offences,Violence and sexual offences,current_only,9321
E09000025,Newham,2021,Criminal Damage and Arson,Criminal damage and arson,both,2072
E09000025,Newham,2021,Drug and Weapon Offences,Drugs,both,2032
E09000025,Newham,2021,Drug and Weapon Offences,Possession of weapons,current_only,225
E09000025,Newham,2021,Other Crimes,Other crime,both,447
E09000025,Newham,2021,Public Order Offences,Anti-social behaviour,both,12610
E09000025,Newham,2021,Public Order Offences,Public order,current_only,2187
E09000025,Newham,2021,Theft and Robbery,Bicycle theft,current_only,457
E09000025,Newham,2021,Theft and Robbery,Burglary,both,1586
E09000025,Newham,2021,Theft and Robbery,Other theft,both,3767
E09000025,Newham,2021,Theft and Robbery,Robbery,both,1062
E09000025,Newham,2021,Theft and Robbery,Shoplifting,both,1863
E09000025,Newham,2021,Theft and Robbery,Theft from the person,current_only,2096
E09000025,Newham,2021,Theft and Robbery,Vehicle crime,both,3724
E09000025,Newham,2021,Violence and Sexual Offences,Violence and sexual offences,current_only,10115
E09000025,Newham,2022,Criminal Damage and Arson,Criminal damage and arson,both,2115
E09000025,Newham,2022,Drug and Weapon Offences,Drugs,both,2212
E09000025,Newham,2022,Drug and Weapon Offences,Possession of weapons,current_only,237
E09000025,Newham,2022,Other Crimes,Other crime,both,485
E09000025,Newham,2022,Public Order Offences,Anti-social behaviour,both,10695
E09000025,Newham,2022,Public Order Offences,Public order,current_only,2058
E09000025,Newham,2022,Theft and Robbery,Bicycle theft,current_only,404
E09000025,Newham,2022,Theft and Robbery,Burglary,both,1648
E09000025,Newham,2022,Theft and Robbery,Other theft,both,4301
E09000025,Newham,2022,Theft and Robbery,Robbery,both,1172
E09000025,Newham,2022,Theft and Robbery,Shoplifting,both,1736
E09000025,Newham,2022,Theft and Robbery,Theft from the person,current_only,2351
E09000025,Newham,2022,Theft and Robbery,Vehicle crime,both,4974
E09000025,Newham,2022,Violence and Sexual Offences,Violence and sexual offences,current_only,10194
E09000025,Newham,2023,Criminal Damage and Arson,Criminal damage and arson,both,2094
E09000025,Newham,2023,Drug and Weapon Offences,Drugs,both,1681
E09000025,Newham,2023,Drug and Weapon Offences,Possession of weapons,current_only,210
E09000025,Newham,2023,Other Crimes,Other crime,both,454
E09000025,Newham,2023,Public Order Offences,Anti-social behaviour,both,9465
E09000025,Newham,2023,Public Order Offences,Public order,current_only,1999
E09000025,Newham,2023,Theft and Robbery,Bicycle theft,current_only,500
E09000025,Newham,2023,Theft and Robbery,Burglary,both,1960
E09000025,Newham,2023,Theft and Robbery,Other theft,both,5421
E09000025,Newham,2023,Theft and Robbery,Robbery,both,1469
E09000025,Newham,2023,Theft and Robbery,Shoplifting,both,2196
E09000025,Newham,2023,Theft and Robbery,Theft from the person,current_only,3372
E09000025,Newham,2023,Theft and Robbery,Vehicle crime,both,4772
E09000025,Newham,2023,Violence and Sexual Offences,Violence and sexual offences,current_only,10912
E09000025,Newham,2024,Criminal Damage and Arson,Criminal damage and arson,both,1977
E09000025,Newham,2024,Drug and Weapon Offences,Drugs,both,2088
E09000025,Newham,2024,Drug and Weapon Offences,Possession of weapons,current_only,207
E09000025,Newham,2024,Other Crimes,Other crime,both,544
E09000025,Newham,2024,Public Order Offences,Anti-social behaviour,both,9869
E09000025,Newham,2024,Public Order Offences,Public order,current_only,2083
E09000025,Newham,2024,Theft and Robbery,Bicycle theft,current_only,542
E09000025,Newham,2024,Theft and Robbery,Burglary,both,1974
E09000025,Newham,2024,Theft and Robbery,Other theft,both,5050
E09000025,Newham,2024,Theft and Robbery,Robbery,both,1659
E09000025,Newham,2024,Theft and Robbery,Shoplifting,both,3921
E09000025,Newham,2024,Theft and Robbery,Theft from the person,current_only,4474
E09000025,Newham,2024,Theft and Robbery,Vehicle crime,both,4345
E09000025,Newham,2024,Violence and Sexual Offences,Violence and sexual offences,current_only,10708
E09000025,Newham,2025,Criminal Damage and Arson,Criminal damage and arson,both,2034
E09000025,Newham,2025,Drug and Weapon Offences,Drugs,both,2703
E09000025,Newham,2025,Drug and Weapon Offences,Possession of weapons,current_only,266
E09000025,Newham,2025,Other Crimes,Other crime,both,577
E09000025,Newham,2025,Public Order Offences,Anti-social behaviour,both,9833
E09000025,Newham,2025,Public Order Offences,Public order,current_only,2231
E09000025,Newham,2025,Theft and Robbery,Bicycle theft,current_only,506
E09000025,Newham,2025,Theft and Robbery,Burglary,both,1537
E09000025,Newham,2025,Theft and Robbery,Other theft,both,4295
E09000025,Newham,2025,Theft and Robbery,Robbery,both,1690
E09000025,Newham,2025,Theft and Robbery,Shoplifting,both,4663
E09000025,Newham,2025,Theft and Robbery,Theft from the person,current_only,4165
E09000025,Newham,2025,Theft and Robbery,Vehicle crime,both,4119
E09000025,Newham,2025,Violence and Sexual Offences,Violence and sexual offences,current_only,11499
E09000025,Newham,2026,Criminal Damage and Arson,Criminal damage and arson,both,703
E09000025,Newham,2026,Drug and Weapon Offences,Drugs,both,875
E09000025,Newham,2026,Drug and Weapon Offences,Possession of weapons,current_only,119
E09000025,Newham,2026,Other Crimes,Other crime,both,186
E09000025,Newham,2026,Public Order Offences,Anti-social behaviour,both,2974
E09000025,Newham,2026,Public Order Offences,Public order,current_only,763
E09000025,Newham,2026,Theft and Robbery,Bicycle theft,current_only,145
E09000025,Newham,2026,Theft and Robbery,Burglary,both,611
E09000025,Newham,2026,Theft and Robbery,Other theft,both,1390
E09000025,Newham,2026,Theft and Robbery,Robbery,both,583
E09000025,Newham,2026,Theft and Robbery,Shoplifting,both,1231
E09000025,Newham,2026,Theft and Robbery,Theft from the person,current_only,1373
E09000025,Newham,2026,Theft and Robbery,Vehicle crime,both,1452
E09000025,Newham,2026,Violence and Sexual Offences,Violence and sexual offences,current_only,4005
E09000026,Redbridge,2011,Criminal Damage and Arson,Criminal damage and arson,both,786
E09000026,Redbridge,2011,Drug and Weapon Offences,Drugs,both,684
E09000026,Redbridge,2011,Other Crimes,Other crime,both,8072
E09000026,Redbridge,2011,Public Order Offences,Anti-social behaviour,both,12965
E09000026,Redbridge,2011,Public Order Offences,Public disorder and weapons,legacy_only,311
E09000026,Redbridge,2011,Theft and Robbery,Burglary,both,3786
E09000026,Redbridge,2011,Theft and Robbery,Other theft,both,1081
E09000026,Redbridge,2011,Theft and Robbery,Robbery,both,1129
E09000026,Redbridge,2011,Theft and Robbery,Shoplifting,both,347
E09000026,Redbridge,2011,Theft and Robbery,Vehicle crime,both,4425
E09000026,Redbridge,2011,Violence and Sexual Offences,Violent crime,legacy_only,3647
E09000026,Redbridge,2012,Criminal Damage and Arson,Criminal damage and arson,both,1681
E09000026,Redbridge,2012,Drug and Weapon Offences,Drugs,both,1854
E09000026,Redbridge,2012,Other Crimes,Other crime,both,1548
E09000026,Redbridge,2012,Public Order Offences,Anti-social behaviour,both,10652
E09000026,Redbridge,2012,Public Order Offences,Public disorder and weapons,legacy_only,789
E09000026,Redbridge,2012,Theft and Robbery,Burglary,both,3428
E09000026,Redbridge,2012,Theft and Robbery,Other theft,both,3554
E09000026,Redbridge,2012,Theft and Robbery,Robbery,both,1042
E09000026,Redbridge,2012,Theft and Robbery,Shoplifting,both,919
E09000026,Redbridge,2012,Theft and Robbery,Vehicle crime,both,4035
E09000026,Redbridge,2012,Violence and Sexual Offences,Violent crime,legacy_only,3688
E09000026,Redbridge,2013,Criminal Damage and Arson,Criminal damage and arson,both,1454
E09000026,Redbridge,2013,Drug and Weapon Offences,Drugs,both,1707
E09000026,Redbridge,2013,Drug and Weapon Offences,Possession of weapons,current_only,58
E09000026,Redbridge,2013,Other Crimes,Other crime,both,483
E09000026,Redbridge,2013,Public Order Offences,Anti-social behaviour,both,8657
E09000026,Redbridge,2013,Public Order Offences,Public disorder and weapons,legacy_only,226
E09000026,Redbridge,2013,Public Order Offences,Public order,current_only,433
E09000026,Redbridge,2013,Theft and Robbery,Bicycle theft,current_only,132
E09000026,Redbridge,2013,Theft and Robbery,Burglary,both,2991
E09000026,Redbridge,2013,Theft and Robbery,Other theft,both,2937
E09000026,Redbridge,2013,Theft and Robbery,Robbery,both,892
E09000026,Redbridge,2013,Theft and Robbery,Shoplifting,both,876
E09000026,Redbridge,2013,Theft and Robbery,Theft from the person,current_only,363
E09000026,Redbridge,2013,Theft and Robbery,Vehicle crime,both,3631
E09000026,Redbridge,2013,Violence and Sexual Offences,Violence and sexual offences,current_only,2736
E09000026,Redbridge,2013,Violence and Sexual Offences,Violent crime,legacy_only,1182
E09000026,Redbridge,2014,Criminal Damage and Arson,Criminal damage and arson,both,1545
E09000026,Redbridge,2014,Drug and Weapon Offences,Drugs,both,1418
E09000026,Redbridge,2014,Drug and Weapon Offences,Possession of weapons,current_only,78
E09000026,Redbridge,2014,Other Crimes,Other crime,both,253
E09000026,Redbridge,2014,Public Order Offences,Anti-social behaviour,both,6990
E09000026,Redbridge,2014,Public Order Offences,Public order,current_only,958
E09000026,Redbridge,2014,Theft and Robbery,Bicycle theft,current_only,168
E09000026,Redbridge,2014,Theft and Robbery,Burglary,both,2631
E09000026,Redbridge,2014,Theft and Robbery,Other theft,both,2679
E09000026,Redbridge,2014,Theft and Robbery,Robbery,both,703
E09000026,Redbridge,2014,Theft and Robbery,Shoplifting,both,887
E09000026,Redbridge,2014,Theft and Robbery,Theft from the person,current_only,462
E09000026,Redbridge,2014,Theft and Robbery,Vehicle crime,both,2834
E09000026,Redbridge,2014,Violence and Sexual Offences,Violence and sexual offences,current_only,5054
E09000026,Redbridge,2015,Criminal Damage and Arson,Criminal damage and arson,both,1559
E09000026,Redbridge,2015,Drug and Weapon Offences,Drugs,both,1113
E09000026,Redbridge,2015,Drug and Weapon Offences,Possession of weapons,current_only,83
E09000026,Redbridge,2015,Other Crimes,Other crime,both,265
E09000026,Redbridge,2015,Public Order Offences,Anti-social behaviour,both,5778
E09000026,Redbridge,2015,Public Order Offences,Public order,current_only,946
E09000026,Redbridge,2015,Theft and Robbery,Bicycle theft,current_only,163
E09000026,Redbridge,2015,Theft and Robbery,Burglary,both,2232
E09000026,Redbridge,2015,Theft and Robbery,Other theft,both,2521
E09000026,Redbridge,2015,Theft and Robbery,Robbery,both,654
E09000026,Redbridge,2015,Theft and Robbery,Shoplifting,both,923
E09000026,Redbridge,2015,Theft and Robbery,Theft from the person,current_only,523
E09000026,Redbridge,2015,Theft and Robbery,Vehicle crime,both,2743
E09000026,Redbridge,2015,Violence and Sexual Offences,Violence and sexual offences,current_only,5315
E09000026,Redbridge,2016,Criminal Damage and Arson,Criminal damage and arson,both,1584
E09000026,Redbridge,2016,Drug and Weapon Offences,Drugs,both,921
E09000026,Redbridge,2016,Drug and Weapon Offences,Possession of weapons,current_only,100
E09000026,Redbridge,2016,Other Crimes,Other crime,both,228
E09000026,Redbridge,2016,Public Order Offences,Anti-social behaviour,both,6305
E09000026,Redbridge,2016,Public Order Offences,Public order,current_only,1048
E09000026,Redbridge,2016,Theft and Robbery,Bicycle theft,current_only,184
E09000026,Redbridge,2016,Theft and Robbery,Burglary,both,2000
E09000026,Redbridge,2016,Theft and Robbery,Other theft,both,2545
E09000026,Redbridge,2016,Theft and Robbery,Robbery,both,586
E09000026,Redbridge,2016,Theft and Robbery,Shoplifting,both,1175
E09000026,Redbridge,2016,Theft and Robbery,Theft from the person,current_only,520
E09000026,Redbridge,2016,Theft and Robbery,Vehicle crime,both,3121
E09000026,Redbridge,2016,Violence and Sexual Offences,Violence and sexual offences,current_only,5775
E09000026,Redbridge,2017,Criminal Damage and Arson,Criminal damage and arson,both,1772
E09000026,Redbridge,2017,Drug and Weapon Offences,Drugs,both,656
E09000026,Redbridge,2017,Drug and Weapon Offences,Possession of weapons,current_only,127
E09000026,Redbridge,2017,Other Crimes,Other crime,both,227
E09000026,Redbridge,2017,Public Order Offences,Anti-social behaviour,both,6529
E09000026,Redbridge,2017,Public Order Offences,Public order,current_only,1144
E09000026,Redbridge,2017,Theft and Robbery,Bicycle theft,current_only,211
E09000026,Redbridge,2017,Theft and Robbery,Burglary,both,3004
E09000026,Redbridge,2017,Theft and Robbery,Other theft,both,2642
E09000026,Redbridge,2017,Theft and Robbery,Robbery,both,887
E09000026,Redbridge,2017,Theft and Robbery,Shoplifting,both,1172
E09000026,Redbridge,2017,Theft and Robbery,Theft from the person,current_only,733
E09000026,Redbridge,2017,Theft and Robbery,Vehicle crime,both,4377
E09000026,Redbridge,2017,Violence and Sexual Offences,Violence and sexual offences,current_only,6022
E09000026,Redbridge,2018,Criminal Damage and Arson,Criminal damage and arson,both,1546
E09000026,Redbridge,2018,Drug and Weapon Offences,Drugs,both,602
E09000026,Redbridge,2018,Drug and Weapon Offences,Possession of weapons,current_only,137
E09000026,Redbridge,2018,Other Crimes,Other crime,both,209
E09000026,Redbridge,2018,Public Order Offences,Anti-social behaviour,both,6194
E09000026,Redbridge,2018,Public Order Offences,Public order,current_only,1141
E09000026,Redbridge,2018,Theft and Robbery,Bicycle theft,current_only,182
E09000026,Redbridge,2018,Theft and Robbery,Burglary,both,2852
E09000026,Redbridge,2018,Theft and Robbery,Other theft,both,2552
E09000026,Redbridge,2018,Theft and Robbery,Robbery,both,1035
E09000026,Redbridge,2018,Theft and Robbery,Shoplifting,both,1053
E09000026,Redbridge,2018,Theft and Robbery,Theft from the person,current_only,817
E09000026,Redbridge,2018,Theft and Robbery,Vehicle crime,both,4319
E09000026,Redbridge,2018,Violence and Sexual Offences,Violence and sexual offences,current_only,6548
E09000026,Redbridge,2019,Criminal Damage and Arson,Criminal damage and arson,both,1398
E09000026,Redbridge,2019,Drug and Weapon Offences,Drugs,both,1192
E09000026,Redbridge,2019,Drug and Weapon Offences,Possession of weapons,current_only,140
E09000026,Redbridge,2019,Other Crimes,Other crime,both,253
E09000026,Redbridge,2019,Public Order Offences,Anti-social behaviour,both,6364
E09000026,Redbridge,2019,Public Order Offences,Public order,current_only,1151
E09000026,Redbridge,2019,Theft and Robbery,Bicycle theft,current_only,214
E09000026,Redbridge,2019,Theft and Robbery,Burglary,both,2131
E09000026,Redbridge,2019,Theft and Robbery,Other theft,both,2311
E09000026,Redbridge,2019,Theft and Robbery,Robbery,both,980
E09000026,Redbridge,2019,Theft and Robbery,Shoplifting,both,1134
E09000026,Redbridge,2019,Theft and Robbery,Theft from the person,current_only,858
E09000026,Redbridge,2019,Theft and Robbery,Vehicle crime,both,4419
E09000026,Redbridge,2019,Violence and Sexual Offences,Violence and sexual offences,current_only,6451
E09000026,Redbridge,2020,Criminal Damage and Arson,Criminal damage and arson,both,1396
E09000026,Redbridge,2020,Drug and Weapon Offences,Drugs,both,1680
E09000026,Redbridge,2020,Drug and Weapon Offences,Possession of weapons,current_only,148
E09000026,Redbridge,2020,Other Crimes,Other crime,both,271
E09000026,Redbridge,2020,Public Order Offences,Anti-social behaviour,both,10689
E09000026,Redbridge,2020,Public Order Offences,Public order,current_only,1308
E09000026,Redbridge,2020,Theft and Robbery,Bicycle theft,current_only,221
E09000026,Redbridge,2020,Theft and Robbery,Burglary,both,1730
E09000026,Redbridge,2020,Theft and Robbery,Other theft,both,2166
E09000026,Redbridge,2020,Theft and Robbery,Robbery,both,676
E09000026,Redbridge,2020,Theft and Robbery,Shoplifting,both,1221
E09000026,Redbridge,2020,Theft and Robbery,Theft from the person,current_only,756
E09000026,Redbridge,2020,Theft and Robbery,Vehicle crime,both,4081
E09000026,Redbridge,2020,Violence and Sexual Offences,Violence and sexual offences,current_only,6853
E09000026,Redbridge,2021,Criminal Damage and Arson,Criminal damage and arson,both,1520
E09000026,Redbridge,2021,Drug and Weapon Offences,Drugs,both,1216
E09000026,Redbridge,2021,Drug and Weapon Offences,Possession of weapons,current_only,133
E09000026,Redbridge,2021,Other Crimes,Other crime,both,313
E09000026,Redbridge,2021,Public Order Offences,Anti-social behaviour,both,8357
E09000026,Redbridge,2021,Public Order Offences,Public order,current_only,1532
E09000026,Redbridge,2021,Theft and Robbery,Bicycle theft,current_only,277
E09000026,Redbridge,2021,Theft and Robbery,Burglary,both,1482
E09000026,Redbridge,2021,Theft and Robbery,Other theft,both,2527
E09000026,Redbridge,2021,Theft and Robbery,Robbery,both,615
E09000026,Redbridge,2021,Theft and Robbery,Shoplifting,both,1125
E09000026,Redbridge,2021,Theft and Robbery,Theft from the person,current_only,841
E09000026,Redbridge,2021,Theft and Robbery,Vehicle crime,both,3827
E09000026,Redbridge,2021,Violence and Sexual Offences,Violence and sexual offences,current_only,8008
E09000026,Redbridge,2022,Criminal Damage and Arson,Criminal damage and arson,both,1498
E09000026,Redbridge,2022,Drug and Weapon Offences,Drugs,both,1083
E09000026,Redbridge,2022,Drug and Weapon Offences,Possession of weapons,current_only,127
E09000026,Redbridge,2022,Other Crimes,Other crime,both,306
E09000026,Redbridge,2022,Public Order Offences,Anti-social behaviour,both,6975
E09000026,Redbridge,2022,Public Order Offences,Public order,current_only,1443
E09000026,Redbridge,2022,Theft and Robbery,Bicycle theft,current_only,201
E09000026,Redbridge,2022,Theft and Robbery,Burglary,both,1393
E09000026,Redbridge,2022,Theft and Robbery,Other theft,both,2875
E09000026,Redbridge,2022,Theft and Robbery,Robbery,both,681
E09000026,Redbridge,2022,Theft and Robbery,Shoplifting,both,1167
E09000026,Redbridge,2022,Theft and Robbery,Theft from the person,current_only,891
E09000026,Redbridge,2022,Theft and Robbery,Vehicle crime,both,4212
E09000026,Redbridge,2022,Violence and Sexual Offences,Violence and sexual offences,current_only,7815
E09000026,Redbridge,2023,Criminal Damage and Arson,Criminal damage and arson,both,1611
E09000026,Redbridge,2023,Drug and Weapon Offences,Drugs,both,950
E09000026,Redbridge,2023,Drug and Weapon Offences,Possession of weapons,current_only,115
E09000026,Redbridge,2023,Other Crimes,Other crime,both,308
E09000026,Redbridge,2023,Public Order Offences,Anti-social behaviour,both,5805
E09000026,Redbridge,2023,Public Order Offences,Public order,current_only,1431
E09000026,Redbridge,2023,Theft and Robbery,Bicycle theft,current_only,153
E09000026,Redbridge,2023,Theft and Robbery,Burglary,both,1257
E09000026,Redbridge,2023,Theft and Robbery,Other theft,both,2689
E09000026,Redbridge,2023,Theft and Robbery,Robbery,both,773
E09000026,Redbridge,2023,Theft and Robbery,Shoplifting,both,1338
E09000026,Redbridge,2023,Theft and Robbery,Theft from the person,current_only,1102
E09000026,Redbridge,2023,Theft and Robbery,Vehicle crime,both,3843
E09000026,Redbridge,2023,Violence and Sexual Offences,Violence and sexual offences,current_only,8192
E09000026,Redbridge,2024,Criminal Damage and Arson,Criminal damage and arson,both,1464
E09000026,Redbridge,2024,Drug and Weapon Offences,Drugs,both,927
E09000026,Redbridge,2024,Drug and Weapon Offences,Possession of weapons,current_only,134
E09000026,Redbridge,2024,Other Crimes,Other crime,both,328
E09000026,Redbridge,2024,Public Order Offences,Anti-social behaviour,both,5902
E09000026,Redbridge,2024,Public Order Offences,Public order,current_only,1376
E09000026,Redbridge,2024,Theft and Robbery,Bicycle theft,current_only,217
E09000026,Redbridge,2024,Theft and Robbery,Burglary,both,1480
E09000026,Redbridge,2024,Theft and Robbery,Other theft,both,2484
E09000026,Redbridge,2024,Theft and Robbery,Robbery,both,678
E09000026,Redbridge,2024,Theft and Robbery,Shoplifting,both,1689
E09000026,Redbridge,2024,Theft and Robbery,Theft from the person,current_only,1294
E09000026,Redbridge,2024,Theft and Robbery,Vehicle crime,both,3143
E09000026,Redbridge,2024,Violence and Sexual Offences,Violence and sexual offences,current_only,8271
E09000026,Redbridge,2025,Criminal Damage and Arson,Criminal damage and arson,both,1464
E09000026,Redbridge,2025,Drug and Weapon Offences,Drugs,both,1258
E09000026,Redbridge,2025,Drug and Weapon Offences,Possession of weapons,current_only,131
E09000026,Redbridge,2025,Other Crimes,Other crime,both,366
E09000026,Redbridge,2025,Public Order Offences,Anti-social behaviour,both,6289
E09000026,Redbridge,2025,Public Order Offences,Public order,current_only,1515
E09000026,Redbridge,2025,Theft and Robbery,Bicycle theft,current_only,184
E09000026,Redbridge,2025,Theft and Robbery,Burglary,both,1077
E09000026,Redbridge,2025,Theft and Robbery,Other theft,both,2101
E09000026,Redbridge,2025,Theft and Robbery,Robbery,both,864
E09000026,Redbridge,2025,Theft and Robbery,Shoplifting,both,2195
E09000026,Redbridge,2025,Theft and Robbery,Theft from the person,current_only,1301
E09000026,Redbridge,2025,Theft and Robbery,Vehicle crime,both,2764
E09000026,Redbridge,2025,Violence and Sexual Offences,Violence and sexual offences,current_only,8836
E09000026,Redbridge,2026,Criminal Damage and Arson,Criminal damage and arson,both,501
E09000026,Redbridge,2026,Drug and Weapon Offences,Drugs,both,382
E09000026,Redbridge,2026,Drug and Weapon Offences,Possession of weapons,current_only,54
E09000026,Redbridge,2026,Other Crimes,Other crime,both,143
E09000026,Redbridge,2026,Public Order Offences,Anti-social behaviour,both,1841
E09000026,Redbridge,2026,Public Order Offences,Public order,current_only,511
E09000026,Redbridge,2026,Theft and Robbery,Bicycle theft,current_only,44
E09000026,Redbridge,2026,Theft and Robbery,Burglary,both,368
E09000026,Redbridge,2026,Theft and Robbery,Other theft,both,683
E09000026,Redbridge,2026,Theft and Robbery,Robbery,both,217
E09000026,Redbridge,2026,Theft and Robbery,Shoplifting,both,742
E09000026,Redbridge,2026,Theft and Robbery,Theft from the person,current_only,426
E09000026,Redbridge,2026,Theft and Robbery,Vehicle crime,both,865
E09000026,Redbridge,2026,Violence and Sexual Offences,Violence and sexual offences,current_only,2952
E09000027,Richmond upon Thames,2011,Criminal Damage and Arson,Criminal damage and arson,both,402
E09000027,Richmond upon Thames,2011,Drug and Weapon Offences,Drugs,both,141
E09000027,Richmond upon Thames,2011,Other Crimes,Other crime,both,4389
E09000027,Richmond upon Thames,2011,Public Order Offences,Anti-social behaviour,both,6186
E09000027,Richmond upon Thames,2011,Public Order Offences,Public disorder and weapons,legacy_only,136
E09000027,Richmond upon Thames,2011,Theft and Robbery,Burglary,both,2060
E09000027,Richmond upon Thames,2011,Theft and Robbery,Other theft,both,836
E09000027,Richmond upon Thames,2011,Theft and Robbery,Robbery,both,203
E09000027,Richmond upon Thames,2011,Theft and Robbery,Shoplifting,both,218
E09000027,Richmond upon Thames,2011,Theft and Robbery,Vehicle crime,both,1617
E09000027,Richmond upon Thames,2011,Violence and Sexual Offences,Violent crime,legacy_only,1872
E09000027,Richmond upon Thames,2012,Criminal Damage and Arson,Criminal damage and arson,both,1175
E09000027,Richmond upon Thames,2012,Drug and Weapon Offences,Drugs,both,474
E09000027,Richmond upon Thames,2012,Other Crimes,Other crime,both,686
E09000027,Richmond upon Thames,2012,Public Order Offences,Anti-social behaviour,both,5101
E09000027,Richmond upon Thames,2012,Public Order Offences,Public disorder and weapons,legacy_only,466
E09000027,Richmond upon Thames,2012,Theft and Robbery,Burglary,both,2020
E09000027,Richmond upon Thames,2012,Theft and Robbery,Other theft,both,2589
E09000027,Richmond upon Thames,2012,Theft and Robbery,Robbery,both,225
E09000027,Richmond upon Thames,2012,Theft and Robbery,Shoplifting,both,603
E09000027,Richmond upon Thames,2012,Theft and Robbery,Vehicle crime,both,1802
E09000027,Richmond upon Thames,2012,Violence and Sexual Offences,Violent crime,legacy_only,1822
E09000027,Richmond upon Thames,2013,Criminal Damage and Arson,Criminal damage and arson,both,1140
E09000027,Richmond upon Thames,2013,Drug and Weapon Offences,Drugs,both,521
E09000027,Richmond upon Thames,2013,Drug and Weapon Offences,Possession of weapons,current_only,16
E09000027,Richmond upon Thames,2013,Other Crimes,Other crime,both,169
E09000027,Richmond upon Thames,2013,Public Order Offences,Anti-social behaviour,both,4521
E09000027,Richmond upon Thames,2013,Public Order Offences,Public disorder and weapons,legacy_only,139
E09000027,Richmond upon Thames,2013,Public Order Offences,Public order,current_only,267
E09000027,Richmond upon Thames,2013,Theft and Robbery,Bicycle theft,current_only,529
E09000027,Richmond upon Thames,2013,Theft and Robbery,Burglary,both,1944
E09000027,Richmond upon Thames,2013,Theft and Robbery,Other theft,both,1775
E09000027,Richmond upon Thames,2013,Theft and Robbery,Robbery,both,195
E09000027,Richmond upon Thames,2013,Theft and Robbery,Shoplifting,both,655
E09000027,Richmond upon Thames,2013,Theft and Robbery,Theft from the person,current_only,136
E09000027,Richmond upon Thames,2013,Theft and Robbery,Vehicle crime,both,1423
E09000027,Richmond upon Thames,2013,Violence and Sexual Offences,Violence and sexual offences,current_only,1142
E09000027,Richmond upon Thames,2013,Violence and Sexual Offences,Violent crime,legacy_only,556
E09000027,Richmond upon Thames,2014,Criminal Damage and Arson,Criminal damage and arson,both,1068
E09000027,Richmond upon Thames,2014,Drug and Weapon Offences,Drugs,both,380
E09000027,Richmond upon Thames,2014,Drug and Weapon Offences,Possession of weapons,current_only,28
E09000027,Richmond upon Thames,2014,Other Crimes,Other crime,both,110
E09000027,Richmond upon Thames,2014,Public Order Offences,Anti-social behaviour,both,3663
E09000027,Richmond upon Thames,2014,Public Order Offences,Public order,current_only,467
E09000027,Richmond upon Thames,2014,Theft and Robbery,Bicycle theft,current_only,553
E09000027,Richmond upon Thames,2014,Theft and Robbery,Burglary,both,1751
E09000027,Richmond upon Thames,2014,Theft and Robbery,Other theft,both,1528
E09000027,Richmond upon Thames,2014,Theft and Robbery,Robbery,both,132
E09000027,Richmond upon Thames,2014,Theft and Robbery,Shoplifting,both,662
E09000027,Richmond upon Thames,2014,Theft and Robbery,Theft from the person,current_only,195
E09000027,Richmond upon Thames,2014,Theft and Robbery,Vehicle crime,both,1592
E09000027,Richmond upon Thames,2014,Violence and Sexual Offences,Violence and sexual offences,current_only,2177
E09000027,Richmond upon Thames,2015,Criminal Damage and Arson,Criminal damage and arson,both,1045
E09000027,Richmond upon Thames,2015,Drug and Weapon Offences,Drugs,both,336
E09000027,Richmond upon Thames,2015,Drug and Weapon Offences,Possession of weapons,current_only,24
E09000027,Richmond upon Thames,2015,Other Crimes,Other crime,both,125
E09000027,Richmond upon Thames,2015,Public Order Offences,Anti-social behaviour,both,3375
E09000027,Richmond upon Thames,2015,Public Order Offences,Public order,current_only,654
E09000027,Richmond upon Thames,2015,Theft and Robbery,Bicycle theft,current_only,685
E09000027,Richmond upon Thames,2015,Theft and Robbery,Burglary,both,1460
E09000027,Richmond upon Thames,2015,Theft and Robbery,Other theft,both,1355
E09000027,Richmond upon Thames,2015,Theft and Robbery,Robbery,both,160
E09000027,Richmond upon Thames,2015,Theft and Robbery,Shoplifting,both,662
E09000027,Richmond upon Thames,2015,Theft and Robbery,Theft from the person,current_only,205
E09000027,Richmond upon Thames,2015,Theft and Robbery,Vehicle crime,both,1447
E09000027,Richmond upon Thames,2015,Violence and Sexual Offences,Violence and sexual offences,current_only,2483
E09000027,Richmond upon Thames,2016,Criminal Damage and Arson,Criminal damage and arson,both,1106
E09000027,Richmond upon Thames,2016,Drug and Weapon Offences,Drugs,both,264
E09000027,Richmond upon Thames,2016,Drug and Weapon Offences,Possession of weapons,current_only,30
E09000027,Richmond upon Thames,2016,Other Crimes,Other crime,both,141
E09000027,Richmond upon Thames,2016,Public Order Offences,Anti-social behaviour,both,3743
E09000027,Richmond upon Thames,2016,Public Order Offences,Public order,current_only,721
E09000027,Richmond upon Thames,2016,Theft and Robbery,Bicycle theft,current_only,689
E09000027,Richmond upon Thames,2016,Theft and Robbery,Burglary,both,1371
E09000027,Richmond upon Thames,2016,Theft and Robbery,Other theft,both,1449
E09000027,Richmond upon Thames,2016,Theft and Robbery,Robbery,both,112
E09000027,Richmond upon Thames,2016,Theft and Robbery,Shoplifting,both,672
E09000027,Richmond upon Thames,2016,Theft and Robbery,Theft from the person,current_only,199
E09000027,Richmond upon Thames,2016,Theft and Robbery,Vehicle crime,both,1843
E09000027,Richmond upon Thames,2016,Violence and Sexual Offences,Violence and sexual offences,current_only,2722
E09000027,Richmond upon Thames,2017,Criminal Damage and Arson,Criminal damage and arson,both,1114
E09000027,Richmond upon Thames,2017,Drug and Weapon Offences,Drugs,both,323
E09000027,Richmond upon Thames,2017,Drug and Weapon Offences,Possession of weapons,current_only,56
E09000027,Richmond upon Thames,2017,Other Crimes,Other crime,both,140
E09000027,Richmond upon Thames,2017,Public Order Offences,Anti-social behaviour,both,3427
E09000027,Richmond upon Thames,2017,Public Order Offences,Public order,current_only,777
E09000027,Richmond upon Thames,2017,Theft and Robbery,Bicycle theft,current_only,931
E09000027,Richmond upon Thames,2017,Theft and Robbery,Burglary,both,1903
E09000027,Richmond upon Thames,2017,Theft and Robbery,Other theft,both,1375
E09000027,Richmond upon Thames,2017,Theft and Robbery,Robbery,both,234
E09000027,Richmond upon Thames,2017,Theft and Robbery,Shoplifting,both,664
E09000027,Richmond upon Thames,2017,Theft and Robbery,Theft from the person,current_only,225
E09000027,Richmond upon Thames,2017,Theft and Robbery,Vehicle crime,both,2313
E09000027,Richmond upon Thames,2017,Violence and Sexual Offences,Violence and sexual offences,current_only,3038
E09000027,Richmond upon Thames,2018,Criminal Damage and Arson,Criminal damage and arson,both,1074
E09000027,Richmond upon Thames,2018,Drug and Weapon Offences,Drugs,both,253
E09000027,Richmond upon Thames,2018,Drug and Weapon Offences,Possession of weapons,current_only,67
E09000027,Richmond upon Thames,2018,Other Crimes,Other crime,both,114
E09000027,Richmond upon Thames,2018,Public Order Offences,Anti-social behaviour,both,3071
E09000027,Richmond upon Thames,2018,Public Order Offences,Public order,current_only,701
E09000027,Richmond upon Thames,2018,Theft and Robbery,Bicycle theft,current_only,867
E09000027,Richmond upon Thames,2018,Theft and Robbery,Burglary,both,1797
E09000027,Richmond upon Thames,2018,Theft and Robbery,Other theft,both,1329
E09000027,Richmond upon Thames,2018,Theft and Robbery,Robbery,both,347
E09000027,Richmond upon Thames,2018,Theft and Robbery,Shoplifting,both,547
E09000027,Richmond upon Thames,2018,Theft and Robbery,Theft from the person,current_only,242
E09000027,Richmond upon Thames,2018,Theft and Robbery,Vehicle crime,both,2224
E09000027,Richmond upon Thames,2018,Violence and Sexual Offences,Violence and sexual offences,current_only,3153
E09000027,Richmond upon Thames,2019,Criminal Damage and Arson,Criminal damage and arson,both,953
E09000027,Richmond upon Thames,2019,Drug and Weapon Offences,Drugs,both,335
E09000027,Richmond upon Thames,2019,Drug and Weapon Offences,Possession of weapons,current_only,48
E09000027,Richmond upon Thames,2019,Other Crimes,Other crime,both,106
E09000027,Richmond upon Thames,2019,Public Order Offences,Anti-social behaviour,both,3479
E09000027,Richmond upon Thames,2019,Public Order Offences,Public order,current_only,804
E09000027,Richmond upon Thames,2019,Theft and Robbery,Bicycle theft,current_only,659
E09000027,Richmond upon Thames,2019,Theft and Robbery,Burglary,both,1516
E09000027,Richmond upon Thames,2019,Theft and Robbery,Other theft,both,1429
E09000027,Richmond upon Thames,2019,Theft and Robbery,Robbery,both,423
E09000027,Richmond upon Thames,2019,Theft and Robbery,Shoplifting,both,574
E09000027,Richmond upon Thames,2019,Theft and Robbery,Theft from the person,current_only,253
E09000027,Richmond upon Thames,2019,Theft and Robbery,Vehicle crime,both,2188
E09000027,Richmond upon Thames,2019,Violence and Sexual Offences,Violence and sexual offences,current_only,3127
E09000027,Richmond upon Thames,2020,Criminal Damage and Arson,Criminal damage and arson,both,908
E09000027,Richmond upon Thames,2020,Drug and Weapon Offences,Drugs,both,592
E09000027,Richmond upon Thames,2020,Drug and Weapon Offences,Possession of weapons,current_only,51
E09000027,Richmond upon Thames,2020,Other Crimes,Other crime,both,161
E09000027,Richmond upon Thames,2020,Public Order Offences,Anti-social behaviour,both,7013
E09000027,Richmond upon Thames,2020,Public Order Offences,Public order,current_only,846
E09000027,Richmond upon Thames,2020,Theft and Robbery,Bicycle theft,current_only,766
E09000027,Richmond upon Thames,2020,Theft and Robbery,Burglary,both,1304
E09000027,Richmond upon Thames,2020,Theft and Robbery,Other theft,both,1103
E09000027,Richmond upon Thames,2020,Theft and Robbery,Robbery,both,241
E09000027,Richmond upon Thames,2020,Theft and Robbery,Shoplifting,both,515
E09000027,Richmond upon Thames,2020,Theft and Robbery,Theft from the person,current_only,134
E09000027,Richmond upon Thames,2020,Theft and Robbery,Vehicle crime,both,2260
E09000027,Richmond upon Thames,2020,Violence and Sexual Offences,Violence and sexual offences,current_only,3238
E09000027,Richmond upon Thames,2021,Criminal Damage and Arson,Criminal damage and arson,both,919
E09000027,Richmond upon Thames,2021,Drug and Weapon Offences,Drugs,both,389
E09000027,Richmond upon Thames,2021,Drug and Weapon Offences,Possession of weapons,current_only,41
E09000027,Richmond upon Thames,2021,Other Crimes,Other crime,both,121
E09000027,Richmond upon Thames,2021,Public Order Offences,Anti-social behaviour,both,4478
E09000027,Richmond upon Thames,2021,Public Order Offences,Public order,current_only,789
E09000027,Richmond upon Thames,2021,Theft and Robbery,Bicycle theft,current_only,749
E09000027,Richmond upon Thames,2021,Theft and Robbery,Burglary,both,1015
E09000027,Richmond upon Thames,2021,Theft and Robbery,Other theft,both,1065
E09000027,Richmond upon Thames,2021,Theft and Robbery,Robbery,both,195
E09000027,Richmond upon Thames,2021,Theft and Robbery,Shoplifting,both,453
E09000027,Richmond upon Thames,2021,Theft and Robbery,Theft from the person,current_only,196
E09000027,Richmond upon Thames,2021,Theft and Robbery,Vehicle crime,both,1712
E09000027,Richmond upon Thames,2021,Violence and Sexual Offences,Violence and sexual offences,current_only,3266
E09000027,Richmond upon Thames,2022,Criminal Damage and Arson,Criminal damage and arson,both,894
E09000027,Richmond upon Thames,2022,Drug and Weapon Offences,Drugs,both,307
E09000027,Richmond upon Thames,2022,Drug and Weapon Offences,Possession of weapons,current_only,43
E09000027,Richmond upon Thames,2022,Other Crimes,Other crime,both,142
E09000027,Richmond upon Thames,2022,Public Order Offences,Anti-social behaviour,both,3359
E09000027,Richmond upon Thames,2022,Public Order Offences,Public order,current_only,768
E09000027,Richmond upon Thames,2022,Theft and Robbery,Bicycle theft,current_only,654
E09000027,Richmond upon Thames,2022,Theft and Robbery,Burglary,both,943
E09000027,Richmond upon Thames,2022,Theft and Robbery,Other theft,both,1313
E09000027,Richmond upon Thames,2022,Theft and Robbery,Robbery,both,210
E09000027,Richmond upon Thames,2022,Theft and Robbery,Shoplifting,both,565
E09000027,Richmond upon Thames,2022,Theft and Robbery,Theft from the person,current_only,236
E09000027,Richmond upon Thames,2022,Theft and Robbery,Vehicle crime,both,2058
E09000027,Richmond upon Thames,2022,Violence and Sexual Offences,Violence and sexual offences,current_only,3249
E09000027,Richmond upon Thames,2023,Criminal Damage and Arson,Criminal damage and arson,both,980
E09000027,Richmond upon Thames,2023,Drug and Weapon Offences,Drugs,both,297
E09000027,Richmond upon Thames,2023,Drug and Weapon Offences,Possession of weapons,current_only,41
E09000027,Richmond upon Thames,2023,Other Crimes,Other crime,both,124
E09000027,Richmond upon Thames,2023,Public Order Offences,Anti-social behaviour,both,3110
E09000027,Richmond upon Thames,2023,Public Order Offences,Public order,current_only,843
E09000027,Richmond upon Thames,2023,Theft and Robbery,Bicycle theft,current_only,646
E09000027,Richmond upon Thames,2023,Theft and Robbery,Burglary,both,1284
E09000027,Richmond upon Thames,2023,Theft and Robbery,Other theft,both,1287
E09000027,Richmond upon Thames,2023,Theft and Robbery,Robbery,both,248
E09000027,Richmond upon Thames,2023,Theft and Robbery,Shoplifting,both,892
E09000027,Richmond upon Thames,2023,Theft and Robbery,Theft from the person,current_only,193
E09000027,Richmond upon Thames,2023,Theft and Robbery,Vehicle crime,both,1983
E09000027,Richmond upon Thames,2023,Violence and Sexual Offences,Violence and sexual offences,current_only,3145
E09000027,Richmond upon Thames,2024,Criminal Damage and Arson,Criminal damage and arson,both,944
E09000027,Richmond upon Thames,2024,Drug and Weapon Offences,Drugs,both,531
E09000027,Richmond upon Thames,2024,Drug and Weapon Offences,Possession of weapons,current_only,34
E09000027,Richmond upon Thames,2024,Other Crimes,Other crime,both,134
E09000027,Richmond upon Thames,2024,Public Order Offences,Anti-social behaviour,both,3022
E09000027,Richmond upon Thames,2024,Public Order Offences,Public order,current_only,762
E09000027,Richmond upon Thames,2024,Theft and Robbery,Bicycle theft,current_only,454
E09000027,Richmond upon Thames,2024,Theft and Robbery,Burglary,both,1009
E09000027,Richmond upon Thames,2024,Theft and Robbery,Other theft,both,1156
E09000027,Richmond upon Thames,2024,Theft and Robbery,Robbery,both,290
E09000027,Richmond upon Thames,2024,Theft and Robbery,Shoplifting,both,1291
E09000027,Richmond upon Thames,2024,Theft and Robbery,Theft from the person,current_only,297
E09000027,Richmond upon Thames,2024,Theft and Robbery,Vehicle crime,both,1793
E09000027,Richmond upon Thames,2024,Violence and Sexual Offences,Violence and sexual offences,current_only,3315
E09000027,Richmond upon Thames,2025,Criminal Damage and Arson,Criminal damage and arson,both,1046
E09000027,Richmond upon Thames,2025,Drug and Weapon Offences,Drugs,both,581
E09000027,Richmond upon Thames,2025,Drug and Weapon Offences,Possession of weapons,current_only,44
E09000027,Richmond upon Thames,2025,Other Crimes,Other crime,both,143
E09000027,Richmond upon Thames,2025,Public Order Offences,Anti-social behaviour,both,3083
E09000027,Richmond upon Thames,2025,Public Order Offences,Public order,current_only,839
E09000027,Richmond upon Thames,2025,Theft and Robbery,Bicycle theft,current_only,378
E09000027,Richmond upon Thames,2025,Theft and Robbery,Burglary,both,913
E09000027,Richmond upon Thames,2025,Theft and Robbery,Other theft,both,1080
E09000027,Richmond upon Thames,2025,Theft and Robbery,Robbery,both,240
E09000027,Richmond upon Thames,2025,Theft and Robbery,Shoplifting,both,1199
E09000027,Richmond upon Thames,2025,Theft and Robbery,Theft from the person,current_only,263
E09000027,Richmond upon Thames,2025,Theft and Robbery,Vehicle crime,both,1571
E09000027,Richmond upon Thames,2025,Violence and Sexual Offences,Violence and sexual offences,current_only,3287
E09000027,Richmond upon Thames,2026,Criminal Damage and Arson,Criminal damage and arson,both,285
E09000027,Richmond upon Thames,2026,Drug and Weapon Offences,Drugs,both,142
E09000027,Richmond upon Thames,2026,Drug and Weapon Offences,Possession of weapons,current_only,18
E09000027,Richmond upon Thames,2026,Other Crimes,Other crime,both,58
E09000027,Richmond upon Thames,2026,Public Order Offences,Anti-social behaviour,both,951
E09000027,Richmond upon Thames,2026,Public Order Offences,Public order,current_only,255
E09000027,Richmond upon Thames,2026,Theft and Robbery,Bicycle theft,current_only,109
E09000027,Richmond upon Thames,2026,Theft and Robbery,Burglary,both,283
E09000027,Richmond upon Thames,2026,Theft and Robbery,Other theft,both,290
E09000027,Richmond upon Thames,2026,Theft and Robbery,Robbery,both,83
E09000027,Richmond upon Thames,2026,Theft and Robbery,Shoplifting,both,370
E09000027,Richmond upon Thames,2026,Theft and Robbery,Theft from the person,current_only,87
E09000027,Richmond upon Thames,2026,Theft and Robbery,Vehicle crime,both,597
E09000027,Richmond upon Thames,2026,Violence and Sexual Offences,Violence and sexual offences,current_only,1054
E09000028,Southwark,2011,Criminal Damage and Arson,Criminal damage and arson,both,973
E09000028,Southwark,2011,Drug and Weapon Offences,Drugs,both,879
E09000028,Southwark,2011,Other Crimes,Other crime,both,12659
E09000028,Southwark,2011,Public Order Offences,Anti-social behaviour,both,17459
E09000028,Southwark,2011,Public Order Offences,Public disorder and weapons,legacy_only,441
E09000028,Southwark,2011,Theft and Robbery,Burglary,both,3399
E09000028,Southwark,2011,Theft and Robbery,Other theft,both,3156
E09000028,Southwark,2011,Theft and Robbery,Robbery,both,2384
E09000028,Southwark,2011,Theft and Robbery,Shoplifting,both,401
E09000028,Southwark,2011,Theft and Robbery,Vehicle crime,both,3347
E09000028,Southwark,2011,Violence and Sexual Offences,Violent crime,legacy_only,6435
E09000028,Southwark,2012,Criminal Damage and Arson,Criminal damage and arson,both,2297
E09000028,Southwark,2012,Drug and Weapon Offences,Drugs,both,2203
E09000028,Southwark,2012,Other Crimes,Other crime,both,1584
E09000028,Southwark,2012,Public Order Offences,Anti-social behaviour,both,13597
E09000028,Southwark,2012,Public Order Offences,Public disorder and weapons,legacy_only,1316
E09000028,Southwark,2012,Theft and Robbery,Burglary,both,3284
E09000028,Southwark,2012,Theft and Robbery,Other theft,both,8963
E09000028,Southwark,2012,Theft and Robbery,Robbery,both,2506
E09000028,Southwark,2012,Theft and Robbery,Shoplifting,both,1157
E09000028,Southwark,2012,Theft and Robbery,Vehicle crime,both,2747
E09000028,Southwark,2012,Violence and Sexual Offences,Violent crime,legacy_only,5859
E09000028,Southwark,2013,Criminal Damage and Arson,Criminal damage and arson,both,2330
E09000028,Southwark,2013,Drug and Weapon Offences,Drugs,both,2406
E09000028,Southwark,2013,Drug and Weapon Offences,Possession of weapons,current_only,100
E09000028,Southwark,2013,Other Crimes,Other crime,both,486
E09000028,Southwark,2013,Public Order Offences,Anti-social behaviour,both,11563
E09000028,Southwark,2013,Public Order Offences,Public disorder and weapons,legacy_only,441
E09000028,Southwark,2013,Public Order Offences,Public order,current_only,730
E09000028,Southwark,2013,Theft and Robbery,Bicycle theft,current_only,949
E09000028,Southwark,2013,Theft and Robbery,Burglary,both,3462
E09000028,Southwark,2013,Theft and Robbery,Other theft,both,6567
E09000028,Southwark,2013,Theft and Robbery,Robbery,both,2246
E09000028,Southwark,2013,Theft and Robbery,Shoplifting,both,1215
E09000028,Southwark,2013,Theft and Robbery,Theft from the person,current_only,1745
E09000028,Southwark,2013,Theft and Robbery,Vehicle crime,both,3107
E09000028,Southwark,2013,Violence and Sexual Offences,Violence and sexual offences,current_only,3888
E09000028,Southwark,2013,Violence and Sexual Offences,Violent crime,legacy_only,1789
E09000028,Southwark,2014,Criminal Damage and Arson,Criminal damage and arson,both,2368
E09000028,Southwark,2014,Drug and Weapon Offences,Drugs,both,2462
E09000028,Southwark,2014,Drug and Weapon Offences,Possession of weapons,current_only,148
E09000028,Southwark,2014,Other Crimes,Other crime,both,248
E09000028,Southwark,2014,Public Order Offences,Anti-social behaviour,both,9272
E09000028,Southwark,2014,Public Order Offences,Public order,current_only,1457
E09000028,Southwark,2014,Theft and Robbery,Bicycle theft,current_only,1084
E09000028,Southwark,2014,Theft and Robbery,Burglary,both,2815
E09000028,Southwark,2014,Theft and Robbery,Other theft,both,4811
E09000028,Southwark,2014,Theft and Robbery,Robbery,both,1257
E09000028,Southwark,2014,Theft and Robbery,Shoplifting,both,1203
E09000028,Southwark,2014,Theft and Robbery,Theft from the person,current_only,1279
E09000028,Southwark,2014,Theft and Robbery,Vehicle crime,both,2999
E09000028,Southwark,2014,Violence and Sexual Offences,Violence and sexual offences,current_only,6852
E09000028,Southwark,2015,Criminal Damage and Arson,Criminal damage and arson,both,2458
E09000028,Southwark,2015,Drug and Weapon Offences,Drugs,both,1988
E09000028,Southwark,2015,Drug and Weapon Offences,Possession of weapons,current_only,172
E09000028,Southwark,2015,Other Crimes,Other crime,both,259
E09000028,Southwark,2015,Public Order Offences,Anti-social behaviour,both,8180
E09000028,Southwark,2015,Public Order Offences,Public order,current_only,1624
E09000028,Southwark,2015,Theft and Robbery,Bicycle theft,current_only,1121
E09000028,Southwark,2015,Theft and Robbery,Burglary,both,2926
E09000028,Southwark,2015,Theft and Robbery,Other theft,both,4894
E09000028,Southwark,2015,Theft and Robbery,Robbery,both,1210
E09000028,Southwark,2015,Theft and Robbery,Shoplifting,both,1432
E09000028,Southwark,2015,Theft and Robbery,Theft from the person,current_only,1509
E09000028,Southwark,2015,Theft and Robbery,Vehicle crime,both,2875
E09000028,Southwark,2015,Violence and Sexual Offences,Violence and sexual offences,current_only,7692
E09000028,Southwark,2016,Criminal Damage and Arson,Criminal damage and arson,both,2537
E09000028,Southwark,2016,Drug and Weapon Offences,Drugs,both,1586
E09000028,Southwark,2016,Drug and Weapon Offences,Possession of weapons,current_only,210
E09000028,Southwark,2016,Other Crimes,Other crime,both,302
E09000028,Southwark,2016,Public Order Offences,Anti-social behaviour,both,8257
E09000028,Southwark,2016,Public Order Offences,Public order,current_only,1737
E09000028,Southwark,2016,Theft and Robbery,Bicycle theft,current_only,1245
E09000028,Southwark,2016,Theft and Robbery,Burglary,both,2911
E09000028,Southwark,2016,Theft and Robbery,Other theft,both,4964
E09000028,Southwark,2016,Theft and Robbery,Robbery,both,1302
E09000028,Southwark,2016,Theft and Robbery,Shoplifting,both,1502
E09000028,Southwark,2016,Theft and Robbery,Theft from the person,current_only,1817
E09000028,Southwark,2016,Theft and Robbery,Vehicle crime,both,3473
E09000028,Southwark,2016,Violence and Sexual Offences,Violence and sexual offences,current_only,8189
E09000028,Southwark,2017,Criminal Damage and Arson,Criminal damage and arson,both,2432
E09000028,Southwark,2017,Drug and Weapon Offences,Drugs,both,1900
E09000028,Southwark,2017,Drug and Weapon Offences,Possession of weapons,current_only,384
E09000028,Southwark,2017,Other Crimes,Other crime,both,311
E09000028,Southwark,2017,Public Order Offences,Anti-social behaviour,both,8278
E09000028,Southwark,2017,Public Order Offences,Public order,current_only,1892
E09000028,Southwark,2017,Theft and Robbery,Bicycle theft,current_only,1591
E09000028,Southwark,2017,Theft and Robbery,Burglary,both,3323
E09000028,Southwark,2017,Theft and Robbery,Other theft,both,4714
E09000028,Southwark,2017,Theft and Robbery,Robbery,both,1758
E09000028,Southwark,2017,Theft and Robbery,Shoplifting,both,1442
E09000028,Southwark,2017,Theft and Robbery,Theft from the person,current_only,2227
E09000028,Southwark,2017,Theft and Robbery,Vehicle crime,both,2849
E09000028,Southwark,2017,Violence and Sexual Offences,Violence and sexual offences,current_only,8316
E09000028,Southwark,2018,Criminal Damage and Arson,Criminal damage and arson,both,2300
E09000028,Southwark,2018,Drug and Weapon Offences,Drugs,both,1779
E09000028,Southwark,2018,Drug and Weapon Offences,Possession of weapons,current_only,424
E09000028,Southwark,2018,Other Crimes,Other crime,both,333
E09000028,Southwark,2018,Public Order Offences,Anti-social behaviour,both,8338
E09000028,Southwark,2018,Public Order Offences,Public order,current_only,1867
E09000028,Southwark,2018,Theft and Robbery,Bicycle theft,current_only,1287
E09000028,Southwark,2018,Theft and Robbery,Burglary,both,3028
E09000028,Southwark,2018,Theft and Robbery,Other theft,both,5576
E09000028,Southwark,2018,Theft and Robbery,Robbery,both,1751
E09000028,Southwark,2018,Theft and Robbery,Shoplifting,both,1446
E09000028,Southwark,2018,Theft and Robbery,Theft from the person,current_only,2056
E09000028,Southwark,2018,Theft and Robbery,Vehicle crime,both,3788
E09000028,Southwark,2018,Violence and Sexual Offences,Violence and sexual offences,current_only,9285
E09000028,Southwark,2019,Criminal Damage and Arson,Criminal damage and arson,both,2021
E09000028,Southwark,2019,Drug and Weapon Offences,Drugs,both,2389
E09000028,Southwark,2019,Drug and Weapon Offences,Possession of weapons,current_only,322
E09000028,Southwark,2019,Other Crimes,Other crime,both,344
E09000028,Southwark,2019,Public Order Offences,Anti-social behaviour,both,9171
E09000028,Southwark,2019,Public Order Offences,Public order,current_only,1988
E09000028,Southwark,2019,Theft and Robbery,Bicycle theft,current_only,1186
E09000028,Southwark,2019,Theft and Robbery,Burglary,both,3182
E09000028,Southwark,2019,Theft and Robbery,Other theft,both,5867
E09000028,Southwark,2019,Theft and Robbery,Robbery,both,2391
E09000028,Southwark,2019,Theft and Robbery,Shoplifting,both,1267
E09000028,Southwark,2019,Theft and Robbery,Theft from the person,current_only,3563
E09000028,Southwark,2019,Theft and Robbery,Vehicle crime,both,3583
E09000028,Southwark,2019,Violence and Sexual Offences,Violence and sexual offences,current_only,9058
E09000028,Southwark,2020,Criminal Damage and Arson,Criminal damage and arson,both,1924
E09000028,Southwark,2020,Drug and Weapon Offences,Drugs,both,2142
E09000028,Southwark,2020,Drug and Weapon Offences,Possession of weapons,current_only,290
E09000028,Southwark,2020,Other Crimes,Other crime,both,308
E09000028,Southwark,2020,Public Order Offences,Anti-social behaviour,both,16958
E09000028,Southwark,2020,Public Order Offences,Public order,current_only,2056
E09000028,Southwark,2020,Theft and Robbery,Bicycle theft,current_only,1758
E09000028,Southwark,2020,Theft and Robbery,Burglary,both,2522
E09000028,Southwark,2020,Theft and Robbery,Other theft,both,3577
E09000028,Southwark,2020,Theft and Robbery,Robbery,both,1490
E09000028,Southwark,2020,Theft and Robbery,Shoplifting,both,961
E09000028,Southwark,2020,Theft and Robbery,Theft from the person,current_only,1883
E09000028,Southwark,2020,Theft and Robbery,Vehicle crime,both,3343
E09000028,Southwark,2020,Violence and Sexual Offences,Violence and sexual offences,current_only,8495
E09000028,Southwark,2021,Criminal Damage and Arson,Criminal damage and arson,both,1851
E09000028,Southwark,2021,Drug and Weapon Offences,Drugs,both,2001
E09000028,Southwark,2021,Drug and Weapon Offences,Possession of weapons,current_only,236
E09000028,Southwark,2021,Other Crimes,Other crime,both,327
E09000028,Southwark,2021,Public Order Offences,Anti-social behaviour,both,11957
E09000028,Southwark,2021,Public Order Offences,Public order,current_only,2098
E09000028,Southwark,2021,Theft and Robbery,Bicycle theft,current_only,1524
E09000028,Southwark,2021,Theft and Robbery,Burglary,both,2324
E09000028,Southwark,2021,Theft and Robbery,Other theft,both,4078
E09000028,Southwark,2021,Theft and Robbery,Robbery,both,1073
E09000028,Southwark,2021,Theft and Robbery,Shoplifting,both,1002
E09000028,Southwark,2021,Theft and Robbery,Theft from the person,current_only,2219
E09000028,Southwark,2021,Theft and Robbery,Vehicle crime,both,2763
E09000028,Southwark,2021,Violence and Sexual Offences,Violence and sexual offences,current_only,8771
E09000028,Southwark,2022,Criminal Damage and Arson,Criminal damage and arson,both,1935
E09000028,Southwark,2022,Drug and Weapon Offences,Drugs,both,1558
E09000028,Southwark,2022,Drug and Weapon Offences,Possession of weapons,current_only,199
E09000028,Southwark,2022,Other Crimes,Other crime,both,293
E09000028,Southwark,2022,Public Order Offences,Anti-social behaviour,both,9762
E09000028,Southwark,2022,Public Order Offences,Public order,current_only,1985
E09000028,Southwark,2022,Theft and Robbery,Bicycle theft,current_only,1385
E09000028,Southwark,2022,Theft and Robbery,Burglary,both,2496
E09000028,Southwark,2022,Theft and Robbery,Other theft,both,5651
E09000028,Southwark,2022,Theft and Robbery,Robbery,both,1655
E09000028,Southwark,2022,Theft and Robbery,Shoplifting,both,1094
E09000028,Southwark,2022,Theft and Robbery,Theft from the person,current_only,3517
E09000028,Southwark,2022,Theft and Robbery,Vehicle crime,both,2658
E09000028,Southwark,2022,Violence and Sexual Offences,Violence and sexual offences,current_only,8648
E09000028,Southwark,2023,Criminal Damage and Arson,Criminal damage and arson,both,2148
E09000028,Southwark,2023,Drug and Weapon Offences,Drugs,both,1316
E09000028,Southwark,2023,Drug and Weapon Offences,Possession of weapons,current_only,216
E09000028,Southwark,2023,Other Crimes,Other crime,both,257
E09000028,Southwark,2023,Public Order Offences,Anti-social behaviour,both,8595
E09000028,Southwark,2023,Public Order Offences,Public order,current_only,1964
E09000028,Southwark,2023,Theft and Robbery,Bicycle theft,current_only,945
E09000028,Southwark,2023,Theft and Robbery,Burglary,both,2482
E09000028,Southwark,2023,Theft and Robbery,Other theft,both,6243
E09000028,Southwark,2023,Theft and Robbery,Robbery,both,1937
E09000028,Southwark,2023,Theft and Robbery,Shoplifting,both,1597
E09000028,Southwark,2023,Theft and Robbery,Theft from the person,current_only,5062
E09000028,Southwark,2023,Theft and Robbery,Vehicle crime,both,2636
E09000028,Southwark,2023,Violence and Sexual Offences,Violence and sexual offences,current_only,9358
E09000028,Southwark,2024,Criminal Damage and Arson,Criminal damage and arson,both,1956
E09000028,Southwark,2024,Drug and Weapon Offences,Drugs,both,1496
E09000028,Southwark,2024,Drug and Weapon Offences,Possession of weapons,current_only,213
E09000028,Southwark,2024,Other Crimes,Other crime,both,298
E09000028,Southwark,2024,Public Order Offences,Anti-social behaviour,both,9427
E09000028,Southwark,2024,Public Order Offences,Public order,current_only,1921
E09000028,Southwark,2024,Theft and Robbery,Bicycle theft,current_only,1173
E09000028,Southwark,2024,Theft and Robbery,Burglary,both,2353
E09000028,Southwark,2024,Theft and Robbery,Other theft,both,5092
E09000028,Southwark,2024,Theft and Robbery,Robbery,both,2031
E09000028,Southwark,2024,Theft and Robbery,Shoplifting,both,3299
E09000028,Southwark,2024,Theft and Robbery,Theft from the person,current_only,6977
E09000028,Southwark,2024,Theft and Robbery,Vehicle crime,both,2693
E09000028,Southwark,2024,Violence and Sexual Offences,Violence and sexual offences,current_only,9055
E09000028,Southwark,2025,Criminal Damage and Arson,Criminal damage and arson,both,1868
E09000028,Southwark,2025,Drug and Weapon Offences,Drugs,both,1967
E09000028,Southwark,2025,Drug and Weapon Offences,Possession of weapons,current_only,271
E09000028,Southwark,2025,Other Crimes,Other crime,both,395
E09000028,Southwark,2025,Public Order Offences,Anti-social behaviour,both,9600
E09000028,Southwark,2025,Public Order Offences,Public order,current_only,2073
E09000028,Southwark,2025,Theft and Robbery,Bicycle theft,current_only,1039
E09000028,Southwark,2025,Theft and Robbery,Burglary,both,2509
E09000028,Southwark,2025,Theft and Robbery,Other theft,both,4916
E09000028,Southwark,2025,Theft and Robbery,Robbery,both,1851
E09000028,Southwark,2025,Theft and Robbery,Shoplifting,both,2721
E09000028,Southwark,2025,Theft and Robbery,Theft from the person,current_only,6852
E09000028,Southwark,2025,Theft and Robbery,Vehicle crime,both,2441
E09000028,Southwark,2025,Violence and Sexual Offences,Violence and sexual offences,current_only,9902
E09000028,Southwark,2026,Criminal Damage and Arson,Criminal damage and arson,both,640
E09000028,Southwark,2026,Drug and Weapon Offences,Drugs,both,647
E09000028,Southwark,2026,Drug and Weapon Offences,Possession of weapons,current_only,103
E09000028,Southwark,2026,Other Crimes,Other crime,both,148
E09000028,Southwark,2026,Public Order Offences,Anti-social behaviour,both,2907
E09000028,Southwark,2026,Public Order Offences,Public order,current_only,634
E09000028,Southwark,2026,Theft and Robbery,Bicycle theft,current_only,299
E09000028,Southwark,2026,Theft and Robbery,Burglary,both,690
E09000028,Southwark,2026,Theft and Robbery,Other theft,both,1466
E09000028,Southwark,2026,Theft and Robbery,Robbery,both,673
E09000028,Southwark,2026,Theft and Robbery,Shoplifting,both,1064
E09000028,Southwark,2026,Theft and Robbery,Theft from the person,current_only,2224
E09000028,Southwark,2026,Theft and Robbery,Vehicle crime,both,744
E09000028,Southwark,2026,Violence and Sexual Offences,Violence and sexual offences,current_only,3129
E09000029,Sutton,2011,Criminal Damage and Arson,Criminal damage and arson,both,474
E09000029,Sutton,2011,Drug and Weapon Offences,Drugs,both,137
E09000029,Sutton,2011,Other Crimes,Other crime,both,4173
E09000029,Sutton,2011,Public Order Offences,Anti-social behaviour,both,6634
E09000029,Sutton,2011,Public Order Offences,Public disorder and weapons,legacy_only,118
E09000029,Sutton,2011,Theft and Robbery,Burglary,both,1637
E09000029,Sutton,2011,Theft and Robbery,Other theft,both,556
E09000029,Sutton,2011,Theft and Robbery,Robbery,both,298
E09000029,Sutton,2011,Theft and Robbery,Shoplifting,both,348
E09000029,Sutton,2011,Theft and Robbery,Vehicle crime,both,1611
E09000029,Sutton,2011,Violence and Sexual Offences,Violent crime,legacy_only,2289
E09000029,Sutton,2012,Criminal Damage and Arson,Criminal damage and arson,both,1319
E09000029,Sutton,2012,Drug and Weapon Offences,Drugs,both,488
E09000029,Sutton,2012,Other Crimes,Other crime,both,527
E09000029,Sutton,2012,Public Order Offences,Anti-social behaviour,both,5532
E09000029,Sutton,2012,Public Order Offences,Public disorder and weapons,legacy_only,445
E09000029,Sutton,2012,Theft and Robbery,Burglary,both,1565
E09000029,Sutton,2012,Theft and Robbery,Other theft,both,1676
E09000029,Sutton,2012,Theft and Robbery,Robbery,both,316
E09000029,Sutton,2012,Theft and Robbery,Shoplifting,both,838
E09000029,Sutton,2012,Theft and Robbery,Vehicle crime,both,1709
E09000029,Sutton,2012,Violence and Sexual Offences,Violent crime,legacy_only,2527
E09000029,Sutton,2013,Criminal Damage and Arson,Criminal damage and arson,both,1211
E09000029,Sutton,2013,Drug and Weapon Offences,Drugs,both,423
E09000029,Sutton,2013,Drug and Weapon Offences,Possession of weapons,current_only,27
E09000029,Sutton,2013,Other Crimes,Other crime,both,142
E09000029,Sutton,2013,Public Order Offences,Anti-social behaviour,both,4283
E09000029,Sutton,2013,Public Order Offences,Public disorder and weapons,legacy_only,111
E09000029,Sutton,2013,Public Order Offences,Public order,current_only,275
E09000029,Sutton,2013,Theft and Robbery,Bicycle theft,current_only,107
E09000029,Sutton,2013,Theft and Robbery,Burglary,both,1442
E09000029,Sutton,2013,Theft and Robbery,Other theft,both,1369
E09000029,Sutton,2013,Theft and Robbery,Robbery,both,248
E09000029,Sutton,2013,Theft and Robbery,Shoplifting,both,823
E09000029,Sutton,2013,Theft and Robbery,Theft from the person,current_only,133
E09000029,Sutton,2013,Theft and Robbery,Vehicle crime,both,1666
E09000029,Sutton,2013,Violence and Sexual Offences,Violence and sexual offences,current_only,1560
E09000029,Sutton,2013,Violence and Sexual Offences,Violent crime,legacy_only,718
E09000029,Sutton,2014,Criminal Damage and Arson,Criminal damage and arson,both,1241
E09000029,Sutton,2014,Drug and Weapon Offences,Drugs,both,392
E09000029,Sutton,2014,Drug and Weapon Offences,Possession of weapons,current_only,30
E09000029,Sutton,2014,Other Crimes,Other crime,both,79
E09000029,Sutton,2014,Public Order Offences,Anti-social behaviour,both,3549
E09000029,Sutton,2014,Public Order Offences,Public order,current_only,529
E09000029,Sutton,2014,Theft and Robbery,Bicycle theft,current_only,166
E09000029,Sutton,2014,Theft and Robbery,Burglary,both,1395
E09000029,Sutton,2014,Theft and Robbery,Other theft,both,1400
E09000029,Sutton,2014,Theft and Robbery,Robbery,both,198
E09000029,Sutton,2014,Theft and Robbery,Shoplifting,both,734
E09000029,Sutton,2014,Theft and Robbery,Theft from the person,current_only,133
E09000029,Sutton,2014,Theft and Robbery,Vehicle crime,both,1406
E09000029,Sutton,2014,Violence and Sexual Offences,Violence and sexual offences,current_only,2851
E09000029,Sutton,2015,Criminal Damage and Arson,Criminal damage and arson,both,1299
E09000029,Sutton,2015,Drug and Weapon Offences,Drugs,both,405
E09000029,Sutton,2015,Drug and Weapon Offences,Possession of weapons,current_only,41
E09000029,Sutton,2015,Other Crimes,Other crime,both,116
E09000029,Sutton,2015,Public Order Offences,Anti-social behaviour,both,2829
E09000029,Sutton,2015,Public Order Offences,Public order,current_only,600
E09000029,Sutton,2015,Theft and Robbery,Bicycle theft,current_only,105
E09000029,Sutton,2015,Theft and Robbery,Burglary,both,1283
E09000029,Sutton,2015,Theft and Robbery,Other theft,both,1220
E09000029,Sutton,2015,Theft and Robbery,Robbery,both,164
E09000029,Sutton,2015,Theft and Robbery,Shoplifting,both,775
E09000029,Sutton,2015,Theft and Robbery,Theft from the person,current_only,165
E09000029,Sutton,2015,Theft and Robbery,Vehicle crime,both,1184
E09000029,Sutton,2015,Violence and Sexual Offences,Violence and sexual offences,current_only,3257
E09000029,Sutton,2016,Criminal Damage and Arson,Criminal damage and arson,both,1287
E09000029,Sutton,2016,Drug and Weapon Offences,Drugs,both,382
E09000029,Sutton,2016,Drug and Weapon Offences,Possession of weapons,current_only,49
E09000029,Sutton,2016,Other Crimes,Other crime,both,144
E09000029,Sutton,2016,Public Order Offences,Anti-social behaviour,both,3079
E09000029,Sutton,2016,Public Order Offences,Public order,current_only,668
E09000029,Sutton,2016,Theft and Robbery,Bicycle theft,current_only,124
E09000029,Sutton,2016,Theft and Robbery,Burglary,both,1248
E09000029,Sutton,2016,Theft and Robbery,Other theft,both,1172
E09000029,Sutton,2016,Theft and Robbery,Robbery,both,162
E09000029,Sutton,2016,Theft and Robbery,Shoplifting,both,787
E09000029,Sutton,2016,Theft and Robbery,Theft from the person,current_only,141
E09000029,Sutton,2016,Theft and Robbery,Vehicle crime,both,1319
E09000029,Sutton,2016,Violence and Sexual Offences,Violence and sexual offences,current_only,3335
E09000029,Sutton,2017,Criminal Damage and Arson,Criminal damage and arson,both,1203
E09000029,Sutton,2017,Drug and Weapon Offences,Drugs,both,344
E09000029,Sutton,2017,Drug and Weapon Offences,Possession of weapons,current_only,75
E09000029,Sutton,2017,Other Crimes,Other crime,both,156
E09000029,Sutton,2017,Public Order Offences,Anti-social behaviour,both,3034
E09000029,Sutton,2017,Public Order Offences,Public order,current_only,779
E09000029,Sutton,2017,Theft and Robbery,Bicycle theft,current_only,132
E09000029,Sutton,2017,Theft and Robbery,Burglary,both,1126
E09000029,Sutton,2017,Theft and Robbery,Other theft,both,1204
E09000029,Sutton,2017,Theft and Robbery,Robbery,both,268
E09000029,Sutton,2017,Theft and Robbery,Shoplifting,both,826
E09000029,Sutton,2017,Theft and Robbery,Theft from the person,current_only,171
E09000029,Sutton,2017,Theft and Robbery,Vehicle crime,both,1761
E09000029,Sutton,2017,Violence and Sexual Offences,Violence and sexual offences,current_only,3772
E09000029,Sutton,2018,Criminal Damage and Arson,Criminal damage and arson,both,1157
E09000029,Sutton,2018,Drug and Weapon Offences,Drugs,both,313
E09000029,Sutton,2018,Drug and Weapon Offences,Possession of weapons,current_only,99
E09000029,Sutton,2018,Other Crimes,Other crime,both,158
E09000029,Sutton,2018,Public Order Offences,Anti-social behaviour,both,3026
E09000029,Sutton,2018,Public Order Offences,Public order,current_only,795
E09000029,Sutton,2018,Theft and Robbery,Bicycle theft,current_only,126
E09000029,Sutton,2018,Theft and Robbery,Burglary,both,1184
E09000029,Sutton,2018,Theft and Robbery,Other theft,both,1294
E09000029,Sutton,2018,Theft and Robbery,Robbery,both,313
E09000029,Sutton,2018,Theft and Robbery,Shoplifting,both,776
E09000029,Sutton,2018,Theft and Robbery,Theft from the person,current_only,165
E09000029,Sutton,2018,Theft and Robbery,Vehicle crime,both,1776
E09000029,Sutton,2018,Violence and Sexual Offences,Violence and sexual offences,current_only,3824
E09000029,Sutton,2019,Criminal Damage and Arson,Criminal damage and arson,both,1090
E09000029,Sutton,2019,Drug and Weapon Offences,Drugs,both,521
E09000029,Sutton,2019,Drug and Weapon Offences,Possession of weapons,current_only,86
E09000029,Sutton,2019,Other Crimes,Other crime,both,155
E09000029,Sutton,2019,Public Order Offences,Anti-social behaviour,both,3895
E09000029,Sutton,2019,Public Order Offences,Public order,current_only,925
E09000029,Sutton,2019,Theft and Robbery,Bicycle theft,current_only,152
E09000029,Sutton,2019,Theft and Robbery,Burglary,both,1352
E09000029,Sutton,2019,Theft and Robbery,Other theft,both,1224
E09000029,Sutton,2019,Theft and Robbery,Robbery,both,281
E09000029,Sutton,2019,Theft and Robbery,Shoplifting,both,907
E09000029,Sutton,2019,Theft and Robbery,Theft from the person,current_only,222
E09000029,Sutton,2019,Theft and Robbery,Vehicle crime,both,2022
E09000029,Sutton,2019,Violence and Sexual Offences,Violence and sexual offences,current_only,4349
E09000029,Sutton,2020,Criminal Damage and Arson,Criminal damage and arson,both,925
E09000029,Sutton,2020,Drug and Weapon Offences,Drugs,both,756
E09000029,Sutton,2020,Drug and Weapon Offences,Possession of weapons,current_only,95
E09000029,Sutton,2020,Other Crimes,Other crime,both,201
E09000029,Sutton,2020,Public Order Offences,Anti-social behaviour,both,6361
E09000029,Sutton,2020,Public Order Offences,Public order,current_only,915
E09000029,Sutton,2020,Theft and Robbery,Bicycle theft,current_only,172
E09000029,Sutton,2020,Theft and Robbery,Burglary,both,1015
E09000029,Sutton,2020,Theft and Robbery,Other theft,both,947
E09000029,Sutton,2020,Theft and Robbery,Robbery,both,246
E09000029,Sutton,2020,Theft and Robbery,Shoplifting,both,742
E09000029,Sutton,2020,Theft and Robbery,Theft from the person,current_only,172
E09000029,Sutton,2020,Theft and Robbery,Vehicle crime,both,2250
E09000029,Sutton,2020,Violence and Sexual Offences,Violence and sexual offences,current_only,4316
E09000029,Sutton,2021,Criminal Damage and Arson,Criminal damage and arson,both,1037
E09000029,Sutton,2021,Drug and Weapon Offences,Drugs,both,553
E09000029,Sutton,2021,Drug and Weapon Offences,Possession of weapons,current_only,68
E09000029,Sutton,2021,Other Crimes,Other crime,both,155
E09000029,Sutton,2021,Public Order Offences,Anti-social behaviour,both,4326
E09000029,Sutton,2021,Public Order Offences,Public order,current_only,957
E09000029,Sutton,2021,Theft and Robbery,Bicycle theft,current_only,146
E09000029,Sutton,2021,Theft and Robbery,Burglary,both,900
E09000029,Sutton,2021,Theft and Robbery,Other theft,both,1114
E09000029,Sutton,2021,Theft and Robbery,Robbery,both,224
E09000029,Sutton,2021,Theft and Robbery,Shoplifting,both,626
E09000029,Sutton,2021,Theft and Robbery,Theft from the person,current_only,209
E09000029,Sutton,2021,Theft and Robbery,Vehicle crime,both,1932
E09000029,Sutton,2021,Violence and Sexual Offences,Violence and sexual offences,current_only,4625
E09000029,Sutton,2022,Criminal Damage and Arson,Criminal damage and arson,both,1098
E09000029,Sutton,2022,Drug and Weapon Offences,Drugs,both,503
E09000029,Sutton,2022,Drug and Weapon Offences,Possession of weapons,current_only,86
E09000029,Sutton,2022,Other Crimes,Other crime,both,166
E09000029,Sutton,2022,Public Order Offences,Anti-social behaviour,both,3774
E09000029,Sutton,2022,Public Order Offences,Public order,current_only,972
E09000029,Sutton,2022,Theft and Robbery,Bicycle theft,current_only,198
E09000029,Sutton,2022,Theft and Robbery,Burglary,both,1004
E09000029,Sutton,2022,Theft and Robbery,Other theft,both,1283
E09000029,Sutton,2022,Theft and Robbery,Robbery,both,313
E09000029,Sutton,2022,Theft and Robbery,Shoplifting,both,782
E09000029,Sutton,2022,Theft and Robbery,Theft from the person,current_only,294
E09000029,Sutton,2022,Theft and Robbery,Vehicle crime,both,1966
E09000029,Sutton,2022,Violence and Sexual Offences,Violence and sexual offences,current_only,4490
E09000029,Sutton,2023,Criminal Damage and Arson,Criminal damage and arson,both,1114
E09000029,Sutton,2023,Drug and Weapon Offences,Drugs,both,419
E09000029,Sutton,2023,Drug and Weapon Offences,Possession of weapons,current_only,72
E09000029,Sutton,2023,Other Crimes,Other crime,both,185
E09000029,Sutton,2023,Public Order Offences,Anti-social behaviour,both,3138
E09000029,Sutton,2023,Public Order Offences,Public order,current_only,976
E09000029,Sutton,2023,Theft and Robbery,Bicycle theft,current_only,161
E09000029,Sutton,2023,Theft and Robbery,Burglary,both,853
E09000029,Sutton,2023,Theft and Robbery,Other theft,both,1204
E09000029,Sutton,2023,Theft and Robbery,Robbery,both,359
E09000029,Sutton,2023,Theft and Robbery,Shoplifting,both,998
E09000029,Sutton,2023,Theft and Robbery,Theft from the person,current_only,260
E09000029,Sutton,2023,Theft and Robbery,Vehicle crime,both,1561
E09000029,Sutton,2023,Violence and Sexual Offences,Violence and sexual offences,current_only,4774
E09000029,Sutton,2024,Criminal Damage and Arson,Criminal damage and arson,both,1098
E09000029,Sutton,2024,Drug and Weapon Offences,Drugs,both,473
E09000029,Sutton,2024,Drug and Weapon Offences,Possession of weapons,current_only,72
E09000029,Sutton,2024,Other Crimes,Other crime,both,192
E09000029,Sutton,2024,Public Order Offences,Anti-social behaviour,both,3059
E09000029,Sutton,2024,Public Order Offences,Public order,current_only,998
E09000029,Sutton,2024,Theft and Robbery,Bicycle theft,current_only,124
E09000029,Sutton,2024,Theft and Robbery,Burglary,both,828
E09000029,Sutton,2024,Theft and Robbery,Other theft,both,1022
E09000029,Sutton,2024,Theft and Robbery,Robbery,both,304
E09000029,Sutton,2024,Theft and Robbery,Shoplifting,both,1399
E09000029,Sutton,2024,Theft and Robbery,Theft from the person,current_only,240
E09000029,Sutton,2024,Theft and Robbery,Vehicle crime,both,1373
E09000029,Sutton,2024,Violence and Sexual Offences,Violence and sexual offences,current_only,4787
E09000029,Sutton,2025,Criminal Damage and Arson,Criminal damage and arson,both,980
E09000029,Sutton,2025,Drug and Weapon Offences,Drugs,both,692
E09000029,Sutton,2025,Drug and Weapon Offences,Possession of weapons,current_only,86
E09000029,Sutton,2025,Other Crimes,Other crime,both,216
E09000029,Sutton,2025,Public Order Offences,Anti-social behaviour,both,3143
E09000029,Sutton,2025,Public Order Offences,Public order,current_only,1036
E09000029,Sutton,2025,Theft and Robbery,Bicycle theft,current_only,96
E09000029,Sutton,2025,Theft and Robbery,Burglary,both,867
E09000029,Sutton,2025,Theft and Robbery,Other theft,both,897
E09000029,Sutton,2025,Theft and Robbery,Robbery,both,277
E09000029,Sutton,2025,Theft and Robbery,Shoplifting,both,1341
E09000029,Sutton,2025,Theft and Robbery,Theft from the person,current_only,242
E09000029,Sutton,2025,Theft and Robbery,Vehicle crime,both,1213
E09000029,Sutton,2025,Violence and Sexual Offences,Violence and sexual offences,current_only,5122
E09000029,Sutton,2026,Criminal Damage and Arson,Criminal damage and arson,both,291
E09000029,Sutton,2026,Drug and Weapon Offences,Drugs,both,200
E09000029,Sutton,2026,Drug and Weapon Offences,Possession of weapons,current_only,31
E09000029,Sutton,2026,Other Crimes,Other crime,both,80
E09000029,Sutton,2026,Public Order Offences,Anti-social behaviour,both,984
E09000029,Sutton,2026,Public Order Offences,Public order,current_only,378
E09000029,Sutton,2026,Theft and Robbery,Bicycle theft,current_only,24
E09000029,Sutton,2026,Theft and Robbery,Burglary,both,229
E09000029,Sutton,2026,Theft and Robbery,Other theft,both,315
E09000029,Sutton,2026,Theft and Robbery,Robbery,both,89
E09000029,Sutton,2026,Theft and Robbery,Shoplifting,both,471
E09000029,Sutton,2026,Theft and Robbery,Theft from the person,current_only,74
E09000029,Sutton,2026,Theft and Robbery,Vehicle crime,both,424
E09000029,Sutton,2026,Violence and Sexual Offences,Violence and sexual offences,current_only,1648
E09000030,Tower Hamlets,2011,Criminal Damage and Arson,Criminal damage and arson,both,735
E09000030,Tower Hamlets,2011,Drug and Weapon Offences,Drugs,both,1055
E09000030,Tower Hamlets,2011,Other Crimes,Other crime,both,11046
E09000030,Tower Hamlets,2011,Public Order Offences,Anti-social behaviour,both,19751
E09000030,Tower Hamlets,2011,Public Order Offences,Public disorder and weapons,legacy_only,429
E09000030,Tower Hamlets,2011,Theft and Robbery,Burglary,both,2665
E09000030,Tower Hamlets,2011,Theft and Robbery,Other theft,both,2258
E09000030,Tower Hamlets,2011,Theft and Robbery,Robbery,both,1371
E09000030,Tower Hamlets,2011,Theft and Robbery,Shoplifting,both,204
E09000030,Tower Hamlets,2011,Theft and Robbery,Vehicle crime,both,2969
E09000030,Tower Hamlets,2011,Violence and Sexual Offences,Violent crime,legacy_only,5507
E09000030,Tower Hamlets,2012,Criminal Damage and Arson,Criminal damage and arson,both,2168
E09000030,Tower Hamlets,2012,Drug and Weapon Offences,Drugs,both,3156
E09000030,Tower Hamlets,2012,Other Crimes,Other crime,both,1449
E09000030,Tower Hamlets,2012,Public Order Offences,Anti-social behaviour,both,17458
E09000030,Tower Hamlets,2012,Public Order Offences,Public disorder and weapons,legacy_only,1215
E09000030,Tower Hamlets,2012,Theft and Robbery,Burglary,both,2657
E09000030,Tower Hamlets,2012,Theft and Robbery,Other theft,both,7623
E09000030,Tower Hamlets,2012,Theft and Robbery,Robbery,both,1382
E09000030,Tower Hamlets,2012,Theft and Robbery,Shoplifting,both,709
E09000030,Tower Hamlets,2012,Theft and Robbery,Vehicle crime,both,2513
E09000030,Tower Hamlets,2012,Violence and Sexual Offences,Violent crime,legacy_only,5499
E09000030,Tower Hamlets,2013,Criminal Damage and Arson,Criminal damage and arson,both,2017
E09000030,Tower Hamlets,2013,Drug and Weapon Offences,Drugs,both,2907
E09000030,Tower Hamlets,2013,Drug and Weapon Offences,Possession of weapons,current_only,79
E09000030,Tower Hamlets,2013,Other Crimes,Other crime,both,391
E09000030,Tower Hamlets,2013,Public Order Offences,Anti-social behaviour,both,16413
E09000030,Tower Hamlets,2013,Public Order Offences,Public disorder and weapons,legacy_only,421
E09000030,Tower Hamlets,2013,Public Order Offences,Public order,current_only,859
E09000030,Tower Hamlets,2013,Theft and Robbery,Bicycle theft,current_only,984
E09000030,Tower Hamlets,2013,Theft and Robbery,Burglary,both,2732
E09000030,Tower Hamlets,2013,Theft and Robbery,Other theft,both,4963
E09000030,Tower Hamlets,2013,Theft and Robbery,Robbery,both,1264
E09000030,Tower Hamlets,2013,Theft and Robbery,Shoplifting,both,828
E09000030,Tower Hamlets,2013,Theft and Robbery,Theft from the person,current_only,1064
E09000030,Tower Hamlets,2013,Theft and Robbery,Vehicle crime,both,2663
E09000030,Tower Hamlets,2013,Violence and Sexual Offences,Violence and sexual offences,current_only,3973
E09000030,Tower Hamlets,2013,Violence and Sexual Offences,Violent crime,legacy_only,1750
E09000030,Tower Hamlets,2014,Criminal Damage and Arson,Criminal damage and arson,both,2164
E09000030,Tower Hamlets,2014,Drug and Weapon Offences,Drugs,both,1982
E09000030,Tower Hamlets,2014,Drug and Weapon Offences,Possession of weapons,current_only,97
E09000030,Tower Hamlets,2014,Other Crimes,Other crime,both,204
E09000030,Tower Hamlets,2014,Public Order Offences,Anti-social behaviour,both,16401
E09000030,Tower Hamlets,2014,Public Order Offences,Public order,current_only,1451
E09000030,Tower Hamlets,2014,Theft and Robbery,Bicycle theft,current_only,1236
E09000030,Tower Hamlets,2014,Theft and Robbery,Burglary,both,2279
E09000030,Tower Hamlets,2014,Theft and Robbery,Other theft,both,3605
E09000030,Tower Hamlets,2014,Theft and Robbery,Robbery,both,1107
E09000030,Tower Hamlets,2014,Theft and Robbery,Shoplifting,both,879
E09000030,Tower Hamlets,2014,Theft and Robbery,Theft from the person,current_only,1225
E09000030,Tower Hamlets,2014,Theft and Robbery,Vehicle crime,both,2655
E09000030,Tower Hamlets,2014,Violence and Sexual Offences,Violence and sexual offences,current_only,6747
E09000030,Tower Hamlets,2015,Criminal Damage and Arson,Criminal damage and arson,both,2323
E09000030,Tower Hamlets,2015,Drug and Weapon Offences,Drugs,both,1583
E09000030,Tower Hamlets,2015,Drug and Weapon Offences,Possession of weapons,current_only,158
E09000030,Tower Hamlets,2015,Other Crimes,Other crime,both,259
E09000030,Tower Hamlets,2015,Public Order Offences,Anti-social behaviour,both,14066
E09000030,Tower Hamlets,2015,Public Order Offences,Public order,current_only,1748
E09000030,Tower Hamlets,2015,Theft and Robbery,Bicycle theft,current_only,1084
E09000030,Tower Hamlets,2015,Theft and Robbery,Burglary,both,2467
E09000030,Tower Hamlets,2015,Theft and Robbery,Other theft,both,3620
E09000030,Tower Hamlets,2015,Theft and Robbery,Robbery,both,1111
E09000030,Tower Hamlets,2015,Theft and Robbery,Shoplifting,both,1053
E09000030,Tower Hamlets,2015,Theft and Robbery,Theft from the person,current_only,1386
E09000030,Tower Hamlets,2015,Theft and Robbery,Vehicle crime,both,2979
E09000030,Tower Hamlets,2015,Violence and Sexual Offences,Violence and sexual offences,current_only,7541
E09000030,Tower Hamlets,2016,Criminal Damage and Arson,Criminal damage and arson,both,2287
E09000030,Tower Hamlets,2016,Drug and Weapon Offences,Drugs,both,1389
E09000030,Tower Hamlets,2016,Drug and Weapon Offences,Possession of weapons,current_only,196
E09000030,Tower Hamlets,2016,Other Crimes,Other crime,both,390
E09000030,Tower Hamlets,2016,Public Order Offences,Anti-social behaviour,both,15510
E09000030,Tower Hamlets,2016,Public Order Offences,Public order,current_only,2147
E09000030,Tower Hamlets,2016,Theft and Robbery,Bicycle theft,current_only,1310
E09000030,Tower Hamlets,2016,Theft and Robbery,Burglary,both,2753
E09000030,Tower Hamlets,2016,Theft and Robbery,Other theft,both,3706
E09000030,Tower Hamlets,2016,Theft and Robbery,Robbery,both,1199
E09000030,Tower Hamlets,2016,Theft and Robbery,Shoplifting,both,1388
E09000030,Tower Hamlets,2016,Theft and Robbery,Theft from the person,current_only,1718
E09000030,Tower Hamlets,2016,Theft and Robbery,Vehicle crime,both,2892
E09000030,Tower Hamlets,2016,Violence and Sexual Offences,Violence and sexual offences,current_only,8067
E09000030,Tower Hamlets,2017,Criminal Damage and Arson,Criminal damage and arson,both,2319
E09000030,Tower Hamlets,2017,Drug and Weapon Offences,Drugs,both,1306
E09000030,Tower Hamlets,2017,Drug and Weapon Offences,Possession of weapons,current_only,269
E09000030,Tower Hamlets,2017,Other Crimes,Other crime,both,345
E09000030,Tower Hamlets,2017,Public Order Offences,Anti-social behaviour,both,13007
E09000030,Tower Hamlets,2017,Public Order Offences,Public order,current_only,2206
E09000030,Tower Hamlets,2017,Theft and Robbery,Bicycle theft,current_only,1601
E09000030,Tower Hamlets,2017,Theft and Robbery,Burglary,both,2862
E09000030,Tower Hamlets,2017,Theft and Robbery,Other theft,both,3869
E09000030,Tower Hamlets,2017,Theft and Robbery,Robbery,both,1472
E09000030,Tower Hamlets,2017,Theft and Robbery,Shoplifting,both,1278
E09000030,Tower Hamlets,2017,Theft and Robbery,Theft from the person,current_only,1626
E09000030,Tower Hamlets,2017,Theft and Robbery,Vehicle crime,both,3320
E09000030,Tower Hamlets,2017,Violence and Sexual Offences,Violence and sexual offences,current_only,8275
E09000030,Tower Hamlets,2018,Criminal Damage and Arson,Criminal damage and arson,both,2085
E09000030,Tower Hamlets,2018,Drug and Weapon Offences,Drugs,both,1967
E09000030,Tower Hamlets,2018,Drug and Weapon Offences,Possession of weapons,current_only,310
E09000030,Tower Hamlets,2018,Other Crimes,Other crime,both,348
E09000030,Tower Hamlets,2018,Public Order Offences,Anti-social behaviour,both,13324
E09000030,Tower Hamlets,2018,Public Order Offences,Public order,current_only,2165
E09000030,Tower Hamlets,2018,Theft and Robbery,Bicycle theft,current_only,1442
E09000030,Tower Hamlets,2018,Theft and Robbery,Burglary,both,3236
E09000030,Tower Hamlets,2018,Theft and Robbery,Other theft,both,4282
E09000030,Tower Hamlets,2018,Theft and Robbery,Robbery,both,1523
E09000030,Tower Hamlets,2018,Theft and Robbery,Shoplifting,both,1068
E09000030,Tower Hamlets,2018,Theft and Robbery,Theft from the person,current_only,1758
E09000030,Tower Hamlets,2018,Theft and Robbery,Vehicle crime,both,3514
E09000030,Tower Hamlets,2018,Violence and Sexual Offences,Violence and sexual offences,current_only,9068
E09000030,Tower Hamlets,2019,Criminal Damage and Arson,Criminal damage and arson,both,1938
E09000030,Tower Hamlets,2019,Drug and Weapon Offences,Drugs,both,2257
E09000030,Tower Hamlets,2019,Drug and Weapon Offences,Possession of weapons,current_only,264
E09000030,Tower Hamlets,2019,Other Crimes,Other crime,both,328
E09000030,Tower Hamlets,2019,Public Order Offences,Anti-social behaviour,both,15302
E09000030,Tower Hamlets,2019,Public Order Offences,Public order,current_only,2075
E09000030,Tower Hamlets,2019,Theft and Robbery,Bicycle theft,current_only,1425
E09000030,Tower Hamlets,2019,Theft and Robbery,Burglary,both,3078
E09000030,Tower Hamlets,2019,Theft and Robbery,Other theft,both,4623
E09000030,Tower Hamlets,2019,Theft and Robbery,Robbery,both,1391
E09000030,Tower Hamlets,2019,Theft and Robbery,Shoplifting,both,948
E09000030,Tower Hamlets,2019,Theft and Robbery,Theft from the person,current_only,1781
E09000030,Tower Hamlets,2019,Theft and Robbery,Vehicle crime,both,3709
E09000030,Tower Hamlets,2019,Violence and Sexual Offences,Violence and sexual offences,current_only,8675
E09000030,Tower Hamlets,2020,Criminal Damage and Arson,Criminal damage and arson,both,1976
E09000030,Tower Hamlets,2020,Drug and Weapon Offences,Drugs,both,2743
E09000030,Tower Hamlets,2020,Drug and Weapon Offences,Possession of weapons,current_only,236
E09000030,Tower Hamlets,2020,Other Crimes,Other crime,both,408
E09000030,Tower Hamlets,2020,Public Order Offences,Anti-social behaviour,both,25166
E09000030,Tower Hamlets,2020,Public Order Offences,Public order,current_only,2154
E09000030,Tower Hamlets,2020,Theft and Robbery,Bicycle theft,current_only,2041
E09000030,Tower Hamlets,2020,Theft and Robbery,Burglary,both,2660
E09000030,Tower Hamlets,2020,Theft and Robbery,Other theft,both,3017
E09000030,Tower Hamlets,2020,Theft and Robbery,Robbery,both,985
E09000030,Tower Hamlets,2020,Theft and Robbery,Shoplifting,both,803
E09000030,Tower Hamlets,2020,Theft and Robbery,Theft from the person,current_only,1054
E09000030,Tower Hamlets,2020,Theft and Robbery,Vehicle crime,both,3410
E09000030,Tower Hamlets,2020,Violence and Sexual Offences,Violence and sexual offences,current_only,8538
E09000030,Tower Hamlets,2021,Criminal Damage and Arson,Criminal damage and arson,both,2100
E09000030,Tower Hamlets,2021,Drug and Weapon Offences,Drugs,both,2339
E09000030,Tower Hamlets,2021,Drug and Weapon Offences,Possession of weapons,current_only,182
E09000030,Tower Hamlets,2021,Other Crimes,Other crime,both,376
E09000030,Tower Hamlets,2021,Public Order Offences,Anti-social behaviour,both,18331
E09000030,Tower Hamlets,2021,Public Order Offences,Public order,current_only,2409
E09000030,Tower Hamlets,2021,Theft and Robbery,Bicycle theft,current_only,1766
E09000030,Tower Hamlets,2021,Theft and Robbery,Burglary,both,2359
E09000030,Tower Hamlets,2021,Theft and Robbery,Other theft,both,3148
E09000030,Tower Hamlets,2021,Theft and Robbery,Robbery,both,949
E09000030,Tower Hamlets,2021,Theft and Robbery,Shoplifting,both,713
E09000030,Tower Hamlets,2021,Theft and Robbery,Theft from the person,current_only,1581
E09000030,Tower Hamlets,2021,Theft and Robbery,Vehicle crime,both,3310
E09000030,Tower Hamlets,2021,Violence and Sexual Offences,Violence and sexual offences,current_only,9696
E09000030,Tower Hamlets,2022,Criminal Damage and Arson,Criminal damage and arson,both,1988
E09000030,Tower Hamlets,2022,Drug and Weapon Offences,Drugs,both,1880
E09000030,Tower Hamlets,2022,Drug and Weapon Offences,Possession of weapons,current_only,208
E09000030,Tower Hamlets,2022,Other Crimes,Other crime,both,364
E09000030,Tower Hamlets,2022,Public Order Offences,Anti-social behaviour,both,13870
E09000030,Tower Hamlets,2022,Public Order Offences,Public order,current_only,2255
E09000030,Tower Hamlets,2022,Theft and Robbery,Bicycle theft,current_only,1276
E09000030,Tower Hamlets,2022,Theft and Robbery,Burglary,both,2204
E09000030,Tower Hamlets,2022,Theft and Robbery,Other theft,both,4052
E09000030,Tower Hamlets,2022,Theft and Robbery,Robbery,both,925
E09000030,Tower Hamlets,2022,Theft and Robbery,Shoplifting,both,1050
E09000030,Tower Hamlets,2022,Theft and Robbery,Theft from the person,current_only,1773
E09000030,Tower Hamlets,2022,Theft and Robbery,Vehicle crime,both,3687
E09000030,Tower Hamlets,2022,Violence and Sexual Offences,Violence and sexual offences,current_only,9892
E09000030,Tower Hamlets,2023,Criminal Damage and Arson,Criminal damage and arson,both,2104
E09000030,Tower Hamlets,2023,Drug and Weapon Offences,Drugs,both,1871
E09000030,Tower Hamlets,2023,Drug and Weapon Offences,Possession of weapons,current_only,195
E09000030,Tower Hamlets,2023,Other Crimes,Other crime,both,325
E09000030,Tower Hamlets,2023,Public Order Offences,Anti-social behaviour,both,11192
E09000030,Tower Hamlets,2023,Public Order Offences,Public order,current_only,2505
E09000030,Tower Hamlets,2023,Theft and Robbery,Bicycle theft,current_only,1214
E09000030,Tower Hamlets,2023,Theft and Robbery,Burglary,both,2456
E09000030,Tower Hamlets,2023,Theft and Robbery,Other theft,both,4880
E09000030,Tower Hamlets,2023,Theft and Robbery,Robbery,both,1339
E09000030,Tower Hamlets,2023,Theft and Robbery,Shoplifting,both,1635
E09000030,Tower Hamlets,2023,Theft and Robbery,Theft from the person,current_only,2685
E09000030,Tower Hamlets,2023,Theft and Robbery,Vehicle crime,both,3126
E09000030,Tower Hamlets,2023,Violence and Sexual Offences,Violence and sexual offences,current_only,10684
E09000030,Tower Hamlets,2024,Criminal Damage and Arson,Criminal damage and arson,both,2091
E09000030,Tower Hamlets,2024,Drug and Weapon Offences,Drugs,both,1914
E09000030,Tower Hamlets,2024,Drug and Weapon Offences,Possession of weapons,current_only,197
E09000030,Tower Hamlets,2024,Other Crimes,Other crime,both,405
E09000030,Tower Hamlets,2024,Public Order Offences,Anti-social behaviour,both,11411
E09000030,Tower Hamlets,2024,Public Order Offences,Public order,current_only,2397
E09000030,Tower Hamlets,2024,Theft and Robbery,Bicycle theft,current_only,1119
E09000030,Tower Hamlets,2024,Theft and Robbery,Burglary,both,2420
E09000030,Tower Hamlets,2024,Theft and Robbery,Other theft,both,3944
E09000030,Tower Hamlets,2024,Theft and Robbery,Robbery,both,1346
E09000030,Tower Hamlets,2024,Theft and Robbery,Shoplifting,both,2317
E09000030,Tower Hamlets,2024,Theft and Robbery,Theft from the person,current_only,3309
E09000030,Tower Hamlets,2024,Theft and Robbery,Vehicle crime,both,3156
E09000030,Tower Hamlets,2024,Violence and Sexual Offences,Violence and sexual offences,current_only,10455
E09000030,Tower Hamlets,2025,Criminal Damage and Arson,Criminal damage and arson,both,2004
E09000030,Tower Hamlets,2025,Drug and Weapon Offences,Drugs,both,2814
E09000030,Tower Hamlets,2025,Drug and Weapon Offences,Possession of weapons,current_only,236
E09000030,Tower Hamlets,2025,Other Crimes,Other crime,both,486
E09000030,Tower Hamlets,2025,Public Order Offences,Anti-social behaviour,both,11150
E09000030,Tower Hamlets,2025,Public Order Offences,Public order,current_only,2652
E09000030,Tower Hamlets,2025,Theft and Robbery,Bicycle theft,current_only,1041
E09000030,Tower Hamlets,2025,Theft and Robbery,Burglary,both,2273
E09000030,Tower Hamlets,2025,Theft and Robbery,Other theft,both,3914
E09000030,Tower Hamlets,2025,Theft and Robbery,Robbery,both,1261
E09000030,Tower Hamlets,2025,Theft and Robbery,Shoplifting,both,3035
E09000030,Tower Hamlets,2025,Theft and Robbery,Theft from the person,current_only,2723
E09000030,Tower Hamlets,2025,Theft and Robbery,Vehicle crime,both,2365
E09000030,Tower Hamlets,2025,Violence and Sexual Offences,Violence and sexual offences,current_only,11528
E09000030,Tower Hamlets,2026,Criminal Damage and Arson,Criminal damage and arson,both,660
E09000030,Tower Hamlets,2026,Drug and Weapon Offences,Drugs,both,755
E09000030,Tower Hamlets,2026,Drug and Weapon Offences,Possession of weapons,current_only,104
E09000030,Tower Hamlets,2026,Other Crimes,Other crime,both,158
E09000030,Tower Hamlets,2026,Public Order Offences,Anti-social behaviour,both,3083
E09000030,Tower Hamlets,2026,Public Order Offences,Public order,current_only,838
E09000030,Tower Hamlets,2026,Theft and Robbery,Bicycle theft,current_only,256
E09000030,Tower Hamlets,2026,Theft and Robbery,Burglary,both,698
E09000030,Tower Hamlets,2026,Theft and Robbery,Other theft,both,1125
E09000030,Tower Hamlets,2026,Theft and Robbery,Robbery,both,387
E09000030,Tower Hamlets,2026,Theft and Robbery,Shoplifting,both,1058
E09000030,Tower Hamlets,2026,Theft and Robbery,Theft from the person,current_only,892
E09000030,Tower Hamlets,2026,Theft and Robbery,Vehicle crime,both,932
E09000030,Tower Hamlets,2026,Violence and Sexual Offences,Violence and sexual offences,current_only,3623
E09000031,Waltham Forest,2011,Criminal Damage and Arson,Criminal damage and arson,both,690
E09000031,Waltham Forest,2011,Drug and Weapon Offences,Drugs,both,323
E09000031,Waltham Forest,2011,Other Crimes,Other crime,both,7961
E09000031,Waltham Forest,2011,Public Order Offences,Anti-social behaviour,both,13327
E09000031,Waltham Forest,2011,Public Order Offences,Public disorder and weapons,legacy_only,262
E09000031,Waltham Forest,2011,Theft and Robbery,Burglary,both,3364
E09000031,Waltham Forest,2011,Theft and Robbery,Other theft,both,1306
E09000031,Waltham Forest,2011,Theft and Robbery,Robbery,both,1718
E09000031,Waltham Forest,2011,Theft and Robbery,Shoplifting,both,245
E09000031,Waltham Forest,2011,Theft and Robbery,Vehicle crime,both,4592
E09000031,Waltham Forest,2011,Violence and Sexual Offences,Violent crime,legacy_only,4879
E09000031,Waltham Forest,2012,Criminal Damage and Arson,Criminal damage and arson,both,1909
E09000031,Waltham Forest,2012,Drug and Weapon Offences,Drugs,both,1176
E09000031,Waltham Forest,2012,Other Crimes,Other crime,both,1976
E09000031,Waltham Forest,2012,Public Order Offences,Anti-social behaviour,both,10530
E09000031,Waltham Forest,2012,Public Order Offences,Public disorder and weapons,legacy_only,906
E09000031,Waltham Forest,2012,Theft and Robbery,Burglary,both,2964
E09000031,Waltham Forest,2012,Theft and Robbery,Other theft,both,4358
E09000031,Waltham Forest,2012,Theft and Robbery,Robbery,both,1350
E09000031,Waltham Forest,2012,Theft and Robbery,Shoplifting,both,791
E09000031,Waltham Forest,2012,Theft and Robbery,Vehicle crime,both,4092
E09000031,Waltham Forest,2012,Violence and Sexual Offences,Violent crime,legacy_only,4486
E09000031,Waltham Forest,2013,Criminal Damage and Arson,Criminal damage and arson,both,1732
E09000031,Waltham Forest,2013,Drug and Weapon Offences,Drugs,both,1582
E09000031,Waltham Forest,2013,Drug and Weapon Offences,Possession of weapons,current_only,74
E09000031,Waltham Forest,2013,Other Crimes,Other crime,both,469
E09000031,Waltham Forest,2013,Public Order Offences,Anti-social behaviour,both,7648
E09000031,Waltham Forest,2013,Public Order Offences,Public disorder and weapons,legacy_only,252
E09000031,Waltham Forest,2013,Public Order Offences,Public order,current_only,575
E09000031,Waltham Forest,2013,Theft and Robbery,Bicycle theft,current_only,257
E09000031,Waltham Forest,2013,Theft and Robbery,Burglary,both,2699
E09000031,Waltham Forest,2013,Theft and Robbery,Other theft,both,3514
E09000031,Waltham Forest,2013,Theft and Robbery,Robbery,both,991
E09000031,Waltham Forest,2013,Theft and Robbery,Shoplifting,both,1026
E09000031,Waltham Forest,2013,Theft and Robbery,Theft from the person,current_only,506
E09000031,Waltham Forest,2013,Theft and Robbery,Vehicle crime,both,3828
E09000031,Waltham Forest,2013,Violence and Sexual Offences,Violence and sexual offences,current_only,3313
E09000031,Waltham Forest,2013,Violence and Sexual Offences,Violent crime,legacy_only,1394
E09000031,Waltham Forest,2014,Criminal Damage and Arson,Criminal damage and arson,both,1641
E09000031,Waltham Forest,2014,Drug and Weapon Offences,Drugs,both,1198
E09000031,Waltham Forest,2014,Drug and Weapon Offences,Possession of weapons,current_only,132
E09000031,Waltham Forest,2014,Other Crimes,Other crime,both,231
E09000031,Waltham Forest,2014,Public Order Offences,Anti-social behaviour,both,7999
E09000031,Waltham Forest,2014,Public Order Offences,Public order,current_only,1055
E09000031,Waltham Forest,2014,Theft and Robbery,Bicycle theft,current_only,286
E09000031,Waltham Forest,2014,Theft and Robbery,Burglary,both,2464
E09000031,Waltham Forest,2014,Theft and Robbery,Other theft,both,3104
E09000031,Waltham Forest,2014,Theft and Robbery,Robbery,both,705
E09000031,Waltham Forest,2014,Theft and Robbery,Shoplifting,both,902
E09000031,Waltham Forest,2014,Theft and Robbery,Theft from the person,current_only,602
E09000031,Waltham Forest,2014,Theft and Robbery,Vehicle crime,both,2621
E09000031,Waltham Forest,2014,Violence and Sexual Offences,Violence and sexual offences,current_only,5453
E09000031,Waltham Forest,2015,Criminal Damage and Arson,Criminal damage and arson,both,1903
E09000031,Waltham Forest,2015,Drug and Weapon Offences,Drugs,both,1279
E09000031,Waltham Forest,2015,Drug and Weapon Offences,Possession of weapons,current_only,141
E09000031,Waltham Forest,2015,Other Crimes,Other crime,both,233
E09000031,Waltham Forest,2015,Public Order Offences,Anti-social behaviour,both,6899
E09000031,Waltham Forest,2015,Public Order Offences,Public order,current_only,1207
E09000031,Waltham Forest,2015,Theft and Robbery,Bicycle theft,current_only,264
E09000031,Waltham Forest,2015,Theft and Robbery,Burglary,both,2214
E09000031,Waltham Forest,2015,Theft and Robbery,Other theft,both,2873
E09000031,Waltham Forest,2015,Theft and Robbery,Robbery,both,645
E09000031,Waltham Forest,2015,Theft and Robbery,Shoplifting,both,1021
E09000031,Waltham Forest,2015,Theft and Robbery,Theft from the person,current_only,558
E09000031,Waltham Forest,2015,Theft and Robbery,Vehicle crime,both,2656
E09000031,Waltham Forest,2015,Violence and Sexual Offences,Violence and sexual offences,current_only,6082
E09000031,Waltham Forest,2016,Criminal Damage and Arson,Criminal damage and arson,both,1888
E09000031,Waltham Forest,2016,Drug and Weapon Offences,Drugs,both,903
E09000031,Waltham Forest,2016,Drug and Weapon Offences,Possession of weapons,current_only,138
E09000031,Waltham Forest,2016,Other Crimes,Other crime,both,302
E09000031,Waltham Forest,2016,Public Order Offences,Anti-social behaviour,both,7374
E09000031,Waltham Forest,2016,Public Order Offences,Public order,current_only,1298
E09000031,Waltham Forest,2016,Theft and Robbery,Bicycle theft,current_only,377
E09000031,Waltham Forest,2016,Theft and Robbery,Burglary,both,1855
E09000031,Waltham Forest,2016,Theft and Robbery,Other theft,both,2710
E09000031,Waltham Forest,2016,Theft and Robbery,Robbery,both,597
E09000031,Waltham Forest,2016,Theft and Robbery,Shoplifting,both,1149
E09000031,Waltham Forest,2016,Theft and Robbery,Theft from the person,current_only,637
E09000031,Waltham Forest,2016,Theft and Robbery,Vehicle crime,both,2522
E09000031,Waltham Forest,2016,Violence and Sexual Offences,Violence and sexual offences,current_only,6574
E09000031,Waltham Forest,2017,Criminal Damage and Arson,Criminal damage and arson,both,1865
E09000031,Waltham Forest,2017,Drug and Weapon Offences,Drugs,both,797
E09000031,Waltham Forest,2017,Drug and Weapon Offences,Possession of weapons,current_only,207
E09000031,Waltham Forest,2017,Other Crimes,Other crime,both,216
E09000031,Waltham Forest,2017,Public Order Offences,Anti-social behaviour,both,6914
E09000031,Waltham Forest,2017,Public Order Offences,Public order,current_only,1275
E09000031,Waltham Forest,2017,Theft and Robbery,Bicycle theft,current_only,447
E09000031,Waltham Forest,2017,Theft and Robbery,Burglary,both,2394
E09000031,Waltham Forest,2017,Theft and Robbery,Other theft,both,2689
E09000031,Waltham Forest,2017,Theft and Robbery,Robbery,both,809
E09000031,Waltham Forest,2017,Theft and Robbery,Shoplifting,both,989
E09000031,Waltham Forest,2017,Theft and Robbery,Theft from the person,current_only,689
E09000031,Waltham Forest,2017,Theft and Robbery,Vehicle crime,both,3387
E09000031,Waltham Forest,2017,Violence and Sexual Offences,Violence and sexual offences,current_only,6424
E09000031,Waltham Forest,2018,Criminal Damage and Arson,Criminal damage and arson,both,1635
E09000031,Waltham Forest,2018,Drug and Weapon Offences,Drugs,both,1102
E09000031,Waltham Forest,2018,Drug and Weapon Offences,Possession of weapons,current_only,213
E09000031,Waltham Forest,2018,Other Crimes,Other crime,both,264
E09000031,Waltham Forest,2018,Public Order Offences,Anti-social behaviour,both,6571
E09000031,Waltham Forest,2018,Public Order Offences,Public order,current_only,1257
E09000031,Waltham Forest,2018,Theft and Robbery,Bicycle theft,current_only,413
E09000031,Waltham Forest,2018,Theft and Robbery,Burglary,both,2203
E09000031,Waltham Forest,2018,Theft and Robbery,Other theft,both,2871
E09000031,Waltham Forest,2018,Theft and Robbery,Robbery,both,971
E09000031,Waltham Forest,2018,Theft and Robbery,Shoplifting,both,899
E09000031,Waltham Forest,2018,Theft and Robbery,Theft from the person,current_only,874
E09000031,Waltham Forest,2018,Theft and Robbery,Vehicle crime,both,3783
E09000031,Waltham Forest,2018,Violence and Sexual Offences,Violence and sexual offences,current_only,6745
E09000031,Waltham Forest,2019,Criminal Damage and Arson,Criminal damage and arson,both,1589
E09000031,Waltham Forest,2019,Drug and Weapon Offences,Drugs,both,1658
E09000031,Waltham Forest,2019,Drug and Weapon Offences,Possession of weapons,current_only,220
E09000031,Waltham Forest,2019,Other Crimes,Other crime,both,268
E09000031,Waltham Forest,2019,Public Order Offences,Anti-social behaviour,both,6934
E09000031,Waltham Forest,2019,Public Order Offences,Public order,current_only,1181
E09000031,Waltham Forest,2019,Theft and Robbery,Bicycle theft,current_only,538
E09000031,Waltham Forest,2019,Theft and Robbery,Burglary,both,1921
E09000031,Waltham Forest,2019,Theft and Robbery,Other theft,both,2703
E09000031,Waltham Forest,2019,Theft and Robbery,Robbery,both,813
E09000031,Waltham Forest,2019,Theft and Robbery,Shoplifting,both,785
E09000031,Waltham Forest,2019,Theft and Robbery,Theft from the person,current_only,734
E09000031,Waltham Forest,2019,Theft and Robbery,Vehicle crime,both,3989
E09000031,Waltham Forest,2019,Violence and Sexual Offences,Violence and sexual offences,current_only,6335
E09000031,Waltham Forest,2020,Criminal Damage and Arson,Criminal damage and arson,both,1556
E09000031,Waltham Forest,2020,Drug and Weapon Offences,Drugs,both,1752
E09000031,Waltham Forest,2020,Drug and Weapon Offences,Possession of weapons,current_only,210
E09000031,Waltham Forest,2020,Other Crimes,Other crime,both,316
E09000031,Waltham Forest,2020,Public Order Offences,Anti-social behaviour,both,13439
E09000031,Waltham Forest,2020,Public Order Offences,Public order,current_only,1377
E09000031,Waltham Forest,2020,Theft and Robbery,Bicycle theft,current_only,765
E09000031,Waltham Forest,2020,Theft and Robbery,Burglary,both,1821
E09000031,Waltham Forest,2020,Theft and Robbery,Other theft,both,2289
E09000031,Waltham Forest,2020,Theft and Robbery,Robbery,both,739
E09000031,Waltham Forest,2020,Theft and Robbery,Shoplifting,both,925
E09000031,Waltham Forest,2020,Theft and Robbery,Theft from the person,current_only,638
E09000031,Waltham Forest,2020,Theft and Robbery,Vehicle crime,both,3697
E09000031,Waltham Forest,2020,Violence and Sexual Offences,Violence and sexual offences,current_only,6806
E09000031,Waltham Forest,2021,Criminal Damage and Arson,Criminal damage and arson,both,1515
E09000031,Waltham Forest,2021,Drug and Weapon Offences,Drugs,both,1355
E09000031,Waltham Forest,2021,Drug and Weapon Offences,Possession of weapons,current_only,144
E09000031,Waltham Forest,2021,Other Crimes,Other crime,both,266
E09000031,Waltham Forest,2021,Public Order Offences,Anti-social behaviour,both,8958
E09000031,Waltham Forest,2021,Public Order Offences,Public order,current_only,1574
E09000031,Waltham Forest,2021,Theft and Robbery,Bicycle theft,current_only,421
E09000031,Waltham Forest,2021,Theft and Robbery,Burglary,both,1288
E09000031,Waltham Forest,2021,Theft and Robbery,Other theft,both,2304
E09000031,Waltham Forest,2021,Theft and Robbery,Robbery,both,720
E09000031,Waltham Forest,2021,Theft and Robbery,Shoplifting,both,941
E09000031,Waltham Forest,2021,Theft and Robbery,Theft from the person,current_only,724
E09000031,Waltham Forest,2021,Theft and Robbery,Vehicle crime,both,3342
E09000031,Waltham Forest,2021,Violence and Sexual Offences,Violence and sexual offences,current_only,6968
E09000031,Waltham Forest,2022,Criminal Damage and Arson,Criminal damage and arson,both,1550
E09000031,Waltham Forest,2022,Drug and Weapon Offences,Drugs,both,1412
E09000031,Waltham Forest,2022,Drug and Weapon Offences,Possession of weapons,current_only,173
E09000031,Waltham Forest,2022,Other Crimes,Other crime,both,285
E09000031,Waltham Forest,2022,Public Order Offences,Anti-social behaviour,both,7570
E09000031,Waltham Forest,2022,Public Order Offences,Public order,current_only,1391
E09000031,Waltham Forest,2022,Theft and Robbery,Bicycle theft,current_only,379
E09000031,Waltham Forest,2022,Theft and Robbery,Burglary,both,1167
E09000031,Waltham Forest,2022,Theft and Robbery,Other theft,both,2799
E09000031,Waltham Forest,2022,Theft and Robbery,Robbery,both,616
E09000031,Waltham Forest,2022,Theft and Robbery,Shoplifting,both,895
E09000031,Waltham Forest,2022,Theft and Robbery,Theft from the person,current_only,742
E09000031,Waltham Forest,2022,Theft and Robbery,Vehicle crime,both,3555
E09000031,Waltham Forest,2022,Violence and Sexual Offences,Violence and sexual offences,current_only,6975
E09000031,Waltham Forest,2023,Criminal Damage and Arson,Criminal damage and arson,both,1637
E09000031,Waltham Forest,2023,Drug and Weapon Offences,Drugs,both,1214
E09000031,Waltham Forest,2023,Drug and Weapon Offences,Possession of weapons,current_only,150
E09000031,Waltham Forest,2023,Other Crimes,Other crime,both,262
E09000031,Waltham Forest,2023,Public Order Offences,Anti-social behaviour,both,7625
E09000031,Waltham Forest,2023,Public Order Offences,Public order,current_only,1391
E09000031,Waltham Forest,2023,Theft and Robbery,Bicycle theft,current_only,422
E09000031,Waltham Forest,2023,Theft and Robbery,Burglary,both,1343
E09000031,Waltham Forest,2023,Theft and Robbery,Other theft,both,2918
E09000031,Waltham Forest,2023,Theft and Robbery,Robbery,both,725
E09000031,Waltham Forest,2023,Theft and Robbery,Shoplifting,both,1174
E09000031,Waltham Forest,2023,Theft and Robbery,Theft from the person,current_only,949
E09000031,Waltham Forest,2023,Theft and Robbery,Vehicle crime,both,3414
E09000031,Waltham Forest,2023,Violence and Sexual Offences,Violence and sexual offences,current_only,6930
E09000031,Waltham Forest,2024,Criminal Damage and Arson,Criminal damage and arson,both,1670
E09000031,Waltham Forest,2024,Drug and Weapon Offences,Drugs,both,1300
E09000031,Waltham Forest,2024,Drug and Weapon Offences,Possession of weapons,current_only,163
E09000031,Waltham Forest,2024,Other Crimes,Other crime,both,272
E09000031,Waltham Forest,2024,Public Order Offences,Anti-social behaviour,both,7512
E09000031,Waltham Forest,2024,Public Order Offences,Public order,current_only,1369
E09000031,Waltham Forest,2024,Theft and Robbery,Bicycle theft,current_only,469
E09000031,Waltham Forest,2024,Theft and Robbery,Burglary,both,1514
E09000031,Waltham Forest,2024,Theft and Robbery,Other theft,both,2597
E09000031,Waltham Forest,2024,Theft and Robbery,Robbery,both,923
E09000031,Waltham Forest,2024,Theft and Robbery,Shoplifting,both,1802
E09000031,Waltham Forest,2024,Theft and Robbery,Theft from the person,current_only,2032
E09000031,Waltham Forest,2024,Theft and Robbery,Vehicle crime,both,3669
E09000031,Waltham Forest,2024,Violence and Sexual Offences,Violence and sexual offences,current_only,6614
E09000031,Waltham Forest,2025,Criminal Damage and Arson,Criminal damage and arson,both,1582
E09000031,Waltham Forest,2025,Drug and Weapon Offences,Drugs,both,1725
E09000031,Waltham Forest,2025,Drug and Weapon Offences,Possession of weapons,current_only,148
E09000031,Waltham Forest,2025,Other Crimes,Other crime,both,299
E09000031,Waltham Forest,2025,Public Order Offences,Anti-social behaviour,both,6867
E09000031,Waltham Forest,2025,Public Order Offences,Public order,current_only,1465
E09000031,Waltham Forest,2025,Theft and Robbery,Bicycle theft,current_only,428
E09000031,Waltham Forest,2025,Theft and Robbery,Burglary,both,1258
E09000031,Waltham Forest,2025,Theft and Robbery,Other theft,both,2301
E09000031,Waltham Forest,2025,Theft and Robbery,Robbery,both,814
E09000031,Waltham Forest,2025,Theft and Robbery,Shoplifting,both,2183
E09000031,Waltham Forest,2025,Theft and Robbery,Theft from the person,current_only,1517
E09000031,Waltham Forest,2025,Theft and Robbery,Vehicle crime,both,2678
E09000031,Waltham Forest,2025,Violence and Sexual Offences,Violence and sexual offences,current_only,6770
E09000031,Waltham Forest,2026,Criminal Damage and Arson,Criminal damage and arson,both,487
E09000031,Waltham Forest,2026,Drug and Weapon Offences,Drugs,both,525
E09000031,Waltham Forest,2026,Drug and Weapon Offences,Possession of weapons,current_only,61
E09000031,Waltham Forest,2026,Other Crimes,Other crime,both,104
E09000031,Waltham Forest,2026,Public Order Offences,Anti-social behaviour,both,2059
E09000031,Waltham Forest,2026,Public Order Offences,Public order,current_only,450
E09000031,Waltham Forest,2026,Theft and Robbery,Bicycle theft,current_only,88
E09000031,Waltham Forest,2026,Theft and Robbery,Burglary,both,472
E09000031,Waltham Forest,2026,Theft and Robbery,Other theft,both,710
E09000031,Waltham Forest,2026,Theft and Robbery,Robbery,both,234
E09000031,Waltham Forest,2026,Theft and Robbery,Shoplifting,both,663
E09000031,Waltham Forest,2026,Theft and Robbery,Theft from the person,current_only,449
E09000031,Waltham Forest,2026,Theft and Robbery,Vehicle crime,both,795
E09000031,Waltham Forest,2026,Violence and Sexual Offences,Violence and sexual offences,current_only,2345
E09000032,Wandsworth,2011,Criminal Damage and Arson,Criminal damage and arson,both,677
E09000032,Wandsworth,2011,Drug and Weapon Offences,Drugs,both,260
E09000032,Wandsworth,2011,Other Crimes,Other crime,both,7382
E09000032,Wandsworth,2011,Public Order Offences,Anti-social behaviour,both,12479
E09000032,Wandsworth,2011,Public Order Offences,Public disorder and weapons,legacy_only,234
E09000032,Wandsworth,2011,Theft and Robbery,Burglary,both,2974
E09000032,Wandsworth,2011,Theft and Robbery,Other theft,both,1802
E09000032,Wandsworth,2011,Theft and Robbery,Robbery,both,1210
E09000032,Wandsworth,2011,Theft and Robbery,Shoplifting,both,371
E09000032,Wandsworth,2011,Theft and Robbery,Vehicle crime,both,3669
E09000032,Wandsworth,2011,Violence and Sexual Offences,Violent crime,legacy_only,3871
E09000032,Wandsworth,2012,Criminal Damage and Arson,Criminal damage and arson,both,1958
E09000032,Wandsworth,2012,Drug and Weapon Offences,Drugs,both,916
E09000032,Wandsworth,2012,Other Crimes,Other crime,both,1407
E09000032,Wandsworth,2012,Public Order Offences,Anti-social behaviour,both,10742
E09000032,Wandsworth,2012,Public Order Offences,Public disorder and weapons,legacy_only,901
E09000032,Wandsworth,2012,Theft and Robbery,Burglary,both,3421
E09000032,Wandsworth,2012,Theft and Robbery,Other theft,both,6618
E09000032,Wandsworth,2012,Theft and Robbery,Robbery,both,1189
E09000032,Wandsworth,2012,Theft and Robbery,Shoplifting,both,1193
E09000032,Wandsworth,2012,Theft and Robbery,Vehicle crime,both,4315
E09000032,Wandsworth,2012,Violence and Sexual Offences,Violent crime,legacy_only,3746
E09000032,Wandsworth,2013,Criminal Damage and Arson,Criminal damage and arson,both,1756
E09000032,Wandsworth,2013,Drug and Weapon Offences,Drugs,both,972
E09000032,Wandsworth,2013,Drug and Weapon Offences,Possession of weapons,current_only,58
E09000032,Wandsworth,2013,Other Crimes,Other crime,both,398
E09000032,Wandsworth,2013,Public Order Offences,Anti-social behaviour,both,8920
E09000032,Wandsworth,2013,Public Order Offences,Public disorder and weapons,legacy_only,269
E09000032,Wandsworth,2013,Public Order Offences,Public order,current_only,505
E09000032,Wandsworth,2013,Theft and Robbery,Bicycle theft,current_only,1049
E09000032,Wandsworth,2013,Theft and Robbery,Burglary,both,3083
E09000032,Wandsworth,2013,Theft and Robbery,Other theft,both,4306
E09000032,Wandsworth,2013,Theft and Robbery,Robbery,both,937
E09000032,Wandsworth,2013,Theft and Robbery,Shoplifting,both,1053
E09000032,Wandsworth,2013,Theft and Robbery,Theft from the person,current_only,881
E09000032,Wandsworth,2013,Theft and Robbery,Vehicle crime,both,3675
E09000032,Wandsworth,2013,Violence and Sexual Offences,Violence and sexual offences,current_only,2590
E09000032,Wandsworth,2013,Violence and Sexual Offences,Violent crime,legacy_only,1126
E09000032,Wandsworth,2014,Criminal Damage and Arson,Criminal damage and arson,both,1697
E09000032,Wandsworth,2014,Drug and Weapon Offences,Drugs,both,790
E09000032,Wandsworth,2014,Drug and Weapon Offences,Possession of weapons,current_only,73
E09000032,Wandsworth,2014,Other Crimes,Other crime,both,226
E09000032,Wandsworth,2014,Public Order Offences,Anti-social behaviour,both,7210
E09000032,Wandsworth,2014,Public Order Offences,Public order,current_only,973
E09000032,Wandsworth,2014,Theft and Robbery,Bicycle theft,current_only,862
E09000032,Wandsworth,2014,Theft and Robbery,Burglary,both,2638
E09000032,Wandsworth,2014,Theft and Robbery,Other theft,both,3329
E09000032,Wandsworth,2014,Theft and Robbery,Robbery,both,600
E09000032,Wandsworth,2014,Theft and Robbery,Shoplifting,both,1295
E09000032,Wandsworth,2014,Theft and Robbery,Theft from the person,current_only,717
E09000032,Wandsworth,2014,Theft and Robbery,Vehicle crime,both,3484
E09000032,Wandsworth,2014,Violence and Sexual Offences,Violence and sexual offences,current_only,4839
E09000032,Wandsworth,2015,Criminal Damage and Arson,Criminal damage and arson,both,1854
E09000032,Wandsworth,2015,Drug and Weapon Offences,Drugs,both,601
E09000032,Wandsworth,2015,Drug and Weapon Offences,Possession of weapons,current_only,104
E09000032,Wandsworth,2015,Other Crimes,Other crime,both,288
E09000032,Wandsworth,2015,Public Order Offences,Anti-social behaviour,both,5928
E09000032,Wandsworth,2015,Public Order Offences,Public order,current_only,1378
E09000032,Wandsworth,2015,Theft and Robbery,Bicycle theft,current_only,787
E09000032,Wandsworth,2015,Theft and Robbery,Burglary,both,2358
E09000032,Wandsworth,2015,Theft and Robbery,Other theft,both,3534
E09000032,Wandsworth,2015,Theft and Robbery,Robbery,both,446
E09000032,Wandsworth,2015,Theft and Robbery,Shoplifting,both,1441
E09000032,Wandsworth,2015,Theft and Robbery,Theft from the person,current_only,672
E09000032,Wandsworth,2015,Theft and Robbery,Vehicle crime,both,3083
E09000032,Wandsworth,2015,Violence and Sexual Offences,Violence and sexual offences,current_only,6028
E09000032,Wandsworth,2016,Criminal Damage and Arson,Criminal damage and arson,both,1765
E09000032,Wandsworth,2016,Drug and Weapon Offences,Drugs,both,747
E09000032,Wandsworth,2016,Drug and Weapon Offences,Possession of weapons,current_only,95
E09000032,Wandsworth,2016,Other Crimes,Other crime,both,241
E09000032,Wandsworth,2016,Public Order Offences,Anti-social behaviour,both,5928
E09000032,Wandsworth,2016,Public Order Offences,Public order,current_only,1337
E09000032,Wandsworth,2016,Theft and Robbery,Bicycle theft,current_only,970
E09000032,Wandsworth,2016,Theft and Robbery,Burglary,both,2330
E09000032,Wandsworth,2016,Theft and Robbery,Other theft,both,3428
E09000032,Wandsworth,2016,Theft and Robbery,Robbery,both,599
E09000032,Wandsworth,2016,Theft and Robbery,Shoplifting,both,1538
E09000032,Wandsworth,2016,Theft and Robbery,Theft from the person,current_only,698
E09000032,Wandsworth,2016,Theft and Robbery,Vehicle crime,both,4177
E09000032,Wandsworth,2016,Violence and Sexual Offences,Violence and sexual offences,current_only,6034
E09000032,Wandsworth,2017,Criminal Damage and Arson,Criminal damage and arson,both,1920
E09000032,Wandsworth,2017,Drug and Weapon Offences,Drugs,both,737
E09000032,Wandsworth,2017,Drug and Weapon Offences,Possession of weapons,current_only,162
E09000032,Wandsworth,2017,Other Crimes,Other crime,both,267
E09000032,Wandsworth,2017,Public Order Offences,Anti-social behaviour,both,6087
E09000032,Wandsworth,2017,Public Order Offences,Public order,current_only,1421
E09000032,Wandsworth,2017,Theft and Robbery,Bicycle theft,current_only,1206
E09000032,Wandsworth,2017,Theft and Robbery,Burglary,both,2338
E09000032,Wandsworth,2017,Theft and Robbery,Other theft,both,3129
E09000032,Wandsworth,2017,Theft and Robbery,Robbery,both,740
E09000032,Wandsworth,2017,Theft and Robbery,Shoplifting,both,1402
E09000032,Wandsworth,2017,Theft and Robbery,Theft from the person,current_only,662
E09000032,Wandsworth,2017,Theft and Robbery,Vehicle crime,both,3868
E09000032,Wandsworth,2017,Violence and Sexual Offences,Violence and sexual offences,current_only,6552
E09000032,Wandsworth,2018,Criminal Damage and Arson,Criminal damage and arson,both,1687
E09000032,Wandsworth,2018,Drug and Weapon Offences,Drugs,both,626
E09000032,Wandsworth,2018,Drug and Weapon Offences,Possession of weapons,current_only,176
E09000032,Wandsworth,2018,Other Crimes,Other crime,both,297
E09000032,Wandsworth,2018,Public Order Offences,Anti-social behaviour,both,6021
E09000032,Wandsworth,2018,Public Order Offences,Public order,current_only,1505
E09000032,Wandsworth,2018,Theft and Robbery,Bicycle theft,current_only,935
E09000032,Wandsworth,2018,Theft and Robbery,Burglary,both,2727
E09000032,Wandsworth,2018,Theft and Robbery,Other theft,both,3188
E09000032,Wandsworth,2018,Theft and Robbery,Robbery,both,841
E09000032,Wandsworth,2018,Theft and Robbery,Shoplifting,both,1309
E09000032,Wandsworth,2018,Theft and Robbery,Theft from the person,current_only,741
E09000032,Wandsworth,2018,Theft and Robbery,Vehicle crime,both,3976
E09000032,Wandsworth,2018,Violence and Sexual Offences,Violence and sexual offences,current_only,7086
E09000032,Wandsworth,2019,Criminal Damage and Arson,Criminal damage and arson,both,1550
E09000032,Wandsworth,2019,Drug and Weapon Offences,Drugs,both,854
E09000032,Wandsworth,2019,Drug and Weapon Offences,Possession of weapons,current_only,148
E09000032,Wandsworth,2019,Other Crimes,Other crime,both,258
E09000032,Wandsworth,2019,Public Order Offences,Anti-social behaviour,both,6551
E09000032,Wandsworth,2019,Public Order Offences,Public order,current_only,1599
E09000032,Wandsworth,2019,Theft and Robbery,Bicycle theft,current_only,922
E09000032,Wandsworth,2019,Theft and Robbery,Burglary,both,2669
E09000032,Wandsworth,2019,Theft and Robbery,Other theft,both,3150
E09000032,Wandsworth,2019,Theft and Robbery,Robbery,both,851
E09000032,Wandsworth,2019,Theft and Robbery,Shoplifting,both,1265
E09000032,Wandsworth,2019,Theft and Robbery,Theft from the person,current_only,659
E09000032,Wandsworth,2019,Theft and Robbery,Vehicle crime,both,3827
E09000032,Wandsworth,2019,Violence and Sexual Offences,Violence and sexual offences,current_only,6958
E09000032,Wandsworth,2020,Criminal Damage and Arson,Criminal damage and arson,both,1526
E09000032,Wandsworth,2020,Drug and Weapon Offences,Drugs,both,1394
E09000032,Wandsworth,2020,Drug and Weapon Offences,Possession of weapons,current_only,137
E09000032,Wandsworth,2020,Other Crimes,Other crime,both,293
E09000032,Wandsworth,2020,Public Order Offences,Anti-social behaviour,both,13672
E09000032,Wandsworth,2020,Public Order Offences,Public order,current_only,1688
E09000032,Wandsworth,2020,Theft and Robbery,Bicycle theft,current_only,1314
E09000032,Wandsworth,2020,Theft and Robbery,Burglary,both,2257
E09000032,Wandsworth,2020,Theft and Robbery,Other theft,both,2397
E09000032,Wandsworth,2020,Theft and Robbery,Robbery,both,748
E09000032,Wandsworth,2020,Theft and Robbery,Shoplifting,both,919
E09000032,Wandsworth,2020,Theft and Robbery,Theft from the person,current_only,540
E09000032,Wandsworth,2020,Theft and Robbery,Vehicle crime,both,3561
E09000032,Wandsworth,2020,Violence and Sexual Offences,Violence and sexual offences,current_only,7048
E09000032,Wandsworth,2021,Criminal Damage and Arson,Criminal damage and arson,both,1629
E09000032,Wandsworth,2021,Drug and Weapon Offences,Drugs,both,960
E09000032,Wandsworth,2021,Drug and Weapon Offences,Possession of weapons,current_only,111
E09000032,Wandsworth,2021,Other Crimes,Other crime,both,289
E09000032,Wandsworth,2021,Public Order Offences,Anti-social behaviour,both,10200
E09000032,Wandsworth,2021,Public Order Offences,Public order,current_only,1878
E09000032,Wandsworth,2021,Theft and Robbery,Bicycle theft,current_only,1249
E09000032,Wandsworth,2021,Theft and Robbery,Burglary,both,2215
E09000032,Wandsworth,2021,Theft and Robbery,Other theft,both,2764
E09000032,Wandsworth,2021,Theft and Robbery,Robbery,both,588
E09000032,Wandsworth,2021,Theft and Robbery,Shoplifting,both,920
E09000032,Wandsworth,2021,Theft and Robbery,Theft from the person,current_only,671
E09000032,Wandsworth,2021,Theft and Robbery,Vehicle crime,both,3102
E09000032,Wandsworth,2021,Violence and Sexual Offences,Violence and sexual offences,current_only,7795
E09000032,Wandsworth,2022,Criminal Damage and Arson,Criminal damage and arson,both,1511
E09000032,Wandsworth,2022,Drug and Weapon Offences,Drugs,both,912
E09000032,Wandsworth,2022,Drug and Weapon Offences,Possession of weapons,current_only,136
E09000032,Wandsworth,2022,Other Crimes,Other crime,both,295
E09000032,Wandsworth,2022,Public Order Offences,Anti-social behaviour,both,7922
E09000032,Wandsworth,2022,Public Order Offences,Public order,current_only,1672
E09000032,Wandsworth,2022,Theft and Robbery,Bicycle theft,current_only,900
E09000032,Wandsworth,2022,Theft and Robbery,Burglary,both,1767
E09000032,Wandsworth,2022,Theft and Robbery,Other theft,both,3077
E09000032,Wandsworth,2022,Theft and Robbery,Robbery,both,668
E09000032,Wandsworth,2022,Theft and Robbery,Shoplifting,both,945
E09000032,Wandsworth,2022,Theft and Robbery,Theft from the person,current_only,745
E09000032,Wandsworth,2022,Theft and Robbery,Vehicle crime,both,3293
E09000032,Wandsworth,2022,Violence and Sexual Offences,Violence and sexual offences,current_only,7438
E09000032,Wandsworth,2023,Criminal Damage and Arson,Criminal damage and arson,both,1741
E09000032,Wandsworth,2023,Drug and Weapon Offences,Drugs,both,800
E09000032,Wandsworth,2023,Drug and Weapon Offences,Possession of weapons,current_only,115
E09000032,Wandsworth,2023,Other Crimes,Other crime,both,298
E09000032,Wandsworth,2023,Public Order Offences,Anti-social behaviour,both,6995
E09000032,Wandsworth,2023,Public Order Offences,Public order,current_only,1709
E09000032,Wandsworth,2023,Theft and Robbery,Bicycle theft,current_only,800
E09000032,Wandsworth,2023,Theft and Robbery,Burglary,both,2203
E09000032,Wandsworth,2023,Theft and Robbery,Other theft,both,3528
E09000032,Wandsworth,2023,Theft and Robbery,Robbery,both,845
E09000032,Wandsworth,2023,Theft and Robbery,Shoplifting,both,1620
E09000032,Wandsworth,2023,Theft and Robbery,Theft from the person,current_only,800
E09000032,Wandsworth,2023,Theft and Robbery,Vehicle crime,both,3863
E09000032,Wandsworth,2023,Violence and Sexual Offences,Violence and sexual offences,current_only,7892
E09000032,Wandsworth,2024,Criminal Damage and Arson,Criminal damage and arson,both,1570
E09000032,Wandsworth,2024,Drug and Weapon Offences,Drugs,both,907
E09000032,Wandsworth,2024,Drug and Weapon Offences,Possession of weapons,current_only,104
E09000032,Wandsworth,2024,Other Crimes,Other crime,both,300
E09000032,Wandsworth,2024,Public Order Offences,Anti-social behaviour,both,7402
E09000032,Wandsworth,2024,Public Order Offences,Public order,current_only,1712
E09000032,Wandsworth,2024,Theft and Robbery,Bicycle theft,current_only,717
E09000032,Wandsworth,2024,Theft and Robbery,Burglary,both,1779
E09000032,Wandsworth,2024,Theft and Robbery,Other theft,both,3063
E09000032,Wandsworth,2024,Theft and Robbery,Robbery,both,874
E09000032,Wandsworth,2024,Theft and Robbery,Shoplifting,both,2553
E09000032,Wandsworth,2024,Theft and Robbery,Theft from the person,current_only,1227
E09000032,Wandsworth,2024,Theft and Robbery,Vehicle crime,both,3039
E09000032,Wandsworth,2024,Violence and Sexual Offences,Violence and sexual offences,current_only,7461
E09000032,Wandsworth,2025,Criminal Damage and Arson,Criminal damage and arson,both,1572
E09000032,Wandsworth,2025,Drug and Weapon Offences,Drugs,both,1337
E09000032,Wandsworth,2025,Drug and Weapon Offences,Possession of weapons,current_only,162
E09000032,Wandsworth,2025,Other Crimes,Other crime,both,393
E09000032,Wandsworth,2025,Public Order Offences,Anti-social behaviour,both,7512
E09000032,Wandsworth,2025,Public Order Offences,Public order,current_only,1809
E09000032,Wandsworth,2025,Theft and Robbery,Bicycle theft,current_only,615
E09000032,Wandsworth,2025,Theft and Robbery,Burglary,both,1610
E09000032,Wandsworth,2025,Theft and Robbery,Other theft,both,2765
E09000032,Wandsworth,2025,Theft and Robbery,Robbery,both,726
E09000032,Wandsworth,2025,Theft and Robbery,Shoplifting,both,2826
E09000032,Wandsworth,2025,Theft and Robbery,Theft from the person,current_only,1446
E09000032,Wandsworth,2025,Theft and Robbery,Vehicle crime,both,2955
E09000032,Wandsworth,2025,Violence and Sexual Offences,Violence and sexual offences,current_only,8189
E09000032,Wandsworth,2026,Criminal Damage and Arson,Criminal damage and arson,both,521
E09000032,Wandsworth,2026,Drug and Weapon Offences,Drugs,both,355
E09000032,Wandsworth,2026,Drug and Weapon Offences,Possession of weapons,current_only,68
E09000032,Wandsworth,2026,Other Crimes,Other crime,both,122
E09000032,Wandsworth,2026,Public Order Offences,Anti-social behaviour,both,2187
E09000032,Wandsworth,2026,Public Order Offences,Public order,current_only,567
E09000032,Wandsworth,2026,Theft and Robbery,Bicycle theft,current_only,231
E09000032,Wandsworth,2026,Theft and Robbery,Burglary,both,522
E09000032,Wandsworth,2026,Theft and Robbery,Other theft,both,881
E09000032,Wandsworth,2026,Theft and Robbery,Robbery,both,273
E09000032,Wandsworth,2026,Theft and Robbery,Shoplifting,both,797
E09000032,Wandsworth,2026,Theft and Robbery,Theft from the person,current_only,348
E09000032,Wandsworth,2026,Theft and Robbery,Vehicle crime,both,869
E09000032,Wandsworth,2026,Violence and Sexual Offences,Violence and sexual offences,current_only,2632
E09000033,Westminster,2011,Criminal Damage and Arson,Criminal damage and arson,both,745
E09000033,Westminster,2011,Drug and Weapon Offences,Drugs,both,1915
E09000033,Westminster,2011,Other Crimes,Other crime,both,32907
E09000033,Westminster,2011,Public Order Offences,Anti-social behaviour,both,22484
E09000033,Westminster,2011,Public Order Offences,Public disorder and weapons,legacy_only,703
E09000033,Westminster,2011,Theft and Robbery,Burglary,both,3295
E09000033,Westminster,2011,Theft and Robbery,Other theft,both,10301
E09000033,Westminster,2011,Theft and Robbery,Robbery,both,2086
E09000033,Westminster,2011,Theft and Robbery,Shoplifting,both,1456
E09000033,Westminster,2011,Theft and Robbery,Vehicle crime,both,3185
E09000033,Westminster,2011,Violence and Sexual Offences,Violent crime,legacy_only,8009
E09000033,Westminster,2012,Criminal Damage and Arson,Criminal damage and arson,both,2208
E09000033,Westminster,2012,Drug and Weapon Offences,Drugs,both,4476
E09000033,Westminster,2012,Other Crimes,Other crime,both,2959
E09000033,Westminster,2012,Public Order Offences,Anti-social behaviour,both,19546
E09000033,Westminster,2012,Public Order Offences,Public disorder and weapons,legacy_only,1833
E09000033,Westminster,2012,Theft and Robbery,Burglary,both,4076
E09000033,Westminster,2012,Theft and Robbery,Other theft,both,30557
E09000033,Westminster,2012,Theft and Robbery,Robbery,both,2347
E09000033,Westminster,2012,Theft and Robbery,Shoplifting,both,4400
E09000033,Westminster,2012,Theft and Robbery,Vehicle crime,both,3183
E09000033,Westminster,2012,Violence and Sexual Offences,Violent crime,legacy_only,6110
E09000033,Westminster,2013,Criminal Damage and Arson,Criminal damage and arson,both,2057
E09000033,Westminster,2013,Drug and Weapon Offences,Drugs,both,3914
E09000033,Westminster,2013,Drug and Weapon Offences,Possession of weapons,current_only,154
E09000033,Westminster,2013,Other Crimes,Other crime,both,665
E09000033,Westminster,2013,Public Order Offences,Anti-social behaviour,both,16716
E09000033,Westminster,2013,Public Order Offences,Public disorder and weapons,legacy_only,503
E09000033,Westminster,2013,Public Order Offences,Public order,current_only,1147
E09000033,Westminster,2013,Theft and Robbery,Bicycle theft,current_only,975
E09000033,Westminster,2013,Theft and Robbery,Burglary,both,3907
E09000033,Westminster,2013,Theft and Robbery,Other theft,both,20256
E09000033,Westminster,2013,Theft and Robbery,Robbery,both,2206
E09000033,Westminster,2013,Theft and Robbery,Shoplifting,both,3970
E09000033,Westminster,2013,Theft and Robbery,Theft from the person,current_only,5288
E09000033,Westminster,2013,Theft and Robbery,Vehicle crime,both,3535
E09000033,Westminster,2013,Violence and Sexual Offences,Violence and sexual offences,current_only,4165
E09000033,Westminster,2013,Violence and Sexual Offences,Violent crime,legacy_only,1871
E09000033,Westminster,2014,Criminal Damage and Arson,Criminal damage and arson,both,1994
E09000033,Westminster,2014,Drug and Weapon Offences,Drugs,both,2541
E09000033,Westminster,2014,Drug and Weapon Offences,Possession of weapons,current_only,221
E09000033,Westminster,2014,Other Crimes,Other crime,both,333
E09000033,Westminster,2014,Public Order Offences,Anti-social behaviour,both,15995
E09000033,Westminster,2014,Public Order Offences,Public order,current_only,1823
E09000033,Westminster,2014,Theft and Robbery,Bicycle theft,current_only,1336
E09000033,Westminster,2014,Theft and Robbery,Burglary,both,3430
E09000033,Westminster,2014,Theft and Robbery,Other theft,both,13966
E09000033,Westminster,2014,Theft and Robbery,Robbery,both,1918
E09000033,Westminster,2014,Theft and Robbery,Shoplifting,both,3779
E09000033,Westminster,2014,Theft and Robbery,Theft from the person,current_only,5905
E09000033,Westminster,2014,Theft and Robbery,Vehicle crime,both,3344
E09000033,Westminster,2014,Violence and Sexual Offences,Violence and sexual offences,current_only,7363
E09000033,Westminster,2015,Criminal Damage and Arson,Criminal damage and arson,both,1992
E09000033,Westminster,2015,Drug and Weapon Offences,Drugs,both,1913
E09000033,Westminster,2015,Drug and Weapon Offences,Possession of weapons,current_only,231
E09000033,Westminster,2015,Other Crimes,Other crime,both,384
E09000033,Westminster,2015,Public Order Offences,Anti-social behaviour,both,14760
E09000033,Westminster,2015,Public Order Offences,Public order,current_only,2108
E09000033,Westminster,2015,Theft and Robbery,Bicycle theft,current_only,1201
E09000033,Westminster,2015,Theft and Robbery,Burglary,both,3127
E09000033,Westminster,2015,Theft and Robbery,Other theft,both,13784
E09000033,Westminster,2015,Theft and Robbery,Robbery,both,1503
E09000033,Westminster,2015,Theft and Robbery,Shoplifting,both,3949
E09000033,Westminster,2015,Theft and Robbery,Theft from the person,current_only,6158
E09000033,Westminster,2015,Theft and Robbery,Vehicle crime,both,3197
E09000033,Westminster,2015,Violence and Sexual Offences,Violence and sexual offences,current_only,8458
E09000033,Westminster,2016,Criminal Damage and Arson,Criminal damage and arson,both,2139
E09000033,Westminster,2016,Drug and Weapon Offences,Drugs,both,1881
E09000033,Westminster,2016,Drug and Weapon Offences,Possession of weapons,current_only,329
E09000033,Westminster,2016,Other Crimes,Other crime,both,415
E09000033,Westminster,2016,Public Order Offences,Anti-social behaviour,both,15812
E09000033,Westminster,2016,Public Order Offences,Public order,current_only,2534
E09000033,Westminster,2016,Theft and Robbery,Bicycle theft,current_only,1214
E09000033,Westminster,2016,Theft and Robbery,Burglary,both,3226
E09000033,Westminster,2016,Theft and Robbery,Other theft,both,12367
E09000033,Westminster,2016,Theft and Robbery,Robbery,both,1825
E09000033,Westminster,2016,Theft and Robbery,Shoplifting,both,4178
E09000033,Westminster,2016,Theft and Robbery,Theft from the person,current_only,6006
E09000033,Westminster,2016,Theft and Robbery,Vehicle crime,both,3999
E09000033,Westminster,2016,Violence and Sexual Offences,Violence and sexual offences,current_only,9049
E09000033,Westminster,2017,Criminal Damage and Arson,Criminal damage and arson,both,2211
E09000033,Westminster,2017,Drug and Weapon Offences,Drugs,both,2068
E09000033,Westminster,2017,Drug and Weapon Offences,Possession of weapons,current_only,420
E09000033,Westminster,2017,Other Crimes,Other crime,both,429
E09000033,Westminster,2017,Public Order Offences,Anti-social behaviour,both,13700
E09000033,Westminster,2017,Public Order Offences,Public order,current_only,3110
E09000033,Westminster,2017,Theft and Robbery,Bicycle theft,current_only,1210
E09000033,Westminster,2017,Theft and Robbery,Burglary,both,3469
E09000033,Westminster,2017,Theft and Robbery,Other theft,both,12734
E09000033,Westminster,2017,Theft and Robbery,Robbery,both,2346
E09000033,Westminster,2017,Theft and Robbery,Shoplifting,both,4637
E09000033,Westminster,2017,Theft and Robbery,Theft from the person,current_only,8646
E09000033,Westminster,2017,Theft and Robbery,Vehicle crime,both,4368
E09000033,Westminster,2017,Violence and Sexual Offences,Violence and sexual offences,current_only,10074
E09000033,Westminster,2018,Criminal Damage and Arson,Criminal damage and arson,both,2283
E09000033,Westminster,2018,Drug and Weapon Offences,Drugs,both,1735
E09000033,Westminster,2018,Drug and Weapon Offences,Possession of weapons,current_only,419
E09000033,Westminster,2018,Other Crimes,Other crime,both,358
E09000033,Westminster,2018,Public Order Offences,Anti-social behaviour,both,14166
E09000033,Westminster,2018,Public Order Offences,Public order,current_only,3248
E09000033,Westminster,2018,Theft and Robbery,Bicycle theft,current_only,1265
E09000033,Westminster,2018,Theft and Robbery,Burglary,both,4315
E09000033,Westminster,2018,Theft and Robbery,Other theft,both,15369
E09000033,Westminster,2018,Theft and Robbery,Robbery,both,3128
E09000033,Westminster,2018,Theft and Robbery,Shoplifting,both,4621
E09000033,Westminster,2018,Theft and Robbery,Theft from the person,current_only,10566
E09000033,Westminster,2018,Theft and Robbery,Vehicle crime,both,4219
E09000033,Westminster,2018,Violence and Sexual Offences,Violence and sexual offences,current_only,10589
E09000033,Westminster,2019,Criminal Damage and Arson,Criminal damage and arson,both,2230
E09000033,Westminster,2019,Drug and Weapon Offences,Drugs,both,3006
E09000033,Westminster,2019,Drug and Weapon Offences,Possession of weapons,current_only,447
E09000033,Westminster,2019,Other Crimes,Other crime,both,318
E09000033,Westminster,2019,Public Order Offences,Anti-social behaviour,both,15394
E09000033,Westminster,2019,Public Order Offences,Public order,current_only,3149
E09000033,Westminster,2019,Theft and Robbery,Bicycle theft,current_only,1414
E09000033,Westminster,2019,Theft and Robbery,Burglary,both,4477
E09000033,Westminster,2019,Theft and Robbery,Other theft,both,21623
E09000033,Westminster,2019,Theft and Robbery,Robbery,both,4251
E09000033,Westminster,2019,Theft and Robbery,Shoplifting,both,4334
E09000033,Westminster,2019,Theft and Robbery,Theft from the person,current_only,15206
E09000033,Westminster,2019,Theft and Robbery,Vehicle crime,both,4276
E09000033,Westminster,2019,Violence and Sexual Offences,Violence and sexual offences,current_only,10848
E09000033,Westminster,2020,Criminal Damage and Arson,Criminal damage and arson,both,2003
E09000033,Westminster,2020,Drug and Weapon Offences,Drugs,both,2970
E09000033,Westminster,2020,Drug and Weapon Offences,Possession of weapons,current_only,258
E09000033,Westminster,2020,Other Crimes,Other crime,both,297
E09000033,Westminster,2020,Public Order Offences,Anti-social behaviour,both,19989
E09000033,Westminster,2020,Public Order Offences,Public order,current_only,2902
E09000033,Westminster,2020,Theft and Robbery,Bicycle theft,current_only,1500
E09000033,Westminster,2020,Theft and Robbery,Burglary,both,3031
E09000033,Westminster,2020,Theft and Robbery,Other theft,both,9240
E09000033,Westminster,2020,Theft and Robbery,Robbery,both,2090
E09000033,Westminster,2020,Theft and Robbery,Shoplifting,both,2625
E09000033,Westminster,2020,Theft and Robbery,Theft from the person,current_only,6419
E09000033,Westminster,2020,Theft and Robbery,Vehicle crime,both,3691
E09000033,Westminster,2020,Violence and Sexual Offences,Violence and sexual offences,current_only,8663
E09000033,Westminster,2021,Criminal Damage and Arson,Criminal damage and arson,both,2213
E09000033,Westminster,2021,Drug and Weapon Offences,Drugs,both,2614
E09000033,Westminster,2021,Drug and Weapon Offences,Possession of weapons,current_only,248
E09000033,Westminster,2021,Other Crimes,Other crime,both,298
E09000033,Westminster,2021,Public Order Offences,Anti-social behaviour,both,15703
E09000033,Westminster,2021,Public Order Offences,Public order,current_only,3248
E09000033,Westminster,2021,Theft and Robbery,Bicycle theft,current_only,1356
E09000033,Westminster,2021,Theft and Robbery,Burglary,both,2246
E09000033,Westminster,2021,Theft and Robbery,Other theft,both,9608
E09000033,Westminster,2021,Theft and Robbery,Robbery,both,2087
E09000033,Westminster,2021,Theft and Robbery,Shoplifting,both,2451
E09000033,Westminster,2021,Theft and Robbery,Theft from the person,current_only,7285
E09000033,Westminster,2021,Theft and Robbery,Vehicle crime,both,3336
E09000033,Westminster,2021,Violence and Sexual Offences,Violence and sexual offences,current_only,10187
E09000033,Westminster,2022,Criminal Damage and Arson,Criminal damage and arson,both,2256
E09000033,Westminster,2022,Drug and Weapon Offences,Drugs,both,3228
E09000033,Westminster,2022,Drug and Weapon Offences,Possession of weapons,current_only,337
E09000033,Westminster,2022,Other Crimes,Other crime,both,316
E09000033,Westminster,2022,Public Order Offences,Anti-social behaviour,both,14777
E09000033,Westminster,2022,Public Order Offences,Public order,current_only,3487
E09000033,Westminster,2022,Theft and Robbery,Bicycle theft,current_only,1187
E09000033,Westminster,2022,Theft and Robbery,Burglary,both,2838
E09000033,Westminster,2022,Theft and Robbery,Other theft,both,20724
E09000033,Westminster,2022,Theft and Robbery,Robbery,both,3167
E09000033,Westminster,2022,Theft and Robbery,Shoplifting,both,3603
E09000033,Westminster,2022,Theft and Robbery,Theft from the person,current_only,17482
E09000033,Westminster,2022,Theft and Robbery,Vehicle crime,both,4079
E09000033,Westminster,2022,Violence and Sexual Offences,Violence and sexual offences,current_only,11602
E09000033,Westminster,2023,Criminal Damage and Arson,Criminal damage and arson,both,2293
E09000033,Westminster,2023,Drug and Weapon Offences,Drugs,both,2452
E09000033,Westminster,2023,Drug and Weapon Offences,Possession of weapons,current_only,390
E09000033,Westminster,2023,Other Crimes,Other crime,both,348
E09000033,Westminster,2023,Public Order Offences,Anti-social behaviour,both,12832
E09000033,Westminster,2023,Public Order Offences,Public order,current_only,3652
E09000033,Westminster,2023,Theft and Robbery,Bicycle theft,current_only,1122
E09000033,Westminster,2023,Theft and Robbery,Burglary,both,3093
E09000033,Westminster,2023,Theft and Robbery,Other theft,both,25141
E09000033,Westminster,2023,Theft and Robbery,Robbery,both,4035
E09000033,Westminster,2023,Theft and Robbery,Shoplifting,both,5070
E09000033,Westminster,2023,Theft and Robbery,Theft from the person,current_only,24329
E09000033,Westminster,2023,Theft and Robbery,Vehicle crime,both,4312
E09000033,Westminster,2023,Violence and Sexual Offences,Violence and sexual offences,current_only,12178
E09000033,Westminster,2024,Criminal Damage and Arson,Criminal damage and arson,both,2330
E09000033,Westminster,2024,Drug and Weapon Offences,Drugs,both,2119
E09000033,Westminster,2024,Drug and Weapon Offences,Possession of weapons,current_only,236
E09000033,Westminster,2024,Other Crimes,Other crime,both,339
E09000033,Westminster,2024,Public Order Offences,Anti-social behaviour,both,13276
E09000033,Westminster,2024,Public Order Offences,Public order,current_only,3432
E09000033,Westminster,2024,Theft and Robbery,Bicycle theft,current_only,999
E09000033,Westminster,2024,Theft and Robbery,Burglary,both,3004
E09000033,Westminster,2024,Theft and Robbery,Other theft,both,18769
E09000033,Westminster,2024,Theft and Robbery,Robbery,both,3685
E09000033,Westminster,2024,Theft and Robbery,Shoplifting,both,6485
E09000033,Westminster,2024,Theft and Robbery,Theft from the person,current_only,32186
E09000033,Westminster,2024,Theft and Robbery,Vehicle crime,both,4065
E09000033,Westminster,2024,Violence and Sexual Offences,Violence and sexual offences,current_only,12216
E09000033,Westminster,2025,Criminal Damage and Arson,Criminal damage and arson,both,2429
E09000033,Westminster,2025,Drug and Weapon Offences,Drugs,both,2762
E09000033,Westminster,2025,Drug and Weapon Offences,Possession of weapons,current_only,319
E09000033,Westminster,2025,Other Crimes,Other crime,both,510
E09000033,Westminster,2025,Public Order Offences,Anti-social behaviour,both,13709
E09000033,Westminster,2025,Public Order Offences,Public order,current_only,3575
E09000033,Westminster,2025,Theft and Robbery,Bicycle theft,current_only,986
E09000033,Westminster,2025,Theft and Robbery,Burglary,both,2837
E09000033,Westminster,2025,Theft and Robbery,Other theft,both,16749
E09000033,Westminster,2025,Theft and Robbery,Robbery,both,3333
E09000033,Westminster,2025,Theft and Robbery,Shoplifting,both,8018
E09000033,Westminster,2025,Theft and Robbery,Theft from the person,current_only,24917
E09000033,Westminster,2025,Theft and Robbery,Vehicle crime,both,3709
E09000033,Westminster,2025,Violence and Sexual Offences,Violence and sexual offences,current_only,12864
E09000033,Westminster,2026,Criminal Damage and Arson,Criminal damage and arson,both,706
E09000033,Westminster,2026,Drug and Weapon Offences,Drugs,both,1051
E09000033,Westminster,2026,Drug and Weapon Offences,Possession of weapons,current_only,129
E09000033,Westminster,2026,Other Crimes,Other crime,both,177
E09000033,Westminster,2026,Public Order Offences,Anti-social behaviour,both,4058
E09000033,Westminster,2026,Public Order Offences,Public order,current_only,1150
E09000033,Westminster,2026,Theft and Robbery,Bicycle theft,current_only,262
E09000033,Westminster,2026,Theft and Robbery,Burglary,both,821
E09000033,Westminster,2026,Theft and Robbery,Other theft,both,4355
E09000033,Westminster,2026,Theft and Robbery,Robbery,both,773
E09000033,Westminster,2026,Theft and Robbery,Shoplifting,both,2871
E09000033,Westminster,2026,Theft and Robbery,Theft from the person,current_only,5422
E09000033,Westminster,2026,Theft and Robbery,Vehicle crime,both,759
E09000033,Westminster,2026,Violence and Sexual Offences,Violence and sexual offences,current_only,3884
