"Borough","Year","Crime_Subcategory","Crime_Subcategory_Count","Crime_Category"
NA,"2011","Anti-social behaviour",141,"Public Order Offences"
NA,"2011","Burglary",28,"Theft And Robbery"
NA,"2011","Criminal damage and arson",8,"Criminal Damage and Arson"
NA,"2011","Drugs",5,"Drug and Weapon Offences"
NA,"2011","Other crime",126,"Other Crimes"
NA,"2011","Other theft",8,"Theft And Robbery"
NA,"2011","Public disorder and weapons",1,"No-category"
NA,"2011","Robbery",3,"Theft And Robbery"
NA,"2011","Shoplifting",3,"Theft And Robbery"
NA,"2011","Vehicle crime",46,"Theft And Robbery"
NA,"2011","Violent crime",19,"No-category"
NA,"2012","Anti-social behaviour",36,"Public Order Offences"
NA,"2012","Burglary",13,"Theft And Robbery"
NA,"2012","Criminal damage and arson",12,"Criminal Damage and Arson"
NA,"2012","Drugs",5,"Drug and Weapon Offences"
NA,"2012","Other crime",49,"Other Crimes"
NA,"2012","Other theft",37,"Theft And Robbery"
NA,"2012","Public disorder and weapons",5,"No-category"
NA,"2012","Robbery",5,"Theft And Robbery"
NA,"2012","Shoplifting",4,"Theft And Robbery"
NA,"2012","Vehicle crime",20,"Theft And Robbery"
NA,"2012","Violent crime",106,"No-category"
NA,"2013","Anti-social behaviour",24,"Public Order Offences"
NA,"2013","Burglary",7,"Theft And Robbery"
NA,"2013","Criminal damage and arson",6,"Criminal Damage and Arson"
NA,"2013","Drugs",2,"Drug and Weapon Offences"
NA,"2013","Other crime",6,"Other Crimes"
NA,"2013","Other theft",21,"Theft And Robbery"
NA,"2013","Public disorder and weapons",4,"No-category"
NA,"2013","Robbery",1,"Theft And Robbery"
NA,"2013","Vehicle crime",9,"Theft And Robbery"
NA,"2013","Violent crime",39,"No-category"
NA,"2014","Anti-social behaviour",25,"Public Order Offences"
NA,"2014","Bicycle theft",1,"Theft And Robbery"
NA,"2014","Burglary",9,"Theft And Robbery"
NA,"2014","Criminal damage and arson",7,"Criminal Damage and Arson"
NA,"2014","Drugs",8,"Drug and Weapon Offences"
NA,"2014","Other crime",4,"Other Crimes"
NA,"2014","Other theft",31,"Theft And Robbery"
NA,"2014","Possession of weapons",2,"Drug and Weapon Offences"
NA,"2014","Public order",9,"Public Order Offences"
NA,"2014","Shoplifting",1,"Theft And Robbery"
NA,"2014","Theft from the person",12,"Theft And Robbery"
NA,"2014","Vehicle crime",9,"Theft And Robbery"
NA,"2014","Violence and sexual offences",74,"Violence and Sexual Offences"
NA,"2015","Anti-social behaviour",42,"Public Order Offences"
NA,"2015","Bicycle theft",1,"Theft And Robbery"
NA,"2015","Burglary",6,"Theft And Robbery"
NA,"2015","Criminal damage and arson",13,"Criminal Damage and Arson"
NA,"2015","Drugs",14,"Drug and Weapon Offences"
NA,"2015","Other crime",18,"Other Crimes"
NA,"2015","Other theft",94,"Theft And Robbery"
NA,"2015","Possession of weapons",2,"Drug and Weapon Offences"
NA,"2015","Public order",21,"Public Order Offences"
NA,"2015","Robbery",11,"Theft And Robbery"
NA,"2015","Shoplifting",5,"Theft And Robbery"
NA,"2015","Theft from the person",14,"Theft And Robbery"
NA,"2015","Vehicle crime",23,"Theft And Robbery"
NA,"2015","Violence and sexual offences",208,"Violence and Sexual Offences"
NA,"2016","Anti-social behaviour",77,"Public Order Offences"
NA,"2016","Bicycle theft",13,"Theft And Robbery"
NA,"2016","Burglary",41,"Theft And Robbery"
NA,"2016","Criminal damage and arson",67,"Criminal Damage and Arson"
NA,"2016","Drugs",62,"Drug and Weapon Offences"
NA,"2016","Other crime",83,"Other Crimes"
NA,"2016","Other theft",359,"Theft And Robbery"
NA,"2016","Possession of weapons",27,"Drug and Weapon Offences"
NA,"2016","Public order",65,"Public Order Offences"
NA,"2016","Robbery",20,"Theft And Robbery"
NA,"2016","Shoplifting",18,"Theft And Robbery"
NA,"2016","Theft from the person",63,"Theft And Robbery"
NA,"2016","Vehicle crime",156,"Theft And Robbery"
NA,"2016","Violence and sexual offences",681,"Violence and Sexual Offences"
NA,"2017","Anti-social behaviour",81,"Public Order Offences"
NA,"2017","Bicycle theft",9,"Theft And Robbery"
NA,"2017","Burglary",48,"Theft And Robbery"
NA,"2017","Criminal damage and arson",74,"Criminal Damage and Arson"
NA,"2017","Drugs",67,"Drug and Weapon Offences"
NA,"2017","Other crime",63,"Other Crimes"
NA,"2017","Other theft",322,"Theft And Robbery"
NA,"2017","Possession of weapons",14,"Drug and Weapon Offences"
NA,"2017","Public order",57,"Public Order Offences"
NA,"2017","Robbery",25,"Theft And Robbery"
NA,"2017","Shoplifting",9,"Theft And Robbery"
NA,"2017","Theft from the person",72,"Theft And Robbery"
NA,"2017","Vehicle crime",194,"Theft And Robbery"
NA,"2017","Violence and sexual offences",669,"Violence and Sexual Offences"
NA,"2018","Anti-social behaviour",89,"Public Order Offences"
NA,"2018","Bicycle theft",11,"Theft And Robbery"
NA,"2018","Burglary",58,"Theft And Robbery"
NA,"2018","Criminal damage and arson",56,"Criminal Damage and Arson"
NA,"2018","Drugs",54,"Drug and Weapon Offences"
NA,"2018","Other crime",56,"Other Crimes"
NA,"2018","Other theft",258,"Theft And Robbery"
NA,"2018","Possession of weapons",26,"Drug and Weapon Offences"
NA,"2018","Public order",71,"Public Order Offences"
NA,"2018","Robbery",26,"Theft And Robbery"
NA,"2018","Shoplifting",13,"Theft And Robbery"
NA,"2018","Theft from the person",35,"Theft And Robbery"
NA,"2018","Vehicle crime",192,"Theft And Robbery"
NA,"2018","Violence and sexual offences",595,"Violence and Sexual Offences"
NA,"2019","Anti-social behaviour",113,"Public Order Offences"
NA,"2019","Bicycle theft",9,"Theft And Robbery"
NA,"2019","Burglary",57,"Theft And Robbery"
NA,"2019","Criminal damage and arson",82,"Criminal Damage and Arson"
NA,"2019","Drugs",76,"Drug and Weapon Offences"
NA,"2019","Other crime",59,"Other Crimes"
NA,"2019","Other theft",286,"Theft And Robbery"
NA,"2019","Possession of weapons",26,"Drug and Weapon Offences"
NA,"2019","Public order",109,"Public Order Offences"
NA,"2019","Robbery",23,"Theft And Robbery"
NA,"2019","Shoplifting",17,"Theft And Robbery"
NA,"2019","Theft from the person",43,"Theft And Robbery"
NA,"2019","Vehicle crime",230,"Theft And Robbery"
NA,"2019","Violence and sexual offences",1253,"Violence and Sexual Offences"
NA,"2020","Anti-social behaviour",182,"Public Order Offences"
NA,"2020","Bicycle theft",4,"Theft And Robbery"
NA,"2020","Burglary",41,"Theft And Robbery"
NA,"2020","Criminal damage and arson",70,"Criminal Damage and Arson"
NA,"2020","Drugs",127,"Drug and Weapon Offences"
NA,"2020","Other crime",93,"Other Crimes"
NA,"2020","Other theft",235,"Theft And Robbery"
NA,"2020","Possession of weapons",24,"Drug and Weapon Offences"
NA,"2020","Public order",134,"Public Order Offences"
NA,"2020","Robbery",30,"Theft And Robbery"
NA,"2020","Shoplifting",21,"Theft And Robbery"
NA,"2020","Theft from the person",16,"Theft And Robbery"
NA,"2020","Vehicle crime",201,"Theft And Robbery"
NA,"2020","Violence and sexual offences",1905,"Violence and Sexual Offences"
NA,"2021","Anti-social behaviour",105,"Public Order Offences"
NA,"2021","Bicycle theft",8,"Theft And Robbery"
NA,"2021","Burglary",60,"Theft And Robbery"
NA,"2021","Criminal damage and arson",94,"Criminal Damage and Arson"
NA,"2021","Drugs",151,"Drug and Weapon Offences"
NA,"2021","Other crime",94,"Other Crimes"
NA,"2021","Other theft",328,"Theft And Robbery"
NA,"2021","Possession of weapons",20,"Drug and Weapon Offences"
NA,"2021","Public order",150,"Public Order Offences"
NA,"2021","Robbery",27,"Theft And Robbery"
NA,"2021","Shoplifting",20,"Theft And Robbery"
NA,"2021","Theft from the person",38,"Theft And Robbery"
NA,"2021","Vehicle crime",224,"Theft And Robbery"
NA,"2021","Violence and sexual offences",2820,"Violence and Sexual Offences"
NA,"2022","Anti-social behaviour",123,"Public Order Offences"
NA,"2022","Bicycle theft",22,"Theft And Robbery"
NA,"2022","Burglary",68,"Theft And Robbery"
NA,"2022","Criminal damage and arson",105,"Criminal Damage and Arson"
NA,"2022","Drugs",134,"Drug and Weapon Offences"
NA,"2022","Other crime",111,"Other Crimes"
NA,"2022","Other theft",473,"Theft And Robbery"
NA,"2022","Possession of weapons",16,"Drug and Weapon Offences"
NA,"2022","Public order",190,"Public Order Offences"
NA,"2022","Robbery",40,"Theft And Robbery"
NA,"2022","Shoplifting",37,"Theft And Robbery"
NA,"2022","Theft from the person",78,"Theft And Robbery"
NA,"2022","Vehicle crime",365,"Theft And Robbery"
NA,"2022","Violence and sexual offences",3018,"Violence and Sexual Offences"
NA,"2023","Anti-social behaviour",78,"Public Order Offences"
NA,"2023","Bicycle theft",18,"Theft And Robbery"
NA,"2023","Burglary",49,"Theft And Robbery"
NA,"2023","Criminal damage and arson",90,"Criminal Damage and Arson"
NA,"2023","Drugs",114,"Drug and Weapon Offences"
NA,"2023","Other crime",102,"Other Crimes"
NA,"2023","Other theft",463,"Theft And Robbery"
NA,"2023","Possession of weapons",43,"Drug and Weapon Offences"
NA,"2023","Public order",183,"Public Order Offences"
NA,"2023","Robbery",44,"Theft And Robbery"
NA,"2023","Shoplifting",40,"Theft And Robbery"
NA,"2023","Theft from the person",74,"Theft And Robbery"
NA,"2023","Vehicle crime",292,"Theft And Robbery"
NA,"2023","Violence and sexual offences",2639,"Violence and Sexual Offences"
NA,"2024","Anti-social behaviour",78,"Public Order Offences"
NA,"2024","Bicycle theft",9,"Theft And Robbery"
NA,"2024","Burglary",31,"Theft And Robbery"
NA,"2024","Criminal damage and arson",85,"Criminal Damage and Arson"
NA,"2024","Drugs",148,"Drug and Weapon Offences"
NA,"2024","Other crime",182,"Other Crimes"
NA,"2024","Other theft",348,"Theft And Robbery"
NA,"2024","Possession of weapons",34,"Drug and Weapon Offences"
NA,"2024","Public order",145,"Public Order Offences"
NA,"2024","Robbery",31,"Theft And Robbery"
NA,"2024","Shoplifting",36,"Theft And Robbery"
NA,"2024","Theft from the person",145,"Theft And Robbery"
NA,"2024","Vehicle crime",277,"Theft And Robbery"
NA,"2024","Violence and sexual offences",1902,"Violence and Sexual Offences"
NA,"2025","Anti-social behaviour",73,"Public Order Offences"
NA,"2025","Bicycle theft",18,"Theft And Robbery"
NA,"2025","Burglary",55,"Theft And Robbery"
NA,"2025","Criminal damage and arson",150,"Criminal Damage and Arson"
NA,"2025","Drugs",215,"Drug and Weapon Offences"
NA,"2025","Other crime",242,"Other Crimes"
NA,"2025","Other theft",616,"Theft And Robbery"
NA,"2025","Possession of weapons",36,"Drug and Weapon Offences"
NA,"2025","Public order",277,"Public Order Offences"
NA,"2025","Robbery",61,"Theft And Robbery"
NA,"2025","Shoplifting",39,"Theft And Robbery"
NA,"2025","Theft from the person",233,"Theft And Robbery"
NA,"2025","Vehicle crime",430,"Theft And Robbery"
NA,"2025","Violence and sexual offences",3413,"Violence and Sexual Offences"
NA,"2026","Anti-social behaviour",21,"Public Order Offences"
NA,"2026","Bicycle theft",9,"Theft And Robbery"
NA,"2026","Burglary",31,"Theft And Robbery"
NA,"2026","Criminal damage and arson",75,"Criminal Damage and Arson"
NA,"2026","Drugs",92,"Drug and Weapon Offences"
NA,"2026","Other crime",104,"Other Crimes"
NA,"2026","Other theft",228,"Theft And Robbery"
NA,"2026","Possession of weapons",13,"Drug and Weapon Offences"
NA,"2026","Public order",96,"Public Order Offences"
NA,"2026","Robbery",15,"Theft And Robbery"
NA,"2026","Shoplifting",15,"Theft And Robbery"
NA,"2026","Theft from the person",72,"Theft And Robbery"
NA,"2026","Vehicle crime",167,"Theft And Robbery"
NA,"2026","Violence and sexual offences",1274,"Violence and Sexual Offences"
"Barking and Dagenham","2011","Anti-social behaviour",10214,"Public Order Offences"
"Barking and Dagenham","2011","Burglary",2345,"Theft And Robbery"
"Barking and Dagenham","2011","Criminal damage and arson",633,"Criminal Damage and Arson"
"Barking and Dagenham","2011","Drugs",286,"Drug and Weapon Offences"
"Barking and Dagenham","2011","Other crime",6192,"Other Crimes"
"Barking and Dagenham","2011","Other theft",864,"Theft And Robbery"
"Barking and Dagenham","2011","Public disorder and weapons",217,"No-category"
"Barking and Dagenham","2011","Robbery",1023,"Theft And Robbery"
"Barking and Dagenham","2011","Shoplifting",231,"Theft And Robbery"
"Barking and Dagenham","2011","Vehicle crime",2871,"Theft And Robbery"
"Barking and Dagenham","2011","Violent crime",3999,"No-category"
"Barking and Dagenham","2012","Anti-social behaviour",2697,"Public Order Offences"
"Barking and Dagenham","2012","Burglary",864,"Theft And Robbery"
"Barking and Dagenham","2012","Criminal damage and arson",582,"Criminal Damage and Arson"
"Barking and Dagenham","2012","Drugs",291,"Drug and Weapon Offences"
"Barking and Dagenham","2012","Other crime",464,"Other Crimes"
"Barking and Dagenham","2012","Other theft",900,"Theft And Robbery"
"Barking and Dagenham","2012","Public disorder and weapons",234,"No-category"
"Barking and Dagenham","2012","Robbery",290,"Theft And Robbery"
"Barking and Dagenham","2012","Shoplifting",221,"Theft And Robbery"
"Barking and Dagenham","2012","Vehicle crime",924,"Theft And Robbery"
"Barking and Dagenham","2012","Violent crime",1292,"No-category"
"Barking and Dagenham","2013","Anti-social behaviour",938,"Public Order Offences"
"Barking and Dagenham","2013","Burglary",495,"Theft And Robbery"
"Barking and Dagenham","2013","Criminal damage and arson",264,"Criminal Damage and Arson"
"Barking and Dagenham","2013","Drugs",175,"Drug and Weapon Offences"
"Barking and Dagenham","2013","Other crime",80,"Other Crimes"
"Barking and Dagenham","2013","Other theft",443,"Theft And Robbery"
"Barking and Dagenham","2013","Public disorder and weapons",93,"No-category"
"Barking and Dagenham","2013","Robbery",99,"Theft And Robbery"
"Barking and Dagenham","2013","Shoplifting",140,"Theft And Robbery"
"Barking and Dagenham","2013","Vehicle crime",524,"Theft And Robbery"
"Barking and Dagenham","2013","Violent crime",562,"No-category"
"Barking and Dagenham","2014","Anti-social behaviour",1219,"Public Order Offences"
"Barking and Dagenham","2014","Bicycle theft",47,"Theft And Robbery"
"Barking and Dagenham","2014","Burglary",517,"Theft And Robbery"
"Barking and Dagenham","2014","Criminal damage and arson",417,"Criminal Damage and Arson"
"Barking and Dagenham","2014","Drugs",172,"Drug and Weapon Offences"
"Barking and Dagenham","2014","Other crime",56,"Other Crimes"
"Barking and Dagenham","2014","Other theft",503,"Theft And Robbery"
"Barking and Dagenham","2014","Possession of weapons",10,"Drug and Weapon Offences"
"Barking and Dagenham","2014","Public order",167,"Public Order Offences"
"Barking and Dagenham","2014","Robbery",125,"Theft And Robbery"
"Barking and Dagenham","2014","Shoplifting",213,"Theft And Robbery"
"Barking and Dagenham","2014","Theft from the person",82,"Theft And Robbery"
"Barking and Dagenham","2014","Vehicle crime",493,"Theft And Robbery"
"Barking and Dagenham","2014","Violence and sexual offences",1151,"Violence and Sexual Offences"
"Barking and Dagenham","2015","Anti-social behaviour",2698,"Public Order Offences"
"Barking and Dagenham","2015","Bicycle theft",133,"Theft And Robbery"
"Barking and Dagenham","2015","Burglary",687,"Theft And Robbery"
"Barking and Dagenham","2015","Criminal damage and arson",859,"Criminal Damage and Arson"
"Barking and Dagenham","2015","Drugs",432,"Drug and Weapon Offences"
"Barking and Dagenham","2015","Other crime",124,"Other Crimes"
"Barking and Dagenham","2015","Other theft",998,"Theft And Robbery"
"Barking and Dagenham","2015","Possession of weapons",23,"Drug and Weapon Offences"
"Barking and Dagenham","2015","Public order",466,"Public Order Offences"
"Barking and Dagenham","2015","Robbery",265,"Theft And Robbery"
"Barking and Dagenham","2015","Shoplifting",425,"Theft And Robbery"
"Barking and Dagenham","2015","Theft from the person",130,"Theft And Robbery"
"Barking and Dagenham","2015","Vehicle crime",917,"Theft And Robbery"
"Barking and Dagenham","2015","Violence and sexual offences",2581,"Violence and Sexual Offences"
"Barking and Dagenham","2016","Anti-social behaviour",5532,"Public Order Offences"
"Barking and Dagenham","2016","Bicycle theft",189,"Theft And Robbery"
"Barking and Dagenham","2016","Burglary",1272,"Theft And Robbery"
"Barking and Dagenham","2016","Criminal damage and arson",1856,"Criminal Damage and Arson"
"Barking and Dagenham","2016","Drugs",817,"Drug and Weapon Offences"
"Barking and Dagenham","2016","Other crime",218,"Other Crimes"
"Barking and Dagenham","2016","Other theft",1975,"Theft And Robbery"
"Barking and Dagenham","2016","Possession of weapons",104,"Drug and Weapon Offences"
"Barking and Dagenham","2016","Public order",907,"Public Order Offences"
"Barking and Dagenham","2016","Robbery",532,"Theft And Robbery"
"Barking and Dagenham","2016","Shoplifting",885,"Theft And Robbery"
"Barking and Dagenham","2016","Theft from the person",348,"Theft And Robbery"
"Barking and Dagenham","2016","Vehicle crime",2219,"Theft And Robbery"
"Barking and Dagenham","2016","Violence and sexual offences",5514,"Violence and Sexual Offences"
"Barking and Dagenham","2017","Anti-social behaviour",5311,"Public Order Offences"
"Barking and Dagenham","2017","Bicycle theft",245,"Theft And Robbery"
"Barking and Dagenham","2017","Burglary",1576,"Theft And Robbery"
"Barking and Dagenham","2017","Criminal damage and arson",1689,"Criminal Damage and Arson"
"Barking and Dagenham","2017","Drugs",683,"Drug and Weapon Offences"
"Barking and Dagenham","2017","Other crime",223,"Other Crimes"
"Barking and Dagenham","2017","Other theft",2002,"Theft And Robbery"
"Barking and Dagenham","2017","Possession of weapons",136,"Drug and Weapon Offences"
"Barking and Dagenham","2017","Public order",1020,"Public Order Offences"
"Barking and Dagenham","2017","Robbery",852,"Theft And Robbery"
"Barking and Dagenham","2017","Shoplifting",897,"Theft And Robbery"
"Barking and Dagenham","2017","Theft from the person",412,"Theft And Robbery"
"Barking and Dagenham","2017","Vehicle crime",2742,"Theft And Robbery"
"Barking and Dagenham","2017","Violence and sexual offences",5604,"Violence and Sexual Offences"
"Barking and Dagenham","2018","Anti-social behaviour",4538,"Public Order Offences"
"Barking and Dagenham","2018","Bicycle theft",203,"Theft And Robbery"
"Barking and Dagenham","2018","Burglary",1675,"Theft And Robbery"
"Barking and Dagenham","2018","Criminal damage and arson",1432,"Criminal Damage and Arson"
"Barking and Dagenham","2018","Drugs",822,"Drug and Weapon Offences"
"Barking and Dagenham","2018","Other crime",243,"Other Crimes"
"Barking and Dagenham","2018","Other theft",1823,"Theft And Robbery"
"Barking and Dagenham","2018","Possession of weapons",166,"Drug and Weapon Offences"
"Barking and Dagenham","2018","Public order",929,"Public Order Offences"
"Barking and Dagenham","2018","Robbery",804,"Theft And Robbery"
"Barking and Dagenham","2018","Shoplifting",785,"Theft And Robbery"
"Barking and Dagenham","2018","Theft from the person",451,"Theft And Robbery"
"Barking and Dagenham","2018","Vehicle crime",2561,"Theft And Robbery"
"Barking and Dagenham","2018","Violence and sexual offences",5918,"Violence and Sexual Offences"
"Barking and Dagenham","2019","Anti-social behaviour",4819,"Public Order Offences"
"Barking and Dagenham","2019","Bicycle theft",178,"Theft And Robbery"
"Barking and Dagenham","2019","Burglary",1521,"Theft And Robbery"
"Barking and Dagenham","2019","Criminal damage and arson",1404,"Criminal Damage and Arson"
"Barking and Dagenham","2019","Drugs",1012,"Drug and Weapon Offences"
"Barking and Dagenham","2019","Other crime",254,"Other Crimes"
"Barking and Dagenham","2019","Other theft",1872,"Theft And Robbery"
"Barking and Dagenham","2019","Possession of weapons",127,"Drug and Weapon Offences"
"Barking and Dagenham","2019","Public order",1086,"Public Order Offences"
"Barking and Dagenham","2019","Robbery",1030,"Theft And Robbery"
"Barking and Dagenham","2019","Shoplifting",733,"Theft And Robbery"
"Barking and Dagenham","2019","Theft from the person",586,"Theft And Robbery"
"Barking and Dagenham","2019","Vehicle crime",2506,"Theft And Robbery"
"Barking and Dagenham","2019","Violence and sexual offences",6204,"Violence and Sexual Offences"
"Barking and Dagenham","2020","Anti-social behaviour",8369,"Public Order Offences"
"Barking and Dagenham","2020","Bicycle theft",176,"Theft And Robbery"
"Barking and Dagenham","2020","Burglary",1205,"Theft And Robbery"
"Barking and Dagenham","2020","Criminal damage and arson",1302,"Criminal Damage and Arson"
"Barking and Dagenham","2020","Drugs",1493,"Drug and Weapon Offences"
"Barking and Dagenham","2020","Other crime",302,"Other Crimes"
"Barking and Dagenham","2020","Other theft",1628,"Theft And Robbery"
"Barking and Dagenham","2020","Possession of weapons",166,"Drug and Weapon Offences"
"Barking and Dagenham","2020","Public order",1136,"Public Order Offences"
"Barking and Dagenham","2020","Robbery",704,"Theft And Robbery"
"Barking and Dagenham","2020","Shoplifting",776,"Theft And Robbery"
"Barking and Dagenham","2020","Theft from the person",457,"Theft And Robbery"
"Barking and Dagenham","2020","Vehicle crime",2270,"Theft And Robbery"
"Barking and Dagenham","2020","Violence and sexual offences",6366,"Violence and Sexual Offences"
"Barking and Dagenham","2021","Anti-social behaviour",6014,"Public Order Offences"
"Barking and Dagenham","2021","Bicycle theft",173,"Theft And Robbery"
"Barking and Dagenham","2021","Burglary",1147,"Theft And Robbery"
"Barking and Dagenham","2021","Criminal damage and arson",1409,"Criminal Damage and Arson"
"Barking and Dagenham","2021","Drugs",1366,"Drug and Weapon Offences"
"Barking and Dagenham","2021","Other crime",278,"Other Crimes"
"Barking and Dagenham","2021","Other theft",1738,"Theft And Robbery"
"Barking and Dagenham","2021","Possession of weapons",134,"Drug and Weapon Offences"
"Barking and Dagenham","2021","Public order",1254,"Public Order Offences"
"Barking and Dagenham","2021","Robbery",542,"Theft And Robbery"
"Barking and Dagenham","2021","Shoplifting",717,"Theft And Robbery"
"Barking and Dagenham","2021","Theft from the person",436,"Theft And Robbery"
"Barking and Dagenham","2021","Vehicle crime",2281,"Theft And Robbery"
"Barking and Dagenham","2021","Violence and sexual offences",6578,"Violence and Sexual Offences"
"Barking and Dagenham","2022","Anti-social behaviour",5371,"Public Order Offences"
"Barking and Dagenham","2022","Bicycle theft",159,"Theft And Robbery"
"Barking and Dagenham","2022","Burglary",1103,"Theft And Robbery"
"Barking and Dagenham","2022","Criminal damage and arson",1434,"Criminal Damage and Arson"
"Barking and Dagenham","2022","Drugs",1330,"Drug and Weapon Offences"
"Barking and Dagenham","2022","Other crime",296,"Other Crimes"
"Barking and Dagenham","2022","Other theft",2151,"Theft And Robbery"
"Barking and Dagenham","2022","Possession of weapons",124,"Drug and Weapon Offences"
"Barking and Dagenham","2022","Public order",1259,"Public Order Offences"
"Barking and Dagenham","2022","Robbery",589,"Theft And Robbery"
"Barking and Dagenham","2022","Shoplifting",736,"Theft And Robbery"
"Barking and Dagenham","2022","Theft from the person",467,"Theft And Robbery"
"Barking and Dagenham","2022","Vehicle crime",2776,"Theft And Robbery"
"Barking and Dagenham","2022","Violence and sexual offences",6969,"Violence and Sexual Offences"
"Barking and Dagenham","2023","Anti-social behaviour",4395,"Public Order Offences"
"Barking and Dagenham","2023","Bicycle theft",128,"Theft And Robbery"
"Barking and Dagenham","2023","Burglary",1060,"Theft And Robbery"
"Barking and Dagenham","2023","Criminal damage and arson",1331,"Criminal Damage and Arson"
"Barking and Dagenham","2023","Drugs",1275,"Drug and Weapon Offences"
"Barking and Dagenham","2023","Other crime",254,"Other Crimes"
"Barking and Dagenham","2023","Other theft",2271,"Theft And Robbery"
"Barking and Dagenham","2023","Possession of weapons",157,"Drug and Weapon Offences"
"Barking and Dagenham","2023","Public order",1290,"Public Order Offences"
"Barking and Dagenham","2023","Robbery",827,"Theft And Robbery"
"Barking and Dagenham","2023","Shoplifting",1340,"Theft And Robbery"
"Barking and Dagenham","2023","Theft from the person",601,"Theft And Robbery"
"Barking and Dagenham","2023","Vehicle crime",2629,"Theft And Robbery"
"Barking and Dagenham","2023","Violence and sexual offences",7296,"Violence and Sexual Offences"
"Barking and Dagenham","2024","Anti-social behaviour",4288,"Public Order Offences"
"Barking and Dagenham","2024","Bicycle theft",100,"Theft And Robbery"
"Barking and Dagenham","2024","Burglary",928,"Theft And Robbery"
"Barking and Dagenham","2024","Criminal damage and arson",1374,"Criminal Damage and Arson"
"Barking and Dagenham","2024","Drugs",1115,"Drug and Weapon Offences"
"Barking and Dagenham","2024","Other crime",312,"Other Crimes"
"Barking and Dagenham","2024","Other theft",1795,"Theft And Robbery"
"Barking and Dagenham","2024","Possession of weapons",96,"Drug and Weapon Offences"
"Barking and Dagenham","2024","Public order",1248,"Public Order Offences"
"Barking and Dagenham","2024","Robbery",839,"Theft And Robbery"
"Barking and Dagenham","2024","Shoplifting",1572,"Theft And Robbery"
"Barking and Dagenham","2024","Theft from the person",751,"Theft And Robbery"
"Barking and Dagenham","2024","Vehicle crime",2284,"Theft And Robbery"
"Barking and Dagenham","2024","Violence and sexual offences",7437,"Violence and Sexual Offences"
"Barking and Dagenham","2025","Anti-social behaviour",4513,"Public Order Offences"
"Barking and Dagenham","2025","Bicycle theft",127,"Theft And Robbery"
"Barking and Dagenham","2025","Burglary",900,"Theft And Robbery"
"Barking and Dagenham","2025","Criminal damage and arson",1418,"Criminal Damage and Arson"
"Barking and Dagenham","2025","Drugs",1526,"Drug and Weapon Offences"
"Barking and Dagenham","2025","Other crime",316,"Other Crimes"
"Barking and Dagenham","2025","Other theft",1531,"Theft And Robbery"
"Barking and Dagenham","2025","Possession of weapons",129,"Drug and Weapon Offences"
"Barking and Dagenham","2025","Public order",1238,"Public Order Offences"
"Barking and Dagenham","2025","Robbery",910,"Theft And Robbery"
"Barking and Dagenham","2025","Shoplifting",1034,"Theft And Robbery"
"Barking and Dagenham","2025","Theft from the person",741,"Theft And Robbery"
"Barking and Dagenham","2025","Vehicle crime",2071,"Theft And Robbery"
"Barking and Dagenham","2025","Violence and sexual offences",7904,"Violence and Sexual Offences"
"Barking and Dagenham","2026","Anti-social behaviour",1396,"Public Order Offences"
"Barking and Dagenham","2026","Bicycle theft",31,"Theft And Robbery"
"Barking and Dagenham","2026","Burglary",308,"Theft And Robbery"
"Barking and Dagenham","2026","Criminal damage and arson",410,"Criminal Damage and Arson"
"Barking and Dagenham","2026","Drugs",399,"Drug and Weapon Offences"
"Barking and Dagenham","2026","Other crime",103,"Other Crimes"
"Barking and Dagenham","2026","Other theft",511,"Theft And Robbery"
"Barking and Dagenham","2026","Possession of weapons",56,"Drug and Weapon Offences"
"Barking and Dagenham","2026","Public order",444,"Public Order Offences"
"Barking and Dagenham","2026","Robbery",265,"Theft And Robbery"
"Barking and Dagenham","2026","Shoplifting",286,"Theft And Robbery"
"Barking and Dagenham","2026","Theft from the person",243,"Theft And Robbery"
"Barking and Dagenham","2026","Vehicle crime",687,"Theft And Robbery"
"Barking and Dagenham","2026","Violence and sexual offences",2549,"Violence and Sexual Offences"
"Barnet","2011","Anti-social behaviour",14288,"Public Order Offences"
"Barnet","2011","Burglary",4859,"Theft And Robbery"
"Barnet","2011","Criminal damage and arson",689,"Criminal Damage and Arson"
"Barnet","2011","Drugs",363,"Drug and Weapon Offences"
"Barnet","2011","Other crime",8387,"Other Crimes"
"Barnet","2011","Other theft",1259,"Theft And Robbery"
"Barnet","2011","Public disorder and weapons",268,"No-category"
"Barnet","2011","Robbery",1144,"Theft And Robbery"
"Barnet","2011","Shoplifting",377,"Theft And Robbery"
"Barnet","2011","Vehicle crime",4387,"Theft And Robbery"
"Barnet","2011","Violent crime",4102,"No-category"
"Barnet","2012","Anti-social behaviour",4068,"Public Order Offences"
"Barnet","2012","Burglary",1678,"Theft And Robbery"
"Barnet","2012","Criminal damage and arson",658,"Criminal Damage and Arson"
"Barnet","2012","Drugs",302,"Drug and Weapon Offences"
"Barnet","2012","Other crime",891,"Other Crimes"
"Barnet","2012","Other theft",1426,"Theft And Robbery"
"Barnet","2012","Public disorder and weapons",240,"No-category"
"Barnet","2012","Robbery",401,"Theft And Robbery"
"Barnet","2012","Shoplifting",424,"Theft And Robbery"
"Barnet","2012","Vehicle crime",1441,"Theft And Robbery"
"Barnet","2012","Violent crime",1286,"No-category"
"Barnet","2013","Anti-social behaviour",1469,"Public Order Offences"
"Barnet","2013","Burglary",792,"Theft And Robbery"
"Barnet","2013","Criminal damage and arson",291,"Criminal Damage and Arson"
"Barnet","2013","Drugs",151,"Drug and Weapon Offences"
"Barnet","2013","Other crime",273,"Other Crimes"
"Barnet","2013","Other theft",705,"Theft And Robbery"
"Barnet","2013","Public disorder and weapons",114,"No-category"
"Barnet","2013","Robbery",165,"Theft And Robbery"
"Barnet","2013","Shoplifting",189,"Theft And Robbery"
"Barnet","2013","Vehicle crime",755,"Theft And Robbery"
"Barnet","2013","Violent crime",588,"No-category"
"Barnet","2014","Anti-social behaviour",2158,"Public Order Offences"
"Barnet","2014","Bicycle theft",41,"Theft And Robbery"
"Barnet","2014","Burglary",933,"Theft And Robbery"
"Barnet","2014","Criminal damage and arson",516,"Criminal Damage and Arson"
"Barnet","2014","Drugs",219,"Drug and Weapon Offences"
"Barnet","2014","Other crime",71,"Other Crimes"
"Barnet","2014","Other theft",923,"Theft And Robbery"
"Barnet","2014","Possession of weapons",19,"Drug and Weapon Offences"
"Barnet","2014","Public order",242,"Public Order Offences"
"Barnet","2014","Robbery",148,"Theft And Robbery"
"Barnet","2014","Shoplifting",308,"Theft And Robbery"
"Barnet","2014","Theft from the person",147,"Theft And Robbery"
"Barnet","2014","Vehicle crime",883,"Theft And Robbery"
"Barnet","2014","Violence and sexual offences",1354,"Violence and Sexual Offences"
"Barnet","2015","Anti-social behaviour",4169,"Public Order Offences"
"Barnet","2015","Bicycle theft",165,"Theft And Robbery"
"Barnet","2015","Burglary",1661,"Theft And Robbery"
"Barnet","2015","Criminal damage and arson",1069,"Criminal Damage and Arson"
"Barnet","2015","Drugs",337,"Drug and Weapon Offences"
"Barnet","2015","Other crime",146,"Other Crimes"
"Barnet","2015","Other theft",1712,"Theft And Robbery"
"Barnet","2015","Possession of weapons",45,"Drug and Weapon Offences"
"Barnet","2015","Public order",653,"Public Order Offences"
"Barnet","2015","Robbery",348,"Theft And Robbery"
"Barnet","2015","Shoplifting",578,"Theft And Robbery"
"Barnet","2015","Theft from the person",317,"Theft And Robbery"
"Barnet","2015","Vehicle crime",1836,"Theft And Robbery"
"Barnet","2015","Violence and sexual offences",2918,"Violence and Sexual Offences"
"Barnet","2016","Anti-social behaviour",8372,"Public Order Offences"
"Barnet","2016","Bicycle theft",241,"Theft And Robbery"
"Barnet","2016","Burglary",3379,"Theft And Robbery"
"Barnet","2016","Criminal damage and arson",2120,"Criminal Damage and Arson"
"Barnet","2016","Drugs",781,"Drug and Weapon Offences"
"Barnet","2016","Other crime",284,"Other Crimes"
"Barnet","2016","Other theft",3671,"Theft And Robbery"
"Barnet","2016","Possession of weapons",108,"Drug and Weapon Offences"
"Barnet","2016","Public order",1531,"Public Order Offences"
"Barnet","2016","Robbery",461,"Theft And Robbery"
"Barnet","2016","Shoplifting",1584,"Theft And Robbery"
"Barnet","2016","Theft from the person",673,"Theft And Robbery"
"Barnet","2016","Vehicle crime",3614,"Theft And Robbery"
"Barnet","2016","Violence and sexual offences",6470,"Violence and Sexual Offences"
"Barnet","2017","Anti-social behaviour",7651,"Public Order Offences"
"Barnet","2017","Bicycle theft",249,"Theft And Robbery"
"Barnet","2017","Burglary",3520,"Theft And Robbery"
"Barnet","2017","Criminal damage and arson",2046,"Criminal Damage and Arson"
"Barnet","2017","Drugs",665,"Drug and Weapon Offences"
"Barnet","2017","Other crime",243,"Other Crimes"
"Barnet","2017","Other theft",3891,"Theft And Robbery"
"Barnet","2017","Possession of weapons",148,"Drug and Weapon Offences"
"Barnet","2017","Public order",1672,"Public Order Offences"
"Barnet","2017","Robbery",635,"Theft And Robbery"
"Barnet","2017","Shoplifting",1551,"Theft And Robbery"
"Barnet","2017","Theft from the person",727,"Theft And Robbery"
"Barnet","2017","Vehicle crime",3824,"Theft And Robbery"
"Barnet","2017","Violence and sexual offences",6741,"Violence and Sexual Offences"
"Barnet","2018","Anti-social behaviour",7315,"Public Order Offences"
"Barnet","2018","Bicycle theft",167,"Theft And Robbery"
"Barnet","2018","Burglary",3654,"Theft And Robbery"
"Barnet","2018","Criminal damage and arson",1887,"Criminal Damage and Arson"
"Barnet","2018","Drugs",629,"Drug and Weapon Offences"
"Barnet","2018","Other crime",361,"Other Crimes"
"Barnet","2018","Other theft",3812,"Theft And Robbery"
"Barnet","2018","Possession of weapons",154,"Drug and Weapon Offences"
"Barnet","2018","Public order",1582,"Public Order Offences"
"Barnet","2018","Robbery",738,"Theft And Robbery"
"Barnet","2018","Shoplifting",1512,"Theft And Robbery"
"Barnet","2018","Theft from the person",746,"Theft And Robbery"
"Barnet","2018","Vehicle crime",5215,"Theft And Robbery"
"Barnet","2018","Violence and sexual offences",6979,"Violence and Sexual Offences"
"Barnet","2019","Anti-social behaviour",8328,"Public Order Offences"
"Barnet","2019","Bicycle theft",207,"Theft And Robbery"
"Barnet","2019","Burglary",3563,"Theft And Robbery"
"Barnet","2019","Criminal damage and arson",1974,"Criminal Damage and Arson"
"Barnet","2019","Drugs",744,"Drug and Weapon Offences"
"Barnet","2019","Other crime",313,"Other Crimes"
"Barnet","2019","Other theft",3545,"Theft And Robbery"
"Barnet","2019","Possession of weapons",144,"Drug and Weapon Offences"
"Barnet","2019","Public order",1696,"Public Order Offences"
"Barnet","2019","Robbery",1271,"Theft And Robbery"
"Barnet","2019","Shoplifting",1692,"Theft And Robbery"
"Barnet","2019","Theft from the person",874,"Theft And Robbery"
"Barnet","2019","Vehicle crime",5991,"Theft And Robbery"
"Barnet","2019","Violence and sexual offences",7364,"Violence and Sexual Offences"
"Barnet","2020","Anti-social behaviour",14761,"Public Order Offences"
"Barnet","2020","Bicycle theft",260,"Theft And Robbery"
"Barnet","2020","Burglary",2767,"Theft And Robbery"
"Barnet","2020","Criminal damage and arson",1870,"Criminal Damage and Arson"
"Barnet","2020","Drugs",1071,"Drug and Weapon Offences"
"Barnet","2020","Other crime",305,"Other Crimes"
"Barnet","2020","Other theft",2766,"Theft And Robbery"
"Barnet","2020","Possession of weapons",140,"Drug and Weapon Offences"
"Barnet","2020","Public order",1726,"Public Order Offences"
"Barnet","2020","Robbery",912,"Theft And Robbery"
"Barnet","2020","Shoplifting",1447,"Theft And Robbery"
"Barnet","2020","Theft from the person",523,"Theft And Robbery"
"Barnet","2020","Vehicle crime",4966,"Theft And Robbery"
"Barnet","2020","Violence and sexual offences",7563,"Violence and Sexual Offences"
"Barnet","2021","Anti-social behaviour",11339,"Public Order Offences"
"Barnet","2021","Bicycle theft",317,"Theft And Robbery"
"Barnet","2021","Burglary",2319,"Theft And Robbery"
"Barnet","2021","Criminal damage and arson",1772,"Criminal Damage and Arson"
"Barnet","2021","Drugs",959,"Drug and Weapon Offences"
"Barnet","2021","Other crime",354,"Other Crimes"
"Barnet","2021","Other theft",2603,"Theft And Robbery"
"Barnet","2021","Possession of weapons",118,"Drug and Weapon Offences"
"Barnet","2021","Public order",2069,"Public Order Offences"
"Barnet","2021","Robbery",592,"Theft And Robbery"
"Barnet","2021","Shoplifting",1390,"Theft And Robbery"
"Barnet","2021","Theft from the person",611,"Theft And Robbery"
"Barnet","2021","Vehicle crime",4823,"Theft And Robbery"
"Barnet","2021","Violence and sexual offences",8191,"Violence and Sexual Offences"
"Barnet","2022","Anti-social behaviour",9310,"Public Order Offences"
"Barnet","2022","Bicycle theft",277,"Theft And Robbery"
"Barnet","2022","Burglary",2519,"Theft And Robbery"
"Barnet","2022","Criminal damage and arson",1799,"Criminal Damage and Arson"
"Barnet","2022","Drugs",887,"Drug and Weapon Offences"
"Barnet","2022","Other crime",347,"Other Crimes"
"Barnet","2022","Other theft",3192,"Theft And Robbery"
"Barnet","2022","Possession of weapons",126,"Drug and Weapon Offences"
"Barnet","2022","Public order",1902,"Public Order Offences"
"Barnet","2022","Robbery",711,"Theft And Robbery"
"Barnet","2022","Shoplifting",1376,"Theft And Robbery"
"Barnet","2022","Theft from the person",819,"Theft And Robbery"
"Barnet","2022","Vehicle crime",4923,"Theft And Robbery"
"Barnet","2022","Violence and sexual offences",8115,"Violence and Sexual Offences"
"Barnet","2023","Anti-social behaviour",8154,"Public Order Offences"
"Barnet","2023","Bicycle theft",192,"Theft And Robbery"
"Barnet","2023","Burglary",2382,"Theft And Robbery"
"Barnet","2023","Criminal damage and arson",1867,"Criminal Damage and Arson"
"Barnet","2023","Drugs",1014,"Drug and Weapon Offences"
"Barnet","2023","Other crime",334,"Other Crimes"
"Barnet","2023","Other theft",3250,"Theft And Robbery"
"Barnet","2023","Possession of weapons",123,"Drug and Weapon Offences"
"Barnet","2023","Public order",1972,"Public Order Offences"
"Barnet","2023","Robbery",897,"Theft And Robbery"
"Barnet","2023","Shoplifting",2012,"Theft And Robbery"
"Barnet","2023","Theft from the person",778,"Theft And Robbery"
"Barnet","2023","Vehicle crime",4543,"Theft And Robbery"
"Barnet","2023","Violence and sexual offences",8403,"Violence and Sexual Offences"
"Barnet","2024","Anti-social behaviour",8374,"Public Order Offences"
"Barnet","2024","Bicycle theft",218,"Theft And Robbery"
"Barnet","2024","Burglary",2395,"Theft And Robbery"
"Barnet","2024","Criminal damage and arson",1852,"Criminal Damage and Arson"
"Barnet","2024","Drugs",1150,"Drug and Weapon Offences"
"Barnet","2024","Other crime",372,"Other Crimes"
"Barnet","2024","Other theft",2950,"Theft And Robbery"
"Barnet","2024","Possession of weapons",102,"Drug and Weapon Offences"
"Barnet","2024","Public order",1811,"Public Order Offences"
"Barnet","2024","Robbery",816,"Theft And Robbery"
"Barnet","2024","Shoplifting",2775,"Theft And Robbery"
"Barnet","2024","Theft from the person",987,"Theft And Robbery"
"Barnet","2024","Vehicle crime",4256,"Theft And Robbery"
"Barnet","2024","Violence and sexual offences",7891,"Violence and Sexual Offences"
"Barnet","2025","Anti-social behaviour",8379,"Public Order Offences"
"Barnet","2025","Bicycle theft",187,"Theft And Robbery"
"Barnet","2025","Burglary",2046,"Theft And Robbery"
"Barnet","2025","Criminal damage and arson",1933,"Criminal Damage and Arson"
"Barnet","2025","Drugs",1962,"Drug and Weapon Offences"
"Barnet","2025","Other crime",390,"Other Crimes"
"Barnet","2025","Other theft",2518,"Theft And Robbery"
"Barnet","2025","Possession of weapons",158,"Drug and Weapon Offences"
"Barnet","2025","Public order",1833,"Public Order Offences"
"Barnet","2025","Robbery",674,"Theft And Robbery"
"Barnet","2025","Shoplifting",2904,"Theft And Robbery"
"Barnet","2025","Theft from the person",1036,"Theft And Robbery"
"Barnet","2025","Vehicle crime",3865,"Theft And Robbery"
"Barnet","2025","Violence and sexual offences",8428,"Violence and Sexual Offences"
"Barnet","2026","Anti-social behaviour",2748,"Public Order Offences"
"Barnet","2026","Bicycle theft",68,"Theft And Robbery"
"Barnet","2026","Burglary",813,"Theft And Robbery"
"Barnet","2026","Criminal damage and arson",600,"Criminal Damage and Arson"
"Barnet","2026","Drugs",551,"Drug and Weapon Offences"
"Barnet","2026","Other crime",138,"Other Crimes"
"Barnet","2026","Other theft",828,"Theft And Robbery"
"Barnet","2026","Possession of weapons",67,"Drug and Weapon Offences"
"Barnet","2026","Public order",609,"Public Order Offences"
"Barnet","2026","Robbery",281,"Theft And Robbery"
"Barnet","2026","Shoplifting",1114,"Theft And Robbery"
"Barnet","2026","Theft from the person",316,"Theft And Robbery"
"Barnet","2026","Vehicle crime",1207,"Theft And Robbery"
"Barnet","2026","Violence and sexual offences",3084,"Violence and Sexual Offences"
"Bexley","2011","Anti-social behaviour",7897,"Public Order Offences"
"Bexley","2011","Burglary",1501,"Theft And Robbery"
"Bexley","2011","Criminal damage and arson",494,"Criminal Damage and Arson"
"Bexley","2011","Drugs",291,"Drug and Weapon Offences"
"Bexley","2011","Other crime",4444,"Other Crimes"
"Bexley","2011","Other theft",436,"Theft And Robbery"
"Bexley","2011","Public disorder and weapons",146,"No-category"
"Bexley","2011","Robbery",334,"Theft And Robbery"
"Bexley","2011","Shoplifting",256,"Theft And Robbery"
"Bexley","2011","Vehicle crime",1571,"Theft And Robbery"
"Bexley","2011","Violent crime",2656,"No-category"
"Bexley","2012","Anti-social behaviour",2270,"Public Order Offences"
"Bexley","2012","Burglary",639,"Theft And Robbery"
"Bexley","2012","Criminal damage and arson",529,"Criminal Damage and Arson"
"Bexley","2012","Drugs",283,"Drug and Weapon Offences"
"Bexley","2012","Other crime",305,"Other Crimes"
"Bexley","2012","Other theft",557,"Theft And Robbery"
"Bexley","2012","Public disorder and weapons",168,"No-category"
"Bexley","2012","Robbery",80,"Theft And Robbery"
"Bexley","2012","Shoplifting",240,"Theft And Robbery"
"Bexley","2012","Vehicle crime",651,"Theft And Robbery"
"Bexley","2012","Violent crime",859,"No-category"
"Bexley","2013","Anti-social behaviour",888,"Public Order Offences"
"Bexley","2013","Burglary",283,"Theft And Robbery"
"Bexley","2013","Criminal damage and arson",233,"Criminal Damage and Arson"
"Bexley","2013","Drugs",121,"Drug and Weapon Offences"
"Bexley","2013","Other crime",78,"Other Crimes"
"Bexley","2013","Other theft",261,"Theft And Robbery"
"Bexley","2013","Public disorder and weapons",73,"No-category"
"Bexley","2013","Robbery",44,"Theft And Robbery"
"Bexley","2013","Shoplifting",122,"Theft And Robbery"
"Bexley","2013","Vehicle crime",297,"Theft And Robbery"
"Bexley","2013","Violent crime",416,"No-category"
"Bexley","2014","Anti-social behaviour",1143,"Public Order Offences"
"Bexley","2014","Bicycle theft",26,"Theft And Robbery"
"Bexley","2014","Burglary",361,"Theft And Robbery"
"Bexley","2014","Criminal damage and arson",344,"Criminal Damage and Arson"
"Bexley","2014","Drugs",161,"Drug and Weapon Offences"
"Bexley","2014","Other crime",46,"Other Crimes"
"Bexley","2014","Other theft",377,"Theft And Robbery"
"Bexley","2014","Possession of weapons",10,"Drug and Weapon Offences"
"Bexley","2014","Public order",155,"Public Order Offences"
"Bexley","2014","Robbery",65,"Theft And Robbery"
"Bexley","2014","Shoplifting",215,"Theft And Robbery"
"Bexley","2014","Theft from the person",42,"Theft And Robbery"
"Bexley","2014","Vehicle crime",481,"Theft And Robbery"
"Bexley","2014","Violence and sexual offences",798,"Violence and Sexual Offences"
"Bexley","2015","Anti-social behaviour",2219,"Public Order Offences"
"Bexley","2015","Bicycle theft",42,"Theft And Robbery"
"Bexley","2015","Burglary",534,"Theft And Robbery"
"Bexley","2015","Criminal damage and arson",712,"Criminal Damage and Arson"
"Bexley","2015","Drugs",279,"Drug and Weapon Offences"
"Bexley","2015","Other crime",101,"Other Crimes"
"Bexley","2015","Other theft",739,"Theft And Robbery"
"Bexley","2015","Possession of weapons",20,"Drug and Weapon Offences"
"Bexley","2015","Public order",334,"Public Order Offences"
"Bexley","2015","Robbery",88,"Theft And Robbery"
"Bexley","2015","Shoplifting",363,"Theft And Robbery"
"Bexley","2015","Theft from the person",63,"Theft And Robbery"
"Bexley","2015","Vehicle crime",803,"Theft And Robbery"
"Bexley","2015","Violence and sexual offences",1593,"Violence and Sexual Offences"
"Bexley","2016","Anti-social behaviour",4438,"Public Order Offences"
"Bexley","2016","Bicycle theft",154,"Theft And Robbery"
"Bexley","2016","Burglary",1120,"Theft And Robbery"
"Bexley","2016","Criminal damage and arson",1601,"Criminal Damage and Arson"
"Bexley","2016","Drugs",534,"Drug and Weapon Offences"
"Bexley","2016","Other crime",185,"Other Crimes"
"Bexley","2016","Other theft",1562,"Theft And Robbery"
"Bexley","2016","Possession of weapons",65,"Drug and Weapon Offences"
"Bexley","2016","Public order",812,"Public Order Offences"
"Bexley","2016","Robbery",210,"Theft And Robbery"
"Bexley","2016","Shoplifting",834,"Theft And Robbery"
"Bexley","2016","Theft from the person",178,"Theft And Robbery"
"Bexley","2016","Vehicle crime",1746,"Theft And Robbery"
"Bexley","2016","Violence and sexual offences",4053,"Violence and Sexual Offences"
"Bexley","2017","Anti-social behaviour",4688,"Public Order Offences"
"Bexley","2017","Bicycle theft",150,"Theft And Robbery"
"Bexley","2017","Burglary",1320,"Theft And Robbery"
"Bexley","2017","Criminal damage and arson",1680,"Criminal Damage and Arson"
"Bexley","2017","Drugs",422,"Drug and Weapon Offences"
"Bexley","2017","Other crime",191,"Other Crimes"
"Bexley","2017","Other theft",1576,"Theft And Robbery"
"Bexley","2017","Possession of weapons",98,"Drug and Weapon Offences"
"Bexley","2017","Public order",945,"Public Order Offences"
"Bexley","2017","Robbery",283,"Theft And Robbery"
"Bexley","2017","Shoplifting",1103,"Theft And Robbery"
"Bexley","2017","Theft from the person",191,"Theft And Robbery"
"Bexley","2017","Vehicle crime",2024,"Theft And Robbery"
"Bexley","2017","Violence and sexual offences",4400,"Violence and Sexual Offences"
"Bexley","2018","Anti-social behaviour",4143,"Public Order Offences"
"Bexley","2018","Bicycle theft",120,"Theft And Robbery"
"Bexley","2018","Burglary",1641,"Theft And Robbery"
"Bexley","2018","Criminal damage and arson",1502,"Criminal Damage and Arson"
"Bexley","2018","Drugs",539,"Drug and Weapon Offences"
"Bexley","2018","Other crime",185,"Other Crimes"
"Bexley","2018","Other theft",1564,"Theft And Robbery"
"Bexley","2018","Possession of weapons",88,"Drug and Weapon Offences"
"Bexley","2018","Public order",922,"Public Order Offences"
"Bexley","2018","Robbery",310,"Theft And Robbery"
"Bexley","2018","Shoplifting",1018,"Theft And Robbery"
"Bexley","2018","Theft from the person",174,"Theft And Robbery"
"Bexley","2018","Vehicle crime",2369,"Theft And Robbery"
"Bexley","2018","Violence and sexual offences",4594,"Violence and Sexual Offences"
"Bexley","2019","Anti-social behaviour",4320,"Public Order Offences"
"Bexley","2019","Bicycle theft",101,"Theft And Robbery"
"Bexley","2019","Burglary",1715,"Theft And Robbery"
"Bexley","2019","Criminal damage and arson",1532,"Criminal Damage and Arson"
"Bexley","2019","Drugs",658,"Drug and Weapon Offences"
"Bexley","2019","Other crime",205,"Other Crimes"
"Bexley","2019","Other theft",1557,"Theft And Robbery"
"Bexley","2019","Possession of weapons",122,"Drug and Weapon Offences"
"Bexley","2019","Public order",1115,"Public Order Offences"
"Bexley","2019","Robbery",367,"Theft And Robbery"
"Bexley","2019","Shoplifting",888,"Theft And Robbery"
"Bexley","2019","Theft from the person",204,"Theft And Robbery"
"Bexley","2019","Vehicle crime",3150,"Theft And Robbery"
"Bexley","2019","Violence and sexual offences",5401,"Violence and Sexual Offences"
"Bexley","2020","Anti-social behaviour",7661,"Public Order Offences"
"Bexley","2020","Bicycle theft",73,"Theft And Robbery"
"Bexley","2020","Burglary",1039,"Theft And Robbery"
"Bexley","2020","Criminal damage and arson",1429,"Criminal Damage and Arson"
"Bexley","2020","Drugs",779,"Drug and Weapon Offences"
"Bexley","2020","Other crime",231,"Other Crimes"
"Bexley","2020","Other theft",1267,"Theft And Robbery"
"Bexley","2020","Possession of weapons",106,"Drug and Weapon Offences"
"Bexley","2020","Public order",1259,"Public Order Offences"
"Bexley","2020","Robbery",304,"Theft And Robbery"
"Bexley","2020","Shoplifting",797,"Theft And Robbery"
"Bexley","2020","Theft from the person",104,"Theft And Robbery"
"Bexley","2020","Vehicle crime",2364,"Theft And Robbery"
"Bexley","2020","Violence and sexual offences",5548,"Violence and Sexual Offences"
"Bexley","2021","Anti-social behaviour",5512,"Public Order Offences"
"Bexley","2021","Bicycle theft",112,"Theft And Robbery"
"Bexley","2021","Burglary",744,"Theft And Robbery"
"Bexley","2021","Criminal damage and arson",1403,"Criminal Damage and Arson"
"Bexley","2021","Drugs",854,"Drug and Weapon Offences"
"Bexley","2021","Other crime",273,"Other Crimes"
"Bexley","2021","Other theft",1310,"Theft And Robbery"
"Bexley","2021","Possession of weapons",77,"Drug and Weapon Offences"
"Bexley","2021","Public order",1181,"Public Order Offences"
"Bexley","2021","Robbery",177,"Theft And Robbery"
"Bexley","2021","Shoplifting",708,"Theft And Robbery"
"Bexley","2021","Theft from the person",159,"Theft And Robbery"
"Bexley","2021","Vehicle crime",1992,"Theft And Robbery"
"Bexley","2021","Violence and sexual offences",5549,"Violence and Sexual Offences"
"Bexley","2022","Anti-social behaviour",4628,"Public Order Offences"
"Bexley","2022","Bicycle theft",71,"Theft And Robbery"
"Bexley","2022","Burglary",768,"Theft And Robbery"
"Bexley","2022","Criminal damage and arson",1396,"Criminal Damage and Arson"
"Bexley","2022","Drugs",678,"Drug and Weapon Offences"
"Bexley","2022","Other crime",252,"Other Crimes"
"Bexley","2022","Other theft",1726,"Theft And Robbery"
"Bexley","2022","Possession of weapons",104,"Drug and Weapon Offences"
"Bexley","2022","Public order",1134,"Public Order Offences"
"Bexley","2022","Robbery",263,"Theft And Robbery"
"Bexley","2022","Shoplifting",723,"Theft And Robbery"
"Bexley","2022","Theft from the person",228,"Theft And Robbery"
"Bexley","2022","Vehicle crime",2148,"Theft And Robbery"
"Bexley","2022","Violence and sexual offences",5957,"Violence and Sexual Offences"
"Bexley","2023","Anti-social behaviour",3732,"Public Order Offences"
"Bexley","2023","Bicycle theft",61,"Theft And Robbery"
"Bexley","2023","Burglary",879,"Theft And Robbery"
"Bexley","2023","Criminal damage and arson",1542,"Criminal Damage and Arson"
"Bexley","2023","Drugs",668,"Drug and Weapon Offences"
"Bexley","2023","Other crime",232,"Other Crimes"
"Bexley","2023","Other theft",1600,"Theft And Robbery"
"Bexley","2023","Possession of weapons",89,"Drug and Weapon Offences"
"Bexley","2023","Public order",1211,"Public Order Offences"
"Bexley","2023","Robbery",326,"Theft And Robbery"
"Bexley","2023","Shoplifting",1173,"Theft And Robbery"
"Bexley","2023","Theft from the person",174,"Theft And Robbery"
"Bexley","2023","Vehicle crime",2113,"Theft And Robbery"
"Bexley","2023","Violence and sexual offences",6115,"Violence and Sexual Offences"
"Bexley","2024","Anti-social behaviour",3722,"Public Order Offences"
"Bexley","2024","Bicycle theft",82,"Theft And Robbery"
"Bexley","2024","Burglary",793,"Theft And Robbery"
"Bexley","2024","Criminal damage and arson",1701,"Criminal Damage and Arson"
"Bexley","2024","Drugs",689,"Drug and Weapon Offences"
"Bexley","2024","Other crime",272,"Other Crimes"
"Bexley","2024","Other theft",1351,"Theft And Robbery"
"Bexley","2024","Possession of weapons",76,"Drug and Weapon Offences"
"Bexley","2024","Public order",1148,"Public Order Offences"
"Bexley","2024","Robbery",322,"Theft And Robbery"
"Bexley","2024","Shoplifting",1863,"Theft And Robbery"
"Bexley","2024","Theft from the person",269,"Theft And Robbery"
"Bexley","2024","Vehicle crime",2340,"Theft And Robbery"
"Bexley","2024","Violence and sexual offences",5609,"Violence and Sexual Offences"
"Bexley","2025","Anti-social behaviour",3722,"Public Order Offences"
"Bexley","2025","Bicycle theft",67,"Theft And Robbery"
"Bexley","2025","Burglary",749,"Theft And Robbery"
"Bexley","2025","Criminal damage and arson",1689,"Criminal Damage and Arson"
"Bexley","2025","Drugs",1025,"Drug and Weapon Offences"
"Bexley","2025","Other crime",274,"Other Crimes"
"Bexley","2025","Other theft",1163,"Theft And Robbery"
"Bexley","2025","Possession of weapons",109,"Drug and Weapon Offences"
"Bexley","2025","Public order",1155,"Public Order Offences"
"Bexley","2025","Robbery",338,"Theft And Robbery"
"Bexley","2025","Shoplifting",1715,"Theft And Robbery"
"Bexley","2025","Theft from the person",257,"Theft And Robbery"
"Bexley","2025","Vehicle crime",1658,"Theft And Robbery"
"Bexley","2025","Violence and sexual offences",5844,"Violence and Sexual Offences"
"Bexley","2026","Anti-social behaviour",1249,"Public Order Offences"
"Bexley","2026","Bicycle theft",18,"Theft And Robbery"
"Bexley","2026","Burglary",283,"Theft And Robbery"
"Bexley","2026","Criminal damage and arson",471,"Criminal Damage and Arson"
"Bexley","2026","Drugs",312,"Drug and Weapon Offences"
"Bexley","2026","Other crime",99,"Other Crimes"
"Bexley","2026","Other theft",400,"Theft And Robbery"
"Bexley","2026","Possession of weapons",38,"Drug and Weapon Offences"
"Bexley","2026","Public order",396,"Public Order Offences"
"Bexley","2026","Robbery",92,"Theft And Robbery"
"Bexley","2026","Shoplifting",415,"Theft And Robbery"
"Bexley","2026","Theft from the person",82,"Theft And Robbery"
"Bexley","2026","Vehicle crime",526,"Theft And Robbery"
"Bexley","2026","Violence and sexual offences",1928,"Violence and Sexual Offences"
"Brent","2011","Anti-social behaviour",14985,"Public Order Offences"
"Brent","2011","Burglary",3823,"Theft And Robbery"
"Brent","2011","Criminal damage and arson",722,"Criminal Damage and Arson"
"Brent","2011","Drugs",1170,"Drug and Weapon Offences"
"Brent","2011","Other crime",9895,"Other Crimes"
"Brent","2011","Other theft",1484,"Theft And Robbery"
"Brent","2011","Public disorder and weapons",552,"No-category"
"Brent","2011","Robbery",2139,"Theft And Robbery"
"Brent","2011","Shoplifting",363,"Theft And Robbery"
"Brent","2011","Vehicle crime",3372,"Theft And Robbery"
"Brent","2011","Violent crime",6727,"No-category"
"Brent","2012","Anti-social behaviour",4191,"Public Order Offences"
"Brent","2012","Burglary",1472,"Theft And Robbery"
"Brent","2012","Criminal damage and arson",707,"Criminal Damage and Arson"
"Brent","2012","Drugs",1095,"Drug and Weapon Offences"
"Brent","2012","Other crime",670,"Other Crimes"
"Brent","2012","Other theft",1472,"Theft And Robbery"
"Brent","2012","Public disorder and weapons",488,"No-category"
"Brent","2012","Robbery",613,"Theft And Robbery"
"Brent","2012","Shoplifting",312,"Theft And Robbery"
"Brent","2012","Vehicle crime",1096,"Theft And Robbery"
"Brent","2012","Violent crime",1908,"No-category"
"Brent","2013","Anti-social behaviour",1472,"Public Order Offences"
"Brent","2013","Burglary",692,"Theft And Robbery"
"Brent","2013","Criminal damage and arson",276,"Criminal Damage and Arson"
"Brent","2013","Drugs",525,"Drug and Weapon Offences"
"Brent","2013","Other crime",117,"Other Crimes"
"Brent","2013","Other theft",568,"Theft And Robbery"
"Brent","2013","Public disorder and weapons",176,"No-category"
"Brent","2013","Robbery",197,"Theft And Robbery"
"Brent","2013","Shoplifting",156,"Theft And Robbery"
"Brent","2013","Vehicle crime",516,"Theft And Robbery"
"Brent","2013","Violent crime",793,"No-category"
"Brent","2014","Anti-social behaviour",2257,"Public Order Offences"
"Brent","2014","Bicycle theft",98,"Theft And Robbery"
"Brent","2014","Burglary",627,"Theft And Robbery"
"Brent","2014","Criminal damage and arson",493,"Criminal Damage and Arson"
"Brent","2014","Drugs",636,"Drug and Weapon Offences"
"Brent","2014","Other crime",59,"Other Crimes"
"Brent","2014","Other theft",704,"Theft And Robbery"
"Brent","2014","Possession of weapons",39,"Drug and Weapon Offences"
"Brent","2014","Public order",342,"Public Order Offences"
"Brent","2014","Robbery",201,"Theft And Robbery"
"Brent","2014","Shoplifting",284,"Theft And Robbery"
"Brent","2014","Theft from the person",187,"Theft And Robbery"
"Brent","2014","Vehicle crime",563,"Theft And Robbery"
"Brent","2014","Violence and sexual offences",1688,"Violence and Sexual Offences"
"Brent","2015","Anti-social behaviour",4417,"Public Order Offences"
"Brent","2015","Bicycle theft",215,"Theft And Robbery"
"Brent","2015","Burglary",1244,"Theft And Robbery"
"Brent","2015","Criminal damage and arson",1016,"Criminal Damage and Arson"
"Brent","2015","Drugs",773,"Drug and Weapon Offences"
"Brent","2015","Other crime",125,"Other Crimes"
"Brent","2015","Other theft",1451,"Theft And Robbery"
"Brent","2015","Possession of weapons",88,"Drug and Weapon Offences"
"Brent","2015","Public order",741,"Public Order Offences"
"Brent","2015","Robbery",404,"Theft And Robbery"
"Brent","2015","Shoplifting",583,"Theft And Robbery"
"Brent","2015","Theft from the person",328,"Theft And Robbery"
"Brent","2015","Vehicle crime",1384,"Theft And Robbery"
"Brent","2015","Violence and sexual offences",3642,"Violence and Sexual Offences"
"Brent","2016","Anti-social behaviour",9761,"Public Order Offences"
"Brent","2016","Bicycle theft",445,"Theft And Robbery"
"Brent","2016","Burglary",2629,"Theft And Robbery"
"Brent","2016","Criminal damage and arson",2192,"Criminal Damage and Arson"
"Brent","2016","Drugs",1895,"Drug and Weapon Offences"
"Brent","2016","Other crime",264,"Other Crimes"
"Brent","2016","Other theft",3264,"Theft And Robbery"
"Brent","2016","Possession of weapons",206,"Drug and Weapon Offences"
"Brent","2016","Public order",1545,"Public Order Offences"
"Brent","2016","Robbery",893,"Theft And Robbery"
"Brent","2016","Shoplifting",1428,"Theft And Robbery"
"Brent","2016","Theft from the person",705,"Theft And Robbery"
"Brent","2016","Vehicle crime",3146,"Theft And Robbery"
"Brent","2016","Violence and sexual offences",8068,"Violence and Sexual Offences"
"Brent","2017","Anti-social behaviour",9107,"Public Order Offences"
"Brent","2017","Bicycle theft",421,"Theft And Robbery"
"Brent","2017","Burglary",2871,"Theft And Robbery"
"Brent","2017","Criminal damage and arson",2156,"Criminal Damage and Arson"
"Brent","2017","Drugs",1534,"Drug and Weapon Offences"
"Brent","2017","Other crime",320,"Other Crimes"
"Brent","2017","Other theft",3514,"Theft And Robbery"
"Brent","2017","Possession of weapons",249,"Drug and Weapon Offences"
"Brent","2017","Public order",1684,"Public Order Offences"
"Brent","2017","Robbery",1185,"Theft And Robbery"
"Brent","2017","Shoplifting",1382,"Theft And Robbery"
"Brent","2017","Theft from the person",825,"Theft And Robbery"
"Brent","2017","Vehicle crime",4001,"Theft And Robbery"
"Brent","2017","Violence and sexual offences",8684,"Violence and Sexual Offences"
"Brent","2018","Anti-social behaviour",9015,"Public Order Offences"
"Brent","2018","Bicycle theft",328,"Theft And Robbery"
"Brent","2018","Burglary",3257,"Theft And Robbery"
"Brent","2018","Criminal damage and arson",2085,"Criminal Damage and Arson"
"Brent","2018","Drugs",1641,"Drug and Weapon Offences"
"Brent","2018","Other crime",334,"Other Crimes"
"Brent","2018","Other theft",3269,"Theft And Robbery"
"Brent","2018","Possession of weapons",247,"Drug and Weapon Offences"
"Brent","2018","Public order",1836,"Public Order Offences"
"Brent","2018","Robbery",1389,"Theft And Robbery"
"Brent","2018","Shoplifting",1264,"Theft And Robbery"
"Brent","2018","Theft from the person",878,"Theft And Robbery"
"Brent","2018","Vehicle crime",3963,"Theft And Robbery"
"Brent","2018","Violence and sexual offences",9070,"Violence and Sexual Offences"
"Brent","2019","Anti-social behaviour",9800,"Public Order Offences"
"Brent","2019","Bicycle theft",264,"Theft And Robbery"
"Brent","2019","Burglary",2641,"Theft And Robbery"
"Brent","2019","Criminal damage and arson",2004,"Criminal Damage and Arson"
"Brent","2019","Drugs",1645,"Drug and Weapon Offences"
"Brent","2019","Other crime",317,"Other Crimes"
"Brent","2019","Other theft",3016,"Theft And Robbery"
"Brent","2019","Possession of weapons",237,"Drug and Weapon Offences"
"Brent","2019","Public order",1750,"Public Order Offences"
"Brent","2019","Robbery",1327,"Theft And Robbery"
"Brent","2019","Shoplifting",1039,"Theft And Robbery"
"Brent","2019","Theft from the person",849,"Theft And Robbery"
"Brent","2019","Vehicle crime",4197,"Theft And Robbery"
"Brent","2019","Violence and sexual offences",8830,"Violence and Sexual Offences"
"Brent","2020","Anti-social behaviour",16244,"Public Order Offences"
"Brent","2020","Bicycle theft",379,"Theft And Robbery"
"Brent","2020","Burglary",2139,"Theft And Robbery"
"Brent","2020","Criminal damage and arson",2020,"Criminal Damage and Arson"
"Brent","2020","Drugs",2087,"Drug and Weapon Offences"
"Brent","2020","Other crime",360,"Other Crimes"
"Brent","2020","Other theft",2539,"Theft And Robbery"
"Brent","2020","Possession of weapons",217,"Drug and Weapon Offences"
"Brent","2020","Public order",1993,"Public Order Offences"
"Brent","2020","Robbery",940,"Theft And Robbery"
"Brent","2020","Shoplifting",941,"Theft And Robbery"
"Brent","2020","Theft from the person",618,"Theft And Robbery"
"Brent","2020","Vehicle crime",4246,"Theft And Robbery"
"Brent","2020","Violence and sexual offences",8925,"Violence and Sexual Offences"
"Brent","2021","Anti-social behaviour",11893,"Public Order Offences"
"Brent","2021","Bicycle theft",347,"Theft And Robbery"
"Brent","2021","Burglary",1773,"Theft And Robbery"
"Brent","2021","Criminal damage and arson",1990,"Criminal Damage and Arson"
"Brent","2021","Drugs",1792,"Drug and Weapon Offences"
"Brent","2021","Other crime",382,"Other Crimes"
"Brent","2021","Other theft",2798,"Theft And Robbery"
"Brent","2021","Possession of weapons",194,"Drug and Weapon Offences"
"Brent","2021","Public order",2123,"Public Order Offences"
"Brent","2021","Robbery",709,"Theft And Robbery"
"Brent","2021","Shoplifting",988,"Theft And Robbery"
"Brent","2021","Theft from the person",780,"Theft And Robbery"
"Brent","2021","Vehicle crime",3549,"Theft And Robbery"
"Brent","2021","Violence and sexual offences",9160,"Violence and Sexual Offences"
"Brent","2022","Anti-social behaviour",10745,"Public Order Offences"
"Brent","2022","Bicycle theft",381,"Theft And Robbery"
"Brent","2022","Burglary",1866,"Theft And Robbery"
"Brent","2022","Criminal damage and arson",1935,"Criminal Damage and Arson"
"Brent","2022","Drugs",1598,"Drug and Weapon Offences"
"Brent","2022","Other crime",377,"Other Crimes"
"Brent","2022","Other theft",3356,"Theft And Robbery"
"Brent","2022","Possession of weapons",179,"Drug and Weapon Offences"
"Brent","2022","Public order",2182,"Public Order Offences"
"Brent","2022","Robbery",904,"Theft And Robbery"
"Brent","2022","Shoplifting",1335,"Theft And Robbery"
"Brent","2022","Theft from the person",958,"Theft And Robbery"
"Brent","2022","Vehicle crime",3788,"Theft And Robbery"
"Brent","2022","Violence and sexual offences",9910,"Violence and Sexual Offences"
"Brent","2023","Anti-social behaviour",9487,"Public Order Offences"
"Brent","2023","Bicycle theft",328,"Theft And Robbery"
"Brent","2023","Burglary",2073,"Theft And Robbery"
"Brent","2023","Criminal damage and arson",2040,"Criminal Damage and Arson"
"Brent","2023","Drugs",1545,"Drug and Weapon Offences"
"Brent","2023","Other crime",324,"Other Crimes"
"Brent","2023","Other theft",3847,"Theft And Robbery"
"Brent","2023","Possession of weapons",185,"Drug and Weapon Offences"
"Brent","2023","Public order",2180,"Public Order Offences"
"Brent","2023","Robbery",1048,"Theft And Robbery"
"Brent","2023","Shoplifting",2107,"Theft And Robbery"
"Brent","2023","Theft from the person",1311,"Theft And Robbery"
"Brent","2023","Vehicle crime",3868,"Theft And Robbery"
"Brent","2023","Violence and sexual offences",10038,"Violence and Sexual Offences"
"Brent","2024","Anti-social behaviour",10070,"Public Order Offences"
"Brent","2024","Bicycle theft",327,"Theft And Robbery"
"Brent","2024","Burglary",1974,"Theft And Robbery"
"Brent","2024","Criminal damage and arson",2043,"Criminal Damage and Arson"
"Brent","2024","Drugs",1666,"Drug and Weapon Offences"
"Brent","2024","Other crime",342,"Other Crimes"
"Brent","2024","Other theft",3465,"Theft And Robbery"
"Brent","2024","Possession of weapons",164,"Drug and Weapon Offences"
"Brent","2024","Public order",2141,"Public Order Offences"
"Brent","2024","Robbery",1123,"Theft And Robbery"
"Brent","2024","Shoplifting",3233,"Theft And Robbery"
"Brent","2024","Theft from the person",2075,"Theft And Robbery"
"Brent","2024","Vehicle crime",3762,"Theft And Robbery"
"Brent","2024","Violence and sexual offences",10054,"Violence and Sexual Offences"
"Brent","2025","Anti-social behaviour",10412,"Public Order Offences"
"Brent","2025","Bicycle theft",261,"Theft And Robbery"
"Brent","2025","Burglary",1607,"Theft And Robbery"
"Brent","2025","Criminal damage and arson",2001,"Criminal Damage and Arson"
"Brent","2025","Drugs",2828,"Drug and Weapon Offences"
"Brent","2025","Other crime",424,"Other Crimes"
"Brent","2025","Other theft",3190,"Theft And Robbery"
"Brent","2025","Possession of weapons",217,"Drug and Weapon Offences"
"Brent","2025","Public order",2242,"Public Order Offences"
"Brent","2025","Robbery",1230,"Theft And Robbery"
"Brent","2025","Shoplifting",3193,"Theft And Robbery"
"Brent","2025","Theft from the person",2328,"Theft And Robbery"
"Brent","2025","Vehicle crime",2933,"Theft And Robbery"
"Brent","2025","Violence and sexual offences",10532,"Violence and Sexual Offences"
"Brent","2026","Anti-social behaviour",3071,"Public Order Offences"
"Brent","2026","Bicycle theft",103,"Theft And Robbery"
"Brent","2026","Burglary",652,"Theft And Robbery"
"Brent","2026","Criminal damage and arson",721,"Criminal Damage and Arson"
"Brent","2026","Drugs",665,"Drug and Weapon Offences"
"Brent","2026","Other crime",149,"Other Crimes"
"Brent","2026","Other theft",981,"Theft And Robbery"
"Brent","2026","Possession of weapons",124,"Drug and Weapon Offences"
"Brent","2026","Public order",712,"Public Order Offences"
"Brent","2026","Robbery",461,"Theft And Robbery"
"Brent","2026","Shoplifting",897,"Theft And Robbery"
"Brent","2026","Theft from the person",676,"Theft And Robbery"
"Brent","2026","Vehicle crime",886,"Theft And Robbery"
"Brent","2026","Violence and sexual offences",3483,"Violence and Sexual Offences"
"Bromley","2011","Anti-social behaviour",11783,"Public Order Offences"
"Bromley","2011","Burglary",3181,"Theft And Robbery"
"Bromley","2011","Criminal damage and arson",824,"Criminal Damage and Arson"
"Bromley","2011","Drugs",354,"Drug and Weapon Offences"
"Bromley","2011","Other crime",7665,"Other Crimes"
"Bromley","2011","Other theft",1020,"Theft And Robbery"
"Bromley","2011","Public disorder and weapons",339,"No-category"
"Bromley","2011","Robbery",701,"Theft And Robbery"
"Bromley","2011","Shoplifting",467,"Theft And Robbery"
"Bromley","2011","Vehicle crime",2933,"Theft And Robbery"
"Bromley","2011","Violent crime",4480,"No-category"
"Bromley","2012","Anti-social behaviour",3299,"Public Order Offences"
"Bromley","2012","Burglary",1238,"Theft And Robbery"
"Bromley","2012","Criminal damage and arson",762,"Criminal Damage and Arson"
"Bromley","2012","Drugs",358,"Drug and Weapon Offences"
"Bromley","2012","Other crime",503,"Other Crimes"
"Bromley","2012","Other theft",1015,"Theft And Robbery"
"Bromley","2012","Public disorder and weapons",301,"No-category"
"Bromley","2012","Robbery",176,"Theft And Robbery"
"Bromley","2012","Shoplifting",437,"Theft And Robbery"
"Bromley","2012","Vehicle crime",1036,"Theft And Robbery"
"Bromley","2012","Violent crime",1273,"No-category"
"Bromley","2013","Anti-social behaviour",1100,"Public Order Offences"
"Bromley","2013","Burglary",550,"Theft And Robbery"
"Bromley","2013","Criminal damage and arson",334,"Criminal Damage and Arson"
"Bromley","2013","Drugs",152,"Drug and Weapon Offences"
"Bromley","2013","Other crime",128,"Other Crimes"
"Bromley","2013","Other theft",512,"Theft And Robbery"
"Bromley","2013","Public disorder and weapons",119,"No-category"
"Bromley","2013","Robbery",92,"Theft And Robbery"
"Bromley","2013","Shoplifting",221,"Theft And Robbery"
"Bromley","2013","Vehicle crime",523,"Theft And Robbery"
"Bromley","2013","Violent crime",562,"No-category"
"Bromley","2014","Anti-social behaviour",1521,"Public Order Offences"
"Bromley","2014","Bicycle theft",42,"Theft And Robbery"
"Bromley","2014","Burglary",696,"Theft And Robbery"
"Bromley","2014","Criminal damage and arson",540,"Criminal Damage and Arson"
"Bromley","2014","Drugs",217,"Drug and Weapon Offences"
"Bromley","2014","Other crime",53,"Other Crimes"
"Bromley","2014","Other theft",723,"Theft And Robbery"
"Bromley","2014","Possession of weapons",15,"Drug and Weapon Offences"
"Bromley","2014","Public order",280,"Public Order Offences"
"Bromley","2014","Robbery",107,"Theft And Robbery"
"Bromley","2014","Shoplifting",437,"Theft And Robbery"
"Bromley","2014","Theft from the person",65,"Theft And Robbery"
"Bromley","2014","Vehicle crime",628,"Theft And Robbery"
"Bromley","2014","Violence and sexual offences",1183,"Violence and Sexual Offences"
"Bromley","2015","Anti-social behaviour",2965,"Public Order Offences"
"Bromley","2015","Bicycle theft",95,"Theft And Robbery"
"Bromley","2015","Burglary",1236,"Theft And Robbery"
"Bromley","2015","Criminal damage and arson",1130,"Criminal Damage and Arson"
"Bromley","2015","Drugs",363,"Drug and Weapon Offences"
"Bromley","2015","Other crime",111,"Other Crimes"
"Bromley","2015","Other theft",1465,"Theft And Robbery"
"Bromley","2015","Possession of weapons",41,"Drug and Weapon Offences"
"Bromley","2015","Public order",701,"Public Order Offences"
"Bromley","2015","Robbery",175,"Theft And Robbery"
"Bromley","2015","Shoplifting",814,"Theft And Robbery"
"Bromley","2015","Theft from the person",134,"Theft And Robbery"
"Bromley","2015","Vehicle crime",1241,"Theft And Robbery"
"Bromley","2015","Violence and sexual offences",2737,"Violence and Sexual Offences"
"Bromley","2016","Anti-social behaviour",5979,"Public Order Offences"
"Bromley","2016","Bicycle theft",209,"Theft And Robbery"
"Bromley","2016","Burglary",2213,"Theft And Robbery"
"Bromley","2016","Criminal damage and arson",2137,"Criminal Damage and Arson"
"Bromley","2016","Drugs",648,"Drug and Weapon Offences"
"Bromley","2016","Other crime",260,"Other Crimes"
"Bromley","2016","Other theft",2704,"Theft And Robbery"
"Bromley","2016","Possession of weapons",80,"Drug and Weapon Offences"
"Bromley","2016","Public order",1416,"Public Order Offences"
"Bromley","2016","Robbery",367,"Theft And Robbery"
"Bromley","2016","Shoplifting",1817,"Theft And Robbery"
"Bromley","2016","Theft from the person",349,"Theft And Robbery"
"Bromley","2016","Vehicle crime",2519,"Theft And Robbery"
"Bromley","2016","Violence and sexual offences",5773,"Violence and Sexual Offences"
"Bromley","2017","Anti-social behaviour",5682,"Public Order Offences"
"Bromley","2017","Bicycle theft",226,"Theft And Robbery"
"Bromley","2017","Burglary",2587,"Theft And Robbery"
"Bromley","2017","Criminal damage and arson",2162,"Criminal Damage and Arson"
"Bromley","2017","Drugs",563,"Drug and Weapon Offences"
"Bromley","2017","Other crime",285,"Other Crimes"
"Bromley","2017","Other theft",2742,"Theft And Robbery"
"Bromley","2017","Possession of weapons",192,"Drug and Weapon Offences"
"Bromley","2017","Public order",1387,"Public Order Offences"
"Bromley","2017","Robbery",599,"Theft And Robbery"
"Bromley","2017","Shoplifting",1706,"Theft And Robbery"
"Bromley","2017","Theft from the person",298,"Theft And Robbery"
"Bromley","2017","Vehicle crime",3248,"Theft And Robbery"
"Bromley","2017","Violence and sexual offences",6358,"Violence and Sexual Offences"
"Bromley","2018","Anti-social behaviour",5034,"Public Order Offences"
"Bromley","2018","Bicycle theft",217,"Theft And Robbery"
"Bromley","2018","Burglary",2579,"Theft And Robbery"
"Bromley","2018","Criminal damage and arson",2115,"Criminal Damage and Arson"
"Bromley","2018","Drugs",663,"Drug and Weapon Offences"
"Bromley","2018","Other crime",266,"Other Crimes"
"Bromley","2018","Other theft",2666,"Theft And Robbery"
"Bromley","2018","Possession of weapons",183,"Drug and Weapon Offences"
"Bromley","2018","Public order",1479,"Public Order Offences"
"Bromley","2018","Robbery",439,"Theft And Robbery"
"Bromley","2018","Shoplifting",2052,"Theft And Robbery"
"Bromley","2018","Theft from the person",301,"Theft And Robbery"
"Bromley","2018","Vehicle crime",3457,"Theft And Robbery"
"Bromley","2018","Violence and sexual offences",6415,"Violence and Sexual Offences"
"Bromley","2019","Anti-social behaviour",5812,"Public Order Offences"
"Bromley","2019","Bicycle theft",162,"Theft And Robbery"
"Bromley","2019","Burglary",2704,"Theft And Robbery"
"Bromley","2019","Criminal damage and arson",1917,"Criminal Damage and Arson"
"Bromley","2019","Drugs",1023,"Drug and Weapon Offences"
"Bromley","2019","Other crime",271,"Other Crimes"
"Bromley","2019","Other theft",2351,"Theft And Robbery"
"Bromley","2019","Possession of weapons",139,"Drug and Weapon Offences"
"Bromley","2019","Public order",1550,"Public Order Offences"
"Bromley","2019","Robbery",490,"Theft And Robbery"
"Bromley","2019","Shoplifting",2001,"Theft And Robbery"
"Bromley","2019","Theft from the person",428,"Theft And Robbery"
"Bromley","2019","Vehicle crime",3853,"Theft And Robbery"
"Bromley","2019","Violence and sexual offences",6755,"Violence and Sexual Offences"
"Bromley","2020","Anti-social behaviour",10800,"Public Order Offences"
"Bromley","2020","Bicycle theft",150,"Theft And Robbery"
"Bromley","2020","Burglary",1730,"Theft And Robbery"
"Bromley","2020","Criminal damage and arson",1706,"Criminal Damage and Arson"
"Bromley","2020","Drugs",1184,"Drug and Weapon Offences"
"Bromley","2020","Other crime",318,"Other Crimes"
"Bromley","2020","Other theft",1749,"Theft And Robbery"
"Bromley","2020","Possession of weapons",164,"Drug and Weapon Offences"
"Bromley","2020","Public order",1615,"Public Order Offences"
"Bromley","2020","Robbery",496,"Theft And Robbery"
"Bromley","2020","Shoplifting",1715,"Theft And Robbery"
"Bromley","2020","Theft from the person",305,"Theft And Robbery"
"Bromley","2020","Vehicle crime",3574,"Theft And Robbery"
"Bromley","2020","Violence and sexual offences",6571,"Violence and Sexual Offences"
"Bromley","2021","Anti-social behaviour",7350,"Public Order Offences"
"Bromley","2021","Bicycle theft",171,"Theft And Robbery"
"Bromley","2021","Burglary",1485,"Theft And Robbery"
"Bromley","2021","Criminal damage and arson",1793,"Criminal Damage and Arson"
"Bromley","2021","Drugs",1045,"Drug and Weapon Offences"
"Bromley","2021","Other crime",335,"Other Crimes"
"Bromley","2021","Other theft",1920,"Theft And Robbery"
"Bromley","2021","Possession of weapons",126,"Drug and Weapon Offences"
"Bromley","2021","Public order",1830,"Public Order Offences"
"Bromley","2021","Robbery",369,"Theft And Robbery"
"Bromley","2021","Shoplifting",1968,"Theft And Robbery"
"Bromley","2021","Theft from the person",521,"Theft And Robbery"
"Bromley","2021","Vehicle crime",3476,"Theft And Robbery"
"Bromley","2021","Violence and sexual offences",6717,"Violence and Sexual Offences"
"Bromley","2022","Anti-social behaviour",6059,"Public Order Offences"
"Bromley","2022","Bicycle theft",131,"Theft And Robbery"
"Bromley","2022","Burglary",1414,"Theft And Robbery"
"Bromley","2022","Criminal damage and arson",1847,"Criminal Damage and Arson"
"Bromley","2022","Drugs",1118,"Drug and Weapon Offences"
"Bromley","2022","Other crime",299,"Other Crimes"
"Bromley","2022","Other theft",2270,"Theft And Robbery"
"Bromley","2022","Possession of weapons",145,"Drug and Weapon Offences"
"Bromley","2022","Public order",1707,"Public Order Offences"
"Bromley","2022","Robbery",534,"Theft And Robbery"
"Bromley","2022","Shoplifting",1917,"Theft And Robbery"
"Bromley","2022","Theft from the person",457,"Theft And Robbery"
"Bromley","2022","Vehicle crime",3358,"Theft And Robbery"
"Bromley","2022","Violence and sexual offences",6990,"Violence and Sexual Offences"
"Bromley","2023","Anti-social behaviour",5368,"Public Order Offences"
"Bromley","2023","Bicycle theft",127,"Theft And Robbery"
"Bromley","2023","Burglary",1553,"Theft And Robbery"
"Bromley","2023","Criminal damage and arson",1947,"Criminal Damage and Arson"
"Bromley","2023","Drugs",945,"Drug and Weapon Offences"
"Bromley","2023","Other crime",305,"Other Crimes"
"Bromley","2023","Other theft",2429,"Theft And Robbery"
"Bromley","2023","Possession of weapons",127,"Drug and Weapon Offences"
"Bromley","2023","Public order",1652,"Public Order Offences"
"Bromley","2023","Robbery",575,"Theft And Robbery"
"Bromley","2023","Shoplifting",2452,"Theft And Robbery"
"Bromley","2023","Theft from the person",487,"Theft And Robbery"
"Bromley","2023","Vehicle crime",3129,"Theft And Robbery"
"Bromley","2023","Violence and sexual offences",7467,"Violence and Sexual Offences"
"Bromley","2024","Anti-social behaviour",5310,"Public Order Offences"
"Bromley","2024","Bicycle theft",137,"Theft And Robbery"
"Bromley","2024","Burglary",1371,"Theft And Robbery"
"Bromley","2024","Criminal damage and arson",2068,"Criminal Damage and Arson"
"Bromley","2024","Drugs",900,"Drug and Weapon Offences"
"Bromley","2024","Other crime",327,"Other Crimes"
"Bromley","2024","Other theft",2060,"Theft And Robbery"
"Bromley","2024","Possession of weapons",111,"Drug and Weapon Offences"
"Bromley","2024","Public order",1550,"Public Order Offences"
"Bromley","2024","Robbery",618,"Theft And Robbery"
"Bromley","2024","Shoplifting",3028,"Theft And Robbery"
"Bromley","2024","Theft from the person",680,"Theft And Robbery"
"Bromley","2024","Vehicle crime",3691,"Theft And Robbery"
"Bromley","2024","Violence and sexual offences",7276,"Violence and Sexual Offences"
"Bromley","2025","Anti-social behaviour",5590,"Public Order Offences"
"Bromley","2025","Bicycle theft",134,"Theft And Robbery"
"Bromley","2025","Burglary",1311,"Theft And Robbery"
"Bromley","2025","Criminal damage and arson",2177,"Criminal Damage and Arson"
"Bromley","2025","Drugs",1179,"Drug and Weapon Offences"
"Bromley","2025","Other crime",361,"Other Crimes"
"Bromley","2025","Other theft",1869,"Theft And Robbery"
"Bromley","2025","Possession of weapons",151,"Drug and Weapon Offences"
"Bromley","2025","Public order",1740,"Public Order Offences"
"Bromley","2025","Robbery",624,"Theft And Robbery"
"Bromley","2025","Shoplifting",2862,"Theft And Robbery"
"Bromley","2025","Theft from the person",606,"Theft And Robbery"
"Bromley","2025","Vehicle crime",3327,"Theft And Robbery"
"Bromley","2025","Violence and sexual offences",7546,"Violence and Sexual Offences"
"Bromley","2026","Anti-social behaviour",1716,"Public Order Offences"
"Bromley","2026","Bicycle theft",31,"Theft And Robbery"
"Bromley","2026","Burglary",390,"Theft And Robbery"
"Bromley","2026","Criminal damage and arson",619,"Criminal Damage and Arson"
"Bromley","2026","Drugs",386,"Drug and Weapon Offences"
"Bromley","2026","Other crime",113,"Other Crimes"
"Bromley","2026","Other theft",563,"Theft And Robbery"
"Bromley","2026","Possession of weapons",58,"Drug and Weapon Offences"
"Bromley","2026","Public order",576,"Public Order Offences"
"Bromley","2026","Robbery",188,"Theft And Robbery"
"Bromley","2026","Shoplifting",888,"Theft And Robbery"
"Bromley","2026","Theft from the person",182,"Theft And Robbery"
"Bromley","2026","Vehicle crime",1080,"Theft And Robbery"
"Bromley","2026","Violence and sexual offences",2449,"Violence and Sexual Offences"
"Camden","2011","Anti-social behaviour",14958,"Public Order Offences"
"Camden","2011","Burglary",3397,"Theft And Robbery"
"Camden","2011","Criminal damage and arson",639,"Criminal Damage and Arson"
"Camden","2011","Drugs",891,"Drug and Weapon Offences"
"Camden","2011","Other crime",14976,"Other Crimes"
"Camden","2011","Other theft",4755,"Theft And Robbery"
"Camden","2011","Public disorder and weapons",462,"No-category"
"Camden","2011","Robbery",1455,"Theft And Robbery"
"Camden","2011","Shoplifting",450,"Theft And Robbery"
"Camden","2011","Vehicle crime",3106,"Theft And Robbery"
"Camden","2011","Violent crime",5310,"No-category"
"Camden","2012","Anti-social behaviour",4364,"Public Order Offences"
"Camden","2012","Burglary",1012,"Theft And Robbery"
"Camden","2012","Criminal damage and arson",632,"Criminal Damage and Arson"
"Camden","2012","Drugs",836,"Drug and Weapon Offences"
"Camden","2012","Other crime",535,"Other Crimes"
"Camden","2012","Other theft",4801,"Theft And Robbery"
"Camden","2012","Public disorder and weapons",451,"No-category"
"Camden","2012","Robbery",385,"Theft And Robbery"
"Camden","2012","Shoplifting",458,"Theft And Robbery"
"Camden","2012","Vehicle crime",909,"Theft And Robbery"
"Camden","2012","Violent crime",1482,"No-category"
"Camden","2013","Anti-social behaviour",1305,"Public Order Offences"
"Camden","2013","Bicycle theft",3,"Theft And Robbery"
"Camden","2013","Burglary",485,"Theft And Robbery"
"Camden","2013","Criminal damage and arson",226,"Criminal Damage and Arson"
"Camden","2013","Drugs",318,"Drug and Weapon Offences"
"Camden","2013","Other crime",62,"Other Crimes"
"Camden","2013","Other theft",2155,"Theft And Robbery"
"Camden","2013","Public disorder and weapons",139,"No-category"
"Camden","2013","Robbery",130,"Theft And Robbery"
"Camden","2013","Shoplifting",180,"Theft And Robbery"
"Camden","2013","Theft from the person",5,"Theft And Robbery"
"Camden","2013","Vehicle crime",379,"Theft And Robbery"
"Camden","2013","Violent crime",621,"No-category"
"Camden","2014","Anti-social behaviour",2227,"Public Order Offences"
"Camden","2014","Bicycle theft",233,"Theft And Robbery"
"Camden","2014","Burglary",690,"Theft And Robbery"
"Camden","2014","Criminal damage and arson",421,"Criminal Damage and Arson"
"Camden","2014","Drugs",421,"Drug and Weapon Offences"
"Camden","2014","Other crime",42,"Other Crimes"
"Camden","2014","Other theft",1482,"Theft And Robbery"
"Camden","2014","Possession of weapons",13,"Drug and Weapon Offences"
"Camden","2014","Public order",279,"Public Order Offences"
"Camden","2014","Robbery",233,"Theft And Robbery"
"Camden","2014","Shoplifting",287,"Theft And Robbery"
"Camden","2014","Theft from the person",690,"Theft And Robbery"
"Camden","2014","Vehicle crime",729,"Theft And Robbery"
"Camden","2014","Violence and sexual offences",1288,"Violence and Sexual Offences"
"Camden","2015","Anti-social behaviour",4515,"Public Order Offences"
"Camden","2015","Bicycle theft",520,"Theft And Robbery"
"Camden","2015","Burglary",1321,"Theft And Robbery"
"Camden","2015","Criminal damage and arson",908,"Criminal Damage and Arson"
"Camden","2015","Drugs",672,"Drug and Weapon Offences"
"Camden","2015","Other crime",91,"Other Crimes"
"Camden","2015","Other theft",2969,"Theft And Robbery"
"Camden","2015","Possession of weapons",39,"Drug and Weapon Offences"
"Camden","2015","Public order",719,"Public Order Offences"
"Camden","2015","Robbery",545,"Theft And Robbery"
"Camden","2015","Shoplifting",762,"Theft And Robbery"
"Camden","2015","Theft from the person",1592,"Theft And Robbery"
"Camden","2015","Vehicle crime",1313,"Theft And Robbery"
"Camden","2015","Violence and sexual offences",2906,"Violence and Sexual Offences"
"Camden","2016","Anti-social behaviour",9819,"Public Order Offences"
"Camden","2016","Bicycle theft",1042,"Theft And Robbery"
"Camden","2016","Burglary",2620,"Theft And Robbery"
"Camden","2016","Criminal damage and arson",1836,"Criminal Damage and Arson"
"Camden","2016","Drugs",1273,"Drug and Weapon Offences"
"Camden","2016","Other crime",242,"Other Crimes"
"Camden","2016","Other theft",5676,"Theft And Robbery"
"Camden","2016","Possession of weapons",160,"Drug and Weapon Offences"
"Camden","2016","Public order",1712,"Public Order Offences"
"Camden","2016","Robbery",874,"Theft And Robbery"
"Camden","2016","Shoplifting",1669,"Theft And Robbery"
"Camden","2016","Theft from the person",2752,"Theft And Robbery"
"Camden","2016","Vehicle crime",2804,"Theft And Robbery"
"Camden","2016","Violence and sexual offences",6281,"Violence and Sexual Offences"
"Camden","2017","Anti-social behaviour",9881,"Public Order Offences"
"Camden","2017","Bicycle theft",1161,"Theft And Robbery"
"Camden","2017","Burglary",2984,"Theft And Robbery"
"Camden","2017","Criminal damage and arson",1757,"Criminal Damage and Arson"
"Camden","2017","Drugs",1166,"Drug and Weapon Offences"
"Camden","2017","Other crime",224,"Other Crimes"
"Camden","2017","Other theft",5845,"Theft And Robbery"
"Camden","2017","Possession of weapons",197,"Drug and Weapon Offences"
"Camden","2017","Public order",1890,"Public Order Offences"
"Camden","2017","Robbery",1934,"Theft And Robbery"
"Camden","2017","Shoplifting",1814,"Theft And Robbery"
"Camden","2017","Theft from the person",7177,"Theft And Robbery"
"Camden","2017","Vehicle crime",3377,"Theft And Robbery"
"Camden","2017","Violence and sexual offences",6824,"Violence and Sexual Offences"
"Camden","2018","Anti-social behaviour",9605,"Public Order Offences"
"Camden","2018","Bicycle theft",1302,"Theft And Robbery"
"Camden","2018","Burglary",3380,"Theft And Robbery"
"Camden","2018","Criminal damage and arson",1647,"Criminal Damage and Arson"
"Camden","2018","Drugs",1152,"Drug and Weapon Offences"
"Camden","2018","Other crime",225,"Other Crimes"
"Camden","2018","Other theft",6907,"Theft And Robbery"
"Camden","2018","Possession of weapons",182,"Drug and Weapon Offences"
"Camden","2018","Public order",1727,"Public Order Offences"
"Camden","2018","Robbery",1712,"Theft And Robbery"
"Camden","2018","Shoplifting",1734,"Theft And Robbery"
"Camden","2018","Theft from the person",4530,"Theft And Robbery"
"Camden","2018","Vehicle crime",3124,"Theft And Robbery"
"Camden","2018","Violence and sexual offences",7257,"Violence and Sexual Offences"
"Camden","2019","Anti-social behaviour",10271,"Public Order Offences"
"Camden","2019","Bicycle theft",1236,"Theft And Robbery"
"Camden","2019","Burglary",3227,"Theft And Robbery"
"Camden","2019","Criminal damage and arson",1525,"Criminal Damage and Arson"
"Camden","2019","Drugs",1736,"Drug and Weapon Offences"
"Camden","2019","Other crime",256,"Other Crimes"
"Camden","2019","Other theft",8565,"Theft And Robbery"
"Camden","2019","Possession of weapons",194,"Drug and Weapon Offences"
"Camden","2019","Public order",1875,"Public Order Offences"
"Camden","2019","Robbery",1809,"Theft And Robbery"
"Camden","2019","Shoplifting",1571,"Theft And Robbery"
"Camden","2019","Theft from the person",4829,"Theft And Robbery"
"Camden","2019","Vehicle crime",3358,"Theft And Robbery"
"Camden","2019","Violence and sexual offences",6610,"Violence and Sexual Offences"
"Camden","2020","Anti-social behaviour",14342,"Public Order Offences"
"Camden","2020","Bicycle theft",1529,"Theft And Robbery"
"Camden","2020","Burglary",2213,"Theft And Robbery"
"Camden","2020","Criminal damage and arson",1479,"Criminal Damage and Arson"
"Camden","2020","Drugs",1952,"Drug and Weapon Offences"
"Camden","2020","Other crime",215,"Other Crimes"
"Camden","2020","Other theft",4340,"Theft And Robbery"
"Camden","2020","Possession of weapons",133,"Drug and Weapon Offences"
"Camden","2020","Public order",1915,"Public Order Offences"
"Camden","2020","Robbery",1199,"Theft And Robbery"
"Camden","2020","Shoplifting",1170,"Theft And Robbery"
"Camden","2020","Theft from the person",2965,"Theft And Robbery"
"Camden","2020","Vehicle crime",2959,"Theft And Robbery"
"Camden","2020","Violence and sexual offences",6397,"Violence and Sexual Offences"
"Camden","2021","Anti-social behaviour",11339,"Public Order Offences"
"Camden","2021","Bicycle theft",1261,"Theft And Robbery"
"Camden","2021","Burglary",1758,"Theft And Robbery"
"Camden","2021","Criminal damage and arson",1632,"Criminal Damage and Arson"
"Camden","2021","Drugs",1243,"Drug and Weapon Offences"
"Camden","2021","Other crime",222,"Other Crimes"
"Camden","2021","Other theft",3973,"Theft And Robbery"
"Camden","2021","Possession of weapons",108,"Drug and Weapon Offences"
"Camden","2021","Public order",2008,"Public Order Offences"
"Camden","2021","Robbery",1037,"Theft And Robbery"
"Camden","2021","Shoplifting",1147,"Theft And Robbery"
"Camden","2021","Theft from the person",3020,"Theft And Robbery"
"Camden","2021","Vehicle crime",2725,"Theft And Robbery"
"Camden","2021","Violence and sexual offences",6544,"Violence and Sexual Offences"
"Camden","2022","Anti-social behaviour",10161,"Public Order Offences"
"Camden","2022","Bicycle theft",1224,"Theft And Robbery"
"Camden","2022","Burglary",1963,"Theft And Robbery"
"Camden","2022","Criminal damage and arson",1551,"Criminal Damage and Arson"
"Camden","2022","Drugs",1393,"Drug and Weapon Offences"
"Camden","2022","Other crime",213,"Other Crimes"
"Camden","2022","Other theft",7149,"Theft And Robbery"
"Camden","2022","Possession of weapons",151,"Drug and Weapon Offences"
"Camden","2022","Public order",2068,"Public Order Offences"
"Camden","2022","Robbery",1248,"Theft And Robbery"
"Camden","2022","Shoplifting",1279,"Theft And Robbery"
"Camden","2022","Theft from the person",4963,"Theft And Robbery"
"Camden","2022","Vehicle crime",3307,"Theft And Robbery"
"Camden","2022","Violence and sexual offences",7212,"Violence and Sexual Offences"
"Camden","2023","Anti-social behaviour",9838,"Public Order Offences"
"Camden","2023","Bicycle theft",984,"Theft And Robbery"
"Camden","2023","Burglary",2141,"Theft And Robbery"
"Camden","2023","Criminal damage and arson",1801,"Criminal Damage and Arson"
"Camden","2023","Drugs",1205,"Drug and Weapon Offences"
"Camden","2023","Other crime",229,"Other Crimes"
"Camden","2023","Other theft",9065,"Theft And Robbery"
"Camden","2023","Possession of weapons",137,"Drug and Weapon Offences"
"Camden","2023","Public order",2270,"Public Order Offences"
"Camden","2023","Robbery",1586,"Theft And Robbery"
"Camden","2023","Shoplifting",2261,"Theft And Robbery"
"Camden","2023","Theft from the person",6315,"Theft And Robbery"
"Camden","2023","Vehicle crime",3133,"Theft And Robbery"
"Camden","2023","Violence and sexual offences",7860,"Violence and Sexual Offences"
"Camden","2024","Anti-social behaviour",9845,"Public Order Offences"
"Camden","2024","Bicycle theft",848,"Theft And Robbery"
"Camden","2024","Burglary",2267,"Theft And Robbery"
"Camden","2024","Criminal damage and arson",1721,"Criminal Damage and Arson"
"Camden","2024","Drugs",1417,"Drug and Weapon Offences"
"Camden","2024","Other crime",242,"Other Crimes"
"Camden","2024","Other theft",7124,"Theft And Robbery"
"Camden","2024","Possession of weapons",112,"Drug and Weapon Offences"
"Camden","2024","Public order",2124,"Public Order Offences"
"Camden","2024","Robbery",1774,"Theft And Robbery"
"Camden","2024","Shoplifting",3500,"Theft And Robbery"
"Camden","2024","Theft from the person",9660,"Theft And Robbery"
"Camden","2024","Vehicle crime",2938,"Theft And Robbery"
"Camden","2024","Violence and sexual offences",7398,"Violence and Sexual Offences"
"Camden","2025","Anti-social behaviour",9293,"Public Order Offences"
"Camden","2025","Bicycle theft",916,"Theft And Robbery"
"Camden","2025","Burglary",2256,"Theft And Robbery"
"Camden","2025","Criminal damage and arson",1657,"Criminal Damage and Arson"
"Camden","2025","Drugs",1619,"Drug and Weapon Offences"
"Camden","2025","Other crime",248,"Other Crimes"
"Camden","2025","Other theft",7145,"Theft And Robbery"
"Camden","2025","Possession of weapons",139,"Drug and Weapon Offences"
"Camden","2025","Public order",2444,"Public Order Offences"
"Camden","2025","Robbery",1399,"Theft And Robbery"
"Camden","2025","Shoplifting",3886,"Theft And Robbery"
"Camden","2025","Theft from the person",7475,"Theft And Robbery"
"Camden","2025","Vehicle crime",2498,"Theft And Robbery"
"Camden","2025","Violence and sexual offences",7769,"Violence and Sexual Offences"
"Camden","2026","Anti-social behaviour",2951,"Public Order Offences"
"Camden","2026","Bicycle theft",232,"Theft And Robbery"
"Camden","2026","Burglary",610,"Theft And Robbery"
"Camden","2026","Criminal damage and arson",515,"Criminal Damage and Arson"
"Camden","2026","Drugs",546,"Drug and Weapon Offences"
"Camden","2026","Other crime",125,"Other Crimes"
"Camden","2026","Other theft",1887,"Theft And Robbery"
"Camden","2026","Possession of weapons",63,"Drug and Weapon Offences"
"Camden","2026","Public order",726,"Public Order Offences"
"Camden","2026","Robbery",479,"Theft And Robbery"
"Camden","2026","Shoplifting",1295,"Theft And Robbery"
"Camden","2026","Theft from the person",2139,"Theft And Robbery"
"Camden","2026","Vehicle crime",627,"Theft And Robbery"
"Camden","2026","Violence and sexual offences",2592,"Violence and Sexual Offences"
"City of London","2011","Anti-social behaviour",1632,"Public Order Offences"
"City of London","2011","Burglary",264,"Theft And Robbery"
"City of London","2011","Criminal damage and arson",76,"Criminal Damage and Arson"
"City of London","2011","Drugs",145,"Drug and Weapon Offences"
"City of London","2011","Other crime",3416,"Other Crimes"
"City of London","2011","Other theft",809,"Theft And Robbery"
"City of London","2011","Public disorder and weapons",76,"No-category"
"City of London","2011","Robbery",40,"Theft And Robbery"
"City of London","2011","Shoplifting",192,"Theft And Robbery"
"City of London","2011","Vehicle crime",190,"Theft And Robbery"
"City of London","2011","Violent crime",653,"No-category"
"City of London","2012","Anti-social behaviour",1586,"Public Order Offences"
"City of London","2012","Burglary",345,"Theft And Robbery"
"City of London","2012","Criminal damage and arson",233,"Criminal Damage and Arson"
"City of London","2012","Drugs",460,"Drug and Weapon Offences"
"City of London","2012","Other crime",241,"Other Crimes"
"City of London","2012","Other theft",2558,"Theft And Robbery"
"City of London","2012","Public disorder and weapons",213,"No-category"
"City of London","2012","Robbery",44,"Theft And Robbery"
"City of London","2012","Shoplifting",625,"Theft And Robbery"
"City of London","2012","Vehicle crime",131,"Theft And Robbery"
"City of London","2012","Violent crime",579,"No-category"
"City of London","2013","Anti-social behaviour",978,"Public Order Offences"
"City of London","2013","Bicycle theft",240,"Theft And Robbery"
"City of London","2013","Burglary",294,"Theft And Robbery"
"City of London","2013","Criminal damage and arson",225,"Criminal Damage and Arson"
"City of London","2013","Drugs",383,"Drug and Weapon Offences"
"City of London","2013","Other crime",124,"Other Crimes"
"City of London","2013","Other theft",2128,"Theft And Robbery"
"City of London","2013","Possession of weapons",14,"Drug and Weapon Offences"
"City of London","2013","Public disorder and weapons",47,"No-category"
"City of London","2013","Public order",104,"Public Order Offences"
"City of London","2013","Robbery",44,"Theft And Robbery"
"City of London","2013","Shoplifting",600,"Theft And Robbery"
"City of London","2013","Theft from the person",217,"Theft And Robbery"
"City of London","2013","Vehicle crime",130,"Theft And Robbery"
"City of London","2013","Violence and sexual offences",408,"Violence and Sexual Offences"
"City of London","2013","Violent crime",185,"No-category"
"City of London","2014","Anti-social behaviour",935,"Public Order Offences"
"City of London","2014","Bicycle theft",376,"Theft And Robbery"
"City of London","2014","Burglary",225,"Theft And Robbery"
"City of London","2014","Criminal damage and arson",201,"Criminal Damage and Arson"
"City of London","2014","Drugs",353,"Drug and Weapon Offences"
"City of London","2014","Other crime",152,"Other Crimes"
"City of London","2014","Other theft",1722,"Theft And Robbery"
"City of London","2014","Possession of weapons",22,"Drug and Weapon Offences"
"City of London","2014","Public order",185,"Public Order Offences"
"City of London","2014","Robbery",43,"Theft And Robbery"
"City of London","2014","Shoplifting",568,"Theft And Robbery"
"City of London","2014","Theft from the person",358,"Theft And Robbery"
"City of London","2014","Vehicle crime",215,"Theft And Robbery"
"City of London","2014","Violence and sexual offences",689,"Violence and Sexual Offences"
"City of London","2015","Anti-social behaviour",845,"Public Order Offences"
"City of London","2015","Bicycle theft",288,"Theft And Robbery"
"City of London","2015","Burglary",239,"Theft And Robbery"
"City of London","2015","Criminal damage and arson",228,"Criminal Damage and Arson"
"City of London","2015","Drugs",338,"Drug and Weapon Offences"
"City of London","2015","Other crime",140,"Other Crimes"
"City of London","2015","Other theft",1438,"Theft And Robbery"
"City of London","2015","Possession of weapons",29,"Drug and Weapon Offences"
"City of London","2015","Public order",238,"Public Order Offences"
"City of London","2015","Robbery",45,"Theft And Robbery"
"City of London","2015","Shoplifting",689,"Theft And Robbery"
"City of London","2015","Theft from the person",380,"Theft And Robbery"
"City of London","2015","Vehicle crime",99,"Theft And Robbery"
"City of London","2015","Violence and sexual offences",846,"Violence and Sexual Offences"
"City of London","2016","Anti-social behaviour",1193,"Public Order Offences"
"City of London","2016","Bicycle theft",354,"Theft And Robbery"
"City of London","2016","Burglary",253,"Theft And Robbery"
"City of London","2016","Criminal damage and arson",233,"Criminal Damage and Arson"
"City of London","2016","Drugs",306,"Drug and Weapon Offences"
"City of London","2016","Other crime",145,"Other Crimes"
"City of London","2016","Other theft",1565,"Theft And Robbery"
"City of London","2016","Possession of weapons",40,"Drug and Weapon Offences"
"City of London","2016","Public order",242,"Public Order Offences"
"City of London","2016","Robbery",39,"Theft And Robbery"
"City of London","2016","Shoplifting",659,"Theft And Robbery"
"City of London","2016","Theft from the person",464,"Theft And Robbery"
"City of London","2016","Vehicle crime",184,"Theft And Robbery"
"City of London","2016","Violence and sexual offences",940,"Violence and Sexual Offences"
"City of London","2017","Anti-social behaviour",1541,"Public Order Offences"
"City of London","2017","Bicycle theft",401,"Theft And Robbery"
"City of London","2017","Burglary",250,"Theft And Robbery"
"City of London","2017","Criminal damage and arson",244,"Criminal Damage and Arson"
"City of London","2017","Drugs",263,"Drug and Weapon Offences"
"City of London","2017","Other crime",114,"Other Crimes"
"City of London","2017","Other theft",1598,"Theft And Robbery"
"City of London","2017","Possession of weapons",48,"Drug and Weapon Offences"
"City of London","2017","Public order",235,"Public Order Offences"
"City of London","2017","Robbery",71,"Theft And Robbery"
"City of London","2017","Shoplifting",778,"Theft And Robbery"
"City of London","2017","Theft from the person",627,"Theft And Robbery"
"City of London","2017","Vehicle crime",209,"Theft And Robbery"
"City of London","2017","Violence and sexual offences",932,"Violence and Sexual Offences"
"City of London","2018","Anti-social behaviour",1438,"Public Order Offences"
"City of London","2018","Bicycle theft",460,"Theft And Robbery"
"City of London","2018","Burglary",332,"Theft And Robbery"
"City of London","2018","Criminal damage and arson",226,"Criminal Damage and Arson"
"City of London","2018","Drugs",327,"Drug and Weapon Offences"
"City of London","2018","Other crime",95,"Other Crimes"
"City of London","2018","Other theft",1770,"Theft And Robbery"
"City of London","2018","Possession of weapons",57,"Drug and Weapon Offences"
"City of London","2018","Public order",404,"Public Order Offences"
"City of London","2018","Robbery",119,"Theft And Robbery"
"City of London","2018","Shoplifting",880,"Theft And Robbery"
"City of London","2018","Theft from the person",704,"Theft And Robbery"
"City of London","2018","Vehicle crime",252,"Theft And Robbery"
"City of London","2018","Violence and sexual offences",1180,"Violence and Sexual Offences"
"City of London","2019","Anti-social behaviour",1193,"Public Order Offences"
"City of London","2019","Bicycle theft",458,"Theft And Robbery"
"City of London","2019","Burglary",351,"Theft And Robbery"
"City of London","2019","Criminal damage and arson",278,"Criminal Damage and Arson"
"City of London","2019","Drugs",588,"Drug and Weapon Offences"
"City of London","2019","Other crime",150,"Other Crimes"
"City of London","2019","Other theft",2874,"Theft And Robbery"
"City of London","2019","Possession of weapons",64,"Drug and Weapon Offences"
"City of London","2019","Public order",458,"Public Order Offences"
"City of London","2019","Robbery",189,"Theft And Robbery"
"City of London","2019","Shoplifting",933,"Theft And Robbery"
"City of London","2019","Theft from the person",881,"Theft And Robbery"
"City of London","2019","Vehicle crime",210,"Theft And Robbery"
"City of London","2019","Violence and sexual offences",1303,"Violence and Sexual Offences"
"City of London","2020","Anti-social behaviour",728,"Public Order Offences"
"City of London","2020","Bicycle theft",456,"Theft And Robbery"
"City of London","2020","Burglary",203,"Theft And Robbery"
"City of London","2020","Criminal damage and arson",211,"Criminal Damage and Arson"
"City of London","2020","Drugs",488,"Drug and Weapon Offences"
"City of London","2020","Other crime",88,"Other Crimes"
"City of London","2020","Other theft",1011,"Theft And Robbery"
"City of London","2020","Possession of weapons",50,"Drug and Weapon Offences"
"City of London","2020","Public order",278,"Public Order Offences"
"City of London","2020","Robbery",105,"Theft And Robbery"
"City of London","2020","Shoplifting",674,"Theft And Robbery"
"City of London","2020","Theft from the person",510,"Theft And Robbery"
"City of London","2020","Vehicle crime",183,"Theft And Robbery"
"City of London","2020","Violence and sexual offences",673,"Violence and Sexual Offences"
"City of London","2021","Anti-social behaviour",972,"Public Order Offences"
"City of London","2021","Bicycle theft",283,"Theft And Robbery"
"City of London","2021","Burglary",198,"Theft And Robbery"
"City of London","2021","Criminal damage and arson",244,"Criminal Damage and Arson"
"City of London","2021","Drugs",495,"Drug and Weapon Offences"
"City of London","2021","Other crime",71,"Other Crimes"
"City of London","2021","Other theft",920,"Theft And Robbery"
"City of London","2021","Possession of weapons",42,"Drug and Weapon Offences"
"City of London","2021","Public order",446,"Public Order Offences"
"City of London","2021","Robbery",135,"Theft And Robbery"
"City of London","2021","Shoplifting",647,"Theft And Robbery"
"City of London","2021","Theft from the person",725,"Theft And Robbery"
"City of London","2021","Vehicle crime",194,"Theft And Robbery"
"City of London","2021","Violence and sexual offences",1043,"Violence and Sexual Offences"
"City of London","2022","Anti-social behaviour",912,"Public Order Offences"
"City of London","2022","Bicycle theft",211,"Theft And Robbery"
"City of London","2022","Burglary",321,"Theft And Robbery"
"City of London","2022","Criminal damage and arson",287,"Criminal Damage and Arson"
"City of London","2022","Drugs",479,"Drug and Weapon Offences"
"City of London","2022","Other crime",94,"Other Crimes"
"City of London","2022","Other theft",2002,"Theft And Robbery"
"City of London","2022","Possession of weapons",48,"Drug and Weapon Offences"
"City of London","2022","Public order",497,"Public Order Offences"
"City of London","2022","Robbery",154,"Theft And Robbery"
"City of London","2022","Shoplifting",708,"Theft And Robbery"
"City of London","2022","Theft from the person",1543,"Theft And Robbery"
"City of London","2022","Vehicle crime",252,"Theft And Robbery"
"City of London","2022","Violence and sexual offences",1381,"Violence and Sexual Offences"
"City of London","2023","Anti-social behaviour",400,"Public Order Offences"
"City of London","2023","Bicycle theft",249,"Theft And Robbery"
"City of London","2023","Burglary",353,"Theft And Robbery"
"City of London","2023","Criminal damage and arson",335,"Criminal Damage and Arson"
"City of London","2023","Drugs",507,"Drug and Weapon Offences"
"City of London","2023","Other crime",136,"Other Crimes"
"City of London","2023","Other theft",2541,"Theft And Robbery"
"City of London","2023","Possession of weapons",67,"Drug and Weapon Offences"
"City of London","2023","Public order",580,"Public Order Offences"
"City of London","2023","Robbery",199,"Theft And Robbery"
"City of London","2023","Shoplifting",972,"Theft And Robbery"
"City of London","2023","Theft from the person",1427,"Theft And Robbery"
"City of London","2023","Vehicle crime",184,"Theft And Robbery"
"City of London","2023","Violence and sexual offences",1552,"Violence and Sexual Offences"
"City of London","2024","Anti-social behaviour",394,"Public Order Offences"
"City of London","2024","Bicycle theft",246,"Theft And Robbery"
"City of London","2024","Burglary",349,"Theft And Robbery"
"City of London","2024","Criminal damage and arson",379,"Criminal Damage and Arson"
"City of London","2024","Drugs",437,"Drug and Weapon Offences"
"City of London","2024","Other crime",90,"Other Crimes"
"City of London","2024","Other theft",2257,"Theft And Robbery"
"City of London","2024","Possession of weapons",65,"Drug and Weapon Offences"
"City of London","2024","Public order",678,"Public Order Offences"
"City of London","2024","Robbery",204,"Theft And Robbery"
"City of London","2024","Shoplifting",1658,"Theft And Robbery"
"City of London","2024","Theft from the person",1620,"Theft And Robbery"
"City of London","2024","Vehicle crime",145,"Theft And Robbery"
"City of London","2024","Violence and sexual offences",1617,"Violence and Sexual Offences"
"City of London","2025","Anti-social behaviour",178,"Public Order Offences"
"City of London","2025","Bicycle theft",308,"Theft And Robbery"
"City of London","2025","Burglary",509,"Theft And Robbery"
"City of London","2025","Criminal damage and arson",331,"Criminal Damage and Arson"
"City of London","2025","Drugs",431,"Drug and Weapon Offences"
"City of London","2025","Other crime",67,"Other Crimes"
"City of London","2025","Other theft",2237,"Theft And Robbery"
"City of London","2025","Possession of weapons",50,"Drug and Weapon Offences"
"City of London","2025","Public order",646,"Public Order Offences"
"City of London","2025","Robbery",285,"Theft And Robbery"
"City of London","2025","Shoplifting",1685,"Theft And Robbery"
"City of London","2025","Theft from the person",1496,"Theft And Robbery"
"City of London","2025","Vehicle crime",135,"Theft And Robbery"
"City of London","2025","Violence and sexual offences",1645,"Violence and Sexual Offences"
"City of London","2026","Anti-social behaviour",70,"Public Order Offences"
"City of London","2026","Bicycle theft",83,"Theft And Robbery"
"City of London","2026","Burglary",158,"Theft And Robbery"
"City of London","2026","Criminal damage and arson",90,"Criminal Damage and Arson"
"City of London","2026","Drugs",201,"Drug and Weapon Offences"
"City of London","2026","Other crime",15,"Other Crimes"
"City of London","2026","Other theft",838,"Theft And Robbery"
"City of London","2026","Possession of weapons",14,"Drug and Weapon Offences"
"City of London","2026","Public order",217,"Public Order Offences"
"City of London","2026","Robbery",84,"Theft And Robbery"
"City of London","2026","Shoplifting",531,"Theft And Robbery"
"City of London","2026","Theft from the person",443,"Theft And Robbery"
"City of London","2026","Vehicle crime",77,"Theft And Robbery"
"City of London","2026","Violence and sexual offences",430,"Violence and Sexual Offences"
"Croydon","2011","Anti-social behaviour",16686,"Public Order Offences"
"Croydon","2011","Burglary",4644,"Theft And Robbery"
"Croydon","2011","Criminal damage and arson",1035,"Criminal Damage and Arson"
"Croydon","2011","Drugs",829,"Drug and Weapon Offences"
"Croydon","2011","Other crime",10804,"Other Crimes"
"Croydon","2011","Other theft",1544,"Theft And Robbery"
"Croydon","2011","Public disorder and weapons",313,"No-category"
"Croydon","2011","Robbery",1762,"Theft And Robbery"
"Croydon","2011","Shoplifting",560,"Theft And Robbery"
"Croydon","2011","Vehicle crime",3792,"Theft And Robbery"
"Croydon","2011","Violent crime",6504,"No-category"
"Croydon","2012","Anti-social behaviour",4835,"Public Order Offences"
"Croydon","2012","Burglary",1325,"Theft And Robbery"
"Croydon","2012","Criminal damage and arson",1077,"Criminal Damage and Arson"
"Croydon","2012","Drugs",798,"Drug and Weapon Offences"
"Croydon","2012","Other crime",956,"Other Crimes"
"Croydon","2012","Other theft",1759,"Theft And Robbery"
"Croydon","2012","Public disorder and weapons",402,"No-category"
"Croydon","2012","Robbery",658,"Theft And Robbery"
"Croydon","2012","Shoplifting",554,"Theft And Robbery"
"Croydon","2012","Vehicle crime",1602,"Theft And Robbery"
"Croydon","2012","Violent crime",2122,"No-category"
"Croydon","2013","Anti-social behaviour",1795,"Public Order Offences"
"Croydon","2013","Burglary",687,"Theft And Robbery"
"Croydon","2013","Criminal damage and arson",435,"Criminal Damage and Arson"
"Croydon","2013","Drugs",360,"Drug and Weapon Offences"
"Croydon","2013","Other crime",155,"Other Crimes"
"Croydon","2013","Other theft",663,"Theft And Robbery"
"Croydon","2013","Public disorder and weapons",171,"No-category"
"Croydon","2013","Robbery",312,"Theft And Robbery"
"Croydon","2013","Shoplifting",237,"Theft And Robbery"
"Croydon","2013","Vehicle crime",600,"Theft And Robbery"
"Croydon","2013","Violent crime",923,"No-category"
"Croydon","2014","Anti-social behaviour",2051,"Public Order Offences"
"Croydon","2014","Bicycle theft",57,"Theft And Robbery"
"Croydon","2014","Burglary",838,"Theft And Robbery"
"Croydon","2014","Criminal damage and arson",678,"Criminal Damage and Arson"
"Croydon","2014","Drugs",481,"Drug and Weapon Offences"
"Croydon","2014","Other crime",58,"Other Crimes"
"Croydon","2014","Other theft",984,"Theft And Robbery"
"Croydon","2014","Possession of weapons",44,"Drug and Weapon Offences"
"Croydon","2014","Public order",329,"Public Order Offences"
"Croydon","2014","Robbery",248,"Theft And Robbery"
"Croydon","2014","Shoplifting",509,"Theft And Robbery"
"Croydon","2014","Theft from the person",147,"Theft And Robbery"
"Croydon","2014","Vehicle crime",703,"Theft And Robbery"
"Croydon","2014","Violence and sexual offences",1882,"Violence and Sexual Offences"
"Croydon","2015","Anti-social behaviour",4276,"Public Order Offences"
"Croydon","2015","Bicycle theft",140,"Theft And Robbery"
"Croydon","2015","Burglary",1291,"Theft And Robbery"
"Croydon","2015","Criminal damage and arson",1503,"Criminal Damage and Arson"
"Croydon","2015","Drugs",737,"Drug and Weapon Offences"
"Croydon","2015","Other crime",180,"Other Crimes"
"Croydon","2015","Other theft",1824,"Theft And Robbery"
"Croydon","2015","Possession of weapons",72,"Drug and Weapon Offences"
"Croydon","2015","Public order",858,"Public Order Offences"
"Croydon","2015","Robbery",294,"Theft And Robbery"
"Croydon","2015","Shoplifting",967,"Theft And Robbery"
"Croydon","2015","Theft from the person",263,"Theft And Robbery"
"Croydon","2015","Vehicle crime",1557,"Theft And Robbery"
"Croydon","2015","Violence and sexual offences",4308,"Violence and Sexual Offences"
"Croydon","2016","Anti-social behaviour",9076,"Public Order Offences"
"Croydon","2016","Bicycle theft",265,"Theft And Robbery"
"Croydon","2016","Burglary",2721,"Theft And Robbery"
"Croydon","2016","Criminal damage and arson",3105,"Criminal Damage and Arson"
"Croydon","2016","Drugs",1203,"Drug and Weapon Offences"
"Croydon","2016","Other crime",411,"Other Crimes"
"Croydon","2016","Other theft",3275,"Theft And Robbery"
"Croydon","2016","Possession of weapons",201,"Drug and Weapon Offences"
"Croydon","2016","Public order",1778,"Public Order Offences"
"Croydon","2016","Robbery",1120,"Theft And Robbery"
"Croydon","2016","Shoplifting",1808,"Theft And Robbery"
"Croydon","2016","Theft from the person",613,"Theft And Robbery"
"Croydon","2016","Vehicle crime",3259,"Theft And Robbery"
"Croydon","2016","Violence and sexual offences",9235,"Violence and Sexual Offences"
"Croydon","2017","Anti-social behaviour",8353,"Public Order Offences"
"Croydon","2017","Bicycle theft",331,"Theft And Robbery"
"Croydon","2017","Burglary",2667,"Theft And Robbery"
"Croydon","2017","Criminal damage and arson",3005,"Criminal Damage and Arson"
"Croydon","2017","Drugs",1464,"Drug and Weapon Offences"
"Croydon","2017","Other crime",359,"Other Crimes"
"Croydon","2017","Other theft",3199,"Theft And Robbery"
"Croydon","2017","Possession of weapons",359,"Drug and Weapon Offences"
"Croydon","2017","Public order",1909,"Public Order Offences"
"Croydon","2017","Robbery",1151,"Theft And Robbery"
"Croydon","2017","Shoplifting",1590,"Theft And Robbery"
"Croydon","2017","Theft from the person",471,"Theft And Robbery"
"Croydon","2017","Vehicle crime",3521,"Theft And Robbery"
"Croydon","2017","Violence and sexual offences",9280,"Violence and Sexual Offences"
"Croydon","2018","Anti-social behaviour",7776,"Public Order Offences"
"Croydon","2018","Bicycle theft",248,"Theft And Robbery"
"Croydon","2018","Burglary",2794,"Theft And Robbery"
"Croydon","2018","Criminal damage and arson",2529,"Criminal Damage and Arson"
"Croydon","2018","Drugs",1539,"Drug and Weapon Offences"
"Croydon","2018","Other crime",415,"Other Crimes"
"Croydon","2018","Other theft",3571,"Theft And Robbery"
"Croydon","2018","Possession of weapons",329,"Drug and Weapon Offences"
"Croydon","2018","Public order",1716,"Public Order Offences"
"Croydon","2018","Robbery",1069,"Theft And Robbery"
"Croydon","2018","Shoplifting",1375,"Theft And Robbery"
"Croydon","2018","Theft from the person",556,"Theft And Robbery"
"Croydon","2018","Vehicle crime",4129,"Theft And Robbery"
"Croydon","2018","Violence and sexual offences",9718,"Violence and Sexual Offences"
"Croydon","2019","Anti-social behaviour",8581,"Public Order Offences"
"Croydon","2019","Bicycle theft",214,"Theft And Robbery"
"Croydon","2019","Burglary",2754,"Theft And Robbery"
"Croydon","2019","Criminal damage and arson",2273,"Criminal Damage and Arson"
"Croydon","2019","Drugs",2233,"Drug and Weapon Offences"
"Croydon","2019","Other crime",412,"Other Crimes"
"Croydon","2019","Other theft",3147,"Theft And Robbery"
"Croydon","2019","Possession of weapons",333,"Drug and Weapon Offences"
"Croydon","2019","Public order",1925,"Public Order Offences"
"Croydon","2019","Robbery",1086,"Theft And Robbery"
"Croydon","2019","Shoplifting",1568,"Theft And Robbery"
"Croydon","2019","Theft from the person",532,"Theft And Robbery"
"Croydon","2019","Vehicle crime",4617,"Theft And Robbery"
"Croydon","2019","Violence and sexual offences",9818,"Violence and Sexual Offences"
"Croydon","2020","Anti-social behaviour",15356,"Public Order Offences"
"Croydon","2020","Bicycle theft",255,"Theft And Robbery"
"Croydon","2020","Burglary",2333,"Theft And Robbery"
"Croydon","2020","Criminal damage and arson",2449,"Criminal Damage and Arson"
"Croydon","2020","Drugs",2552,"Drug and Weapon Offences"
"Croydon","2020","Other crime",446,"Other Crimes"
"Croydon","2020","Other theft",2652,"Theft And Robbery"
"Croydon","2020","Possession of weapons",317,"Drug and Weapon Offences"
"Croydon","2020","Public order",2190,"Public Order Offences"
"Croydon","2020","Robbery",916,"Theft And Robbery"
"Croydon","2020","Shoplifting",1212,"Theft And Robbery"
"Croydon","2020","Theft from the person",415,"Theft And Robbery"
"Croydon","2020","Vehicle crime",4921,"Theft And Robbery"
"Croydon","2020","Violence and sexual offences",10901,"Violence and Sexual Offences"
"Croydon","2021","Anti-social behaviour",11447,"Public Order Offences"
"Croydon","2021","Bicycle theft",185,"Theft And Robbery"
"Croydon","2021","Burglary",2023,"Theft And Robbery"
"Croydon","2021","Criminal damage and arson",2548,"Criminal Damage and Arson"
"Croydon","2021","Drugs",2075,"Drug and Weapon Offences"
"Croydon","2021","Other crime",486,"Other Crimes"
"Croydon","2021","Other theft",3226,"Theft And Robbery"
"Croydon","2021","Possession of weapons",248,"Drug and Weapon Offences"
"Croydon","2021","Public order",2409,"Public Order Offences"
"Croydon","2021","Robbery",795,"Theft And Robbery"
"Croydon","2021","Shoplifting",1272,"Theft And Robbery"
"Croydon","2021","Theft from the person",524,"Theft And Robbery"
"Croydon","2021","Vehicle crime",4094,"Theft And Robbery"
"Croydon","2021","Violence and sexual offences",11371,"Violence and Sexual Offences"
"Croydon","2022","Anti-social behaviour",9817,"Public Order Offences"
"Croydon","2022","Bicycle theft",185,"Theft And Robbery"
"Croydon","2022","Burglary",2118,"Theft And Robbery"
"Croydon","2022","Criminal damage and arson",2434,"Criminal Damage and Arson"
"Croydon","2022","Drugs",1873,"Drug and Weapon Offences"
"Croydon","2022","Other crime",443,"Other Crimes"
"Croydon","2022","Other theft",3674,"Theft And Robbery"
"Croydon","2022","Possession of weapons",263,"Drug and Weapon Offences"
"Croydon","2022","Public order",2233,"Public Order Offences"
"Croydon","2022","Robbery",1123,"Theft And Robbery"
"Croydon","2022","Shoplifting",1552,"Theft And Robbery"
"Croydon","2022","Theft from the person",642,"Theft And Robbery"
"Croydon","2022","Vehicle crime",4459,"Theft And Robbery"
"Croydon","2022","Violence and sexual offences",11483,"Violence and Sexual Offences"
"Croydon","2023","Anti-social behaviour",8050,"Public Order Offences"
"Croydon","2023","Bicycle theft",168,"Theft And Robbery"
"Croydon","2023","Burglary",1783,"Theft And Robbery"
"Croydon","2023","Criminal damage and arson",2788,"Criminal Damage and Arson"
"Croydon","2023","Drugs",1656,"Drug and Weapon Offences"
"Croydon","2023","Other crime",423,"Other Crimes"
"Croydon","2023","Other theft",3364,"Theft And Robbery"
"Croydon","2023","Possession of weapons",270,"Drug and Weapon Offences"
"Croydon","2023","Public order",2215,"Public Order Offences"
"Croydon","2023","Robbery",1372,"Theft And Robbery"
"Croydon","2023","Shoplifting",2570,"Theft And Robbery"
"Croydon","2023","Theft from the person",683,"Theft And Robbery"
"Croydon","2023","Vehicle crime",3801,"Theft And Robbery"
"Croydon","2023","Violence and sexual offences",11710,"Violence and Sexual Offences"
"Croydon","2024","Anti-social behaviour",8690,"Public Order Offences"
"Croydon","2024","Bicycle theft",186,"Theft And Robbery"
"Croydon","2024","Burglary",1925,"Theft And Robbery"
"Croydon","2024","Criminal damage and arson",2742,"Criminal Damage and Arson"
"Croydon","2024","Drugs",1830,"Drug and Weapon Offences"
"Croydon","2024","Other crime",516,"Other Crimes"
"Croydon","2024","Other theft",2898,"Theft And Robbery"
"Croydon","2024","Possession of weapons",240,"Drug and Weapon Offences"
"Croydon","2024","Public order",2250,"Public Order Offences"
"Croydon","2024","Robbery",1335,"Theft And Robbery"
"Croydon","2024","Shoplifting",3956,"Theft And Robbery"
"Croydon","2024","Theft from the person",832,"Theft And Robbery"
"Croydon","2024","Vehicle crime",3912,"Theft And Robbery"
"Croydon","2024","Violence and sexual offences",12183,"Violence and Sexual Offences"
"Croydon","2025","Anti-social behaviour",8913,"Public Order Offences"
"Croydon","2025","Bicycle theft",201,"Theft And Robbery"
"Croydon","2025","Burglary",1790,"Theft And Robbery"
"Croydon","2025","Criminal damage and arson",2538,"Criminal Damage and Arson"
"Croydon","2025","Drugs",2377,"Drug and Weapon Offences"
"Croydon","2025","Other crime",545,"Other Crimes"
"Croydon","2025","Other theft",2659,"Theft And Robbery"
"Croydon","2025","Possession of weapons",252,"Drug and Weapon Offences"
"Croydon","2025","Public order",2434,"Public Order Offences"
"Croydon","2025","Robbery",1064,"Theft And Robbery"
"Croydon","2025","Shoplifting",3092,"Theft And Robbery"
"Croydon","2025","Theft from the person",816,"Theft And Robbery"
"Croydon","2025","Vehicle crime",3483,"Theft And Robbery"
"Croydon","2025","Violence and sexual offences",12419,"Violence and Sexual Offences"
"Croydon","2026","Anti-social behaviour",2674,"Public Order Offences"
"Croydon","2026","Bicycle theft",60,"Theft And Robbery"
"Croydon","2026","Burglary",572,"Theft And Robbery"
"Croydon","2026","Criminal damage and arson",839,"Criminal Damage and Arson"
"Croydon","2026","Drugs",740,"Drug and Weapon Offences"
"Croydon","2026","Other crime",188,"Other Crimes"
"Croydon","2026","Other theft",842,"Theft And Robbery"
"Croydon","2026","Possession of weapons",130,"Drug and Weapon Offences"
"Croydon","2026","Public order",740,"Public Order Offences"
"Croydon","2026","Robbery",302,"Theft And Robbery"
"Croydon","2026","Shoplifting",1189,"Theft And Robbery"
"Croydon","2026","Theft from the person",261,"Theft And Robbery"
"Croydon","2026","Vehicle crime",1149,"Theft And Robbery"
"Croydon","2026","Violence and sexual offences",4123,"Violence and Sexual Offences"
"Ealing","2011","Anti-social behaviour",18411,"Public Order Offences"
"Ealing","2011","Burglary",3851,"Theft And Robbery"
"Ealing","2011","Criminal damage and arson",863,"Criminal Damage and Arson"
"Ealing","2011","Drugs",721,"Drug and Weapon Offences"
"Ealing","2011","Other crime",11351,"Other Crimes"
"Ealing","2011","Other theft",1540,"Theft And Robbery"
"Ealing","2011","Public disorder and weapons",568,"No-category"
"Ealing","2011","Robbery",1447,"Theft And Robbery"
"Ealing","2011","Shoplifting",468,"Theft And Robbery"
"Ealing","2011","Vehicle crime",4699,"Theft And Robbery"
"Ealing","2011","Violent crime",6982,"No-category"
"Ealing","2012","Anti-social behaviour",5059,"Public Order Offences"
"Ealing","2012","Burglary",1405,"Theft And Robbery"
"Ealing","2012","Criminal damage and arson",859,"Criminal Damage and Arson"
"Ealing","2012","Drugs",673,"Drug and Weapon Offences"
"Ealing","2012","Other crime",752,"Other Crimes"
"Ealing","2012","Other theft",1828,"Theft And Robbery"
"Ealing","2012","Public disorder and weapons",465,"No-category"
"Ealing","2012","Robbery",487,"Theft And Robbery"
"Ealing","2012","Shoplifting",463,"Theft And Robbery"
"Ealing","2012","Vehicle crime",1529,"Theft And Robbery"
"Ealing","2012","Violent crime",2043,"No-category"
"Ealing","2013","Anti-social behaviour",1596,"Public Order Offences"
"Ealing","2013","Burglary",680,"Theft And Robbery"
"Ealing","2013","Criminal damage and arson",332,"Criminal Damage and Arson"
"Ealing","2013","Drugs",360,"Drug and Weapon Offences"
"Ealing","2013","Other crime",160,"Other Crimes"
"Ealing","2013","Other theft",727,"Theft And Robbery"
"Ealing","2013","Public disorder and weapons",195,"No-category"
"Ealing","2013","Robbery",165,"Theft And Robbery"
"Ealing","2013","Shoplifting",242,"Theft And Robbery"
"Ealing","2013","Vehicle crime",645,"Theft And Robbery"
"Ealing","2013","Violent crime",907,"No-category"
"Ealing","2014","Anti-social behaviour",2394,"Public Order Offences"
"Ealing","2014","Bicycle theft",147,"Theft And Robbery"
"Ealing","2014","Burglary",752,"Theft And Robbery"
"Ealing","2014","Criminal damage and arson",571,"Criminal Damage and Arson"
"Ealing","2014","Drugs",377,"Drug and Weapon Offences"
"Ealing","2014","Other crime",47,"Other Crimes"
"Ealing","2014","Other theft",831,"Theft And Robbery"
"Ealing","2014","Possession of weapons",24,"Drug and Weapon Offences"
"Ealing","2014","Public order",320,"Public Order Offences"
"Ealing","2014","Robbery",146,"Theft And Robbery"
"Ealing","2014","Shoplifting",373,"Theft And Robbery"
"Ealing","2014","Theft from the person",148,"Theft And Robbery"
"Ealing","2014","Vehicle crime",912,"Theft And Robbery"
"Ealing","2014","Violence and sexual offences",1684,"Violence and Sexual Offences"
"Ealing","2015","Anti-social behaviour",5181,"Public Order Offences"
"Ealing","2015","Bicycle theft",291,"Theft And Robbery"
"Ealing","2015","Burglary",1164,"Theft And Robbery"
"Ealing","2015","Criminal damage and arson",1237,"Criminal Damage and Arson"
"Ealing","2015","Drugs",627,"Drug and Weapon Offences"
"Ealing","2015","Other crime",150,"Other Crimes"
"Ealing","2015","Other theft",1817,"Theft And Robbery"
"Ealing","2015","Possession of weapons",56,"Drug and Weapon Offences"
"Ealing","2015","Public order",873,"Public Order Offences"
"Ealing","2015","Robbery",324,"Theft And Robbery"
"Ealing","2015","Shoplifting",793,"Theft And Robbery"
"Ealing","2015","Theft from the person",292,"Theft And Robbery"
"Ealing","2015","Vehicle crime",1712,"Theft And Robbery"
"Ealing","2015","Violence and sexual offences",3831,"Violence and Sexual Offences"
"Ealing","2016","Anti-social behaviour",10062,"Public Order Offences"
"Ealing","2016","Bicycle theft",601,"Theft And Robbery"
"Ealing","2016","Burglary",2497,"Theft And Robbery"
"Ealing","2016","Criminal damage and arson",2486,"Criminal Damage and Arson"
"Ealing","2016","Drugs",1202,"Drug and Weapon Offences"
"Ealing","2016","Other crime",379,"Other Crimes"
"Ealing","2016","Other theft",3556,"Theft And Robbery"
"Ealing","2016","Possession of weapons",146,"Drug and Weapon Offences"
"Ealing","2016","Public order",1773,"Public Order Offences"
"Ealing","2016","Robbery",656,"Theft And Robbery"
"Ealing","2016","Shoplifting",1901,"Theft And Robbery"
"Ealing","2016","Theft from the person",607,"Theft And Robbery"
"Ealing","2016","Vehicle crime",3425,"Theft And Robbery"
"Ealing","2016","Violence and sexual offences",8195,"Violence and Sexual Offences"
"Ealing","2017","Anti-social behaviour",9535,"Public Order Offences"
"Ealing","2017","Bicycle theft",653,"Theft And Robbery"
"Ealing","2017","Burglary",2577,"Theft And Robbery"
"Ealing","2017","Criminal damage and arson",2271,"Criminal Damage and Arson"
"Ealing","2017","Drugs",1192,"Drug and Weapon Offences"
"Ealing","2017","Other crime",373,"Other Crimes"
"Ealing","2017","Other theft",3389,"Theft And Robbery"
"Ealing","2017","Possession of weapons",207,"Drug and Weapon Offences"
"Ealing","2017","Public order",1925,"Public Order Offences"
"Ealing","2017","Robbery",831,"Theft And Robbery"
"Ealing","2017","Shoplifting",1664,"Theft And Robbery"
"Ealing","2017","Theft from the person",577,"Theft And Robbery"
"Ealing","2017","Vehicle crime",3753,"Theft And Robbery"
"Ealing","2017","Violence and sexual offences",8329,"Violence and Sexual Offences"
"Ealing","2018","Anti-social behaviour",9506,"Public Order Offences"
"Ealing","2018","Bicycle theft",568,"Theft And Robbery"
"Ealing","2018","Burglary",2541,"Theft And Robbery"
"Ealing","2018","Criminal damage and arson",2119,"Criminal Damage and Arson"
"Ealing","2018","Drugs",1029,"Drug and Weapon Offences"
"Ealing","2018","Other crime",289,"Other Crimes"
"Ealing","2018","Other theft",3518,"Theft And Robbery"
"Ealing","2018","Possession of weapons",183,"Drug and Weapon Offences"
"Ealing","2018","Public order",1848,"Public Order Offences"
"Ealing","2018","Robbery",839,"Theft And Robbery"
"Ealing","2018","Shoplifting",1258,"Theft And Robbery"
"Ealing","2018","Theft from the person",674,"Theft And Robbery"
"Ealing","2018","Vehicle crime",4223,"Theft And Robbery"
"Ealing","2018","Violence and sexual offences",8573,"Violence and Sexual Offences"
"Ealing","2019","Anti-social behaviour",10395,"Public Order Offences"
"Ealing","2019","Bicycle theft",485,"Theft And Robbery"
"Ealing","2019","Burglary",2860,"Theft And Robbery"
"Ealing","2019","Criminal damage and arson",2091,"Criminal Damage and Arson"
"Ealing","2019","Drugs",1500,"Drug and Weapon Offences"
"Ealing","2019","Other crime",318,"Other Crimes"
"Ealing","2019","Other theft",3216,"Theft And Robbery"
"Ealing","2019","Possession of weapons",217,"Drug and Weapon Offences"
"Ealing","2019","Public order",1860,"Public Order Offences"
"Ealing","2019","Robbery",1252,"Theft And Robbery"
"Ealing","2019","Shoplifting",1246,"Theft And Robbery"
"Ealing","2019","Theft from the person",794,"Theft And Robbery"
"Ealing","2019","Vehicle crime",4994,"Theft And Robbery"
"Ealing","2019","Violence and sexual offences",8549,"Violence and Sexual Offences"
"Ealing","2020","Anti-social behaviour",16434,"Public Order Offences"
"Ealing","2020","Bicycle theft",612,"Theft And Robbery"
"Ealing","2020","Burglary",2194,"Theft And Robbery"
"Ealing","2020","Criminal damage and arson",2038,"Criminal Damage and Arson"
"Ealing","2020","Drugs",2063,"Drug and Weapon Offences"
"Ealing","2020","Other crime",412,"Other Crimes"
"Ealing","2020","Other theft",2634,"Theft And Robbery"
"Ealing","2020","Possession of weapons",199,"Drug and Weapon Offences"
"Ealing","2020","Public order",2139,"Public Order Offences"
"Ealing","2020","Robbery",852,"Theft And Robbery"
"Ealing","2020","Shoplifting",1065,"Theft And Robbery"
"Ealing","2020","Theft from the person",456,"Theft And Robbery"
"Ealing","2020","Vehicle crime",4555,"Theft And Robbery"
"Ealing","2020","Violence and sexual offences",8993,"Violence and Sexual Offences"
"Ealing","2021","Anti-social behaviour",11904,"Public Order Offences"
"Ealing","2021","Bicycle theft",498,"Theft And Robbery"
"Ealing","2021","Burglary",1851,"Theft And Robbery"
"Ealing","2021","Criminal damage and arson",1974,"Criminal Damage and Arson"
"Ealing","2021","Drugs",1463,"Drug and Weapon Offences"
"Ealing","2021","Other crime",402,"Other Crimes"
"Ealing","2021","Other theft",2840,"Theft And Robbery"
"Ealing","2021","Possession of weapons",143,"Drug and Weapon Offences"
"Ealing","2021","Public order",2336,"Public Order Offences"
"Ealing","2021","Robbery",608,"Theft And Robbery"
"Ealing","2021","Shoplifting",907,"Theft And Robbery"
"Ealing","2021","Theft from the person",592,"Theft And Robbery"
"Ealing","2021","Vehicle crime",4438,"Theft And Robbery"
"Ealing","2021","Violence and sexual offences",9565,"Violence and Sexual Offences"
"Ealing","2022","Anti-social behaviour",10860,"Public Order Offences"
"Ealing","2022","Bicycle theft",391,"Theft And Robbery"
"Ealing","2022","Burglary",1826,"Theft And Robbery"
"Ealing","2022","Criminal damage and arson",2014,"Criminal Damage and Arson"
"Ealing","2022","Drugs",1252,"Drug and Weapon Offences"
"Ealing","2022","Other crime",338,"Other Crimes"
"Ealing","2022","Other theft",3286,"Theft And Robbery"
"Ealing","2022","Possession of weapons",133,"Drug and Weapon Offences"
"Ealing","2022","Public order",2246,"Public Order Offences"
"Ealing","2022","Robbery",673,"Theft And Robbery"
"Ealing","2022","Shoplifting",1165,"Theft And Robbery"
"Ealing","2022","Theft from the person",781,"Theft And Robbery"
"Ealing","2022","Vehicle crime",4396,"Theft And Robbery"
"Ealing","2022","Violence and sexual offences",9989,"Violence and Sexual Offences"
"Ealing","2023","Anti-social behaviour",9892,"Public Order Offences"
"Ealing","2023","Bicycle theft",415,"Theft And Robbery"
"Ealing","2023","Burglary",1961,"Theft And Robbery"
"Ealing","2023","Criminal damage and arson",2216,"Criminal Damage and Arson"
"Ealing","2023","Drugs",1224,"Drug and Weapon Offences"
"Ealing","2023","Other crime",353,"Other Crimes"
"Ealing","2023","Other theft",3629,"Theft And Robbery"
"Ealing","2023","Possession of weapons",128,"Drug and Weapon Offences"
"Ealing","2023","Public order",2270,"Public Order Offences"
"Ealing","2023","Robbery",914,"Theft And Robbery"
"Ealing","2023","Shoplifting",1867,"Theft And Robbery"
"Ealing","2023","Theft from the person",884,"Theft And Robbery"
"Ealing","2023","Vehicle crime",4761,"Theft And Robbery"
"Ealing","2023","Violence and sexual offences",10630,"Violence and Sexual Offences"
"Ealing","2024","Anti-social behaviour",10731,"Public Order Offences"
"Ealing","2024","Bicycle theft",480,"Theft And Robbery"
"Ealing","2024","Burglary",1847,"Theft And Robbery"
"Ealing","2024","Criminal damage and arson",1915,"Criminal Damage and Arson"
"Ealing","2024","Drugs",1209,"Drug and Weapon Offences"
"Ealing","2024","Other crime",402,"Other Crimes"
"Ealing","2024","Other theft",3163,"Theft And Robbery"
"Ealing","2024","Possession of weapons",147,"Drug and Weapon Offences"
"Ealing","2024","Public order",2063,"Public Order Offences"
"Ealing","2024","Robbery",1001,"Theft And Robbery"
"Ealing","2024","Shoplifting",2707,"Theft And Robbery"
"Ealing","2024","Theft from the person",1222,"Theft And Robbery"
"Ealing","2024","Vehicle crime",4494,"Theft And Robbery"
"Ealing","2024","Violence and sexual offences",10450,"Violence and Sexual Offences"
"Ealing","2025","Anti-social behaviour",11210,"Public Order Offences"
"Ealing","2025","Bicycle theft",369,"Theft And Robbery"
"Ealing","2025","Burglary",1776,"Theft And Robbery"
"Ealing","2025","Criminal damage and arson",2187,"Criminal Damage and Arson"
"Ealing","2025","Drugs",2042,"Drug and Weapon Offences"
"Ealing","2025","Other crime",394,"Other Crimes"
"Ealing","2025","Other theft",2742,"Theft And Robbery"
"Ealing","2025","Possession of weapons",211,"Drug and Weapon Offences"
"Ealing","2025","Public order",2200,"Public Order Offences"
"Ealing","2025","Robbery",862,"Theft And Robbery"
"Ealing","2025","Shoplifting",2888,"Theft And Robbery"
"Ealing","2025","Theft from the person",1258,"Theft And Robbery"
"Ealing","2025","Vehicle crime",4206,"Theft And Robbery"
"Ealing","2025","Violence and sexual offences",11129,"Violence and Sexual Offences"
"Ealing","2026","Anti-social behaviour",3539,"Public Order Offences"
"Ealing","2026","Bicycle theft",91,"Theft And Robbery"
"Ealing","2026","Burglary",626,"Theft And Robbery"
"Ealing","2026","Criminal damage and arson",695,"Criminal Damage and Arson"
"Ealing","2026","Drugs",510,"Drug and Weapon Offences"
"Ealing","2026","Other crime",139,"Other Crimes"
"Ealing","2026","Other theft",863,"Theft And Robbery"
"Ealing","2026","Possession of weapons",82,"Drug and Weapon Offences"
"Ealing","2026","Public order",752,"Public Order Offences"
"Ealing","2026","Robbery",314,"Theft And Robbery"
"Ealing","2026","Shoplifting",792,"Theft And Robbery"
"Ealing","2026","Theft from the person",486,"Theft And Robbery"
"Ealing","2026","Vehicle crime",1418,"Theft And Robbery"
"Ealing","2026","Violence and sexual offences",3605,"Violence and Sexual Offences"
"Enfield","2011","Anti-social behaviour",15260,"Public Order Offences"
"Enfield","2011","Burglary",3717,"Theft And Robbery"
"Enfield","2011","Criminal damage and arson",788,"Criminal Damage and Arson"
"Enfield","2011","Drugs",404,"Drug and Weapon Offences"
"Enfield","2011","Other crime",7601,"Other Crimes"
"Enfield","2011","Other theft",833,"Theft And Robbery"
"Enfield","2011","Public disorder and weapons",243,"No-category"
"Enfield","2011","Robbery",1136,"Theft And Robbery"
"Enfield","2011","Shoplifting",238,"Theft And Robbery"
"Enfield","2011","Vehicle crime",4088,"Theft And Robbery"
"Enfield","2011","Violent crime",4239,"No-category"
"Enfield","2012","Anti-social behaviour",4173,"Public Order Offences"
"Enfield","2012","Burglary",1272,"Theft And Robbery"
"Enfield","2012","Criminal damage and arson",735,"Criminal Damage and Arson"
"Enfield","2012","Drugs",361,"Drug and Weapon Offences"
"Enfield","2012","Other crime",486,"Other Crimes"
"Enfield","2012","Other theft",1041,"Theft And Robbery"
"Enfield","2012","Public disorder and weapons",221,"No-category"
"Enfield","2012","Robbery",419,"Theft And Robbery"
"Enfield","2012","Shoplifting",297,"Theft And Robbery"
"Enfield","2012","Vehicle crime",1468,"Theft And Robbery"
"Enfield","2012","Violent crime",1369,"No-category"
"Enfield","2013","Anti-social behaviour",1480,"Public Order Offences"
"Enfield","2013","Burglary",608,"Theft And Robbery"
"Enfield","2013","Criminal damage and arson",303,"Criminal Damage and Arson"
"Enfield","2013","Drugs",230,"Drug and Weapon Offences"
"Enfield","2013","Other crime",106,"Other Crimes"
"Enfield","2013","Other theft",496,"Theft And Robbery"
"Enfield","2013","Public disorder and weapons",112,"No-category"
"Enfield","2013","Robbery",136,"Theft And Robbery"
"Enfield","2013","Shoplifting",146,"Theft And Robbery"
"Enfield","2013","Vehicle crime",681,"Theft And Robbery"
"Enfield","2013","Violent crime",682,"No-category"
"Enfield","2014","Anti-social behaviour",1893,"Public Order Offences"
"Enfield","2014","Bicycle theft",52,"Theft And Robbery"
"Enfield","2014","Burglary",801,"Theft And Robbery"
"Enfield","2014","Criminal damage and arson",491,"Criminal Damage and Arson"
"Enfield","2014","Drugs",346,"Drug and Weapon Offences"
"Enfield","2014","Other crime",62,"Other Crimes"
"Enfield","2014","Other theft",792,"Theft And Robbery"
"Enfield","2014","Possession of weapons",46,"Drug and Weapon Offences"
"Enfield","2014","Public order",267,"Public Order Offences"
"Enfield","2014","Robbery",151,"Theft And Robbery"
"Enfield","2014","Shoplifting",246,"Theft And Robbery"
"Enfield","2014","Theft from the person",118,"Theft And Robbery"
"Enfield","2014","Vehicle crime",769,"Theft And Robbery"
"Enfield","2014","Violence and sexual offences",1372,"Violence and Sexual Offences"
"Enfield","2015","Anti-social behaviour",3785,"Public Order Offences"
"Enfield","2015","Bicycle theft",132,"Theft And Robbery"
"Enfield","2015","Burglary",1263,"Theft And Robbery"
"Enfield","2015","Criminal damage and arson",1014,"Criminal Damage and Arson"
"Enfield","2015","Drugs",479,"Drug and Weapon Offences"
"Enfield","2015","Other crime",151,"Other Crimes"
"Enfield","2015","Other theft",1460,"Theft And Robbery"
"Enfield","2015","Possession of weapons",59,"Drug and Weapon Offences"
"Enfield","2015","Public order",553,"Public Order Offences"
"Enfield","2015","Robbery",438,"Theft And Robbery"
"Enfield","2015","Shoplifting",491,"Theft And Robbery"
"Enfield","2015","Theft from the person",219,"Theft And Robbery"
"Enfield","2015","Vehicle crime",1603,"Theft And Robbery"
"Enfield","2015","Violence and sexual offences",2928,"Violence and Sexual Offences"
"Enfield","2016","Anti-social behaviour",8093,"Public Order Offences"
"Enfield","2016","Bicycle theft",256,"Theft And Robbery"
"Enfield","2016","Burglary",2552,"Theft And Robbery"
"Enfield","2016","Criminal damage and arson",2065,"Criminal Damage and Arson"
"Enfield","2016","Drugs",921,"Drug and Weapon Offences"
"Enfield","2016","Other crime",280,"Other Crimes"
"Enfield","2016","Other theft",2874,"Theft And Robbery"
"Enfield","2016","Possession of weapons",165,"Drug and Weapon Offences"
"Enfield","2016","Public order",1226,"Public Order Offences"
"Enfield","2016","Robbery",808,"Theft And Robbery"
"Enfield","2016","Shoplifting",1186,"Theft And Robbery"
"Enfield","2016","Theft from the person",527,"Theft And Robbery"
"Enfield","2016","Vehicle crime",3273,"Theft And Robbery"
"Enfield","2016","Violence and sexual offences",6639,"Violence and Sexual Offences"
"Enfield","2017","Anti-social behaviour",7866,"Public Order Offences"
"Enfield","2017","Bicycle theft",293,"Theft And Robbery"
"Enfield","2017","Burglary",2630,"Theft And Robbery"
"Enfield","2017","Criminal damage and arson",2102,"Criminal Damage and Arson"
"Enfield","2017","Drugs",919,"Drug and Weapon Offences"
"Enfield","2017","Other crime",298,"Other Crimes"
"Enfield","2017","Other theft",2950,"Theft And Robbery"
"Enfield","2017","Possession of weapons",218,"Drug and Weapon Offences"
"Enfield","2017","Public order",1231,"Public Order Offences"
"Enfield","2017","Robbery",973,"Theft And Robbery"
"Enfield","2017","Shoplifting",1464,"Theft And Robbery"
"Enfield","2017","Theft from the person",559,"Theft And Robbery"
"Enfield","2017","Vehicle crime",3987,"Theft And Robbery"
"Enfield","2017","Violence and sexual offences",6913,"Violence and Sexual Offences"
"Enfield","2018","Anti-social behaviour",8075,"Public Order Offences"
"Enfield","2018","Bicycle theft",186,"Theft And Robbery"
"Enfield","2018","Burglary",2993,"Theft And Robbery"
"Enfield","2018","Criminal damage and arson",2114,"Criminal Damage and Arson"
"Enfield","2018","Drugs",843,"Drug and Weapon Offences"
"Enfield","2018","Other crime",392,"Other Crimes"
"Enfield","2018","Other theft",3017,"Theft And Robbery"
"Enfield","2018","Possession of weapons",214,"Drug and Weapon Offences"
"Enfield","2018","Public order",1365,"Public Order Offences"
"Enfield","2018","Robbery",1229,"Theft And Robbery"
"Enfield","2018","Shoplifting",1314,"Theft And Robbery"
"Enfield","2018","Theft from the person",658,"Theft And Robbery"
"Enfield","2018","Vehicle crime",5594,"Theft And Robbery"
"Enfield","2018","Violence and sexual offences",7447,"Violence and Sexual Offences"
"Enfield","2019","Anti-social behaviour",8299,"Public Order Offences"
"Enfield","2019","Bicycle theft",237,"Theft And Robbery"
"Enfield","2019","Burglary",3148,"Theft And Robbery"
"Enfield","2019","Criminal damage and arson",1928,"Criminal Damage and Arson"
"Enfield","2019","Drugs",967,"Drug and Weapon Offences"
"Enfield","2019","Other crime",345,"Other Crimes"
"Enfield","2019","Other theft",2912,"Theft And Robbery"
"Enfield","2019","Possession of weapons",242,"Drug and Weapon Offences"
"Enfield","2019","Public order",1412,"Public Order Offences"
"Enfield","2019","Robbery",1645,"Theft And Robbery"
"Enfield","2019","Shoplifting",1037,"Theft And Robbery"
"Enfield","2019","Theft from the person",731,"Theft And Robbery"
"Enfield","2019","Vehicle crime",5592,"Theft And Robbery"
"Enfield","2019","Violence and sexual offences",8070,"Violence and Sexual Offences"
"Enfield","2020","Anti-social behaviour",14775,"Public Order Offences"
"Enfield","2020","Bicycle theft",250,"Theft And Robbery"
"Enfield","2020","Burglary",2446,"Theft And Robbery"
"Enfield","2020","Criminal damage and arson",1824,"Criminal Damage and Arson"
"Enfield","2020","Drugs",1413,"Drug and Weapon Offences"
"Enfield","2020","Other crime",396,"Other Crimes"
"Enfield","2020","Other theft",2475,"Theft And Robbery"
"Enfield","2020","Possession of weapons",206,"Drug and Weapon Offences"
"Enfield","2020","Public order",1730,"Public Order Offences"
"Enfield","2020","Robbery",1072,"Theft And Robbery"
"Enfield","2020","Shoplifting",885,"Theft And Robbery"
"Enfield","2020","Theft from the person",589,"Theft And Robbery"
"Enfield","2020","Vehicle crime",5733,"Theft And Robbery"
"Enfield","2020","Violence and sexual offences",8796,"Violence and Sexual Offences"
"Enfield","2021","Anti-social behaviour",10442,"Public Order Offences"
"Enfield","2021","Bicycle theft",207,"Theft And Robbery"
"Enfield","2021","Burglary",2124,"Theft And Robbery"
"Enfield","2021","Criminal damage and arson",1928,"Criminal Damage and Arson"
"Enfield","2021","Drugs",1078,"Drug and Weapon Offences"
"Enfield","2021","Other crime",397,"Other Crimes"
"Enfield","2021","Other theft",2808,"Theft And Robbery"
"Enfield","2021","Possession of weapons",149,"Drug and Weapon Offences"
"Enfield","2021","Public order",1878,"Public Order Offences"
"Enfield","2021","Robbery",879,"Theft And Robbery"
"Enfield","2021","Shoplifting",873,"Theft And Robbery"
"Enfield","2021","Theft from the person",709,"Theft And Robbery"
"Enfield","2021","Vehicle crime",5622,"Theft And Robbery"
"Enfield","2021","Violence and sexual offences",9345,"Violence and Sexual Offences"
"Enfield","2022","Anti-social behaviour",8870,"Public Order Offences"
"Enfield","2022","Bicycle theft",160,"Theft And Robbery"
"Enfield","2022","Burglary",2041,"Theft And Robbery"
"Enfield","2022","Criminal damage and arson",2006,"Criminal Damage and Arson"
"Enfield","2022","Drugs",1429,"Drug and Weapon Offences"
"Enfield","2022","Other crime",405,"Other Crimes"
"Enfield","2022","Other theft",3246,"Theft And Robbery"
"Enfield","2022","Possession of weapons",209,"Drug and Weapon Offences"
"Enfield","2022","Public order",1904,"Public Order Offences"
"Enfield","2022","Robbery",978,"Theft And Robbery"
"Enfield","2022","Shoplifting",1067,"Theft And Robbery"
"Enfield","2022","Theft from the person",936,"Theft And Robbery"
"Enfield","2022","Vehicle crime",5254,"Theft And Robbery"
"Enfield","2022","Violence and sexual offences",9509,"Violence and Sexual Offences"
"Enfield","2023","Anti-social behaviour",8141,"Public Order Offences"
"Enfield","2023","Bicycle theft",176,"Theft And Robbery"
"Enfield","2023","Burglary",2210,"Theft And Robbery"
"Enfield","2023","Criminal damage and arson",2091,"Criminal Damage and Arson"
"Enfield","2023","Drugs",1119,"Drug and Weapon Offences"
"Enfield","2023","Other crime",364,"Other Crimes"
"Enfield","2023","Other theft",3080,"Theft And Robbery"
"Enfield","2023","Possession of weapons",188,"Drug and Weapon Offences"
"Enfield","2023","Public order",1737,"Public Order Offences"
"Enfield","2023","Robbery",899,"Theft And Robbery"
"Enfield","2023","Shoplifting",1555,"Theft And Robbery"
"Enfield","2023","Theft from the person",893,"Theft And Robbery"
"Enfield","2023","Vehicle crime",5213,"Theft And Robbery"
"Enfield","2023","Violence and sexual offences",9627,"Violence and Sexual Offences"
"Enfield","2024","Anti-social behaviour",7900,"Public Order Offences"
"Enfield","2024","Bicycle theft",190,"Theft And Robbery"
"Enfield","2024","Burglary",2001,"Theft And Robbery"
"Enfield","2024","Criminal damage and arson",1939,"Criminal Damage and Arson"
"Enfield","2024","Drugs",1443,"Drug and Weapon Offences"
"Enfield","2024","Other crime",391,"Other Crimes"
"Enfield","2024","Other theft",2816,"Theft And Robbery"
"Enfield","2024","Possession of weapons",225,"Drug and Weapon Offences"
"Enfield","2024","Public order",1629,"Public Order Offences"
"Enfield","2024","Robbery",978,"Theft And Robbery"
"Enfield","2024","Shoplifting",2925,"Theft And Robbery"
"Enfield","2024","Theft from the person",1171,"Theft And Robbery"
"Enfield","2024","Vehicle crime",4610,"Theft And Robbery"
"Enfield","2024","Violence and sexual offences",9083,"Violence and Sexual Offences"
"Enfield","2025","Anti-social behaviour",7808,"Public Order Offences"
"Enfield","2025","Bicycle theft",177,"Theft And Robbery"
"Enfield","2025","Burglary",1854,"Theft And Robbery"
"Enfield","2025","Criminal damage and arson",1953,"Criminal Damage and Arson"
"Enfield","2025","Drugs",2008,"Drug and Weapon Offences"
"Enfield","2025","Other crime",490,"Other Crimes"
"Enfield","2025","Other theft",2581,"Theft And Robbery"
"Enfield","2025","Possession of weapons",210,"Drug and Weapon Offences"
"Enfield","2025","Public order",1637,"Public Order Offences"
"Enfield","2025","Robbery",1016,"Theft And Robbery"
"Enfield","2025","Shoplifting",2820,"Theft And Robbery"
"Enfield","2025","Theft from the person",1371,"Theft And Robbery"
"Enfield","2025","Vehicle crime",3727,"Theft And Robbery"
"Enfield","2025","Violence and sexual offences",9130,"Violence and Sexual Offences"
"Enfield","2026","Anti-social behaviour",2284,"Public Order Offences"
"Enfield","2026","Bicycle theft",59,"Theft And Robbery"
"Enfield","2026","Burglary",753,"Theft And Robbery"
"Enfield","2026","Criminal damage and arson",612,"Criminal Damage and Arson"
"Enfield","2026","Drugs",643,"Drug and Weapon Offences"
"Enfield","2026","Other crime",191,"Other Crimes"
"Enfield","2026","Other theft",847,"Theft And Robbery"
"Enfield","2026","Possession of weapons",92,"Drug and Weapon Offences"
"Enfield","2026","Public order",549,"Public Order Offences"
"Enfield","2026","Robbery",297,"Theft And Robbery"
"Enfield","2026","Shoplifting",854,"Theft And Robbery"
"Enfield","2026","Theft from the person",396,"Theft And Robbery"
"Enfield","2026","Vehicle crime",1175,"Theft And Robbery"
"Enfield","2026","Violence and sexual offences",3246,"Violence and Sexual Offences"
"Greenwich","2011","Anti-social behaviour",12607,"Public Order Offences"
"Greenwich","2011","Burglary",2542,"Theft And Robbery"
"Greenwich","2011","Criminal damage and arson",840,"Criminal Damage and Arson"
"Greenwich","2011","Drugs",339,"Drug and Weapon Offences"
"Greenwich","2011","Other crime",7983,"Other Crimes"
"Greenwich","2011","Other theft",1253,"Theft And Robbery"
"Greenwich","2011","Public disorder and weapons",368,"No-category"
"Greenwich","2011","Robbery",875,"Theft And Robbery"
"Greenwich","2011","Shoplifting",360,"Theft And Robbery"
"Greenwich","2011","Vehicle crime",2831,"Theft And Robbery"
"Greenwich","2011","Violent crime",5111,"No-category"
"Greenwich","2012","Anti-social behaviour",3539,"Public Order Offences"
"Greenwich","2012","Burglary",830,"Theft And Robbery"
"Greenwich","2012","Criminal damage and arson",770,"Criminal Damage and Arson"
"Greenwich","2012","Drugs",495,"Drug and Weapon Offences"
"Greenwich","2012","Other crime",493,"Other Crimes"
"Greenwich","2012","Other theft",1291,"Theft And Robbery"
"Greenwich","2012","Public disorder and weapons",351,"No-category"
"Greenwich","2012","Robbery",185,"Theft And Robbery"
"Greenwich","2012","Shoplifting",385,"Theft And Robbery"
"Greenwich","2012","Vehicle crime",826,"Theft And Robbery"
"Greenwich","2012","Violent crime",1654,"No-category"
"Greenwich","2013","Anti-social behaviour",1144,"Public Order Offences"
"Greenwich","2013","Burglary",413,"Theft And Robbery"
"Greenwich","2013","Criminal damage and arson",357,"Criminal Damage and Arson"
"Greenwich","2013","Drugs",172,"Drug and Weapon Offences"
"Greenwich","2013","Other crime",132,"Other Crimes"
"Greenwich","2013","Other theft",527,"Theft And Robbery"
"Greenwich","2013","Public disorder and weapons",112,"No-category"
"Greenwich","2013","Robbery",67,"Theft And Robbery"
"Greenwich","2013","Shoplifting",194,"Theft And Robbery"
"Greenwich","2013","Vehicle crime",394,"Theft And Robbery"
"Greenwich","2013","Violent crime",703,"No-category"
"Greenwich","2014","Anti-social behaviour",1442,"Public Order Offences"
"Greenwich","2014","Bicycle theft",67,"Theft And Robbery"
"Greenwich","2014","Burglary",522,"Theft And Robbery"
"Greenwich","2014","Criminal damage and arson",449,"Criminal Damage and Arson"
"Greenwich","2014","Drugs",257,"Drug and Weapon Offences"
"Greenwich","2014","Other crime",70,"Other Crimes"
"Greenwich","2014","Other theft",704,"Theft And Robbery"
"Greenwich","2014","Possession of weapons",24,"Drug and Weapon Offences"
"Greenwich","2014","Public order",278,"Public Order Offences"
"Greenwich","2014","Robbery",95,"Theft And Robbery"
"Greenwich","2014","Shoplifting",317,"Theft And Robbery"
"Greenwich","2014","Theft from the person",116,"Theft And Robbery"
"Greenwich","2014","Vehicle crime",515,"Theft And Robbery"
"Greenwich","2014","Violence and sexual offences",1384,"Violence and Sexual Offences"
"Greenwich","2015","Anti-social behaviour",3129,"Public Order Offences"
"Greenwich","2015","Bicycle theft",152,"Theft And Robbery"
"Greenwich","2015","Burglary",893,"Theft And Robbery"
"Greenwich","2015","Criminal damage and arson",1092,"Criminal Damage and Arson"
"Greenwich","2015","Drugs",357,"Drug and Weapon Offences"
"Greenwich","2015","Other crime",171,"Other Crimes"
"Greenwich","2015","Other theft",1378,"Theft And Robbery"
"Greenwich","2015","Possession of weapons",53,"Drug and Weapon Offences"
"Greenwich","2015","Public order",708,"Public Order Offences"
"Greenwich","2015","Robbery",240,"Theft And Robbery"
"Greenwich","2015","Shoplifting",674,"Theft And Robbery"
"Greenwich","2015","Theft from the person",236,"Theft And Robbery"
"Greenwich","2015","Vehicle crime",1094,"Theft And Robbery"
"Greenwich","2015","Violence and sexual offences",3188,"Violence and Sexual Offences"
"Greenwich","2016","Anti-social behaviour",6396,"Public Order Offences"
"Greenwich","2016","Bicycle theft",389,"Theft And Robbery"
"Greenwich","2016","Burglary",1778,"Theft And Robbery"
"Greenwich","2016","Criminal damage and arson",2364,"Criminal Damage and Arson"
"Greenwich","2016","Drugs",730,"Drug and Weapon Offences"
"Greenwich","2016","Other crime",390,"Other Crimes"
"Greenwich","2016","Other theft",2870,"Theft And Robbery"
"Greenwich","2016","Possession of weapons",93,"Drug and Weapon Offences"
"Greenwich","2016","Public order",1664,"Public Order Offences"
"Greenwich","2016","Robbery",485,"Theft And Robbery"
"Greenwich","2016","Shoplifting",1433,"Theft And Robbery"
"Greenwich","2016","Theft from the person",589,"Theft And Robbery"
"Greenwich","2016","Vehicle crime",2709,"Theft And Robbery"
"Greenwich","2016","Violence and sexual offences",7443,"Violence and Sexual Offences"
"Greenwich","2017","Anti-social behaviour",6141,"Public Order Offences"
"Greenwich","2017","Bicycle theft",348,"Theft And Robbery"
"Greenwich","2017","Burglary",2202,"Theft And Robbery"
"Greenwich","2017","Criminal damage and arson",2490,"Criminal Damage and Arson"
"Greenwich","2017","Drugs",860,"Drug and Weapon Offences"
"Greenwich","2017","Other crime",405,"Other Crimes"
"Greenwich","2017","Other theft",2896,"Theft And Robbery"
"Greenwich","2017","Possession of weapons",199,"Drug and Weapon Offences"
"Greenwich","2017","Public order",1693,"Public Order Offences"
"Greenwich","2017","Robbery",631,"Theft And Robbery"
"Greenwich","2017","Shoplifting",1605,"Theft And Robbery"
"Greenwich","2017","Theft from the person",563,"Theft And Robbery"
"Greenwich","2017","Vehicle crime",3116,"Theft And Robbery"
"Greenwich","2017","Violence and sexual offences",7848,"Violence and Sexual Offences"
"Greenwich","2018","Anti-social behaviour",5757,"Public Order Offences"
"Greenwich","2018","Bicycle theft",348,"Theft And Robbery"
"Greenwich","2018","Burglary",2396,"Theft And Robbery"
"Greenwich","2018","Criminal damage and arson",2084,"Criminal Damage and Arson"
"Greenwich","2018","Drugs",780,"Drug and Weapon Offences"
"Greenwich","2018","Other crime",400,"Other Crimes"
"Greenwich","2018","Other theft",2964,"Theft And Robbery"
"Greenwich","2018","Possession of weapons",180,"Drug and Weapon Offences"
"Greenwich","2018","Public order",1587,"Public Order Offences"
"Greenwich","2018","Robbery",651,"Theft And Robbery"
"Greenwich","2018","Shoplifting",1523,"Theft And Robbery"
"Greenwich","2018","Theft from the person",488,"Theft And Robbery"
"Greenwich","2018","Vehicle crime",3479,"Theft And Robbery"
"Greenwich","2018","Violence and sexual offences",8230,"Violence and Sexual Offences"
"Greenwich","2019","Anti-social behaviour",6501,"Public Order Offences"
"Greenwich","2019","Bicycle theft",310,"Theft And Robbery"
"Greenwich","2019","Burglary",2494,"Theft And Robbery"
"Greenwich","2019","Criminal damage and arson",2065,"Criminal Damage and Arson"
"Greenwich","2019","Drugs",1158,"Drug and Weapon Offences"
"Greenwich","2019","Other crime",373,"Other Crimes"
"Greenwich","2019","Other theft",2689,"Theft And Robbery"
"Greenwich","2019","Possession of weapons",210,"Drug and Weapon Offences"
"Greenwich","2019","Public order",1663,"Public Order Offences"
"Greenwich","2019","Robbery",841,"Theft And Robbery"
"Greenwich","2019","Shoplifting",1669,"Theft And Robbery"
"Greenwich","2019","Theft from the person",543,"Theft And Robbery"
"Greenwich","2019","Vehicle crime",4265,"Theft And Robbery"
"Greenwich","2019","Violence and sexual offences",8254,"Violence and Sexual Offences"
"Greenwich","2020","Anti-social behaviour",11645,"Public Order Offences"
"Greenwich","2020","Bicycle theft",440,"Theft And Robbery"
"Greenwich","2020","Burglary",1647,"Theft And Robbery"
"Greenwich","2020","Criminal damage and arson",1952,"Criminal Damage and Arson"
"Greenwich","2020","Drugs",1811,"Drug and Weapon Offences"
"Greenwich","2020","Other crime",390,"Other Crimes"
"Greenwich","2020","Other theft",2126,"Theft And Robbery"
"Greenwich","2020","Possession of weapons",213,"Drug and Weapon Offences"
"Greenwich","2020","Public order",1867,"Public Order Offences"
"Greenwich","2020","Robbery",750,"Theft And Robbery"
"Greenwich","2020","Shoplifting",1297,"Theft And Robbery"
"Greenwich","2020","Theft from the person",314,"Theft And Robbery"
"Greenwich","2020","Vehicle crime",3138,"Theft And Robbery"
"Greenwich","2020","Violence and sexual offences",8327,"Violence and Sexual Offences"
"Greenwich","2021","Anti-social behaviour",8356,"Public Order Offences"
"Greenwich","2021","Bicycle theft",543,"Theft And Robbery"
"Greenwich","2021","Burglary",1577,"Theft And Robbery"
"Greenwich","2021","Criminal damage and arson",1899,"Criminal Damage and Arson"
"Greenwich","2021","Drugs",1558,"Drug and Weapon Offences"
"Greenwich","2021","Other crime",373,"Other Crimes"
"Greenwich","2021","Other theft",2352,"Theft And Robbery"
"Greenwich","2021","Possession of weapons",195,"Drug and Weapon Offences"
"Greenwich","2021","Public order",2059,"Public Order Offences"
"Greenwich","2021","Robbery",517,"Theft And Robbery"
"Greenwich","2021","Shoplifting",1198,"Theft And Robbery"
"Greenwich","2021","Theft from the person",368,"Theft And Robbery"
"Greenwich","2021","Vehicle crime",3002,"Theft And Robbery"
"Greenwich","2021","Violence and sexual offences",8903,"Violence and Sexual Offences"
"Greenwich","2022","Anti-social behaviour",6909,"Public Order Offences"
"Greenwich","2022","Bicycle theft",396,"Theft And Robbery"
"Greenwich","2022","Burglary",1625,"Theft And Robbery"
"Greenwich","2022","Criminal damage and arson",1891,"Criminal Damage and Arson"
"Greenwich","2022","Drugs",1496,"Drug and Weapon Offences"
"Greenwich","2022","Other crime",370,"Other Crimes"
"Greenwich","2022","Other theft",2997,"Theft And Robbery"
"Greenwich","2022","Possession of weapons",190,"Drug and Weapon Offences"
"Greenwich","2022","Public order",1929,"Public Order Offences"
"Greenwich","2022","Robbery",658,"Theft And Robbery"
"Greenwich","2022","Shoplifting",1146,"Theft And Robbery"
"Greenwich","2022","Theft from the person",643,"Theft And Robbery"
"Greenwich","2022","Vehicle crime",3161,"Theft And Robbery"
"Greenwich","2022","Violence and sexual offences",9101,"Violence and Sexual Offences"
"Greenwich","2023","Anti-social behaviour",6127,"Public Order Offences"
"Greenwich","2023","Bicycle theft",249,"Theft And Robbery"
"Greenwich","2023","Burglary",1573,"Theft And Robbery"
"Greenwich","2023","Criminal damage and arson",2187,"Criminal Damage and Arson"
"Greenwich","2023","Drugs",1390,"Drug and Weapon Offences"
"Greenwich","2023","Other crime",365,"Other Crimes"
"Greenwich","2023","Other theft",3185,"Theft And Robbery"
"Greenwich","2023","Possession of weapons",183,"Drug and Weapon Offences"
"Greenwich","2023","Public order",1981,"Public Order Offences"
"Greenwich","2023","Robbery",774,"Theft And Robbery"
"Greenwich","2023","Shoplifting",1949,"Theft And Robbery"
"Greenwich","2023","Theft from the person",880,"Theft And Robbery"
"Greenwich","2023","Vehicle crime",2981,"Theft And Robbery"
"Greenwich","2023","Violence and sexual offences",9706,"Violence and Sexual Offences"
"Greenwich","2024","Anti-social behaviour",6436,"Public Order Offences"
"Greenwich","2024","Bicycle theft",359,"Theft And Robbery"
"Greenwich","2024","Burglary",1458,"Theft And Robbery"
"Greenwich","2024","Criminal damage and arson",2012,"Criminal Damage and Arson"
"Greenwich","2024","Drugs",1438,"Drug and Weapon Offences"
"Greenwich","2024","Other crime",417,"Other Crimes"
"Greenwich","2024","Other theft",2664,"Theft And Robbery"
"Greenwich","2024","Possession of weapons",178,"Drug and Weapon Offences"
"Greenwich","2024","Public order",1930,"Public Order Offences"
"Greenwich","2024","Robbery",889,"Theft And Robbery"
"Greenwich","2024","Shoplifting",2529,"Theft And Robbery"
"Greenwich","2024","Theft from the person",991,"Theft And Robbery"
"Greenwich","2024","Vehicle crime",2916,"Theft And Robbery"
"Greenwich","2024","Violence and sexual offences",9393,"Violence and Sexual Offences"
"Greenwich","2025","Anti-social behaviour",6710,"Public Order Offences"
"Greenwich","2025","Bicycle theft",275,"Theft And Robbery"
"Greenwich","2025","Burglary",1455,"Theft And Robbery"
"Greenwich","2025","Criminal damage and arson",1961,"Criminal Damage and Arson"
"Greenwich","2025","Drugs",1897,"Drug and Weapon Offences"
"Greenwich","2025","Other crime",457,"Other Crimes"
"Greenwich","2025","Other theft",2589,"Theft And Robbery"
"Greenwich","2025","Possession of weapons",207,"Drug and Weapon Offences"
"Greenwich","2025","Public order",2080,"Public Order Offences"
"Greenwich","2025","Robbery",812,"Theft And Robbery"
"Greenwich","2025","Shoplifting",2557,"Theft And Robbery"
"Greenwich","2025","Theft from the person",883,"Theft And Robbery"
"Greenwich","2025","Vehicle crime",2442,"Theft And Robbery"
"Greenwich","2025","Violence and sexual offences",9970,"Violence and Sexual Offences"
"Greenwich","2026","Anti-social behaviour",1971,"Public Order Offences"
"Greenwich","2026","Bicycle theft",62,"Theft And Robbery"
"Greenwich","2026","Burglary",422,"Theft And Robbery"
"Greenwich","2026","Criminal damage and arson",617,"Criminal Damage and Arson"
"Greenwich","2026","Drugs",540,"Drug and Weapon Offences"
"Greenwich","2026","Other crime",162,"Other Crimes"
"Greenwich","2026","Other theft",692,"Theft And Robbery"
"Greenwich","2026","Possession of weapons",64,"Drug and Weapon Offences"
"Greenwich","2026","Public order",713,"Public Order Offences"
"Greenwich","2026","Robbery",274,"Theft And Robbery"
"Greenwich","2026","Shoplifting",1011,"Theft And Robbery"
"Greenwich","2026","Theft from the person",281,"Theft And Robbery"
"Greenwich","2026","Vehicle crime",835,"Theft And Robbery"
"Greenwich","2026","Violence and sexual offences",3203,"Violence and Sexual Offences"
"Hackney","2011","Anti-social behaviour",14083,"Public Order Offences"
"Hackney","2011","Burglary",2309,"Theft And Robbery"
"Hackney","2011","Criminal damage and arson",633,"Criminal Damage and Arson"
"Hackney","2011","Drugs",796,"Drug and Weapon Offences"
"Hackney","2011","Other crime",11003,"Other Crimes"
"Hackney","2011","Other theft",2871,"Theft And Robbery"
"Hackney","2011","Public disorder and weapons",327,"No-category"
"Hackney","2011","Robbery",1138,"Theft And Robbery"
"Hackney","2011","Shoplifting",219,"Theft And Robbery"
"Hackney","2011","Vehicle crime",2839,"Theft And Robbery"
"Hackney","2011","Violent crime",5175,"No-category"
"Hackney","2012","Anti-social behaviour",3876,"Public Order Offences"
"Hackney","2012","Burglary",776,"Theft And Robbery"
"Hackney","2012","Criminal damage and arson",628,"Criminal Damage and Arson"
"Hackney","2012","Drugs",740,"Drug and Weapon Offences"
"Hackney","2012","Other crime",418,"Other Crimes"
"Hackney","2012","Other theft",3440,"Theft And Robbery"
"Hackney","2012","Public disorder and weapons",361,"No-category"
"Hackney","2012","Robbery",428,"Theft And Robbery"
"Hackney","2012","Shoplifting",224,"Theft And Robbery"
"Hackney","2012","Vehicle crime",1055,"Theft And Robbery"
"Hackney","2012","Violent crime",1808,"No-category"
"Hackney","2013","Anti-social behaviour",1593,"Public Order Offences"
"Hackney","2013","Burglary",414,"Theft And Robbery"
"Hackney","2013","Criminal damage and arson",253,"Criminal Damage and Arson"
"Hackney","2013","Drugs",290,"Drug and Weapon Offences"
"Hackney","2013","Other crime",48,"Other Crimes"
"Hackney","2013","Other theft",1425,"Theft And Robbery"
"Hackney","2013","Public disorder and weapons",155,"No-category"
"Hackney","2013","Robbery",158,"Theft And Robbery"
"Hackney","2013","Shoplifting",121,"Theft And Robbery"
"Hackney","2013","Vehicle crime",440,"Theft And Robbery"
"Hackney","2013","Violent crime",766,"No-category"
"Hackney","2014","Anti-social behaviour",2221,"Public Order Offences"
"Hackney","2014","Bicycle theft",318,"Theft And Robbery"
"Hackney","2014","Burglary",645,"Theft And Robbery"
"Hackney","2014","Criminal damage and arson",473,"Criminal Damage and Arson"
"Hackney","2014","Drugs",291,"Drug and Weapon Offences"
"Hackney","2014","Other crime",63,"Other Crimes"
"Hackney","2014","Other theft",975,"Theft And Robbery"
"Hackney","2014","Possession of weapons",28,"Drug and Weapon Offences"
"Hackney","2014","Public order",320,"Public Order Offences"
"Hackney","2014","Robbery",238,"Theft And Robbery"
"Hackney","2014","Shoplifting",195,"Theft And Robbery"
"Hackney","2014","Theft from the person",525,"Theft And Robbery"
"Hackney","2014","Vehicle crime",586,"Theft And Robbery"
"Hackney","2014","Violence and sexual offences",1547,"Violence and Sexual Offences"
"Hackney","2015","Anti-social behaviour",4530,"Public Order Offences"
"Hackney","2015","Bicycle theft",716,"Theft And Robbery"
"Hackney","2015","Burglary",1158,"Theft And Robbery"
"Hackney","2015","Criminal damage and arson",1016,"Criminal Damage and Arson"
"Hackney","2015","Drugs",560,"Drug and Weapon Offences"
"Hackney","2015","Other crime",119,"Other Crimes"
"Hackney","2015","Other theft",1993,"Theft And Robbery"
"Hackney","2015","Possession of weapons",106,"Drug and Weapon Offences"
"Hackney","2015","Public order",865,"Public Order Offences"
"Hackney","2015","Robbery",552,"Theft And Robbery"
"Hackney","2015","Shoplifting",354,"Theft And Robbery"
"Hackney","2015","Theft from the person",1334,"Theft And Robbery"
"Hackney","2015","Vehicle crime",1255,"Theft And Robbery"
"Hackney","2015","Violence and sexual offences",3645,"Violence and Sexual Offences"
"Hackney","2016","Anti-social behaviour",8704,"Public Order Offences"
"Hackney","2016","Bicycle theft",1465,"Theft And Robbery"
"Hackney","2016","Burglary",2689,"Theft And Robbery"
"Hackney","2016","Criminal damage and arson",1921,"Criminal Damage and Arson"
"Hackney","2016","Drugs",1136,"Drug and Weapon Offences"
"Hackney","2016","Other crime",243,"Other Crimes"
"Hackney","2016","Other theft",3974,"Theft And Robbery"
"Hackney","2016","Possession of weapons",190,"Drug and Weapon Offences"
"Hackney","2016","Public order",1765,"Public Order Offences"
"Hackney","2016","Robbery",1010,"Theft And Robbery"
"Hackney","2016","Shoplifting",1127,"Theft And Robbery"
"Hackney","2016","Theft from the person",2765,"Theft And Robbery"
"Hackney","2016","Vehicle crime",2502,"Theft And Robbery"
"Hackney","2016","Violence and sexual offences",7622,"Violence and Sexual Offences"
"Hackney","2017","Anti-social behaviour",8638,"Public Order Offences"
"Hackney","2017","Bicycle theft",1709,"Theft And Robbery"
"Hackney","2017","Burglary",2915,"Theft And Robbery"
"Hackney","2017","Criminal damage and arson",1940,"Criminal Damage and Arson"
"Hackney","2017","Drugs",1090,"Drug and Weapon Offences"
"Hackney","2017","Other crime",252,"Other Crimes"
"Hackney","2017","Other theft",3768,"Theft And Robbery"
"Hackney","2017","Possession of weapons",296,"Drug and Weapon Offences"
"Hackney","2017","Public order",1828,"Public Order Offences"
"Hackney","2017","Robbery",1455,"Theft And Robbery"
"Hackney","2017","Shoplifting",1106,"Theft And Robbery"
"Hackney","2017","Theft from the person",3409,"Theft And Robbery"
"Hackney","2017","Vehicle crime",3174,"Theft And Robbery"
"Hackney","2017","Violence and sexual offences",8120,"Violence and Sexual Offences"
"Hackney","2018","Anti-social behaviour",7947,"Public Order Offences"
"Hackney","2018","Bicycle theft",1668,"Theft And Robbery"
"Hackney","2018","Burglary",3209,"Theft And Robbery"
"Hackney","2018","Criminal damage and arson",1805,"Criminal Damage and Arson"
"Hackney","2018","Drugs",1334,"Drug and Weapon Offences"
"Hackney","2018","Other crime",262,"Other Crimes"
"Hackney","2018","Other theft",4096,"Theft And Robbery"
"Hackney","2018","Possession of weapons",267,"Drug and Weapon Offences"
"Hackney","2018","Public order",1668,"Public Order Offences"
"Hackney","2018","Robbery",1555,"Theft And Robbery"
"Hackney","2018","Shoplifting",870,"Theft And Robbery"
"Hackney","2018","Theft from the person",2238,"Theft And Robbery"
"Hackney","2018","Vehicle crime",3410,"Theft And Robbery"
"Hackney","2018","Violence and sexual offences",8252,"Violence and Sexual Offences"
"Hackney","2019","Anti-social behaviour",8866,"Public Order Offences"
"Hackney","2019","Bicycle theft",1548,"Theft And Robbery"
"Hackney","2019","Burglary",3248,"Theft And Robbery"
"Hackney","2019","Criminal damage and arson",1666,"Criminal Damage and Arson"
"Hackney","2019","Drugs",1553,"Drug and Weapon Offences"
"Hackney","2019","Other crime",266,"Other Crimes"
"Hackney","2019","Other theft",4345,"Theft And Robbery"
"Hackney","2019","Possession of weapons",275,"Drug and Weapon Offences"
"Hackney","2019","Public order",1829,"Public Order Offences"
"Hackney","2019","Robbery",1975,"Theft And Robbery"
"Hackney","2019","Shoplifting",890,"Theft And Robbery"
"Hackney","2019","Theft from the person",3045,"Theft And Robbery"
"Hackney","2019","Vehicle crime",3339,"Theft And Robbery"
"Hackney","2019","Violence and sexual offences",7964,"Violence and Sexual Offences"
"Hackney","2020","Anti-social behaviour",17441,"Public Order Offences"
"Hackney","2020","Bicycle theft",2285,"Theft And Robbery"
"Hackney","2020","Burglary",2552,"Theft And Robbery"
"Hackney","2020","Criminal damage and arson",1738,"Criminal Damage and Arson"
"Hackney","2020","Drugs",1489,"Drug and Weapon Offences"
"Hackney","2020","Other crime",285,"Other Crimes"
"Hackney","2020","Other theft",2989,"Theft And Robbery"
"Hackney","2020","Possession of weapons",262,"Drug and Weapon Offences"
"Hackney","2020","Public order",2117,"Public Order Offences"
"Hackney","2020","Robbery",1571,"Theft And Robbery"
"Hackney","2020","Shoplifting",745,"Theft And Robbery"
"Hackney","2020","Theft from the person",2300,"Theft And Robbery"
"Hackney","2020","Vehicle crime",3128,"Theft And Robbery"
"Hackney","2020","Violence and sexual offences",8146,"Violence and Sexual Offences"
"Hackney","2021","Anti-social behaviour",11791,"Public Order Offences"
"Hackney","2021","Bicycle theft",1579,"Theft And Robbery"
"Hackney","2021","Burglary",2452,"Theft And Robbery"
"Hackney","2021","Criminal damage and arson",1642,"Criminal Damage and Arson"
"Hackney","2021","Drugs",1448,"Drug and Weapon Offences"
"Hackney","2021","Other crime",292,"Other Crimes"
"Hackney","2021","Other theft",3162,"Theft And Robbery"
"Hackney","2021","Possession of weapons",217,"Drug and Weapon Offences"
"Hackney","2021","Public order",2176,"Public Order Offences"
"Hackney","2021","Robbery",1316,"Theft And Robbery"
"Hackney","2021","Shoplifting",736,"Theft And Robbery"
"Hackney","2021","Theft from the person",2890,"Theft And Robbery"
"Hackney","2021","Vehicle crime",3070,"Theft And Robbery"
"Hackney","2021","Violence and sexual offences",8473,"Violence and Sexual Offences"
"Hackney","2022","Anti-social behaviour",9022,"Public Order Offences"
"Hackney","2022","Bicycle theft",1401,"Theft And Robbery"
"Hackney","2022","Burglary",2146,"Theft And Robbery"
"Hackney","2022","Criminal damage and arson",1750,"Criminal Damage and Arson"
"Hackney","2022","Drugs",1481,"Drug and Weapon Offences"
"Hackney","2022","Other crime",286,"Other Crimes"
"Hackney","2022","Other theft",3923,"Theft And Robbery"
"Hackney","2022","Possession of weapons",196,"Drug and Weapon Offences"
"Hackney","2022","Public order",2075,"Public Order Offences"
"Hackney","2022","Robbery",1344,"Theft And Robbery"
"Hackney","2022","Shoplifting",777,"Theft And Robbery"
"Hackney","2022","Theft from the person",2968,"Theft And Robbery"
"Hackney","2022","Vehicle crime",3098,"Theft And Robbery"
"Hackney","2022","Violence and sexual offences",8645,"Violence and Sexual Offences"
"Hackney","2023","Anti-social behaviour",7976,"Public Order Offences"
"Hackney","2023","Bicycle theft",1391,"Theft And Robbery"
"Hackney","2023","Burglary",2433,"Theft And Robbery"
"Hackney","2023","Criminal damage and arson",1797,"Criminal Damage and Arson"
"Hackney","2023","Drugs",1140,"Drug and Weapon Offences"
"Hackney","2023","Other crime",253,"Other Crimes"
"Hackney","2023","Other theft",4207,"Theft And Robbery"
"Hackney","2023","Possession of weapons",169,"Drug and Weapon Offences"
"Hackney","2023","Public order",2156,"Public Order Offences"
"Hackney","2023","Robbery",1472,"Theft And Robbery"
"Hackney","2023","Shoplifting",1059,"Theft And Robbery"
"Hackney","2023","Theft from the person",3207,"Theft And Robbery"
"Hackney","2023","Vehicle crime",2551,"Theft And Robbery"
"Hackney","2023","Violence and sexual offences",9023,"Violence and Sexual Offences"
"Hackney","2024","Anti-social behaviour",8095,"Public Order Offences"
"Hackney","2024","Bicycle theft",1403,"Theft And Robbery"
"Hackney","2024","Burglary",2149,"Theft And Robbery"
"Hackney","2024","Criminal damage and arson",1727,"Criminal Damage and Arson"
"Hackney","2024","Drugs",1414,"Drug and Weapon Offences"
"Hackney","2024","Other crime",278,"Other Crimes"
"Hackney","2024","Other theft",3644,"Theft And Robbery"
"Hackney","2024","Possession of weapons",175,"Drug and Weapon Offences"
"Hackney","2024","Public order",2075,"Public Order Offences"
"Hackney","2024","Robbery",1711,"Theft And Robbery"
"Hackney","2024","Shoplifting",2079,"Theft And Robbery"
"Hackney","2024","Theft from the person",4750,"Theft And Robbery"
"Hackney","2024","Vehicle crime",2532,"Theft And Robbery"
"Hackney","2024","Violence and sexual offences",8506,"Violence and Sexual Offences"
"Hackney","2025","Anti-social behaviour",7975,"Public Order Offences"
"Hackney","2025","Bicycle theft",1220,"Theft And Robbery"
"Hackney","2025","Burglary",1932,"Theft And Robbery"
"Hackney","2025","Criminal damage and arson",1614,"Criminal Damage and Arson"
"Hackney","2025","Drugs",2231,"Drug and Weapon Offences"
"Hackney","2025","Other crime",342,"Other Crimes"
"Hackney","2025","Other theft",3212,"Theft And Robbery"
"Hackney","2025","Possession of weapons",252,"Drug and Weapon Offences"
"Hackney","2025","Public order",2163,"Public Order Offences"
"Hackney","2025","Robbery",1580,"Theft And Robbery"
"Hackney","2025","Shoplifting",2142,"Theft And Robbery"
"Hackney","2025","Theft from the person",4270,"Theft And Robbery"
"Hackney","2025","Vehicle crime",2030,"Theft And Robbery"
"Hackney","2025","Violence and sexual offences",8762,"Violence and Sexual Offences"
"Hackney","2026","Anti-social behaviour",2350,"Public Order Offences"
"Hackney","2026","Bicycle theft",278,"Theft And Robbery"
"Hackney","2026","Burglary",568,"Theft And Robbery"
"Hackney","2026","Criminal damage and arson",525,"Criminal Damage and Arson"
"Hackney","2026","Drugs",708,"Drug and Weapon Offences"
"Hackney","2026","Other crime",96,"Other Crimes"
"Hackney","2026","Other theft",911,"Theft And Robbery"
"Hackney","2026","Possession of weapons",89,"Drug and Weapon Offences"
"Hackney","2026","Public order",647,"Public Order Offences"
"Hackney","2026","Robbery",474,"Theft And Robbery"
"Hackney","2026","Shoplifting",747,"Theft And Robbery"
"Hackney","2026","Theft from the person",1417,"Theft And Robbery"
"Hackney","2026","Vehicle crime",575,"Theft And Robbery"
"Hackney","2026","Violence and sexual offences",2741,"Violence and Sexual Offences"
"Hammersmith and Fulham","2011","Anti-social behaviour",11215,"Public Order Offences"
"Hammersmith and Fulham","2011","Burglary",2514,"Theft And Robbery"
"Hammersmith and Fulham","2011","Criminal damage and arson",544,"Criminal Damage and Arson"
"Hammersmith and Fulham","2011","Drugs",484,"Drug and Weapon Offences"
"Hammersmith and Fulham","2011","Other crime",8483,"Other Crimes"
"Hammersmith and Fulham","2011","Other theft",1911,"Theft And Robbery"
"Hammersmith and Fulham","2011","Public disorder and weapons",413,"No-category"
"Hammersmith and Fulham","2011","Robbery",771,"Theft And Robbery"
"Hammersmith and Fulham","2011","Shoplifting",609,"Theft And Robbery"
"Hammersmith and Fulham","2011","Vehicle crime",3363,"Theft And Robbery"
"Hammersmith and Fulham","2011","Violent crime",4023,"No-category"
"Hammersmith and Fulham","2012","Anti-social behaviour",3027,"Public Order Offences"
"Hammersmith and Fulham","2012","Burglary",674,"Theft And Robbery"
"Hammersmith and Fulham","2012","Criminal damage and arson",543,"Criminal Damage and Arson"
"Hammersmith and Fulham","2012","Drugs",529,"Drug and Weapon Offences"
"Hammersmith and Fulham","2012","Other crime",457,"Other Crimes"
"Hammersmith and Fulham","2012","Other theft",1962,"Theft And Robbery"
"Hammersmith and Fulham","2012","Public disorder and weapons",366,"No-category"
"Hammersmith and Fulham","2012","Robbery",251,"Theft And Robbery"
"Hammersmith and Fulham","2012","Shoplifting",583,"Theft And Robbery"
"Hammersmith and Fulham","2012","Vehicle crime",1069,"Theft And Robbery"
"Hammersmith and Fulham","2012","Violent crime",1185,"No-category"
"Hammersmith and Fulham","2013","Anti-social behaviour",891,"Public Order Offences"
"Hammersmith and Fulham","2013","Burglary",219,"Theft And Robbery"
"Hammersmith and Fulham","2013","Criminal damage and arson",180,"Criminal Damage and Arson"
"Hammersmith and Fulham","2013","Drugs",306,"Drug and Weapon Offences"
"Hammersmith and Fulham","2013","Other crime",58,"Other Crimes"
"Hammersmith and Fulham","2013","Other theft",781,"Theft And Robbery"
"Hammersmith and Fulham","2013","Public disorder and weapons",214,"No-category"
"Hammersmith and Fulham","2013","Robbery",89,"Theft And Robbery"
"Hammersmith and Fulham","2013","Shoplifting",292,"Theft And Robbery"
"Hammersmith and Fulham","2013","Vehicle crime",348,"Theft And Robbery"
"Hammersmith and Fulham","2013","Violent crime",504,"No-category"
"Hammersmith and Fulham","2014","Anti-social behaviour",1368,"Public Order Offences"
"Hammersmith and Fulham","2014","Bicycle theft",183,"Theft And Robbery"
"Hammersmith and Fulham","2014","Burglary",364,"Theft And Robbery"
"Hammersmith and Fulham","2014","Criminal damage and arson",330,"Criminal Damage and Arson"
"Hammersmith and Fulham","2014","Drugs",433,"Drug and Weapon Offences"
"Hammersmith and Fulham","2014","Other crime",63,"Other Crimes"
"Hammersmith and Fulham","2014","Other theft",793,"Theft And Robbery"
"Hammersmith and Fulham","2014","Possession of weapons",21,"Drug and Weapon Offences"
"Hammersmith and Fulham","2014","Public order",296,"Public Order Offences"
"Hammersmith and Fulham","2014","Robbery",88,"Theft And Robbery"
"Hammersmith and Fulham","2014","Shoplifting",403,"Theft And Robbery"
"Hammersmith and Fulham","2014","Theft from the person",180,"Theft And Robbery"
"Hammersmith and Fulham","2014","Vehicle crime",632,"Theft And Robbery"
"Hammersmith and Fulham","2014","Violence and sexual offences",1007,"Violence and Sexual Offences"
"Hammersmith and Fulham","2015","Anti-social behaviour",3024,"Public Order Offences"
"Hammersmith and Fulham","2015","Bicycle theft",360,"Theft And Robbery"
"Hammersmith and Fulham","2015","Burglary",747,"Theft And Robbery"
"Hammersmith and Fulham","2015","Criminal damage and arson",737,"Criminal Damage and Arson"
"Hammersmith and Fulham","2015","Drugs",574,"Drug and Weapon Offences"
"Hammersmith and Fulham","2015","Other crime",125,"Other Crimes"
"Hammersmith and Fulham","2015","Other theft",1563,"Theft And Robbery"
"Hammersmith and Fulham","2015","Possession of weapons",38,"Drug and Weapon Offences"
"Hammersmith and Fulham","2015","Public order",710,"Public Order Offences"
"Hammersmith and Fulham","2015","Robbery",175,"Theft And Robbery"
"Hammersmith and Fulham","2015","Shoplifting",820,"Theft And Robbery"
"Hammersmith and Fulham","2015","Theft from the person",386,"Theft And Robbery"
"Hammersmith and Fulham","2015","Vehicle crime",1297,"Theft And Robbery"
"Hammersmith and Fulham","2015","Violence and sexual offences",2245,"Violence and Sexual Offences"
"Hammersmith and Fulham","2016","Anti-social behaviour",6087,"Public Order Offences"
"Hammersmith and Fulham","2016","Bicycle theft",912,"Theft And Robbery"
"Hammersmith and Fulham","2016","Burglary",1542,"Theft And Robbery"
"Hammersmith and Fulham","2016","Criminal damage and arson",1383,"Criminal Damage and Arson"
"Hammersmith and Fulham","2016","Drugs",1166,"Drug and Weapon Offences"
"Hammersmith and Fulham","2016","Other crime",296,"Other Crimes"
"Hammersmith and Fulham","2016","Other theft",2915,"Theft And Robbery"
"Hammersmith and Fulham","2016","Possession of weapons",100,"Drug and Weapon Offences"
"Hammersmith and Fulham","2016","Public order",1561,"Public Order Offences"
"Hammersmith and Fulham","2016","Robbery",403,"Theft And Robbery"
"Hammersmith and Fulham","2016","Shoplifting",1562,"Theft And Robbery"
"Hammersmith and Fulham","2016","Theft from the person",643,"Theft And Robbery"
"Hammersmith and Fulham","2016","Vehicle crime",2951,"Theft And Robbery"
"Hammersmith and Fulham","2016","Violence and sexual offences",5002,"Violence and Sexual Offences"
"Hammersmith and Fulham","2017","Anti-social behaviour",5849,"Public Order Offences"
"Hammersmith and Fulham","2017","Bicycle theft",1192,"Theft And Robbery"
"Hammersmith and Fulham","2017","Burglary",1921,"Theft And Robbery"
"Hammersmith and Fulham","2017","Criminal damage and arson",1317,"Criminal Damage and Arson"
"Hammersmith and Fulham","2017","Drugs",947,"Drug and Weapon Offences"
"Hammersmith and Fulham","2017","Other crime",275,"Other Crimes"
"Hammersmith and Fulham","2017","Other theft",2798,"Theft And Robbery"
"Hammersmith and Fulham","2017","Possession of weapons",142,"Drug and Weapon Offences"
"Hammersmith and Fulham","2017","Public order",1464,"Public Order Offences"
"Hammersmith and Fulham","2017","Robbery",552,"Theft And Robbery"
"Hammersmith and Fulham","2017","Shoplifting",1442,"Theft And Robbery"
"Hammersmith and Fulham","2017","Theft from the person",641,"Theft And Robbery"
"Hammersmith and Fulham","2017","Vehicle crime",3403,"Theft And Robbery"
"Hammersmith and Fulham","2017","Violence and sexual offences",5087,"Violence and Sexual Offences"
"Hammersmith and Fulham","2018","Anti-social behaviour",5505,"Public Order Offences"
"Hammersmith and Fulham","2018","Bicycle theft",1017,"Theft And Robbery"
"Hammersmith and Fulham","2018","Burglary",1932,"Theft And Robbery"
"Hammersmith and Fulham","2018","Criminal damage and arson",1219,"Criminal Damage and Arson"
"Hammersmith and Fulham","2018","Drugs",866,"Drug and Weapon Offences"
"Hammersmith and Fulham","2018","Other crime",236,"Other Crimes"
"Hammersmith and Fulham","2018","Other theft",3148,"Theft And Robbery"
"Hammersmith and Fulham","2018","Possession of weapons",153,"Drug and Weapon Offences"
"Hammersmith and Fulham","2018","Public order",1403,"Public Order Offences"
"Hammersmith and Fulham","2018","Robbery",759,"Theft And Robbery"
"Hammersmith and Fulham","2018","Shoplifting",1478,"Theft And Robbery"
"Hammersmith and Fulham","2018","Theft from the person",716,"Theft And Robbery"
"Hammersmith and Fulham","2018","Vehicle crime",2847,"Theft And Robbery"
"Hammersmith and Fulham","2018","Violence and sexual offences",5496,"Violence and Sexual Offences"
"Hammersmith and Fulham","2019","Anti-social behaviour",5780,"Public Order Offences"
"Hammersmith and Fulham","2019","Bicycle theft",1077,"Theft And Robbery"
"Hammersmith and Fulham","2019","Burglary",1810,"Theft And Robbery"
"Hammersmith and Fulham","2019","Criminal damage and arson",1261,"Criminal Damage and Arson"
"Hammersmith and Fulham","2019","Drugs",1022,"Drug and Weapon Offences"
"Hammersmith and Fulham","2019","Other crime",259,"Other Crimes"
"Hammersmith and Fulham","2019","Other theft",3079,"Theft And Robbery"
"Hammersmith and Fulham","2019","Possession of weapons",131,"Drug and Weapon Offences"
"Hammersmith and Fulham","2019","Public order",1493,"Public Order Offences"
"Hammersmith and Fulham","2019","Robbery",836,"Theft And Robbery"
"Hammersmith and Fulham","2019","Shoplifting",1285,"Theft And Robbery"
"Hammersmith and Fulham","2019","Theft from the person",833,"Theft And Robbery"
"Hammersmith and Fulham","2019","Vehicle crime",3035,"Theft And Robbery"
"Hammersmith and Fulham","2019","Violence and sexual offences",5374,"Violence and Sexual Offences"
"Hammersmith and Fulham","2020","Anti-social behaviour",9657,"Public Order Offences"
"Hammersmith and Fulham","2020","Bicycle theft",1150,"Theft And Robbery"
"Hammersmith and Fulham","2020","Burglary",1448,"Theft And Robbery"
"Hammersmith and Fulham","2020","Criminal damage and arson",1122,"Criminal Damage and Arson"
"Hammersmith and Fulham","2020","Drugs",1119,"Drug and Weapon Offences"
"Hammersmith and Fulham","2020","Other crime",218,"Other Crimes"
"Hammersmith and Fulham","2020","Other theft",2114,"Theft And Robbery"
"Hammersmith and Fulham","2020","Possession of weapons",108,"Drug and Weapon Offences"
"Hammersmith and Fulham","2020","Public order",1494,"Public Order Offences"
"Hammersmith and Fulham","2020","Robbery",543,"Theft And Robbery"
"Hammersmith and Fulham","2020","Shoplifting",1084,"Theft And Robbery"
"Hammersmith and Fulham","2020","Theft from the person",538,"Theft And Robbery"
"Hammersmith and Fulham","2020","Vehicle crime",2254,"Theft And Robbery"
"Hammersmith and Fulham","2020","Violence and sexual offences",5098,"Violence and Sexual Offences"
"Hammersmith and Fulham","2021","Anti-social behaviour",7499,"Public Order Offences"
"Hammersmith and Fulham","2021","Bicycle theft",1344,"Theft And Robbery"
"Hammersmith and Fulham","2021","Burglary",1370,"Theft And Robbery"
"Hammersmith and Fulham","2021","Criminal damage and arson",1224,"Criminal Damage and Arson"
"Hammersmith and Fulham","2021","Drugs",985,"Drug and Weapon Offences"
"Hammersmith and Fulham","2021","Other crime",203,"Other Crimes"
"Hammersmith and Fulham","2021","Other theft",2319,"Theft And Robbery"
"Hammersmith and Fulham","2021","Possession of weapons",92,"Drug and Weapon Offences"
"Hammersmith and Fulham","2021","Public order",1551,"Public Order Offences"
"Hammersmith and Fulham","2021","Robbery",411,"Theft And Robbery"
"Hammersmith and Fulham","2021","Shoplifting",887,"Theft And Robbery"
"Hammersmith and Fulham","2021","Theft from the person",644,"Theft And Robbery"
"Hammersmith and Fulham","2021","Vehicle crime",2356,"Theft And Robbery"
"Hammersmith and Fulham","2021","Violence and sexual offences",5467,"Violence and Sexual Offences"
"Hammersmith and Fulham","2022","Anti-social behaviour",6203,"Public Order Offences"
"Hammersmith and Fulham","2022","Bicycle theft",998,"Theft And Robbery"
"Hammersmith and Fulham","2022","Burglary",1223,"Theft And Robbery"
"Hammersmith and Fulham","2022","Criminal damage and arson",1182,"Criminal Damage and Arson"
"Hammersmith and Fulham","2022","Drugs",830,"Drug and Weapon Offences"
"Hammersmith and Fulham","2022","Other crime",169,"Other Crimes"
"Hammersmith and Fulham","2022","Other theft",2714,"Theft And Robbery"
"Hammersmith and Fulham","2022","Possession of weapons",100,"Drug and Weapon Offences"
"Hammersmith and Fulham","2022","Public order",1521,"Public Order Offences"
"Hammersmith and Fulham","2022","Robbery",481,"Theft And Robbery"
"Hammersmith and Fulham","2022","Shoplifting",1006,"Theft And Robbery"
"Hammersmith and Fulham","2022","Theft from the person",727,"Theft And Robbery"
"Hammersmith and Fulham","2022","Vehicle crime",2751,"Theft And Robbery"
"Hammersmith and Fulham","2022","Violence and sexual offences",5555,"Violence and Sexual Offences"
"Hammersmith and Fulham","2023","Anti-social behaviour",5335,"Public Order Offences"
"Hammersmith and Fulham","2023","Bicycle theft",1013,"Theft And Robbery"
"Hammersmith and Fulham","2023","Burglary",1345,"Theft And Robbery"
"Hammersmith and Fulham","2023","Criminal damage and arson",1285,"Criminal Damage and Arson"
"Hammersmith and Fulham","2023","Drugs",889,"Drug and Weapon Offences"
"Hammersmith and Fulham","2023","Other crime",202,"Other Crimes"
"Hammersmith and Fulham","2023","Other theft",3032,"Theft And Robbery"
"Hammersmith and Fulham","2023","Possession of weapons",103,"Drug and Weapon Offences"
"Hammersmith and Fulham","2023","Public order",1613,"Public Order Offences"
"Hammersmith and Fulham","2023","Robbery",648,"Theft And Robbery"
"Hammersmith and Fulham","2023","Shoplifting",1466,"Theft And Robbery"
"Hammersmith and Fulham","2023","Theft from the person",863,"Theft And Robbery"
"Hammersmith and Fulham","2023","Vehicle crime",2967,"Theft And Robbery"
"Hammersmith and Fulham","2023","Violence and sexual offences",5964,"Violence and Sexual Offences"
"Hammersmith and Fulham","2024","Anti-social behaviour",6094,"Public Order Offences"
"Hammersmith and Fulham","2024","Bicycle theft",738,"Theft And Robbery"
"Hammersmith and Fulham","2024","Burglary",1341,"Theft And Robbery"
"Hammersmith and Fulham","2024","Criminal damage and arson",1228,"Criminal Damage and Arson"
"Hammersmith and Fulham","2024","Drugs",1010,"Drug and Weapon Offences"
"Hammersmith and Fulham","2024","Other crime",228,"Other Crimes"
"Hammersmith and Fulham","2024","Other theft",2509,"Theft And Robbery"
"Hammersmith and Fulham","2024","Possession of weapons",102,"Drug and Weapon Offences"
"Hammersmith and Fulham","2024","Public order",1567,"Public Order Offences"
"Hammersmith and Fulham","2024","Robbery",603,"Theft And Robbery"
"Hammersmith and Fulham","2024","Shoplifting",2157,"Theft And Robbery"
"Hammersmith and Fulham","2024","Theft from the person",1311,"Theft And Robbery"
"Hammersmith and Fulham","2024","Vehicle crime",2030,"Theft And Robbery"
"Hammersmith and Fulham","2024","Violence and sexual offences",6051,"Violence and Sexual Offences"
"Hammersmith and Fulham","2025","Anti-social behaviour",5919,"Public Order Offences"
"Hammersmith and Fulham","2025","Bicycle theft",561,"Theft And Robbery"
"Hammersmith and Fulham","2025","Burglary",1158,"Theft And Robbery"
"Hammersmith and Fulham","2025","Criminal damage and arson",1204,"Criminal Damage and Arson"
"Hammersmith and Fulham","2025","Drugs",1368,"Drug and Weapon Offences"
"Hammersmith and Fulham","2025","Other crime",275,"Other Crimes"
"Hammersmith and Fulham","2025","Other theft",2350,"Theft And Robbery"
"Hammersmith and Fulham","2025","Possession of weapons",141,"Drug and Weapon Offences"
"Hammersmith and Fulham","2025","Public order",1578,"Public Order Offences"
"Hammersmith and Fulham","2025","Robbery",598,"Theft And Robbery"
"Hammersmith and Fulham","2025","Shoplifting",2284,"Theft And Robbery"
"Hammersmith and Fulham","2025","Theft from the person",1064,"Theft And Robbery"
"Hammersmith and Fulham","2025","Vehicle crime",1772,"Theft And Robbery"
"Hammersmith and Fulham","2025","Violence and sexual offences",6492,"Violence and Sexual Offences"
"Hammersmith and Fulham","2026","Anti-social behaviour",1867,"Public Order Offences"
"Hammersmith and Fulham","2026","Bicycle theft",131,"Theft And Robbery"
"Hammersmith and Fulham","2026","Burglary",367,"Theft And Robbery"
"Hammersmith and Fulham","2026","Criminal damage and arson",359,"Criminal Damage and Arson"
"Hammersmith and Fulham","2026","Drugs",344,"Drug and Weapon Offences"
"Hammersmith and Fulham","2026","Other crime",81,"Other Crimes"
"Hammersmith and Fulham","2026","Other theft",699,"Theft And Robbery"
"Hammersmith and Fulham","2026","Possession of weapons",45,"Drug and Weapon Offences"
"Hammersmith and Fulham","2026","Public order",536,"Public Order Offences"
"Hammersmith and Fulham","2026","Robbery",143,"Theft And Robbery"
"Hammersmith and Fulham","2026","Shoplifting",893,"Theft And Robbery"
"Hammersmith and Fulham","2026","Theft from the person",271,"Theft And Robbery"
"Hammersmith and Fulham","2026","Vehicle crime",540,"Theft And Robbery"
"Hammersmith and Fulham","2026","Violence and sexual offences",2000,"Violence and Sexual Offences"
"Haringey","2011","Anti-social behaviour",15768,"Public Order Offences"
"Haringey","2011","Burglary",3649,"Theft And Robbery"
"Haringey","2011","Criminal damage and arson",899,"Criminal Damage and Arson"
"Haringey","2011","Drugs",459,"Drug and Weapon Offences"
"Haringey","2011","Other crime",7662,"Other Crimes"
"Haringey","2011","Other theft",1524,"Theft And Robbery"
"Haringey","2011","Public disorder and weapons",272,"No-category"
"Haringey","2011","Robbery",1407,"Theft And Robbery"
"Haringey","2011","Shoplifting",310,"Theft And Robbery"
"Haringey","2011","Vehicle crime",4330,"Theft And Robbery"
"Haringey","2011","Violent crime",4629,"No-category"
"Haringey","2012","Anti-social behaviour",4085,"Public Order Offences"
"Haringey","2012","Burglary",1300,"Theft And Robbery"
"Haringey","2012","Criminal damage and arson",796,"Criminal Damage and Arson"
"Haringey","2012","Drugs",577,"Drug and Weapon Offences"
"Haringey","2012","Other crime",549,"Other Crimes"
"Haringey","2012","Other theft",1613,"Theft And Robbery"
"Haringey","2012","Public disorder and weapons",257,"No-category"
"Haringey","2012","Robbery",379,"Theft And Robbery"
"Haringey","2012","Shoplifting",309,"Theft And Robbery"
"Haringey","2012","Vehicle crime",1398,"Theft And Robbery"
"Haringey","2012","Violent crime",1574,"No-category"
"Haringey","2013","Anti-social behaviour",1340,"Public Order Offences"
"Haringey","2013","Burglary",432,"Theft And Robbery"
"Haringey","2013","Criminal damage and arson",255,"Criminal Damage and Arson"
"Haringey","2013","Drugs",168,"Drug and Weapon Offences"
"Haringey","2013","Other crime",109,"Other Crimes"
"Haringey","2013","Other theft",620,"Theft And Robbery"
"Haringey","2013","Public disorder and weapons",118,"No-category"
"Haringey","2013","Robbery",140,"Theft And Robbery"
"Haringey","2013","Shoplifting",147,"Theft And Robbery"
"Haringey","2013","Vehicle crime",549,"Theft And Robbery"
"Haringey","2013","Violent crime",663,"No-category"
"Haringey","2014","Anti-social behaviour",1993,"Public Order Offences"
"Haringey","2014","Bicycle theft",105,"Theft And Robbery"
"Haringey","2014","Burglary",740,"Theft And Robbery"
"Haringey","2014","Criminal damage and arson",529,"Criminal Damage and Arson"
"Haringey","2014","Drugs",261,"Drug and Weapon Offences"
"Haringey","2014","Other crime",48,"Other Crimes"
"Haringey","2014","Other theft",824,"Theft And Robbery"
"Haringey","2014","Possession of weapons",22,"Drug and Weapon Offences"
"Haringey","2014","Public order",274,"Public Order Offences"
"Haringey","2014","Robbery",225,"Theft And Robbery"
"Haringey","2014","Shoplifting",278,"Theft And Robbery"
"Haringey","2014","Theft from the person",269,"Theft And Robbery"
"Haringey","2014","Vehicle crime",728,"Theft And Robbery"
"Haringey","2014","Violence and sexual offences",1465,"Violence and Sexual Offences"
"Haringey","2015","Anti-social behaviour",3840,"Public Order Offences"
"Haringey","2015","Bicycle theft",303,"Theft And Robbery"
"Haringey","2015","Burglary",1271,"Theft And Robbery"
"Haringey","2015","Criminal damage and arson",1037,"Criminal Damage and Arson"
"Haringey","2015","Drugs",581,"Drug and Weapon Offences"
"Haringey","2015","Other crime",117,"Other Crimes"
"Haringey","2015","Other theft",1744,"Theft And Robbery"
"Haringey","2015","Possession of weapons",65,"Drug and Weapon Offences"
"Haringey","2015","Public order",637,"Public Order Offences"
"Haringey","2015","Robbery",617,"Theft And Robbery"
"Haringey","2015","Shoplifting",560,"Theft And Robbery"
"Haringey","2015","Theft from the person",567,"Theft And Robbery"
"Haringey","2015","Vehicle crime",1376,"Theft And Robbery"
"Haringey","2015","Violence and sexual offences",3185,"Violence and Sexual Offences"
"Haringey","2016","Anti-social behaviour",7745,"Public Order Offences"
"Haringey","2016","Bicycle theft",531,"Theft And Robbery"
"Haringey","2016","Burglary",2480,"Theft And Robbery"
"Haringey","2016","Criminal damage and arson",2171,"Criminal Damage and Arson"
"Haringey","2016","Drugs",1351,"Drug and Weapon Offences"
"Haringey","2016","Other crime",292,"Other Crimes"
"Haringey","2016","Other theft",3325,"Theft And Robbery"
"Haringey","2016","Possession of weapons",187,"Drug and Weapon Offences"
"Haringey","2016","Public order",1645,"Public Order Offences"
"Haringey","2016","Robbery",1224,"Theft And Robbery"
"Haringey","2016","Shoplifting",1547,"Theft And Robbery"
"Haringey","2016","Theft from the person",1779,"Theft And Robbery"
"Haringey","2016","Vehicle crime",3421,"Theft And Robbery"
"Haringey","2016","Violence and sexual offences",7502,"Violence and Sexual Offences"
"Haringey","2017","Anti-social behaviour",7850,"Public Order Offences"
"Haringey","2017","Bicycle theft",457,"Theft And Robbery"
"Haringey","2017","Burglary",2357,"Theft And Robbery"
"Haringey","2017","Criminal damage and arson",2070,"Criminal Damage and Arson"
"Haringey","2017","Drugs",1185,"Drug and Weapon Offences"
"Haringey","2017","Other crime",279,"Other Crimes"
"Haringey","2017","Other theft",3588,"Theft And Robbery"
"Haringey","2017","Possession of weapons",259,"Drug and Weapon Offences"
"Haringey","2017","Public order",1774,"Public Order Offences"
"Haringey","2017","Robbery",1757,"Theft And Robbery"
"Haringey","2017","Shoplifting",1428,"Theft And Robbery"
"Haringey","2017","Theft from the person",2178,"Theft And Robbery"
"Haringey","2017","Vehicle crime",4113,"Theft And Robbery"
"Haringey","2017","Violence and sexual offences",7934,"Violence and Sexual Offences"
"Haringey","2018","Anti-social behaviour",8100,"Public Order Offences"
"Haringey","2018","Bicycle theft",445,"Theft And Robbery"
"Haringey","2018","Burglary",3179,"Theft And Robbery"
"Haringey","2018","Criminal damage and arson",2008,"Criminal Damage and Arson"
"Haringey","2018","Drugs",1192,"Drug and Weapon Offences"
"Haringey","2018","Other crime",327,"Other Crimes"
"Haringey","2018","Other theft",3448,"Theft And Robbery"
"Haringey","2018","Possession of weapons",296,"Drug and Weapon Offences"
"Haringey","2018","Public order",1647,"Public Order Offences"
"Haringey","2018","Robbery",1774,"Theft And Robbery"
"Haringey","2018","Shoplifting",1232,"Theft And Robbery"
"Haringey","2018","Theft from the person",1659,"Theft And Robbery"
"Haringey","2018","Vehicle crime",4786,"Theft And Robbery"
"Haringey","2018","Violence and sexual offences",8267,"Violence and Sexual Offences"
"Haringey","2019","Anti-social behaviour",8506,"Public Order Offences"
"Haringey","2019","Bicycle theft",387,"Theft And Robbery"
"Haringey","2019","Burglary",2805,"Theft And Robbery"
"Haringey","2019","Criminal damage and arson",1734,"Criminal Damage and Arson"
"Haringey","2019","Drugs",1427,"Drug and Weapon Offences"
"Haringey","2019","Other crime",313,"Other Crimes"
"Haringey","2019","Other theft",3389,"Theft And Robbery"
"Haringey","2019","Possession of weapons",258,"Drug and Weapon Offences"
"Haringey","2019","Public order",1643,"Public Order Offences"
"Haringey","2019","Robbery",2500,"Theft And Robbery"
"Haringey","2019","Shoplifting",1327,"Theft And Robbery"
"Haringey","2019","Theft from the person",1528,"Theft And Robbery"
"Haringey","2019","Vehicle crime",4963,"Theft And Robbery"
"Haringey","2019","Violence and sexual offences",7738,"Violence and Sexual Offences"
"Haringey","2020","Anti-social behaviour",15883,"Public Order Offences"
"Haringey","2020","Bicycle theft",634,"Theft And Robbery"
"Haringey","2020","Burglary",2032,"Theft And Robbery"
"Haringey","2020","Criminal damage and arson",1765,"Criminal Damage and Arson"
"Haringey","2020","Drugs",1818,"Drug and Weapon Offences"
"Haringey","2020","Other crime",321,"Other Crimes"
"Haringey","2020","Other theft",2516,"Theft And Robbery"
"Haringey","2020","Possession of weapons",224,"Drug and Weapon Offences"
"Haringey","2020","Public order",1752,"Public Order Offences"
"Haringey","2020","Robbery",1504,"Theft And Robbery"
"Haringey","2020","Shoplifting",1222,"Theft And Robbery"
"Haringey","2020","Theft from the person",1145,"Theft And Robbery"
"Haringey","2020","Vehicle crime",4955,"Theft And Robbery"
"Haringey","2020","Violence and sexual offences",7758,"Violence and Sexual Offences"
"Haringey","2021","Anti-social behaviour",11131,"Public Order Offences"
"Haringey","2021","Bicycle theft",497,"Theft And Robbery"
"Haringey","2021","Burglary",2221,"Theft And Robbery"
"Haringey","2021","Criminal damage and arson",1688,"Criminal Damage and Arson"
"Haringey","2021","Drugs",1048,"Drug and Weapon Offences"
"Haringey","2021","Other crime",277,"Other Crimes"
"Haringey","2021","Other theft",2816,"Theft And Robbery"
"Haringey","2021","Possession of weapons",148,"Drug and Weapon Offences"
"Haringey","2021","Public order",2025,"Public Order Offences"
"Haringey","2021","Robbery",1187,"Theft And Robbery"
"Haringey","2021","Shoplifting",1041,"Theft And Robbery"
"Haringey","2021","Theft from the person",1298,"Theft And Robbery"
"Haringey","2021","Vehicle crime",5038,"Theft And Robbery"
"Haringey","2021","Violence and sexual offences",8471,"Violence and Sexual Offences"
"Haringey","2022","Anti-social behaviour",9400,"Public Order Offences"
"Haringey","2022","Bicycle theft",427,"Theft And Robbery"
"Haringey","2022","Burglary",1786,"Theft And Robbery"
"Haringey","2022","Criminal damage and arson",1634,"Criminal Damage and Arson"
"Haringey","2022","Drugs",1440,"Drug and Weapon Offences"
"Haringey","2022","Other crime",302,"Other Crimes"
"Haringey","2022","Other theft",3163,"Theft And Robbery"
"Haringey","2022","Possession of weapons",146,"Drug and Weapon Offences"
"Haringey","2022","Public order",1895,"Public Order Offences"
"Haringey","2022","Robbery",1284,"Theft And Robbery"
"Haringey","2022","Shoplifting",1022,"Theft And Robbery"
"Haringey","2022","Theft from the person",1779,"Theft And Robbery"
"Haringey","2022","Vehicle crime",4419,"Theft And Robbery"
"Haringey","2022","Violence and sexual offences",8224,"Violence and Sexual Offences"
"Haringey","2023","Anti-social behaviour",8384,"Public Order Offences"
"Haringey","2023","Bicycle theft",377,"Theft And Robbery"
"Haringey","2023","Burglary",1756,"Theft And Robbery"
"Haringey","2023","Criminal damage and arson",1805,"Criminal Damage and Arson"
"Haringey","2023","Drugs",1568,"Drug and Weapon Offences"
"Haringey","2023","Other crime",294,"Other Crimes"
"Haringey","2023","Other theft",3347,"Theft And Robbery"
"Haringey","2023","Possession of weapons",190,"Drug and Weapon Offences"
"Haringey","2023","Public order",1851,"Public Order Offences"
"Haringey","2023","Robbery",1461,"Theft And Robbery"
"Haringey","2023","Shoplifting",1759,"Theft And Robbery"
"Haringey","2023","Theft from the person",2109,"Theft And Robbery"
"Haringey","2023","Vehicle crime",4190,"Theft And Robbery"
"Haringey","2023","Violence and sexual offences",8308,"Violence and Sexual Offences"
"Haringey","2024","Anti-social behaviour",8197,"Public Order Offences"
"Haringey","2024","Bicycle theft",327,"Theft And Robbery"
"Haringey","2024","Burglary",1673,"Theft And Robbery"
"Haringey","2024","Criminal damage and arson",1688,"Criminal Damage and Arson"
"Haringey","2024","Drugs",1359,"Drug and Weapon Offences"
"Haringey","2024","Other crime",285,"Other Crimes"
"Haringey","2024","Other theft",2764,"Theft And Robbery"
"Haringey","2024","Possession of weapons",158,"Drug and Weapon Offences"
"Haringey","2024","Public order",1680,"Public Order Offences"
"Haringey","2024","Robbery",1294,"Theft And Robbery"
"Haringey","2024","Shoplifting",1843,"Theft And Robbery"
"Haringey","2024","Theft from the person",2608,"Theft And Robbery"
"Haringey","2024","Vehicle crime",3582,"Theft And Robbery"
"Haringey","2024","Violence and sexual offences",8024,"Violence and Sexual Offences"
"Haringey","2025","Anti-social behaviour",8206,"Public Order Offences"
"Haringey","2025","Bicycle theft",293,"Theft And Robbery"
"Haringey","2025","Burglary",1499,"Theft And Robbery"
"Haringey","2025","Criminal damage and arson",1689,"Criminal Damage and Arson"
"Haringey","2025","Drugs",2005,"Drug and Weapon Offences"
"Haringey","2025","Other crime",358,"Other Crimes"
"Haringey","2025","Other theft",2373,"Theft And Robbery"
"Haringey","2025","Possession of weapons",204,"Drug and Weapon Offences"
"Haringey","2025","Public order",1732,"Public Order Offences"
"Haringey","2025","Robbery",1336,"Theft And Robbery"
"Haringey","2025","Shoplifting",2461,"Theft And Robbery"
"Haringey","2025","Theft from the person",2408,"Theft And Robbery"
"Haringey","2025","Vehicle crime",3377,"Theft And Robbery"
"Haringey","2025","Violence and sexual offences",8429,"Violence and Sexual Offences"
"Haringey","2026","Anti-social behaviour",2492,"Public Order Offences"
"Haringey","2026","Bicycle theft",80,"Theft And Robbery"
"Haringey","2026","Burglary",429,"Theft And Robbery"
"Haringey","2026","Criminal damage and arson",451,"Criminal Damage and Arson"
"Haringey","2026","Drugs",446,"Drug and Weapon Offences"
"Haringey","2026","Other crime",95,"Other Crimes"
"Haringey","2026","Other theft",733,"Theft And Robbery"
"Haringey","2026","Possession of weapons",83,"Drug and Weapon Offences"
"Haringey","2026","Public order",564,"Public Order Offences"
"Haringey","2026","Robbery",339,"Theft And Robbery"
"Haringey","2026","Shoplifting",732,"Theft And Robbery"
"Haringey","2026","Theft from the person",581,"Theft And Robbery"
"Haringey","2026","Vehicle crime",861,"Theft And Robbery"
"Haringey","2026","Violence and sexual offences",2815,"Violence and Sexual Offences"
"Harrow","2011","Anti-social behaviour",7863,"Public Order Offences"
"Harrow","2011","Burglary",2567,"Theft And Robbery"
"Harrow","2011","Criminal damage and arson",470,"Criminal Damage and Arson"
"Harrow","2011","Drugs",203,"Drug and Weapon Offences"
"Harrow","2011","Other crime",4518,"Other Crimes"
"Harrow","2011","Other theft",640,"Theft And Robbery"
"Harrow","2011","Public disorder and weapons",148,"No-category"
"Harrow","2011","Robbery",628,"Theft And Robbery"
"Harrow","2011","Shoplifting",173,"Theft And Robbery"
"Harrow","2011","Vehicle crime",1803,"Theft And Robbery"
"Harrow","2011","Violent crime",2730,"No-category"
"Harrow","2012","Anti-social behaviour",2395,"Public Order Offences"
"Harrow","2012","Burglary",904,"Theft And Robbery"
"Harrow","2012","Criminal damage and arson",406,"Criminal Damage and Arson"
"Harrow","2012","Drugs",215,"Drug and Weapon Offences"
"Harrow","2012","Other crime",339,"Other Crimes"
"Harrow","2012","Other theft",660,"Theft And Robbery"
"Harrow","2012","Public disorder and weapons",142,"No-category"
"Harrow","2012","Robbery",246,"Theft And Robbery"
"Harrow","2012","Shoplifting",169,"Theft And Robbery"
"Harrow","2012","Vehicle crime",724,"Theft And Robbery"
"Harrow","2012","Violent crime",951,"No-category"
"Harrow","2013","Anti-social behaviour",827,"Public Order Offences"
"Harrow","2013","Burglary",481,"Theft And Robbery"
"Harrow","2013","Criminal damage and arson",206,"Criminal Damage and Arson"
"Harrow","2013","Drugs",75,"Drug and Weapon Offences"
"Harrow","2013","Other crime",60,"Other Crimes"
"Harrow","2013","Other theft",293,"Theft And Robbery"
"Harrow","2013","Public disorder and weapons",59,"No-category"
"Harrow","2013","Robbery",93,"Theft And Robbery"
"Harrow","2013","Shoplifting",61,"Theft And Robbery"
"Harrow","2013","Vehicle crime",361,"Theft And Robbery"
"Harrow","2013","Violent crime",374,"No-category"
"Harrow","2014","Anti-social behaviour",1246,"Public Order Offences"
"Harrow","2014","Bicycle theft",16,"Theft And Robbery"
"Harrow","2014","Burglary",452,"Theft And Robbery"
"Harrow","2014","Criminal damage and arson",264,"Criminal Damage and Arson"
"Harrow","2014","Drugs",228,"Drug and Weapon Offences"
"Harrow","2014","Other crime",23,"Other Crimes"
"Harrow","2014","Other theft",406,"Theft And Robbery"
"Harrow","2014","Possession of weapons",16,"Drug and Weapon Offences"
"Harrow","2014","Public order",125,"Public Order Offences"
"Harrow","2014","Robbery",80,"Theft And Robbery"
"Harrow","2014","Shoplifting",165,"Theft And Robbery"
"Harrow","2014","Theft from the person",84,"Theft And Robbery"
"Harrow","2014","Vehicle crime",387,"Theft And Robbery"
"Harrow","2014","Violence and sexual offences",773,"Violence and Sexual Offences"
"Harrow","2015","Anti-social behaviour",2557,"Public Order Offences"
"Harrow","2015","Bicycle theft",84,"Theft And Robbery"
"Harrow","2015","Burglary",644,"Theft And Robbery"
"Harrow","2015","Criminal damage and arson",568,"Criminal Damage and Arson"
"Harrow","2015","Drugs",273,"Drug and Weapon Offences"
"Harrow","2015","Other crime",72,"Other Crimes"
"Harrow","2015","Other theft",804,"Theft And Robbery"
"Harrow","2015","Possession of weapons",27,"Drug and Weapon Offences"
"Harrow","2015","Public order",305,"Public Order Offences"
"Harrow","2015","Robbery",148,"Theft And Robbery"
"Harrow","2015","Shoplifting",420,"Theft And Robbery"
"Harrow","2015","Theft from the person",129,"Theft And Robbery"
"Harrow","2015","Vehicle crime",713,"Theft And Robbery"
"Harrow","2015","Violence and sexual offences",1800,"Violence and Sexual Offences"
"Harrow","2016","Anti-social behaviour",4897,"Public Order Offences"
"Harrow","2016","Bicycle theft",154,"Theft And Robbery"
"Harrow","2016","Burglary",1971,"Theft And Robbery"
"Harrow","2016","Criminal damage and arson",1135,"Criminal Damage and Arson"
"Harrow","2016","Drugs",384,"Drug and Weapon Offences"
"Harrow","2016","Other crime",192,"Other Crimes"
"Harrow","2016","Other theft",1644,"Theft And Robbery"
"Harrow","2016","Possession of weapons",52,"Drug and Weapon Offences"
"Harrow","2016","Public order",593,"Public Order Offences"
"Harrow","2016","Robbery",367,"Theft And Robbery"
"Harrow","2016","Shoplifting",919,"Theft And Robbery"
"Harrow","2016","Theft from the person",367,"Theft And Robbery"
"Harrow","2016","Vehicle crime",1553,"Theft And Robbery"
"Harrow","2016","Violence and sexual offences",3916,"Violence and Sexual Offences"
"Harrow","2017","Anti-social behaviour",4569,"Public Order Offences"
"Harrow","2017","Bicycle theft",146,"Theft And Robbery"
"Harrow","2017","Burglary",2017,"Theft And Robbery"
"Harrow","2017","Criminal damage and arson",1046,"Criminal Damage and Arson"
"Harrow","2017","Drugs",435,"Drug and Weapon Offences"
"Harrow","2017","Other crime",156,"Other Crimes"
"Harrow","2017","Other theft",1510,"Theft And Robbery"
"Harrow","2017","Possession of weapons",95,"Drug and Weapon Offences"
"Harrow","2017","Public order",675,"Public Order Offences"
"Harrow","2017","Robbery",301,"Theft And Robbery"
"Harrow","2017","Shoplifting",757,"Theft And Robbery"
"Harrow","2017","Theft from the person",310,"Theft And Robbery"
"Harrow","2017","Vehicle crime",1917,"Theft And Robbery"
"Harrow","2017","Violence and sexual offences",4174,"Violence and Sexual Offences"
"Harrow","2018","Anti-social behaviour",4588,"Public Order Offences"
"Harrow","2018","Bicycle theft",164,"Theft And Robbery"
"Harrow","2018","Burglary",1933,"Theft And Robbery"
"Harrow","2018","Criminal damage and arson",1045,"Criminal Damage and Arson"
"Harrow","2018","Drugs",545,"Drug and Weapon Offences"
"Harrow","2018","Other crime",186,"Other Crimes"
"Harrow","2018","Other theft",1677,"Theft And Robbery"
"Harrow","2018","Possession of weapons",90,"Drug and Weapon Offences"
"Harrow","2018","Public order",840,"Public Order Offences"
"Harrow","2018","Robbery",354,"Theft And Robbery"
"Harrow","2018","Shoplifting",871,"Theft And Robbery"
"Harrow","2018","Theft from the person",430,"Theft And Robbery"
"Harrow","2018","Vehicle crime",2024,"Theft And Robbery"
"Harrow","2018","Violence and sexual offences",4463,"Violence and Sexual Offences"
"Harrow","2019","Anti-social behaviour",5474,"Public Order Offences"
"Harrow","2019","Bicycle theft",118,"Theft And Robbery"
"Harrow","2019","Burglary",2018,"Theft And Robbery"
"Harrow","2019","Criminal damage and arson",1036,"Criminal Damage and Arson"
"Harrow","2019","Drugs",728,"Drug and Weapon Offences"
"Harrow","2019","Other crime",170,"Other Crimes"
"Harrow","2019","Other theft",1746,"Theft And Robbery"
"Harrow","2019","Possession of weapons",93,"Drug and Weapon Offences"
"Harrow","2019","Public order",826,"Public Order Offences"
"Harrow","2019","Robbery",614,"Theft And Robbery"
"Harrow","2019","Shoplifting",900,"Theft And Robbery"
"Harrow","2019","Theft from the person",551,"Theft And Robbery"
"Harrow","2019","Vehicle crime",2638,"Theft And Robbery"
"Harrow","2019","Violence and sexual offences",4637,"Violence and Sexual Offences"
"Harrow","2020","Anti-social behaviour",8935,"Public Order Offences"
"Harrow","2020","Bicycle theft",168,"Theft And Robbery"
"Harrow","2020","Burglary",1332,"Theft And Robbery"
"Harrow","2020","Criminal damage and arson",951,"Criminal Damage and Arson"
"Harrow","2020","Drugs",997,"Drug and Weapon Offences"
"Harrow","2020","Other crime",208,"Other Crimes"
"Harrow","2020","Other theft",1309,"Theft And Robbery"
"Harrow","2020","Possession of weapons",92,"Drug and Weapon Offences"
"Harrow","2020","Public order",982,"Public Order Offences"
"Harrow","2020","Robbery",511,"Theft And Robbery"
"Harrow","2020","Shoplifting",585,"Theft And Robbery"
"Harrow","2020","Theft from the person",270,"Theft And Robbery"
"Harrow","2020","Vehicle crime",2939,"Theft And Robbery"
"Harrow","2020","Violence and sexual offences",4584,"Violence and Sexual Offences"
"Harrow","2021","Anti-social behaviour",6043,"Public Order Offences"
"Harrow","2021","Bicycle theft",220,"Theft And Robbery"
"Harrow","2021","Burglary",1059,"Theft And Robbery"
"Harrow","2021","Criminal damage and arson",929,"Criminal Damage and Arson"
"Harrow","2021","Drugs",840,"Drug and Weapon Offences"
"Harrow","2021","Other crime",190,"Other Crimes"
"Harrow","2021","Other theft",1411,"Theft And Robbery"
"Harrow","2021","Possession of weapons",72,"Drug and Weapon Offences"
"Harrow","2021","Public order",1008,"Public Order Offences"
"Harrow","2021","Robbery",293,"Theft And Robbery"
"Harrow","2021","Shoplifting",471,"Theft And Robbery"
"Harrow","2021","Theft from the person",469,"Theft And Robbery"
"Harrow","2021","Vehicle crime",2419,"Theft And Robbery"
"Harrow","2021","Violence and sexual offences",4787,"Violence and Sexual Offences"
"Harrow","2022","Anti-social behaviour",5559,"Public Order Offences"
"Harrow","2022","Bicycle theft",88,"Theft And Robbery"
"Harrow","2022","Burglary",1048,"Theft And Robbery"
"Harrow","2022","Criminal damage and arson",1013,"Criminal Damage and Arson"
"Harrow","2022","Drugs",637,"Drug and Weapon Offences"
"Harrow","2022","Other crime",218,"Other Crimes"
"Harrow","2022","Other theft",1646,"Theft And Robbery"
"Harrow","2022","Possession of weapons",69,"Drug and Weapon Offences"
"Harrow","2022","Public order",961,"Public Order Offences"
"Harrow","2022","Robbery",424,"Theft And Robbery"
"Harrow","2022","Shoplifting",607,"Theft And Robbery"
"Harrow","2022","Theft from the person",561,"Theft And Robbery"
"Harrow","2022","Vehicle crime",2370,"Theft And Robbery"
"Harrow","2022","Violence and sexual offences",5018,"Violence and Sexual Offences"
"Harrow","2023","Anti-social behaviour",4834,"Public Order Offences"
"Harrow","2023","Bicycle theft",98,"Theft And Robbery"
"Harrow","2023","Burglary",1171,"Theft And Robbery"
"Harrow","2023","Criminal damage and arson",1000,"Criminal Damage and Arson"
"Harrow","2023","Drugs",559,"Drug and Weapon Offences"
"Harrow","2023","Other crime",195,"Other Crimes"
"Harrow","2023","Other theft",1780,"Theft And Robbery"
"Harrow","2023","Possession of weapons",72,"Drug and Weapon Offences"
"Harrow","2023","Public order",1024,"Public Order Offences"
"Harrow","2023","Robbery",385,"Theft And Robbery"
"Harrow","2023","Shoplifting",923,"Theft And Robbery"
"Harrow","2023","Theft from the person",514,"Theft And Robbery"
"Harrow","2023","Vehicle crime",2442,"Theft And Robbery"
"Harrow","2023","Violence and sexual offences",4946,"Violence and Sexual Offences"
"Harrow","2024","Anti-social behaviour",5161,"Public Order Offences"
"Harrow","2024","Bicycle theft",122,"Theft And Robbery"
"Harrow","2024","Burglary",1110,"Theft And Robbery"
"Harrow","2024","Criminal damage and arson",969,"Criminal Damage and Arson"
"Harrow","2024","Drugs",594,"Drug and Weapon Offences"
"Harrow","2024","Other crime",233,"Other Crimes"
"Harrow","2024","Other theft",1609,"Theft And Robbery"
"Harrow","2024","Possession of weapons",68,"Drug and Weapon Offences"
"Harrow","2024","Public order",1037,"Public Order Offences"
"Harrow","2024","Robbery",483,"Theft And Robbery"
"Harrow","2024","Shoplifting",1798,"Theft And Robbery"
"Harrow","2024","Theft from the person",847,"Theft And Robbery"
"Harrow","2024","Vehicle crime",2050,"Theft And Robbery"
"Harrow","2024","Violence and sexual offences",5219,"Violence and Sexual Offences"
"Harrow","2025","Anti-social behaviour",5328,"Public Order Offences"
"Harrow","2025","Bicycle theft",106,"Theft And Robbery"
"Harrow","2025","Burglary",1141,"Theft And Robbery"
"Harrow","2025","Criminal damage and arson",1009,"Criminal Damage and Arson"
"Harrow","2025","Drugs",966,"Drug and Weapon Offences"
"Harrow","2025","Other crime",235,"Other Crimes"
"Harrow","2025","Other theft",1416,"Theft And Robbery"
"Harrow","2025","Possession of weapons",90,"Drug and Weapon Offences"
"Harrow","2025","Public order",962,"Public Order Offences"
"Harrow","2025","Robbery",558,"Theft And Robbery"
"Harrow","2025","Shoplifting",1560,"Theft And Robbery"
"Harrow","2025","Theft from the person",1137,"Theft And Robbery"
"Harrow","2025","Vehicle crime",1779,"Theft And Robbery"
"Harrow","2025","Violence and sexual offences",5395,"Violence and Sexual Offences"
"Harrow","2026","Anti-social behaviour",1634,"Public Order Offences"
"Harrow","2026","Bicycle theft",30,"Theft And Robbery"
"Harrow","2026","Burglary",473,"Theft And Robbery"
"Harrow","2026","Criminal damage and arson",355,"Criminal Damage and Arson"
"Harrow","2026","Drugs",285,"Drug and Weapon Offences"
"Harrow","2026","Other crime",74,"Other Crimes"
"Harrow","2026","Other theft",414,"Theft And Robbery"
"Harrow","2026","Possession of weapons",33,"Drug and Weapon Offences"
"Harrow","2026","Public order",324,"Public Order Offences"
"Harrow","2026","Robbery",160,"Theft And Robbery"
"Harrow","2026","Shoplifting",504,"Theft And Robbery"
"Harrow","2026","Theft from the person",331,"Theft And Robbery"
"Harrow","2026","Vehicle crime",638,"Theft And Robbery"
"Harrow","2026","Violence and sexual offences",1879,"Violence and Sexual Offences"
"Havering","2011","Anti-social behaviour",8626,"Public Order Offences"
"Havering","2011","Burglary",2808,"Theft And Robbery"
"Havering","2011","Criminal damage and arson",545,"Criminal Damage and Arson"
"Havering","2011","Drugs",307,"Drug and Weapon Offences"
"Havering","2011","Other crime",6072,"Other Crimes"
"Havering","2011","Other theft",801,"Theft And Robbery"
"Havering","2011","Public disorder and weapons",187,"No-category"
"Havering","2011","Robbery",485,"Theft And Robbery"
"Havering","2011","Shoplifting",390,"Theft And Robbery"
"Havering","2011","Vehicle crime",2447,"Theft And Robbery"
"Havering","2011","Violent crime",3274,"No-category"
"Havering","2012","Anti-social behaviour",2361,"Public Order Offences"
"Havering","2012","Burglary",1024,"Theft And Robbery"
"Havering","2012","Criminal damage and arson",559,"Criminal Damage and Arson"
"Havering","2012","Drugs",274,"Drug and Weapon Offences"
"Havering","2012","Other crime",339,"Other Crimes"
"Havering","2012","Other theft",844,"Theft And Robbery"
"Havering","2012","Public disorder and weapons",221,"No-category"
"Havering","2012","Robbery",155,"Theft And Robbery"
"Havering","2012","Shoplifting",326,"Theft And Robbery"
"Havering","2012","Vehicle crime",954,"Theft And Robbery"
"Havering","2012","Violent crime",984,"No-category"
"Havering","2013","Anti-social behaviour",802,"Public Order Offences"
"Havering","2013","Burglary",526,"Theft And Robbery"
"Havering","2013","Criminal damage and arson",247,"Criminal Damage and Arson"
"Havering","2013","Drugs",179,"Drug and Weapon Offences"
"Havering","2013","Other crime",96,"Other Crimes"
"Havering","2013","Other theft",367,"Theft And Robbery"
"Havering","2013","Public disorder and weapons",75,"No-category"
"Havering","2013","Robbery",64,"Theft And Robbery"
"Havering","2013","Shoplifting",173,"Theft And Robbery"
"Havering","2013","Vehicle crime",449,"Theft And Robbery"
"Havering","2013","Violent crime",434,"No-category"
"Havering","2014","Anti-social behaviour",1131,"Public Order Offences"
"Havering","2014","Bicycle theft",25,"Theft And Robbery"
"Havering","2014","Burglary",601,"Theft And Robbery"
"Havering","2014","Criminal damage and arson",385,"Criminal Damage and Arson"
"Havering","2014","Drugs",161,"Drug and Weapon Offences"
"Havering","2014","Other crime",56,"Other Crimes"
"Havering","2014","Other theft",556,"Theft And Robbery"
"Havering","2014","Possession of weapons",12,"Drug and Weapon Offences"
"Havering","2014","Public order",185,"Public Order Offences"
"Havering","2014","Robbery",59,"Theft And Robbery"
"Havering","2014","Shoplifting",260,"Theft And Robbery"
"Havering","2014","Theft from the person",83,"Theft And Robbery"
"Havering","2014","Vehicle crime",517,"Theft And Robbery"
"Havering","2014","Violence and sexual offences",892,"Violence and Sexual Offences"
"Havering","2015","Anti-social behaviour",2243,"Public Order Offences"
"Havering","2015","Bicycle theft",94,"Theft And Robbery"
"Havering","2015","Burglary",869,"Theft And Robbery"
"Havering","2015","Criminal damage and arson",758,"Criminal Damage and Arson"
"Havering","2015","Drugs",277,"Drug and Weapon Offences"
"Havering","2015","Other crime",83,"Other Crimes"
"Havering","2015","Other theft",1102,"Theft And Robbery"
"Havering","2015","Possession of weapons",29,"Drug and Weapon Offences"
"Havering","2015","Public order",426,"Public Order Offences"
"Havering","2015","Robbery",171,"Theft And Robbery"
"Havering","2015","Shoplifting",553,"Theft And Robbery"
"Havering","2015","Theft from the person",162,"Theft And Robbery"
"Havering","2015","Vehicle crime",1022,"Theft And Robbery"
"Havering","2015","Violence and sexual offences",2077,"Violence and Sexual Offences"
"Havering","2016","Anti-social behaviour",4984,"Public Order Offences"
"Havering","2016","Bicycle theft",153,"Theft And Robbery"
"Havering","2016","Burglary",1819,"Theft And Robbery"
"Havering","2016","Criminal damage and arson",1728,"Criminal Damage and Arson"
"Havering","2016","Drugs",604,"Drug and Weapon Offences"
"Havering","2016","Other crime",221,"Other Crimes"
"Havering","2016","Other theft",2191,"Theft And Robbery"
"Havering","2016","Possession of weapons",81,"Drug and Weapon Offences"
"Havering","2016","Public order",992,"Public Order Offences"
"Havering","2016","Robbery",306,"Theft And Robbery"
"Havering","2016","Shoplifting",1185,"Theft And Robbery"
"Havering","2016","Theft from the person",377,"Theft And Robbery"
"Havering","2016","Vehicle crime",2036,"Theft And Robbery"
"Havering","2016","Violence and sexual offences",5285,"Violence and Sexual Offences"
"Havering","2017","Anti-social behaviour",4748,"Public Order Offences"
"Havering","2017","Bicycle theft",191,"Theft And Robbery"
"Havering","2017","Burglary",2240,"Theft And Robbery"
"Havering","2017","Criminal damage and arson",1749,"Criminal Damage and Arson"
"Havering","2017","Drugs",432,"Drug and Weapon Offences"
"Havering","2017","Other crime",213,"Other Crimes"
"Havering","2017","Other theft",2109,"Theft And Robbery"
"Havering","2017","Possession of weapons",116,"Drug and Weapon Offences"
"Havering","2017","Public order",1043,"Public Order Offences"
"Havering","2017","Robbery",603,"Theft And Robbery"
"Havering","2017","Shoplifting",1345,"Theft And Robbery"
"Havering","2017","Theft from the person",392,"Theft And Robbery"
"Havering","2017","Vehicle crime",2566,"Theft And Robbery"
"Havering","2017","Violence and sexual offences",5352,"Violence and Sexual Offences"
"Havering","2018","Anti-social behaviour",4457,"Public Order Offences"
"Havering","2018","Bicycle theft",144,"Theft And Robbery"
"Havering","2018","Burglary",1949,"Theft And Robbery"
"Havering","2018","Criminal damage and arson",1433,"Criminal Damage and Arson"
"Havering","2018","Drugs",474,"Drug and Weapon Offences"
"Havering","2018","Other crime",219,"Other Crimes"
"Havering","2018","Other theft",2122,"Theft And Robbery"
"Havering","2018","Possession of weapons",153,"Drug and Weapon Offences"
"Havering","2018","Public order",1077,"Public Order Offences"
"Havering","2018","Robbery",671,"Theft And Robbery"
"Havering","2018","Shoplifting",1159,"Theft And Robbery"
"Havering","2018","Theft from the person",348,"Theft And Robbery"
"Havering","2018","Vehicle crime",2897,"Theft And Robbery"
"Havering","2018","Violence and sexual offences",5665,"Violence and Sexual Offences"
"Havering","2019","Anti-social behaviour",4638,"Public Order Offences"
"Havering","2019","Bicycle theft",145,"Theft And Robbery"
"Havering","2019","Burglary",1871,"Theft And Robbery"
"Havering","2019","Criminal damage and arson",1259,"Criminal Damage and Arson"
"Havering","2019","Drugs",666,"Drug and Weapon Offences"
"Havering","2019","Other crime",240,"Other Crimes"
"Havering","2019","Other theft",1872,"Theft And Robbery"
"Havering","2019","Possession of weapons",138,"Drug and Weapon Offences"
"Havering","2019","Public order",1068,"Public Order Offences"
"Havering","2019","Robbery",666,"Theft And Robbery"
"Havering","2019","Shoplifting",1328,"Theft And Robbery"
"Havering","2019","Theft from the person",391,"Theft And Robbery"
"Havering","2019","Vehicle crime",2675,"Theft And Robbery"
"Havering","2019","Violence and sexual offences",5573,"Violence and Sexual Offences"
"Havering","2020","Anti-social behaviour",8411,"Public Order Offences"
"Havering","2020","Bicycle theft",146,"Theft And Robbery"
"Havering","2020","Burglary",1292,"Theft And Robbery"
"Havering","2020","Criminal damage and arson",1129,"Criminal Damage and Arson"
"Havering","2020","Drugs",1108,"Drug and Weapon Offences"
"Havering","2020","Other crime",264,"Other Crimes"
"Havering","2020","Other theft",1529,"Theft And Robbery"
"Havering","2020","Possession of weapons",113,"Drug and Weapon Offences"
"Havering","2020","Public order",1117,"Public Order Offences"
"Havering","2020","Robbery",405,"Theft And Robbery"
"Havering","2020","Shoplifting",1181,"Theft And Robbery"
"Havering","2020","Theft from the person",267,"Theft And Robbery"
"Havering","2020","Vehicle crime",2419,"Theft And Robbery"
"Havering","2020","Violence and sexual offences",5341,"Violence and Sexual Offences"
"Havering","2021","Anti-social behaviour",6153,"Public Order Offences"
"Havering","2021","Bicycle theft",139,"Theft And Robbery"
"Havering","2021","Burglary",1047,"Theft And Robbery"
"Havering","2021","Criminal damage and arson",1239,"Criminal Damage and Arson"
"Havering","2021","Drugs",863,"Drug and Weapon Offences"
"Havering","2021","Other crime",236,"Other Crimes"
"Havering","2021","Other theft",1605,"Theft And Robbery"
"Havering","2021","Possession of weapons",105,"Drug and Weapon Offences"
"Havering","2021","Public order",1282,"Public Order Offences"
"Havering","2021","Robbery",325,"Theft And Robbery"
"Havering","2021","Shoplifting",1155,"Theft And Robbery"
"Havering","2021","Theft from the person",347,"Theft And Robbery"
"Havering","2021","Vehicle crime",2227,"Theft And Robbery"
"Havering","2021","Violence and sexual offences",5913,"Violence and Sexual Offences"
"Havering","2022","Anti-social behaviour",4932,"Public Order Offences"
"Havering","2022","Bicycle theft",116,"Theft And Robbery"
"Havering","2022","Burglary",1077,"Theft And Robbery"
"Havering","2022","Criminal damage and arson",1477,"Criminal Damage and Arson"
"Havering","2022","Drugs",898,"Drug and Weapon Offences"
"Havering","2022","Other crime",284,"Other Crimes"
"Havering","2022","Other theft",2024,"Theft And Robbery"
"Havering","2022","Possession of weapons",136,"Drug and Weapon Offences"
"Havering","2022","Public order",1294,"Public Order Offences"
"Havering","2022","Robbery",323,"Theft And Robbery"
"Havering","2022","Shoplifting",1187,"Theft And Robbery"
"Havering","2022","Theft from the person",413,"Theft And Robbery"
"Havering","2022","Vehicle crime",3147,"Theft And Robbery"
"Havering","2022","Violence and sexual offences",6411,"Violence and Sexual Offences"
"Havering","2023","Anti-social behaviour",4530,"Public Order Offences"
"Havering","2023","Bicycle theft",101,"Theft And Robbery"
"Havering","2023","Burglary",1181,"Theft And Robbery"
"Havering","2023","Criminal damage and arson",1475,"Criminal Damage and Arson"
"Havering","2023","Drugs",1050,"Drug and Weapon Offences"
"Havering","2023","Other crime",271,"Other Crimes"
"Havering","2023","Other theft",2078,"Theft And Robbery"
"Havering","2023","Possession of weapons",168,"Drug and Weapon Offences"
"Havering","2023","Public order",1332,"Public Order Offences"
"Havering","2023","Robbery",462,"Theft And Robbery"
"Havering","2023","Shoplifting",2003,"Theft And Robbery"
"Havering","2023","Theft from the person",412,"Theft And Robbery"
"Havering","2023","Vehicle crime",3198,"Theft And Robbery"
"Havering","2023","Violence and sexual offences",6807,"Violence and Sexual Offences"
"Havering","2024","Anti-social behaviour",4943,"Public Order Offences"
"Havering","2024","Bicycle theft",113,"Theft And Robbery"
"Havering","2024","Burglary",1243,"Theft And Robbery"
"Havering","2024","Criminal damage and arson",1577,"Criminal Damage and Arson"
"Havering","2024","Drugs",984,"Drug and Weapon Offences"
"Havering","2024","Other crime",310,"Other Crimes"
"Havering","2024","Other theft",1778,"Theft And Robbery"
"Havering","2024","Possession of weapons",120,"Drug and Weapon Offences"
"Havering","2024","Public order",1359,"Public Order Offences"
"Havering","2024","Robbery",541,"Theft And Robbery"
"Havering","2024","Shoplifting",2417,"Theft And Robbery"
"Havering","2024","Theft from the person",502,"Theft And Robbery"
"Havering","2024","Vehicle crime",2454,"Theft And Robbery"
"Havering","2024","Violence and sexual offences",6628,"Violence and Sexual Offences"
"Havering","2025","Anti-social behaviour",5239,"Public Order Offences"
"Havering","2025","Bicycle theft",105,"Theft And Robbery"
"Havering","2025","Burglary",909,"Theft And Robbery"
"Havering","2025","Criminal damage and arson",1379,"Criminal Damage and Arson"
"Havering","2025","Drugs",1327,"Drug and Weapon Offences"
"Havering","2025","Other crime",315,"Other Crimes"
"Havering","2025","Other theft",1488,"Theft And Robbery"
"Havering","2025","Possession of weapons",132,"Drug and Weapon Offences"
"Havering","2025","Public order",1330,"Public Order Offences"
"Havering","2025","Robbery",633,"Theft And Robbery"
"Havering","2025","Shoplifting",2251,"Theft And Robbery"
"Havering","2025","Theft from the person",448,"Theft And Robbery"
"Havering","2025","Vehicle crime",2161,"Theft And Robbery"
"Havering","2025","Violence and sexual offences",6736,"Violence and Sexual Offences"
"Havering","2026","Anti-social behaviour",1603,"Public Order Offences"
"Havering","2026","Bicycle theft",27,"Theft And Robbery"
"Havering","2026","Burglary",237,"Theft And Robbery"
"Havering","2026","Criminal damage and arson",489,"Criminal Damage and Arson"
"Havering","2026","Drugs",426,"Drug and Weapon Offences"
"Havering","2026","Other crime",109,"Other Crimes"
"Havering","2026","Other theft",469,"Theft And Robbery"
"Havering","2026","Possession of weapons",66,"Drug and Weapon Offences"
"Havering","2026","Public order",437,"Public Order Offences"
"Havering","2026","Robbery",195,"Theft And Robbery"
"Havering","2026","Shoplifting",662,"Theft And Robbery"
"Havering","2026","Theft from the person",143,"Theft And Robbery"
"Havering","2026","Vehicle crime",747,"Theft And Robbery"
"Havering","2026","Violence and sexual offences",2172,"Violence and Sexual Offences"
"Hillingdon","2011","Anti-social behaviour",14984,"Public Order Offences"
"Hillingdon","2011","Burglary",3754,"Theft And Robbery"
"Hillingdon","2011","Criminal damage and arson",921,"Criminal Damage and Arson"
"Hillingdon","2011","Drugs",454,"Drug and Weapon Offences"
"Hillingdon","2011","Other crime",9013,"Other Crimes"
"Hillingdon","2011","Other theft",1527,"Theft And Robbery"
"Hillingdon","2011","Public disorder and weapons",342,"No-category"
"Hillingdon","2011","Robbery",911,"Theft And Robbery"
"Hillingdon","2011","Shoplifting",432,"Theft And Robbery"
"Hillingdon","2011","Vehicle crime",3673,"Theft And Robbery"
"Hillingdon","2011","Violent crime",5338,"No-category"
"Hillingdon","2012","Anti-social behaviour",4337,"Public Order Offences"
"Hillingdon","2012","Burglary",1266,"Theft And Robbery"
"Hillingdon","2012","Criminal damage and arson",768,"Criminal Damage and Arson"
"Hillingdon","2012","Drugs",375,"Drug and Weapon Offences"
"Hillingdon","2012","Other crime",553,"Other Crimes"
"Hillingdon","2012","Other theft",1388,"Theft And Robbery"
"Hillingdon","2012","Public disorder and weapons",395,"No-category"
"Hillingdon","2012","Robbery",304,"Theft And Robbery"
"Hillingdon","2012","Shoplifting",486,"Theft And Robbery"
"Hillingdon","2012","Vehicle crime",1218,"Theft And Robbery"
"Hillingdon","2012","Violent crime",1569,"No-category"
"Hillingdon","2013","Anti-social behaviour",1440,"Public Order Offences"
"Hillingdon","2013","Burglary",514,"Theft And Robbery"
"Hillingdon","2013","Criminal damage and arson",331,"Criminal Damage and Arson"
"Hillingdon","2013","Drugs",142,"Drug and Weapon Offences"
"Hillingdon","2013","Other crime",137,"Other Crimes"
"Hillingdon","2013","Other theft",646,"Theft And Robbery"
"Hillingdon","2013","Public disorder and weapons",195,"No-category"
"Hillingdon","2013","Robbery",117,"Theft And Robbery"
"Hillingdon","2013","Shoplifting",271,"Theft And Robbery"
"Hillingdon","2013","Vehicle crime",425,"Theft And Robbery"
"Hillingdon","2013","Violent crime",676,"No-category"
"Hillingdon","2014","Anti-social behaviour",2064,"Public Order Offences"
"Hillingdon","2014","Bicycle theft",73,"Theft And Robbery"
"Hillingdon","2014","Burglary",626,"Theft And Robbery"
"Hillingdon","2014","Criminal damage and arson",549,"Criminal Damage and Arson"
"Hillingdon","2014","Drugs",204,"Drug and Weapon Offences"
"Hillingdon","2014","Other crime",205,"Other Crimes"
"Hillingdon","2014","Other theft",921,"Theft And Robbery"
"Hillingdon","2014","Possession of weapons",87,"Drug and Weapon Offences"
"Hillingdon","2014","Public order",313,"Public Order Offences"
"Hillingdon","2014","Robbery",131,"Theft And Robbery"
"Hillingdon","2014","Shoplifting",407,"Theft And Robbery"
"Hillingdon","2014","Theft from the person",117,"Theft And Robbery"
"Hillingdon","2014","Vehicle crime",750,"Theft And Robbery"
"Hillingdon","2014","Violence and sexual offences",1491,"Violence and Sexual Offences"
"Hillingdon","2015","Anti-social behaviour",4443,"Public Order Offences"
"Hillingdon","2015","Bicycle theft",197,"Theft And Robbery"
"Hillingdon","2015","Burglary",1019,"Theft And Robbery"
"Hillingdon","2015","Criminal damage and arson",1093,"Criminal Damage and Arson"
"Hillingdon","2015","Drugs",447,"Drug and Weapon Offences"
"Hillingdon","2015","Other crime",442,"Other Crimes"
"Hillingdon","2015","Other theft",1770,"Theft And Robbery"
"Hillingdon","2015","Possession of weapons",51,"Drug and Weapon Offences"
"Hillingdon","2015","Public order",755,"Public Order Offences"
"Hillingdon","2015","Robbery",142,"Theft And Robbery"
"Hillingdon","2015","Shoplifting",856,"Theft And Robbery"
"Hillingdon","2015","Theft from the person",179,"Theft And Robbery"
"Hillingdon","2015","Vehicle crime",1272,"Theft And Robbery"
"Hillingdon","2015","Violence and sexual offences",3169,"Violence and Sexual Offences"
"Hillingdon","2016","Anti-social behaviour",9137,"Public Order Offences"
"Hillingdon","2016","Bicycle theft",310,"Theft And Robbery"
"Hillingdon","2016","Burglary",2229,"Theft And Robbery"
"Hillingdon","2016","Criminal damage and arson",2386,"Criminal Damage and Arson"
"Hillingdon","2016","Drugs",919,"Drug and Weapon Offences"
"Hillingdon","2016","Other crime",1152,"Other Crimes"
"Hillingdon","2016","Other theft",3399,"Theft And Robbery"
"Hillingdon","2016","Possession of weapons",89,"Drug and Weapon Offences"
"Hillingdon","2016","Public order",1577,"Public Order Offences"
"Hillingdon","2016","Robbery",409,"Theft And Robbery"
"Hillingdon","2016","Shoplifting",1993,"Theft And Robbery"
"Hillingdon","2016","Theft from the person",478,"Theft And Robbery"
"Hillingdon","2016","Vehicle crime",3000,"Theft And Robbery"
"Hillingdon","2016","Violence and sexual offences",6760,"Violence and Sexual Offences"
"Hillingdon","2017","Anti-social behaviour",8679,"Public Order Offences"
"Hillingdon","2017","Bicycle theft",392,"Theft And Robbery"
"Hillingdon","2017","Burglary",2370,"Theft And Robbery"
"Hillingdon","2017","Criminal damage and arson",2569,"Criminal Damage and Arson"
"Hillingdon","2017","Drugs",709,"Drug and Weapon Offences"
"Hillingdon","2017","Other crime",1295,"Other Crimes"
"Hillingdon","2017","Other theft",3719,"Theft And Robbery"
"Hillingdon","2017","Possession of weapons",162,"Drug and Weapon Offences"
"Hillingdon","2017","Public order",1602,"Public Order Offences"
"Hillingdon","2017","Robbery",525,"Theft And Robbery"
"Hillingdon","2017","Shoplifting",1989,"Theft And Robbery"
"Hillingdon","2017","Theft from the person",424,"Theft And Robbery"
"Hillingdon","2017","Vehicle crime",4330,"Theft And Robbery"
"Hillingdon","2017","Violence and sexual offences",7011,"Violence and Sexual Offences"
"Hillingdon","2018","Anti-social behaviour",8383,"Public Order Offences"
"Hillingdon","2018","Bicycle theft",299,"Theft And Robbery"
"Hillingdon","2018","Burglary",2070,"Theft And Robbery"
"Hillingdon","2018","Criminal damage and arson",2061,"Criminal Damage and Arson"
"Hillingdon","2018","Drugs",874,"Drug and Weapon Offences"
"Hillingdon","2018","Other crime",1189,"Other Crimes"
"Hillingdon","2018","Other theft",3905,"Theft And Robbery"
"Hillingdon","2018","Possession of weapons",199,"Drug and Weapon Offences"
"Hillingdon","2018","Public order",1685,"Public Order Offences"
"Hillingdon","2018","Robbery",569,"Theft And Robbery"
"Hillingdon","2018","Shoplifting",1888,"Theft And Robbery"
"Hillingdon","2018","Theft from the person",476,"Theft And Robbery"
"Hillingdon","2018","Vehicle crime",4725,"Theft And Robbery"
"Hillingdon","2018","Violence and sexual offences",7349,"Violence and Sexual Offences"
"Hillingdon","2019","Anti-social behaviour",8811,"Public Order Offences"
"Hillingdon","2019","Bicycle theft",315,"Theft And Robbery"
"Hillingdon","2019","Burglary",2785,"Theft And Robbery"
"Hillingdon","2019","Criminal damage and arson",2112,"Criminal Damage and Arson"
"Hillingdon","2019","Drugs",1249,"Drug and Weapon Offences"
"Hillingdon","2019","Other crime",1273,"Other Crimes"
"Hillingdon","2019","Other theft",3803,"Theft And Robbery"
"Hillingdon","2019","Possession of weapons",174,"Drug and Weapon Offences"
"Hillingdon","2019","Public order",1663,"Public Order Offences"
"Hillingdon","2019","Robbery",763,"Theft And Robbery"
"Hillingdon","2019","Shoplifting",1894,"Theft And Robbery"
"Hillingdon","2019","Theft from the person",566,"Theft And Robbery"
"Hillingdon","2019","Vehicle crime",4295,"Theft And Robbery"
"Hillingdon","2019","Violence and sexual offences",7664,"Violence and Sexual Offences"
"Hillingdon","2020","Anti-social behaviour",13583,"Public Order Offences"
"Hillingdon","2020","Bicycle theft",270,"Theft And Robbery"
"Hillingdon","2020","Burglary",1905,"Theft And Robbery"
"Hillingdon","2020","Criminal damage and arson",1893,"Criminal Damage and Arson"
"Hillingdon","2020","Drugs",1601,"Drug and Weapon Offences"
"Hillingdon","2020","Other crime",794,"Other Crimes"
"Hillingdon","2020","Other theft",2736,"Theft And Robbery"
"Hillingdon","2020","Possession of weapons",185,"Drug and Weapon Offences"
"Hillingdon","2020","Public order",1857,"Public Order Offences"
"Hillingdon","2020","Robbery",512,"Theft And Robbery"
"Hillingdon","2020","Shoplifting",1575,"Theft And Robbery"
"Hillingdon","2020","Theft from the person",296,"Theft And Robbery"
"Hillingdon","2020","Vehicle crime",4082,"Theft And Robbery"
"Hillingdon","2020","Violence and sexual offences",7817,"Violence and Sexual Offences"
"Hillingdon","2021","Anti-social behaviour",9935,"Public Order Offences"
"Hillingdon","2021","Bicycle theft",217,"Theft And Robbery"
"Hillingdon","2021","Burglary",1293,"Theft And Robbery"
"Hillingdon","2021","Criminal damage and arson",1654,"Criminal Damage and Arson"
"Hillingdon","2021","Drugs",1391,"Drug and Weapon Offences"
"Hillingdon","2021","Other crime",910,"Other Crimes"
"Hillingdon","2021","Other theft",2805,"Theft And Robbery"
"Hillingdon","2021","Possession of weapons",155,"Drug and Weapon Offences"
"Hillingdon","2021","Public order",1981,"Public Order Offences"
"Hillingdon","2021","Robbery",407,"Theft And Robbery"
"Hillingdon","2021","Shoplifting",1069,"Theft And Robbery"
"Hillingdon","2021","Theft from the person",461,"Theft And Robbery"
"Hillingdon","2021","Vehicle crime",3579,"Theft And Robbery"
"Hillingdon","2021","Violence and sexual offences",8115,"Violence and Sexual Offences"
"Hillingdon","2022","Anti-social behaviour",8680,"Public Order Offences"
"Hillingdon","2022","Bicycle theft",188,"Theft And Robbery"
"Hillingdon","2022","Burglary",1335,"Theft And Robbery"
"Hillingdon","2022","Criminal damage and arson",1776,"Criminal Damage and Arson"
"Hillingdon","2022","Drugs",1052,"Drug and Weapon Offences"
"Hillingdon","2022","Other crime",1663,"Other Crimes"
"Hillingdon","2022","Other theft",3435,"Theft And Robbery"
"Hillingdon","2022","Possession of weapons",117,"Drug and Weapon Offences"
"Hillingdon","2022","Public order",1967,"Public Order Offences"
"Hillingdon","2022","Robbery",445,"Theft And Robbery"
"Hillingdon","2022","Shoplifting",1435,"Theft And Robbery"
"Hillingdon","2022","Theft from the person",532,"Theft And Robbery"
"Hillingdon","2022","Vehicle crime",3934,"Theft And Robbery"
"Hillingdon","2022","Violence and sexual offences",8425,"Violence and Sexual Offences"
"Hillingdon","2023","Anti-social behaviour",7539,"Public Order Offences"
"Hillingdon","2023","Bicycle theft",255,"Theft And Robbery"
"Hillingdon","2023","Burglary",1402,"Theft And Robbery"
"Hillingdon","2023","Criminal damage and arson",2058,"Criminal Damage and Arson"
"Hillingdon","2023","Drugs",870,"Drug and Weapon Offences"
"Hillingdon","2023","Other crime",1539,"Other Crimes"
"Hillingdon","2023","Other theft",3419,"Theft And Robbery"
"Hillingdon","2023","Possession of weapons",119,"Drug and Weapon Offences"
"Hillingdon","2023","Public order",1972,"Public Order Offences"
"Hillingdon","2023","Robbery",477,"Theft And Robbery"
"Hillingdon","2023","Shoplifting",2026,"Theft And Robbery"
"Hillingdon","2023","Theft from the person",435,"Theft And Robbery"
"Hillingdon","2023","Vehicle crime",4206,"Theft And Robbery"
"Hillingdon","2023","Violence and sexual offences",8716,"Violence and Sexual Offences"
"Hillingdon","2024","Anti-social behaviour",8442,"Public Order Offences"
"Hillingdon","2024","Bicycle theft",220,"Theft And Robbery"
"Hillingdon","2024","Burglary",1469,"Theft And Robbery"
"Hillingdon","2024","Criminal damage and arson",2451,"Criminal Damage and Arson"
"Hillingdon","2024","Drugs",896,"Drug and Weapon Offences"
"Hillingdon","2024","Other crime",1732,"Other Crimes"
"Hillingdon","2024","Other theft",3566,"Theft And Robbery"
"Hillingdon","2024","Possession of weapons",140,"Drug and Weapon Offences"
"Hillingdon","2024","Public order",1986,"Public Order Offences"
"Hillingdon","2024","Robbery",697,"Theft And Robbery"
"Hillingdon","2024","Shoplifting",2927,"Theft And Robbery"
"Hillingdon","2024","Theft from the person",789,"Theft And Robbery"
"Hillingdon","2024","Vehicle crime",3670,"Theft And Robbery"
"Hillingdon","2024","Violence and sexual offences",8941,"Violence and Sexual Offences"
"Hillingdon","2025","Anti-social behaviour",9022,"Public Order Offences"
"Hillingdon","2025","Bicycle theft",253,"Theft And Robbery"
"Hillingdon","2025","Burglary",1422,"Theft And Robbery"
"Hillingdon","2025","Criminal damage and arson",2156,"Criminal Damage and Arson"
"Hillingdon","2025","Drugs",1547,"Drug and Weapon Offences"
"Hillingdon","2025","Other crime",1883,"Other Crimes"
"Hillingdon","2025","Other theft",3236,"Theft And Robbery"
"Hillingdon","2025","Possession of weapons",164,"Drug and Weapon Offences"
"Hillingdon","2025","Public order",2162,"Public Order Offences"
"Hillingdon","2025","Robbery",712,"Theft And Robbery"
"Hillingdon","2025","Shoplifting",3038,"Theft And Robbery"
"Hillingdon","2025","Theft from the person",1141,"Theft And Robbery"
"Hillingdon","2025","Vehicle crime",3485,"Theft And Robbery"
"Hillingdon","2025","Violence and sexual offences",9647,"Violence and Sexual Offences"
"Hillingdon","2026","Anti-social behaviour",2625,"Public Order Offences"
"Hillingdon","2026","Bicycle theft",53,"Theft And Robbery"
"Hillingdon","2026","Burglary",530,"Theft And Robbery"
"Hillingdon","2026","Criminal damage and arson",628,"Criminal Damage and Arson"
"Hillingdon","2026","Drugs",464,"Drug and Weapon Offences"
"Hillingdon","2026","Other crime",674,"Other Crimes"
"Hillingdon","2026","Other theft",993,"Theft And Robbery"
"Hillingdon","2026","Possession of weapons",76,"Drug and Weapon Offences"
"Hillingdon","2026","Public order",617,"Public Order Offences"
"Hillingdon","2026","Robbery",195,"Theft And Robbery"
"Hillingdon","2026","Shoplifting",963,"Theft And Robbery"
"Hillingdon","2026","Theft from the person",346,"Theft And Robbery"
"Hillingdon","2026","Vehicle crime",1205,"Theft And Robbery"
"Hillingdon","2026","Violence and sexual offences",3109,"Violence and Sexual Offences"
"Hounslow","2011","Anti-social behaviour",13135,"Public Order Offences"
"Hounslow","2011","Burglary",2691,"Theft And Robbery"
"Hounslow","2011","Criminal damage and arson",843,"Criminal Damage and Arson"
"Hounslow","2011","Drugs",483,"Drug and Weapon Offences"
"Hounslow","2011","Other crime",8562,"Other Crimes"
"Hounslow","2011","Other theft",1299,"Theft And Robbery"
"Hounslow","2011","Public disorder and weapons",403,"No-category"
"Hounslow","2011","Robbery",645,"Theft And Robbery"
"Hounslow","2011","Shoplifting",422,"Theft And Robbery"
"Hounslow","2011","Vehicle crime",3192,"Theft And Robbery"
"Hounslow","2011","Violent crime",5183,"No-category"
"Hounslow","2012","Anti-social behaviour",3678,"Public Order Offences"
"Hounslow","2012","Burglary",1035,"Theft And Robbery"
"Hounslow","2012","Criminal damage and arson",817,"Criminal Damage and Arson"
"Hounslow","2012","Drugs",471,"Drug and Weapon Offences"
"Hounslow","2012","Other crime",570,"Other Crimes"
"Hounslow","2012","Other theft",1445,"Theft And Robbery"
"Hounslow","2012","Public disorder and weapons",366,"No-category"
"Hounslow","2012","Robbery",281,"Theft And Robbery"
"Hounslow","2012","Shoplifting",469,"Theft And Robbery"
"Hounslow","2012","Vehicle crime",1259,"Theft And Robbery"
"Hounslow","2012","Violent crime",1609,"No-category"
"Hounslow","2013","Anti-social behaviour",1356,"Public Order Offences"
"Hounslow","2013","Burglary",536,"Theft And Robbery"
"Hounslow","2013","Criminal damage and arson",304,"Criminal Damage and Arson"
"Hounslow","2013","Drugs",242,"Drug and Weapon Offences"
"Hounslow","2013","Other crime",110,"Other Crimes"
"Hounslow","2013","Other theft",529,"Theft And Robbery"
"Hounslow","2013","Public disorder and weapons",134,"No-category"
"Hounslow","2013","Robbery",99,"Theft And Robbery"
"Hounslow","2013","Shoplifting",248,"Theft And Robbery"
"Hounslow","2013","Vehicle crime",350,"Theft And Robbery"
"Hounslow","2013","Violent crime",670,"No-category"
"Hounslow","2014","Anti-social behaviour",1890,"Public Order Offences"
"Hounslow","2014","Bicycle theft",122,"Theft And Robbery"
"Hounslow","2014","Burglary",498,"Theft And Robbery"
"Hounslow","2014","Criminal damage and arson",461,"Criminal Damage and Arson"
"Hounslow","2014","Drugs",317,"Drug and Weapon Offences"
"Hounslow","2014","Other crime",69,"Other Crimes"
"Hounslow","2014","Other theft",675,"Theft And Robbery"
"Hounslow","2014","Possession of weapons",24,"Drug and Weapon Offences"
"Hounslow","2014","Public order",260,"Public Order Offences"
"Hounslow","2014","Robbery",86,"Theft And Robbery"
"Hounslow","2014","Shoplifting",374,"Theft And Robbery"
"Hounslow","2014","Theft from the person",132,"Theft And Robbery"
"Hounslow","2014","Vehicle crime",550,"Theft And Robbery"
"Hounslow","2014","Violence and sexual offences",1331,"Violence and Sexual Offences"
"Hounslow","2015","Anti-social behaviour",3907,"Public Order Offences"
"Hounslow","2015","Bicycle theft",292,"Theft And Robbery"
"Hounslow","2015","Burglary",769,"Theft And Robbery"
"Hounslow","2015","Criminal damage and arson",1044,"Criminal Damage and Arson"
"Hounslow","2015","Drugs",465,"Drug and Weapon Offences"
"Hounslow","2015","Other crime",177,"Other Crimes"
"Hounslow","2015","Other theft",1330,"Theft And Robbery"
"Hounslow","2015","Possession of weapons",25,"Drug and Weapon Offences"
"Hounslow","2015","Public order",658,"Public Order Offences"
"Hounslow","2015","Robbery",181,"Theft And Robbery"
"Hounslow","2015","Shoplifting",812,"Theft And Robbery"
"Hounslow","2015","Theft from the person",227,"Theft And Robbery"
"Hounslow","2015","Vehicle crime",1328,"Theft And Robbery"
"Hounslow","2015","Violence and sexual offences",3022,"Violence and Sexual Offences"
"Hounslow","2016","Anti-social behaviour",7434,"Public Order Offences"
"Hounslow","2016","Bicycle theft",580,"Theft And Robbery"
"Hounslow","2016","Burglary",1762,"Theft And Robbery"
"Hounslow","2016","Criminal damage and arson",2105,"Criminal Damage and Arson"
"Hounslow","2016","Drugs",915,"Drug and Weapon Offences"
"Hounslow","2016","Other crime",476,"Other Crimes"
"Hounslow","2016","Other theft",2729,"Theft And Robbery"
"Hounslow","2016","Possession of weapons",101,"Drug and Weapon Offences"
"Hounslow","2016","Public order",1412,"Public Order Offences"
"Hounslow","2016","Robbery",377,"Theft And Robbery"
"Hounslow","2016","Shoplifting",1588,"Theft And Robbery"
"Hounslow","2016","Theft from the person",402,"Theft And Robbery"
"Hounslow","2016","Vehicle crime",3168,"Theft And Robbery"
"Hounslow","2016","Violence and sexual offences",6476,"Violence and Sexual Offences"
"Hounslow","2017","Anti-social behaviour",7206,"Public Order Offences"
"Hounslow","2017","Bicycle theft",784,"Theft And Robbery"
"Hounslow","2017","Burglary",2271,"Theft And Robbery"
"Hounslow","2017","Criminal damage and arson",1997,"Criminal Damage and Arson"
"Hounslow","2017","Drugs",1059,"Drug and Weapon Offences"
"Hounslow","2017","Other crime",456,"Other Crimes"
"Hounslow","2017","Other theft",2947,"Theft And Robbery"
"Hounslow","2017","Possession of weapons",173,"Drug and Weapon Offences"
"Hounslow","2017","Public order",1516,"Public Order Offences"
"Hounslow","2017","Robbery",455,"Theft And Robbery"
"Hounslow","2017","Shoplifting",1523,"Theft And Robbery"
"Hounslow","2017","Theft from the person",417,"Theft And Robbery"
"Hounslow","2017","Vehicle crime",3533,"Theft And Robbery"
"Hounslow","2017","Violence and sexual offences",6945,"Violence and Sexual Offences"
"Hounslow","2018","Anti-social behaviour",7033,"Public Order Offences"
"Hounslow","2018","Bicycle theft",723,"Theft And Robbery"
"Hounslow","2018","Burglary",2216,"Theft And Robbery"
"Hounslow","2018","Criminal damage and arson",1927,"Criminal Damage and Arson"
"Hounslow","2018","Drugs",1144,"Drug and Weapon Offences"
"Hounslow","2018","Other crime",473,"Other Crimes"
"Hounslow","2018","Other theft",2886,"Theft And Robbery"
"Hounslow","2018","Possession of weapons",202,"Drug and Weapon Offences"
"Hounslow","2018","Public order",1514,"Public Order Offences"
"Hounslow","2018","Robbery",633,"Theft And Robbery"
"Hounslow","2018","Shoplifting",1188,"Theft And Robbery"
"Hounslow","2018","Theft from the person",541,"Theft And Robbery"
"Hounslow","2018","Vehicle crime",3897,"Theft And Robbery"
"Hounslow","2018","Violence and sexual offences",7605,"Violence and Sexual Offences"
"Hounslow","2019","Anti-social behaviour",7404,"Public Order Offences"
"Hounslow","2019","Bicycle theft",592,"Theft And Robbery"
"Hounslow","2019","Burglary",2152,"Theft And Robbery"
"Hounslow","2019","Criminal damage and arson",1744,"Criminal Damage and Arson"
"Hounslow","2019","Drugs",1550,"Drug and Weapon Offences"
"Hounslow","2019","Other crime",364,"Other Crimes"
"Hounslow","2019","Other theft",2776,"Theft And Robbery"
"Hounslow","2019","Possession of weapons",193,"Drug and Weapon Offences"
"Hounslow","2019","Public order",1655,"Public Order Offences"
"Hounslow","2019","Robbery",705,"Theft And Robbery"
"Hounslow","2019","Shoplifting",1155,"Theft And Robbery"
"Hounslow","2019","Theft from the person",551,"Theft And Robbery"
"Hounslow","2019","Vehicle crime",3881,"Theft And Robbery"
"Hounslow","2019","Violence and sexual offences",7571,"Violence and Sexual Offences"
"Hounslow","2020","Anti-social behaviour",12644,"Public Order Offences"
"Hounslow","2020","Bicycle theft",548,"Theft And Robbery"
"Hounslow","2020","Burglary",1733,"Theft And Robbery"
"Hounslow","2020","Criminal damage and arson",1617,"Criminal Damage and Arson"
"Hounslow","2020","Drugs",1571,"Drug and Weapon Offences"
"Hounslow","2020","Other crime",391,"Other Crimes"
"Hounslow","2020","Other theft",2217,"Theft And Robbery"
"Hounslow","2020","Possession of weapons",159,"Drug and Weapon Offences"
"Hounslow","2020","Public order",1634,"Public Order Offences"
"Hounslow","2020","Robbery",570,"Theft And Robbery"
"Hounslow","2020","Shoplifting",876,"Theft And Robbery"
"Hounslow","2020","Theft from the person",341,"Theft And Robbery"
"Hounslow","2020","Vehicle crime",3643,"Theft And Robbery"
"Hounslow","2020","Violence and sexual offences",7835,"Violence and Sexual Offences"
"Hounslow","2021","Anti-social behaviour",9522,"Public Order Offences"
"Hounslow","2021","Bicycle theft",634,"Theft And Robbery"
"Hounslow","2021","Burglary",1426,"Theft And Robbery"
"Hounslow","2021","Criminal damage and arson",1611,"Criminal Damage and Arson"
"Hounslow","2021","Drugs",1181,"Drug and Weapon Offences"
"Hounslow","2021","Other crime",341,"Other Crimes"
"Hounslow","2021","Other theft",2382,"Theft And Robbery"
"Hounslow","2021","Possession of weapons",127,"Drug and Weapon Offences"
"Hounslow","2021","Public order",1845,"Public Order Offences"
"Hounslow","2021","Robbery",364,"Theft And Robbery"
"Hounslow","2021","Shoplifting",731,"Theft And Robbery"
"Hounslow","2021","Theft from the person",425,"Theft And Robbery"
"Hounslow","2021","Vehicle crime",2971,"Theft And Robbery"
"Hounslow","2021","Violence and sexual offences",8218,"Violence and Sexual Offences"
"Hounslow","2022","Anti-social behaviour",7950,"Public Order Offences"
"Hounslow","2022","Bicycle theft",649,"Theft And Robbery"
"Hounslow","2022","Burglary",1475,"Theft And Robbery"
"Hounslow","2022","Criminal damage and arson",1667,"Criminal Damage and Arson"
"Hounslow","2022","Drugs",1027,"Drug and Weapon Offences"
"Hounslow","2022","Other crime",349,"Other Crimes"
"Hounslow","2022","Other theft",2826,"Theft And Robbery"
"Hounslow","2022","Possession of weapons",122,"Drug and Weapon Offences"
"Hounslow","2022","Public order",1912,"Public Order Offences"
"Hounslow","2022","Robbery",394,"Theft And Robbery"
"Hounslow","2022","Shoplifting",1052,"Theft And Robbery"
"Hounslow","2022","Theft from the person",510,"Theft And Robbery"
"Hounslow","2022","Vehicle crime",3099,"Theft And Robbery"
"Hounslow","2022","Violence and sexual offences",8409,"Violence and Sexual Offences"
"Hounslow","2023","Anti-social behaviour",7399,"Public Order Offences"
"Hounslow","2023","Bicycle theft",555,"Theft And Robbery"
"Hounslow","2023","Burglary",1787,"Theft And Robbery"
"Hounslow","2023","Criminal damage and arson",1969,"Criminal Damage and Arson"
"Hounslow","2023","Drugs",900,"Drug and Weapon Offences"
"Hounslow","2023","Other crime",344,"Other Crimes"
"Hounslow","2023","Other theft",2907,"Theft And Robbery"
"Hounslow","2023","Possession of weapons",138,"Drug and Weapon Offences"
"Hounslow","2023","Public order",1878,"Public Order Offences"
"Hounslow","2023","Robbery",590,"Theft And Robbery"
"Hounslow","2023","Shoplifting",1784,"Theft And Robbery"
"Hounslow","2023","Theft from the person",563,"Theft And Robbery"
"Hounslow","2023","Vehicle crime",3848,"Theft And Robbery"
"Hounslow","2023","Violence and sexual offences",9104,"Violence and Sexual Offences"
"Hounslow","2024","Anti-social behaviour",7152,"Public Order Offences"
"Hounslow","2024","Bicycle theft",475,"Theft And Robbery"
"Hounslow","2024","Burglary",1494,"Theft And Robbery"
"Hounslow","2024","Criminal damage and arson",1872,"Criminal Damage and Arson"
"Hounslow","2024","Drugs",968,"Drug and Weapon Offences"
"Hounslow","2024","Other crime",389,"Other Crimes"
"Hounslow","2024","Other theft",2480,"Theft And Robbery"
"Hounslow","2024","Possession of weapons",118,"Drug and Weapon Offences"
"Hounslow","2024","Public order",1804,"Public Order Offences"
"Hounslow","2024","Robbery",669,"Theft And Robbery"
"Hounslow","2024","Shoplifting",2598,"Theft And Robbery"
"Hounslow","2024","Theft from the person",976,"Theft And Robbery"
"Hounslow","2024","Vehicle crime",3182,"Theft And Robbery"
"Hounslow","2024","Violence and sexual offences",8839,"Violence and Sexual Offences"
"Hounslow","2025","Anti-social behaviour",7236,"Public Order Offences"
"Hounslow","2025","Bicycle theft",454,"Theft And Robbery"
"Hounslow","2025","Burglary",1259,"Theft And Robbery"
"Hounslow","2025","Criminal damage and arson",2001,"Criminal Damage and Arson"
"Hounslow","2025","Drugs",1391,"Drug and Weapon Offences"
"Hounslow","2025","Other crime",407,"Other Crimes"
"Hounslow","2025","Other theft",2158,"Theft And Robbery"
"Hounslow","2025","Possession of weapons",166,"Drug and Weapon Offences"
"Hounslow","2025","Public order",2043,"Public Order Offences"
"Hounslow","2025","Robbery",600,"Theft And Robbery"
"Hounslow","2025","Shoplifting",2667,"Theft And Robbery"
"Hounslow","2025","Theft from the person",934,"Theft And Robbery"
"Hounslow","2025","Vehicle crime",2897,"Theft And Robbery"
"Hounslow","2025","Violence and sexual offences",9341,"Violence and Sexual Offences"
"Hounslow","2026","Anti-social behaviour",2018,"Public Order Offences"
"Hounslow","2026","Bicycle theft",93,"Theft And Robbery"
"Hounslow","2026","Burglary",526,"Theft And Robbery"
"Hounslow","2026","Criminal damage and arson",610,"Criminal Damage and Arson"
"Hounslow","2026","Drugs",426,"Drug and Weapon Offences"
"Hounslow","2026","Other crime",125,"Other Crimes"
"Hounslow","2026","Other theft",669,"Theft And Robbery"
"Hounslow","2026","Possession of weapons",69,"Drug and Weapon Offences"
"Hounslow","2026","Public order",595,"Public Order Offences"
"Hounslow","2026","Robbery",190,"Theft And Robbery"
"Hounslow","2026","Shoplifting",877,"Theft And Robbery"
"Hounslow","2026","Theft from the person",324,"Theft And Robbery"
"Hounslow","2026","Vehicle crime",825,"Theft And Robbery"
"Hounslow","2026","Violence and sexual offences",3046,"Violence and Sexual Offences"
"Islington","2011","Anti-social behaviour",15558,"Public Order Offences"
"Islington","2011","Burglary",2809,"Theft And Robbery"
"Islington","2011","Criminal damage and arson",634,"Criminal Damage and Arson"
"Islington","2011","Drugs",488,"Drug and Weapon Offences"
"Islington","2011","Other crime",10324,"Other Crimes"
"Islington","2011","Other theft",2976,"Theft And Robbery"
"Islington","2011","Public disorder and weapons",513,"No-category"
"Islington","2011","Robbery",1140,"Theft And Robbery"
"Islington","2011","Shoplifting",376,"Theft And Robbery"
"Islington","2011","Vehicle crime",2710,"Theft And Robbery"
"Islington","2011","Violent crime",4743,"No-category"
"Islington","2012","Anti-social behaviour",4021,"Public Order Offences"
"Islington","2012","Burglary",880,"Theft And Robbery"
"Islington","2012","Criminal damage and arson",602,"Criminal Damage and Arson"
"Islington","2012","Drugs",479,"Drug and Weapon Offences"
"Islington","2012","Other crime",461,"Other Crimes"
"Islington","2012","Other theft",3369,"Theft And Robbery"
"Islington","2012","Public disorder and weapons",510,"No-category"
"Islington","2012","Robbery",390,"Theft And Robbery"
"Islington","2012","Shoplifting",418,"Theft And Robbery"
"Islington","2012","Vehicle crime",835,"Theft And Robbery"
"Islington","2012","Violent crime",1466,"No-category"
"Islington","2013","Anti-social behaviour",1205,"Public Order Offences"
"Islington","2013","Bicycle theft",5,"Theft And Robbery"
"Islington","2013","Burglary",400,"Theft And Robbery"
"Islington","2013","Criminal damage and arson",264,"Criminal Damage and Arson"
"Islington","2013","Drugs",221,"Drug and Weapon Offences"
"Islington","2013","Other crime",85,"Other Crimes"
"Islington","2013","Other theft",1582,"Theft And Robbery"
"Islington","2013","Public disorder and weapons",178,"No-category"
"Islington","2013","Public order",3,"Public Order Offences"
"Islington","2013","Robbery",174,"Theft And Robbery"
"Islington","2013","Shoplifting",188,"Theft And Robbery"
"Islington","2013","Theft from the person",7,"Theft And Robbery"
"Islington","2013","Vehicle crime",391,"Theft And Robbery"
"Islington","2013","Violence and sexual offences",4,"Violence and Sexual Offences"
"Islington","2013","Violent crime",717,"No-category"
"Islington","2014","Anti-social behaviour",1894,"Public Order Offences"
"Islington","2014","Bicycle theft",305,"Theft And Robbery"
"Islington","2014","Burglary",636,"Theft And Robbery"
"Islington","2014","Criminal damage and arson",500,"Criminal Damage and Arson"
"Islington","2014","Drugs",295,"Drug and Weapon Offences"
"Islington","2014","Other crime",55,"Other Crimes"
"Islington","2014","Other theft",952,"Theft And Robbery"
"Islington","2014","Possession of weapons",34,"Drug and Weapon Offences"
"Islington","2014","Public order",431,"Public Order Offences"
"Islington","2014","Robbery",181,"Theft And Robbery"
"Islington","2014","Shoplifting",283,"Theft And Robbery"
"Islington","2014","Theft from the person",752,"Theft And Robbery"
"Islington","2014","Vehicle crime",605,"Theft And Robbery"
"Islington","2014","Violence and sexual offences",1335,"Violence and Sexual Offences"
"Islington","2015","Anti-social behaviour",3509,"Public Order Offences"
"Islington","2015","Bicycle theft",519,"Theft And Robbery"
"Islington","2015","Burglary",1186,"Theft And Robbery"
"Islington","2015","Criminal damage and arson",988,"Criminal Damage and Arson"
"Islington","2015","Drugs",616,"Drug and Weapon Offences"
"Islington","2015","Other crime",134,"Other Crimes"
"Islington","2015","Other theft",1955,"Theft And Robbery"
"Islington","2015","Possession of weapons",58,"Drug and Weapon Offences"
"Islington","2015","Public order",907,"Public Order Offences"
"Islington","2015","Robbery",536,"Theft And Robbery"
"Islington","2015","Shoplifting",651,"Theft And Robbery"
"Islington","2015","Theft from the person",2043,"Theft And Robbery"
"Islington","2015","Vehicle crime",1192,"Theft And Robbery"
"Islington","2015","Violence and sexual offences",2997,"Violence and Sexual Offences"
"Islington","2016","Anti-social behaviour",6745,"Public Order Offences"
"Islington","2016","Bicycle theft",970,"Theft And Robbery"
"Islington","2016","Burglary",2059,"Theft And Robbery"
"Islington","2016","Criminal damage and arson",1892,"Criminal Damage and Arson"
"Islington","2016","Drugs",1543,"Drug and Weapon Offences"
"Islington","2016","Other crime",264,"Other Crimes"
"Islington","2016","Other theft",3760,"Theft And Robbery"
"Islington","2016","Possession of weapons",167,"Drug and Weapon Offences"
"Islington","2016","Public order",1857,"Public Order Offences"
"Islington","2016","Robbery",958,"Theft And Robbery"
"Islington","2016","Shoplifting",1546,"Theft And Robbery"
"Islington","2016","Theft from the person",3583,"Theft And Robbery"
"Islington","2016","Vehicle crime",2390,"Theft And Robbery"
"Islington","2016","Violence and sexual offences",6629,"Violence and Sexual Offences"
"Islington","2017","Anti-social behaviour",7034,"Public Order Offences"
"Islington","2017","Bicycle theft",1198,"Theft And Robbery"
"Islington","2017","Burglary",2406,"Theft And Robbery"
"Islington","2017","Criminal damage and arson",1829,"Criminal Damage and Arson"
"Islington","2017","Drugs",1274,"Drug and Weapon Offences"
"Islington","2017","Other crime",253,"Other Crimes"
"Islington","2017","Other theft",3896,"Theft And Robbery"
"Islington","2017","Possession of weapons",218,"Drug and Weapon Offences"
"Islington","2017","Public order",1760,"Public Order Offences"
"Islington","2017","Robbery",1803,"Theft And Robbery"
"Islington","2017","Shoplifting",1580,"Theft And Robbery"
"Islington","2017","Theft from the person",6205,"Theft And Robbery"
"Islington","2017","Vehicle crime",3010,"Theft And Robbery"
"Islington","2017","Violence and sexual offences",6865,"Violence and Sexual Offences"
"Islington","2018","Anti-social behaviour",6624,"Public Order Offences"
"Islington","2018","Bicycle theft",1167,"Theft And Robbery"
"Islington","2018","Burglary",2791,"Theft And Robbery"
"Islington","2018","Criminal damage and arson",1668,"Criminal Damage and Arson"
"Islington","2018","Drugs",1161,"Drug and Weapon Offences"
"Islington","2018","Other crime",283,"Other Crimes"
"Islington","2018","Other theft",4031,"Theft And Robbery"
"Islington","2018","Possession of weapons",203,"Drug and Weapon Offences"
"Islington","2018","Public order",1651,"Public Order Offences"
"Islington","2018","Robbery",1516,"Theft And Robbery"
"Islington","2018","Shoplifting",1354,"Theft And Robbery"
"Islington","2018","Theft from the person",2896,"Theft And Robbery"
"Islington","2018","Vehicle crime",2823,"Theft And Robbery"
"Islington","2018","Violence and sexual offences",7071,"Violence and Sexual Offences"
"Islington","2019","Anti-social behaviour",7938,"Public Order Offences"
"Islington","2019","Bicycle theft",960,"Theft And Robbery"
"Islington","2019","Burglary",2655,"Theft And Robbery"
"Islington","2019","Criminal damage and arson",1465,"Criminal Damage and Arson"
"Islington","2019","Drugs",1190,"Drug and Weapon Offences"
"Islington","2019","Other crime",262,"Other Crimes"
"Islington","2019","Other theft",4764,"Theft And Robbery"
"Islington","2019","Possession of weapons",212,"Drug and Weapon Offences"
"Islington","2019","Public order",1664,"Public Order Offences"
"Islington","2019","Robbery",1575,"Theft And Robbery"
"Islington","2019","Shoplifting",1454,"Theft And Robbery"
"Islington","2019","Theft from the person",3013,"Theft And Robbery"
"Islington","2019","Vehicle crime",2869,"Theft And Robbery"
"Islington","2019","Violence and sexual offences",6626,"Violence and Sexual Offences"
"Islington","2020","Anti-social behaviour",13885,"Public Order Offences"
"Islington","2020","Bicycle theft",1451,"Theft And Robbery"
"Islington","2020","Burglary",2132,"Theft And Robbery"
"Islington","2020","Criminal damage and arson",1459,"Criminal Damage and Arson"
"Islington","2020","Drugs",1424,"Drug and Weapon Offences"
"Islington","2020","Other crime",231,"Other Crimes"
"Islington","2020","Other theft",2830,"Theft And Robbery"
"Islington","2020","Possession of weapons",154,"Drug and Weapon Offences"
"Islington","2020","Public order",1910,"Public Order Offences"
"Islington","2020","Robbery",1169,"Theft And Robbery"
"Islington","2020","Shoplifting",1060,"Theft And Robbery"
"Islington","2020","Theft from the person",2225,"Theft And Robbery"
"Islington","2020","Vehicle crime",2537,"Theft And Robbery"
"Islington","2020","Violence and sexual offences",6198,"Violence and Sexual Offences"
"Islington","2021","Anti-social behaviour",10058,"Public Order Offences"
"Islington","2021","Bicycle theft",1075,"Theft And Robbery"
"Islington","2021","Burglary",1798,"Theft And Robbery"
"Islington","2021","Criminal damage and arson",1465,"Criminal Damage and Arson"
"Islington","2021","Drugs",1049,"Drug and Weapon Offences"
"Islington","2021","Other crime",229,"Other Crimes"
"Islington","2021","Other theft",2745,"Theft And Robbery"
"Islington","2021","Possession of weapons",135,"Drug and Weapon Offences"
"Islington","2021","Public order",1955,"Public Order Offences"
"Islington","2021","Robbery",973,"Theft And Robbery"
"Islington","2021","Shoplifting",930,"Theft And Robbery"
"Islington","2021","Theft from the person",2537,"Theft And Robbery"
"Islington","2021","Vehicle crime",2274,"Theft And Robbery"
"Islington","2021","Violence and sexual offences",6782,"Violence and Sexual Offences"
"Islington","2022","Anti-social behaviour",8722,"Public Order Offences"
"Islington","2022","Bicycle theft",990,"Theft And Robbery"
"Islington","2022","Burglary",1697,"Theft And Robbery"
"Islington","2022","Criminal damage and arson",1574,"Criminal Damage and Arson"
"Islington","2022","Drugs",1109,"Drug and Weapon Offences"
"Islington","2022","Other crime",306,"Other Crimes"
"Islington","2022","Other theft",3992,"Theft And Robbery"
"Islington","2022","Possession of weapons",127,"Drug and Weapon Offences"
"Islington","2022","Public order",2035,"Public Order Offences"
"Islington","2022","Robbery",1064,"Theft And Robbery"
"Islington","2022","Shoplifting",1216,"Theft And Robbery"
"Islington","2022","Theft from the person",2958,"Theft And Robbery"
"Islington","2022","Vehicle crime",2501,"Theft And Robbery"
"Islington","2022","Violence and sexual offences",7362,"Violence and Sexual Offences"
"Islington","2023","Anti-social behaviour",7768,"Public Order Offences"
"Islington","2023","Bicycle theft",731,"Theft And Robbery"
"Islington","2023","Burglary",1896,"Theft And Robbery"
"Islington","2023","Criminal damage and arson",1600,"Criminal Damage and Arson"
"Islington","2023","Drugs",1130,"Drug and Weapon Offences"
"Islington","2023","Other crime",373,"Other Crimes"
"Islington","2023","Other theft",4867,"Theft And Robbery"
"Islington","2023","Possession of weapons",160,"Drug and Weapon Offences"
"Islington","2023","Public order",1923,"Public Order Offences"
"Islington","2023","Robbery",1358,"Theft And Robbery"
"Islington","2023","Shoplifting",1864,"Theft And Robbery"
"Islington","2023","Theft from the person",2824,"Theft And Robbery"
"Islington","2023","Vehicle crime",2277,"Theft And Robbery"
"Islington","2023","Violence and sexual offences",7655,"Violence and Sexual Offences"
"Islington","2024","Anti-social behaviour",9408,"Public Order Offences"
"Islington","2024","Bicycle theft",879,"Theft And Robbery"
"Islington","2024","Burglary",1819,"Theft And Robbery"
"Islington","2024","Criminal damage and arson",1662,"Criminal Damage and Arson"
"Islington","2024","Drugs",1117,"Drug and Weapon Offences"
"Islington","2024","Other crime",274,"Other Crimes"
"Islington","2024","Other theft",4228,"Theft And Robbery"
"Islington","2024","Possession of weapons",131,"Drug and Weapon Offences"
"Islington","2024","Public order",1896,"Public Order Offences"
"Islington","2024","Robbery",1259,"Theft And Robbery"
"Islington","2024","Shoplifting",2984,"Theft And Robbery"
"Islington","2024","Theft from the person",4282,"Theft And Robbery"
"Islington","2024","Vehicle crime",2422,"Theft And Robbery"
"Islington","2024","Violence and sexual offences",7607,"Violence and Sexual Offences"
"Islington","2025","Anti-social behaviour",9000,"Public Order Offences"
"Islington","2025","Bicycle theft",816,"Theft And Robbery"
"Islington","2025","Burglary",1675,"Theft And Robbery"
"Islington","2025","Criminal damage and arson",1698,"Criminal Damage and Arson"
"Islington","2025","Drugs",2166,"Drug and Weapon Offences"
"Islington","2025","Other crime",356,"Other Crimes"
"Islington","2025","Other theft",3933,"Theft And Robbery"
"Islington","2025","Possession of weapons",202,"Drug and Weapon Offences"
"Islington","2025","Public order",2230,"Public Order Offences"
"Islington","2025","Robbery",1276,"Theft And Robbery"
"Islington","2025","Shoplifting",3246,"Theft And Robbery"
"Islington","2025","Theft from the person",3774,"Theft And Robbery"
"Islington","2025","Vehicle crime",2139,"Theft And Robbery"
"Islington","2025","Violence and sexual offences",8188,"Violence and Sexual Offences"
"Islington","2026","Anti-social behaviour",2969,"Public Order Offences"
"Islington","2026","Bicycle theft",225,"Theft And Robbery"
"Islington","2026","Burglary",485,"Theft And Robbery"
"Islington","2026","Criminal damage and arson",492,"Criminal Damage and Arson"
"Islington","2026","Drugs",628,"Drug and Weapon Offences"
"Islington","2026","Other crime",109,"Other Crimes"
"Islington","2026","Other theft",1042,"Theft And Robbery"
"Islington","2026","Possession of weapons",86,"Drug and Weapon Offences"
"Islington","2026","Public order",716,"Public Order Offences"
"Islington","2026","Robbery",389,"Theft And Robbery"
"Islington","2026","Shoplifting",1342,"Theft And Robbery"
"Islington","2026","Theft from the person",1127,"Theft And Robbery"
"Islington","2026","Vehicle crime",572,"Theft And Robbery"
"Islington","2026","Violence and sexual offences",2803,"Violence and Sexual Offences"
"Kensington and Chelsea","2011","Anti-social behaviour",8155,"Public Order Offences"
"Kensington and Chelsea","2011","Burglary",1708,"Theft And Robbery"
"Kensington and Chelsea","2011","Criminal damage and arson",351,"Criminal Damage and Arson"
"Kensington and Chelsea","2011","Drugs",386,"Drug and Weapon Offences"
"Kensington and Chelsea","2011","Other crime",8623,"Other Crimes"
"Kensington and Chelsea","2011","Other theft",2448,"Theft And Robbery"
"Kensington and Chelsea","2011","Public disorder and weapons",165,"No-category"
"Kensington and Chelsea","2011","Robbery",549,"Theft And Robbery"
"Kensington and Chelsea","2011","Shoplifting",563,"Theft And Robbery"
"Kensington and Chelsea","2011","Vehicle crime",2001,"Theft And Robbery"
"Kensington and Chelsea","2011","Violent crime",2589,"No-category"
"Kensington and Chelsea","2012","Anti-social behaviour",2442,"Public Order Offences"
"Kensington and Chelsea","2012","Burglary",603,"Theft And Robbery"
"Kensington and Chelsea","2012","Criminal damage and arson",345,"Criminal Damage and Arson"
"Kensington and Chelsea","2012","Drugs",369,"Drug and Weapon Offences"
"Kensington and Chelsea","2012","Other crime",364,"Other Crimes"
"Kensington and Chelsea","2012","Other theft",2751,"Theft And Robbery"
"Kensington and Chelsea","2012","Public disorder and weapons",183,"No-category"
"Kensington and Chelsea","2012","Robbery",215,"Theft And Robbery"
"Kensington and Chelsea","2012","Shoplifting",561,"Theft And Robbery"
"Kensington and Chelsea","2012","Vehicle crime",857,"Theft And Robbery"
"Kensington and Chelsea","2012","Violent crime",797,"No-category"
"Kensington and Chelsea","2013","Anti-social behaviour",870,"Public Order Offences"
"Kensington and Chelsea","2013","Burglary",248,"Theft And Robbery"
"Kensington and Chelsea","2013","Criminal damage and arson",122,"Criminal Damage and Arson"
"Kensington and Chelsea","2013","Drugs",147,"Drug and Weapon Offences"
"Kensington and Chelsea","2013","Other crime",60,"Other Crimes"
"Kensington and Chelsea","2013","Other theft",1219,"Theft And Robbery"
"Kensington and Chelsea","2013","Public disorder and weapons",83,"No-category"
"Kensington and Chelsea","2013","Robbery",93,"Theft And Robbery"
"Kensington and Chelsea","2013","Shoplifting",247,"Theft And Robbery"
"Kensington and Chelsea","2013","Vehicle crime",329,"Theft And Robbery"
"Kensington and Chelsea","2013","Violent crime",351,"No-category"
"Kensington and Chelsea","2014","Anti-social behaviour",1392,"Public Order Offences"
"Kensington and Chelsea","2014","Bicycle theft",131,"Theft And Robbery"
"Kensington and Chelsea","2014","Burglary",409,"Theft And Robbery"
"Kensington and Chelsea","2014","Criminal damage and arson",264,"Criminal Damage and Arson"
"Kensington and Chelsea","2014","Drugs",203,"Drug and Weapon Offences"
"Kensington and Chelsea","2014","Other crime",47,"Other Crimes"
"Kensington and Chelsea","2014","Other theft",1180,"Theft And Robbery"
"Kensington and Chelsea","2014","Possession of weapons",18,"Drug and Weapon Offences"
"Kensington and Chelsea","2014","Public order",227,"Public Order Offences"
"Kensington and Chelsea","2014","Robbery",147,"Theft And Robbery"
"Kensington and Chelsea","2014","Shoplifting",495,"Theft And Robbery"
"Kensington and Chelsea","2014","Theft from the person",493,"Theft And Robbery"
"Kensington and Chelsea","2014","Vehicle crime",546,"Theft And Robbery"
"Kensington and Chelsea","2014","Violence and sexual offences",864,"Violence and Sexual Offences"
"Kensington and Chelsea","2015","Anti-social behaviour",2734,"Public Order Offences"
"Kensington and Chelsea","2015","Bicycle theft",231,"Theft And Robbery"
"Kensington and Chelsea","2015","Burglary",767,"Theft And Robbery"
"Kensington and Chelsea","2015","Criminal damage and arson",495,"Criminal Damage and Arson"
"Kensington and Chelsea","2015","Drugs",456,"Drug and Weapon Offences"
"Kensington and Chelsea","2015","Other crime",85,"Other Crimes"
"Kensington and Chelsea","2015","Other theft",2000,"Theft And Robbery"
"Kensington and Chelsea","2015","Possession of weapons",66,"Drug and Weapon Offences"
"Kensington and Chelsea","2015","Public order",577,"Public Order Offences"
"Kensington and Chelsea","2015","Robbery",192,"Theft And Robbery"
"Kensington and Chelsea","2015","Shoplifting",868,"Theft And Robbery"
"Kensington and Chelsea","2015","Theft from the person",544,"Theft And Robbery"
"Kensington and Chelsea","2015","Vehicle crime",1161,"Theft And Robbery"
"Kensington and Chelsea","2015","Violence and sexual offences",1811,"Violence and Sexual Offences"
"Kensington and Chelsea","2016","Anti-social behaviour",4983,"Public Order Offences"
"Kensington and Chelsea","2016","Bicycle theft",526,"Theft And Robbery"
"Kensington and Chelsea","2016","Burglary",1431,"Theft And Robbery"
"Kensington and Chelsea","2016","Criminal damage and arson",1004,"Criminal Damage and Arson"
"Kensington and Chelsea","2016","Drugs",1518,"Drug and Weapon Offences"
"Kensington and Chelsea","2016","Other crime",233,"Other Crimes"
"Kensington and Chelsea","2016","Other theft",3634,"Theft And Robbery"
"Kensington and Chelsea","2016","Possession of weapons",138,"Drug and Weapon Offences"
"Kensington and Chelsea","2016","Public order",1232,"Public Order Offences"
"Kensington and Chelsea","2016","Robbery",524,"Theft And Robbery"
"Kensington and Chelsea","2016","Shoplifting",1634,"Theft And Robbery"
"Kensington and Chelsea","2016","Theft from the person",1091,"Theft And Robbery"
"Kensington and Chelsea","2016","Vehicle crime",2954,"Theft And Robbery"
"Kensington and Chelsea","2016","Violence and sexual offences",3690,"Violence and Sexual Offences"
"Kensington and Chelsea","2017","Anti-social behaviour",4886,"Public Order Offences"
"Kensington and Chelsea","2017","Bicycle theft",683,"Theft And Robbery"
"Kensington and Chelsea","2017","Burglary",1769,"Theft And Robbery"
"Kensington and Chelsea","2017","Criminal damage and arson",1088,"Criminal Damage and Arson"
"Kensington and Chelsea","2017","Drugs",1468,"Drug and Weapon Offences"
"Kensington and Chelsea","2017","Other crime",246,"Other Crimes"
"Kensington and Chelsea","2017","Other theft",3370,"Theft And Robbery"
"Kensington and Chelsea","2017","Possession of weapons",148,"Drug and Weapon Offences"
"Kensington and Chelsea","2017","Public order",1127,"Public Order Offences"
"Kensington and Chelsea","2017","Robbery",659,"Theft And Robbery"
"Kensington and Chelsea","2017","Shoplifting",1664,"Theft And Robbery"
"Kensington and Chelsea","2017","Theft from the person",1282,"Theft And Robbery"
"Kensington and Chelsea","2017","Vehicle crime",3095,"Theft And Robbery"
"Kensington and Chelsea","2017","Violence and sexual offences",4079,"Violence and Sexual Offences"
"Kensington and Chelsea","2018","Anti-social behaviour",4556,"Public Order Offences"
"Kensington and Chelsea","2018","Bicycle theft",533,"Theft And Robbery"
"Kensington and Chelsea","2018","Burglary",2047,"Theft And Robbery"
"Kensington and Chelsea","2018","Criminal damage and arson",1049,"Criminal Damage and Arson"
"Kensington and Chelsea","2018","Drugs",1411,"Drug and Weapon Offences"
"Kensington and Chelsea","2018","Other crime",199,"Other Crimes"
"Kensington and Chelsea","2018","Other theft",3590,"Theft And Robbery"
"Kensington and Chelsea","2018","Possession of weapons",146,"Drug and Weapon Offences"
"Kensington and Chelsea","2018","Public order",1172,"Public Order Offences"
"Kensington and Chelsea","2018","Robbery",709,"Theft And Robbery"
"Kensington and Chelsea","2018","Shoplifting",1550,"Theft And Robbery"
"Kensington and Chelsea","2018","Theft from the person",1380,"Theft And Robbery"
"Kensington and Chelsea","2018","Vehicle crime",2852,"Theft And Robbery"
"Kensington and Chelsea","2018","Violence and sexual offences",4388,"Violence and Sexual Offences"
"Kensington and Chelsea","2019","Anti-social behaviour",5054,"Public Order Offences"
"Kensington and Chelsea","2019","Bicycle theft",622,"Theft And Robbery"
"Kensington and Chelsea","2019","Burglary",2108,"Theft And Robbery"
"Kensington and Chelsea","2019","Criminal damage and arson",974,"Criminal Damage and Arson"
"Kensington and Chelsea","2019","Drugs",1279,"Drug and Weapon Offences"
"Kensington and Chelsea","2019","Other crime",132,"Other Crimes"
"Kensington and Chelsea","2019","Other theft",4564,"Theft And Robbery"
"Kensington and Chelsea","2019","Possession of weapons",118,"Drug and Weapon Offences"
"Kensington and Chelsea","2019","Public order",1178,"Public Order Offences"
"Kensington and Chelsea","2019","Robbery",950,"Theft And Robbery"
"Kensington and Chelsea","2019","Shoplifting",1623,"Theft And Robbery"
"Kensington and Chelsea","2019","Theft from the person",1658,"Theft And Robbery"
"Kensington and Chelsea","2019","Vehicle crime",3452,"Theft And Robbery"
"Kensington and Chelsea","2019","Violence and sexual offences",4313,"Violence and Sexual Offences"
"Kensington and Chelsea","2020","Anti-social behaviour",8979,"Public Order Offences"
"Kensington and Chelsea","2020","Bicycle theft",777,"Theft And Robbery"
"Kensington and Chelsea","2020","Burglary",1614,"Theft And Robbery"
"Kensington and Chelsea","2020","Criminal damage and arson",849,"Criminal Damage and Arson"
"Kensington and Chelsea","2020","Drugs",1033,"Drug and Weapon Offences"
"Kensington and Chelsea","2020","Other crime",156,"Other Crimes"
"Kensington and Chelsea","2020","Other theft",2648,"Theft And Robbery"
"Kensington and Chelsea","2020","Possession of weapons",120,"Drug and Weapon Offences"
"Kensington and Chelsea","2020","Public order",1130,"Public Order Offences"
"Kensington and Chelsea","2020","Robbery",588,"Theft And Robbery"
"Kensington and Chelsea","2020","Shoplifting",1077,"Theft And Robbery"
"Kensington and Chelsea","2020","Theft from the person",752,"Theft And Robbery"
"Kensington and Chelsea","2020","Vehicle crime",2476,"Theft And Robbery"
"Kensington and Chelsea","2020","Violence and sexual offences",4106,"Violence and Sexual Offences"
"Kensington and Chelsea","2021","Anti-social behaviour",7287,"Public Order Offences"
"Kensington and Chelsea","2021","Bicycle theft",699,"Theft And Robbery"
"Kensington and Chelsea","2021","Burglary",1374,"Theft And Robbery"
"Kensington and Chelsea","2021","Criminal damage and arson",981,"Criminal Damage and Arson"
"Kensington and Chelsea","2021","Drugs",955,"Drug and Weapon Offences"
"Kensington and Chelsea","2021","Other crime",156,"Other Crimes"
"Kensington and Chelsea","2021","Other theft",2827,"Theft And Robbery"
"Kensington and Chelsea","2021","Possession of weapons",90,"Drug and Weapon Offences"
"Kensington and Chelsea","2021","Public order",1378,"Public Order Offences"
"Kensington and Chelsea","2021","Robbery",459,"Theft And Robbery"
"Kensington and Chelsea","2021","Shoplifting",1059,"Theft And Robbery"
"Kensington and Chelsea","2021","Theft from the person",951,"Theft And Robbery"
"Kensington and Chelsea","2021","Vehicle crime",2283,"Theft And Robbery"
"Kensington and Chelsea","2021","Violence and sexual offences",4417,"Violence and Sexual Offences"
"Kensington and Chelsea","2022","Anti-social behaviour",5986,"Public Order Offences"
"Kensington and Chelsea","2022","Bicycle theft",562,"Theft And Robbery"
"Kensington and Chelsea","2022","Burglary",1344,"Theft And Robbery"
"Kensington and Chelsea","2022","Criminal damage and arson",1116,"Criminal Damage and Arson"
"Kensington and Chelsea","2022","Drugs",801,"Drug and Weapon Offences"
"Kensington and Chelsea","2022","Other crime",140,"Other Crimes"
"Kensington and Chelsea","2022","Other theft",4073,"Theft And Robbery"
"Kensington and Chelsea","2022","Possession of weapons",77,"Drug and Weapon Offences"
"Kensington and Chelsea","2022","Public order",1301,"Public Order Offences"
"Kensington and Chelsea","2022","Robbery",574,"Theft And Robbery"
"Kensington and Chelsea","2022","Shoplifting",1069,"Theft And Robbery"
"Kensington and Chelsea","2022","Theft from the person",1815,"Theft And Robbery"
"Kensington and Chelsea","2022","Vehicle crime",2676,"Theft And Robbery"
"Kensington and Chelsea","2022","Violence and sexual offences",4599,"Violence and Sexual Offences"
"Kensington and Chelsea","2023","Anti-social behaviour",4522,"Public Order Offences"
"Kensington and Chelsea","2023","Bicycle theft",554,"Theft And Robbery"
"Kensington and Chelsea","2023","Burglary",1514,"Theft And Robbery"
"Kensington and Chelsea","2023","Criminal damage and arson",1149,"Criminal Damage and Arson"
"Kensington and Chelsea","2023","Drugs",746,"Drug and Weapon Offences"
"Kensington and Chelsea","2023","Other crime",126,"Other Crimes"
"Kensington and Chelsea","2023","Other theft",4698,"Theft And Robbery"
"Kensington and Chelsea","2023","Possession of weapons",100,"Drug and Weapon Offences"
"Kensington and Chelsea","2023","Public order",1251,"Public Order Offences"
"Kensington and Chelsea","2023","Robbery",665,"Theft And Robbery"
"Kensington and Chelsea","2023","Shoplifting",1577,"Theft And Robbery"
"Kensington and Chelsea","2023","Theft from the person",2188,"Theft And Robbery"
"Kensington and Chelsea","2023","Vehicle crime",2813,"Theft And Robbery"
"Kensington and Chelsea","2023","Violence and sexual offences",4839,"Violence and Sexual Offences"
"Kensington and Chelsea","2024","Anti-social behaviour",4737,"Public Order Offences"
"Kensington and Chelsea","2024","Bicycle theft",392,"Theft And Robbery"
"Kensington and Chelsea","2024","Burglary",1483,"Theft And Robbery"
"Kensington and Chelsea","2024","Criminal damage and arson",1168,"Criminal Damage and Arson"
"Kensington and Chelsea","2024","Drugs",846,"Drug and Weapon Offences"
"Kensington and Chelsea","2024","Other crime",174,"Other Crimes"
"Kensington and Chelsea","2024","Other theft",3620,"Theft And Robbery"
"Kensington and Chelsea","2024","Possession of weapons",110,"Drug and Weapon Offences"
"Kensington and Chelsea","2024","Public order",1132,"Public Order Offences"
"Kensington and Chelsea","2024","Robbery",649,"Theft And Robbery"
"Kensington and Chelsea","2024","Shoplifting",2345,"Theft And Robbery"
"Kensington and Chelsea","2024","Theft from the person",2696,"Theft And Robbery"
"Kensington and Chelsea","2024","Vehicle crime",2587,"Theft And Robbery"
"Kensington and Chelsea","2024","Violence and sexual offences",4935,"Violence and Sexual Offences"
"Kensington and Chelsea","2025","Anti-social behaviour",5123,"Public Order Offences"
"Kensington and Chelsea","2025","Bicycle theft",330,"Theft And Robbery"
"Kensington and Chelsea","2025","Burglary",1263,"Theft And Robbery"
"Kensington and Chelsea","2025","Criminal damage and arson",1111,"Criminal Damage and Arson"
"Kensington and Chelsea","2025","Drugs",1227,"Drug and Weapon Offences"
"Kensington and Chelsea","2025","Other crime",172,"Other Crimes"
"Kensington and Chelsea","2025","Other theft",2883,"Theft And Robbery"
"Kensington and Chelsea","2025","Possession of weapons",129,"Drug and Weapon Offences"
"Kensington and Chelsea","2025","Public order",1314,"Public Order Offences"
"Kensington and Chelsea","2025","Robbery",663,"Theft And Robbery"
"Kensington and Chelsea","2025","Shoplifting",3148,"Theft And Robbery"
"Kensington and Chelsea","2025","Theft from the person",2138,"Theft And Robbery"
"Kensington and Chelsea","2025","Vehicle crime",2505,"Theft And Robbery"
"Kensington and Chelsea","2025","Violence and sexual offences",5199,"Violence and Sexual Offences"
"Kensington and Chelsea","2026","Anti-social behaviour",1488,"Public Order Offences"
"Kensington and Chelsea","2026","Bicycle theft",101,"Theft And Robbery"
"Kensington and Chelsea","2026","Burglary",368,"Theft And Robbery"
"Kensington and Chelsea","2026","Criminal damage and arson",285,"Criminal Damage and Arson"
"Kensington and Chelsea","2026","Drugs",200,"Drug and Weapon Offences"
"Kensington and Chelsea","2026","Other crime",59,"Other Crimes"
"Kensington and Chelsea","2026","Other theft",893,"Theft And Robbery"
"Kensington and Chelsea","2026","Possession of weapons",33,"Drug and Weapon Offences"
"Kensington and Chelsea","2026","Public order",381,"Public Order Offences"
"Kensington and Chelsea","2026","Robbery",145,"Theft And Robbery"
"Kensington and Chelsea","2026","Shoplifting",970,"Theft And Robbery"
"Kensington and Chelsea","2026","Theft from the person",497,"Theft And Robbery"
"Kensington and Chelsea","2026","Vehicle crime",623,"Theft And Robbery"
"Kensington and Chelsea","2026","Violence and sexual offences",1583,"Violence and Sexual Offences"
"Kingston upon Thames","2011","Anti-social behaviour",6682,"Public Order Offences"
"Kingston upon Thames","2011","Burglary",1337,"Theft And Robbery"
"Kingston upon Thames","2011","Criminal damage and arson",345,"Criminal Damage and Arson"
"Kingston upon Thames","2011","Drugs",221,"Drug and Weapon Offences"
"Kingston upon Thames","2011","Other crime",4526,"Other Crimes"
"Kingston upon Thames","2011","Other theft",965,"Theft And Robbery"
"Kingston upon Thames","2011","Public disorder and weapons",116,"No-category"
"Kingston upon Thames","2011","Robbery",238,"Theft And Robbery"
"Kingston upon Thames","2011","Shoplifting",364,"Theft And Robbery"
"Kingston upon Thames","2011","Vehicle crime",823,"Theft And Robbery"
"Kingston upon Thames","2011","Violent crime",2154,"No-category"
"Kingston upon Thames","2012","Anti-social behaviour",1758,"Public Order Offences"
"Kingston upon Thames","2012","Burglary",470,"Theft And Robbery"
"Kingston upon Thames","2012","Criminal damage and arson",354,"Criminal Damage and Arson"
"Kingston upon Thames","2012","Drugs",149,"Drug and Weapon Offences"
"Kingston upon Thames","2012","Other crime",206,"Other Crimes"
"Kingston upon Thames","2012","Other theft",935,"Theft And Robbery"
"Kingston upon Thames","2012","Public disorder and weapons",144,"No-category"
"Kingston upon Thames","2012","Robbery",87,"Theft And Robbery"
"Kingston upon Thames","2012","Shoplifting",327,"Theft And Robbery"
"Kingston upon Thames","2012","Vehicle crime",344,"Theft And Robbery"
"Kingston upon Thames","2012","Violent crime",664,"No-category"
"Kingston upon Thames","2013","Anti-social behaviour",652,"Public Order Offences"
"Kingston upon Thames","2013","Burglary",211,"Theft And Robbery"
"Kingston upon Thames","2013","Criminal damage and arson",178,"Criminal Damage and Arson"
"Kingston upon Thames","2013","Drugs",78,"Drug and Weapon Offences"
"Kingston upon Thames","2013","Other crime",29,"Other Crimes"
"Kingston upon Thames","2013","Other theft",405,"Theft And Robbery"
"Kingston upon Thames","2013","Public disorder and weapons",48,"No-category"
"Kingston upon Thames","2013","Robbery",25,"Theft And Robbery"
"Kingston upon Thames","2013","Shoplifting",162,"Theft And Robbery"
"Kingston upon Thames","2013","Vehicle crime",126,"Theft And Robbery"
"Kingston upon Thames","2013","Violent crime",309,"No-category"
"Kingston upon Thames","2014","Anti-social behaviour",935,"Public Order Offences"
"Kingston upon Thames","2014","Bicycle theft",87,"Theft And Robbery"
"Kingston upon Thames","2014","Burglary",240,"Theft And Robbery"
"Kingston upon Thames","2014","Criminal damage and arson",261,"Criminal Damage and Arson"
"Kingston upon Thames","2014","Drugs",187,"Drug and Weapon Offences"
"Kingston upon Thames","2014","Other crime",15,"Other Crimes"
"Kingston upon Thames","2014","Other theft",363,"Theft And Robbery"
"Kingston upon Thames","2014","Possession of weapons",6,"Drug and Weapon Offences"
"Kingston upon Thames","2014","Public order",108,"Public Order Offences"
"Kingston upon Thames","2014","Robbery",31,"Theft And Robbery"
"Kingston upon Thames","2014","Shoplifting",297,"Theft And Robbery"
"Kingston upon Thames","2014","Theft from the person",86,"Theft And Robbery"
"Kingston upon Thames","2014","Vehicle crime",201,"Theft And Robbery"
"Kingston upon Thames","2014","Violence and sexual offences",560,"Violence and Sexual Offences"
"Kingston upon Thames","2015","Anti-social behaviour",2029,"Public Order Offences"
"Kingston upon Thames","2015","Bicycle theft",155,"Theft And Robbery"
"Kingston upon Thames","2015","Burglary",417,"Theft And Robbery"
"Kingston upon Thames","2015","Criminal damage and arson",464,"Criminal Damage and Arson"
"Kingston upon Thames","2015","Drugs",406,"Drug and Weapon Offences"
"Kingston upon Thames","2015","Other crime",58,"Other Crimes"
"Kingston upon Thames","2015","Other theft",697,"Theft And Robbery"
"Kingston upon Thames","2015","Possession of weapons",19,"Drug and Weapon Offences"
"Kingston upon Thames","2015","Public order",292,"Public Order Offences"
"Kingston upon Thames","2015","Robbery",46,"Theft And Robbery"
"Kingston upon Thames","2015","Shoplifting",469,"Theft And Robbery"
"Kingston upon Thames","2015","Theft from the person",168,"Theft And Robbery"
"Kingston upon Thames","2015","Vehicle crime",352,"Theft And Robbery"
"Kingston upon Thames","2015","Violence and sexual offences",1314,"Violence and Sexual Offences"
"Kingston upon Thames","2016","Anti-social behaviour",3907,"Public Order Offences"
"Kingston upon Thames","2016","Bicycle theft",288,"Theft And Robbery"
"Kingston upon Thames","2016","Burglary",878,"Theft And Robbery"
"Kingston upon Thames","2016","Criminal damage and arson",1045,"Criminal Damage and Arson"
"Kingston upon Thames","2016","Drugs",644,"Drug and Weapon Offences"
"Kingston upon Thames","2016","Other crime",106,"Other Crimes"
"Kingston upon Thames","2016","Other theft",1322,"Theft And Robbery"
"Kingston upon Thames","2016","Possession of weapons",47,"Drug and Weapon Offences"
"Kingston upon Thames","2016","Public order",643,"Public Order Offences"
"Kingston upon Thames","2016","Robbery",119,"Theft And Robbery"
"Kingston upon Thames","2016","Shoplifting",1023,"Theft And Robbery"
"Kingston upon Thames","2016","Theft from the person",381,"Theft And Robbery"
"Kingston upon Thames","2016","Vehicle crime",878,"Theft And Robbery"
"Kingston upon Thames","2016","Violence and sexual offences",2810,"Violence and Sexual Offences"
"Kingston upon Thames","2017","Anti-social behaviour",3155,"Public Order Offences"
"Kingston upon Thames","2017","Bicycle theft",354,"Theft And Robbery"
"Kingston upon Thames","2017","Burglary",1139,"Theft And Robbery"
"Kingston upon Thames","2017","Criminal damage and arson",965,"Criminal Damage and Arson"
"Kingston upon Thames","2017","Drugs",519,"Drug and Weapon Offences"
"Kingston upon Thames","2017","Other crime",128,"Other Crimes"
"Kingston upon Thames","2017","Other theft",1256,"Theft And Robbery"
"Kingston upon Thames","2017","Possession of weapons",64,"Drug and Weapon Offences"
"Kingston upon Thames","2017","Public order",708,"Public Order Offences"
"Kingston upon Thames","2017","Robbery",179,"Theft And Robbery"
"Kingston upon Thames","2017","Shoplifting",1083,"Theft And Robbery"
"Kingston upon Thames","2017","Theft from the person",329,"Theft And Robbery"
"Kingston upon Thames","2017","Vehicle crime",1372,"Theft And Robbery"
"Kingston upon Thames","2017","Violence and sexual offences",3121,"Violence and Sexual Offences"
"Kingston upon Thames","2018","Anti-social behaviour",3065,"Public Order Offences"
"Kingston upon Thames","2018","Bicycle theft",631,"Theft And Robbery"
"Kingston upon Thames","2018","Burglary",979,"Theft And Robbery"
"Kingston upon Thames","2018","Criminal damage and arson",915,"Criminal Damage and Arson"
"Kingston upon Thames","2018","Drugs",396,"Drug and Weapon Offences"
"Kingston upon Thames","2018","Other crime",122,"Other Crimes"
"Kingston upon Thames","2018","Other theft",1489,"Theft And Robbery"
"Kingston upon Thames","2018","Possession of weapons",71,"Drug and Weapon Offences"
"Kingston upon Thames","2018","Public order",728,"Public Order Offences"
"Kingston upon Thames","2018","Robbery",239,"Theft And Robbery"
"Kingston upon Thames","2018","Shoplifting",1039,"Theft And Robbery"
"Kingston upon Thames","2018","Theft from the person",466,"Theft And Robbery"
"Kingston upon Thames","2018","Vehicle crime",1391,"Theft And Robbery"
"Kingston upon Thames","2018","Violence and sexual offences",3412,"Violence and Sexual Offences"
"Kingston upon Thames","2019","Anti-social behaviour",3245,"Public Order Offences"
"Kingston upon Thames","2019","Bicycle theft",507,"Theft And Robbery"
"Kingston upon Thames","2019","Burglary",981,"Theft And Robbery"
"Kingston upon Thames","2019","Criminal damage and arson",894,"Criminal Damage and Arson"
"Kingston upon Thames","2019","Drugs",815,"Drug and Weapon Offences"
"Kingston upon Thames","2019","Other crime",152,"Other Crimes"
"Kingston upon Thames","2019","Other theft",1263,"Theft And Robbery"
"Kingston upon Thames","2019","Possession of weapons",82,"Drug and Weapon Offences"
"Kingston upon Thames","2019","Public order",758,"Public Order Offences"
"Kingston upon Thames","2019","Robbery",340,"Theft And Robbery"
"Kingston upon Thames","2019","Shoplifting",951,"Theft And Robbery"
"Kingston upon Thames","2019","Theft from the person",510,"Theft And Robbery"
"Kingston upon Thames","2019","Vehicle crime",1383,"Theft And Robbery"
"Kingston upon Thames","2019","Violence and sexual offences",3421,"Violence and Sexual Offences"
"Kingston upon Thames","2020","Anti-social behaviour",6236,"Public Order Offences"
"Kingston upon Thames","2020","Bicycle theft",449,"Theft And Robbery"
"Kingston upon Thames","2020","Burglary",857,"Theft And Robbery"
"Kingston upon Thames","2020","Criminal damage and arson",738,"Criminal Damage and Arson"
"Kingston upon Thames","2020","Drugs",1058,"Drug and Weapon Offences"
"Kingston upon Thames","2020","Other crime",114,"Other Crimes"
"Kingston upon Thames","2020","Other theft",999,"Theft And Robbery"
"Kingston upon Thames","2020","Possession of weapons",67,"Drug and Weapon Offences"
"Kingston upon Thames","2020","Public order",712,"Public Order Offences"
"Kingston upon Thames","2020","Robbery",216,"Theft And Robbery"
"Kingston upon Thames","2020","Shoplifting",538,"Theft And Robbery"
"Kingston upon Thames","2020","Theft from the person",313,"Theft And Robbery"
"Kingston upon Thames","2020","Vehicle crime",1114,"Theft And Robbery"
"Kingston upon Thames","2020","Violence and sexual offences",3414,"Violence and Sexual Offences"
"Kingston upon Thames","2021","Anti-social behaviour",4021,"Public Order Offences"
"Kingston upon Thames","2021","Bicycle theft",483,"Theft And Robbery"
"Kingston upon Thames","2021","Burglary",729,"Theft And Robbery"
"Kingston upon Thames","2021","Criminal damage and arson",825,"Criminal Damage and Arson"
"Kingston upon Thames","2021","Drugs",855,"Drug and Weapon Offences"
"Kingston upon Thames","2021","Other crime",135,"Other Crimes"
"Kingston upon Thames","2021","Other theft",1183,"Theft And Robbery"
"Kingston upon Thames","2021","Possession of weapons",67,"Drug and Weapon Offences"
"Kingston upon Thames","2021","Public order",804,"Public Order Offences"
"Kingston upon Thames","2021","Robbery",145,"Theft And Robbery"
"Kingston upon Thames","2021","Shoplifting",623,"Theft And Robbery"
"Kingston upon Thames","2021","Theft from the person",428,"Theft And Robbery"
"Kingston upon Thames","2021","Vehicle crime",1020,"Theft And Robbery"
"Kingston upon Thames","2021","Violence and sexual offences",3458,"Violence and Sexual Offences"
"Kingston upon Thames","2022","Anti-social behaviour",3516,"Public Order Offences"
"Kingston upon Thames","2022","Bicycle theft",511,"Theft And Robbery"
"Kingston upon Thames","2022","Burglary",659,"Theft And Robbery"
"Kingston upon Thames","2022","Criminal damage and arson",814,"Criminal Damage and Arson"
"Kingston upon Thames","2022","Drugs",842,"Drug and Weapon Offences"
"Kingston upon Thames","2022","Other crime",155,"Other Crimes"
"Kingston upon Thames","2022","Other theft",1425,"Theft And Robbery"
"Kingston upon Thames","2022","Possession of weapons",77,"Drug and Weapon Offences"
"Kingston upon Thames","2022","Public order",749,"Public Order Offences"
"Kingston upon Thames","2022","Robbery",181,"Theft And Robbery"
"Kingston upon Thames","2022","Shoplifting",662,"Theft And Robbery"
"Kingston upon Thames","2022","Theft from the person",594,"Theft And Robbery"
"Kingston upon Thames","2022","Vehicle crime",1236,"Theft And Robbery"
"Kingston upon Thames","2022","Violence and sexual offences",3410,"Violence and Sexual Offences"
"Kingston upon Thames","2023","Anti-social behaviour",3110,"Public Order Offences"
"Kingston upon Thames","2023","Bicycle theft",523,"Theft And Robbery"
"Kingston upon Thames","2023","Burglary",813,"Theft And Robbery"
"Kingston upon Thames","2023","Criminal damage and arson",842,"Criminal Damage and Arson"
"Kingston upon Thames","2023","Drugs",780,"Drug and Weapon Offences"
"Kingston upon Thames","2023","Other crime",151,"Other Crimes"
"Kingston upon Thames","2023","Other theft",1508,"Theft And Robbery"
"Kingston upon Thames","2023","Possession of weapons",59,"Drug and Weapon Offences"
"Kingston upon Thames","2023","Public order",760,"Public Order Offences"
"Kingston upon Thames","2023","Robbery",187,"Theft And Robbery"
"Kingston upon Thames","2023","Shoplifting",1027,"Theft And Robbery"
"Kingston upon Thames","2023","Theft from the person",546,"Theft And Robbery"
"Kingston upon Thames","2023","Vehicle crime",1099,"Theft And Robbery"
"Kingston upon Thames","2023","Violence and sexual offences",3494,"Violence and Sexual Offences"
"Kingston upon Thames","2024","Anti-social behaviour",3224,"Public Order Offences"
"Kingston upon Thames","2024","Bicycle theft",323,"Theft And Robbery"
"Kingston upon Thames","2024","Burglary",565,"Theft And Robbery"
"Kingston upon Thames","2024","Criminal damage and arson",976,"Criminal Damage and Arson"
"Kingston upon Thames","2024","Drugs",507,"Drug and Weapon Offences"
"Kingston upon Thames","2024","Other crime",119,"Other Crimes"
"Kingston upon Thames","2024","Other theft",1180,"Theft And Robbery"
"Kingston upon Thames","2024","Possession of weapons",47,"Drug and Weapon Offences"
"Kingston upon Thames","2024","Public order",763,"Public Order Offences"
"Kingston upon Thames","2024","Robbery",207,"Theft And Robbery"
"Kingston upon Thames","2024","Shoplifting",1485,"Theft And Robbery"
"Kingston upon Thames","2024","Theft from the person",533,"Theft And Robbery"
"Kingston upon Thames","2024","Vehicle crime",942,"Theft And Robbery"
"Kingston upon Thames","2024","Violence and sexual offences",3400,"Violence and Sexual Offences"
"Kingston upon Thames","2025","Anti-social behaviour",3334,"Public Order Offences"
"Kingston upon Thames","2025","Bicycle theft",247,"Theft And Robbery"
"Kingston upon Thames","2025","Burglary",624,"Theft And Robbery"
"Kingston upon Thames","2025","Criminal damage and arson",869,"Criminal Damage and Arson"
"Kingston upon Thames","2025","Drugs",706,"Drug and Weapon Offences"
"Kingston upon Thames","2025","Other crime",173,"Other Crimes"
"Kingston upon Thames","2025","Other theft",978,"Theft And Robbery"
"Kingston upon Thames","2025","Possession of weapons",86,"Drug and Weapon Offences"
"Kingston upon Thames","2025","Public order",903,"Public Order Offences"
"Kingston upon Thames","2025","Robbery",222,"Theft And Robbery"
"Kingston upon Thames","2025","Shoplifting",1628,"Theft And Robbery"
"Kingston upon Thames","2025","Theft from the person",436,"Theft And Robbery"
"Kingston upon Thames","2025","Vehicle crime",1004,"Theft And Robbery"
"Kingston upon Thames","2025","Violence and sexual offences",3905,"Violence and Sexual Offences"
"Kingston upon Thames","2026","Anti-social behaviour",992,"Public Order Offences"
"Kingston upon Thames","2026","Bicycle theft",70,"Theft And Robbery"
"Kingston upon Thames","2026","Burglary",154,"Theft And Robbery"
"Kingston upon Thames","2026","Criminal damage and arson",238,"Criminal Damage and Arson"
"Kingston upon Thames","2026","Drugs",261,"Drug and Weapon Offences"
"Kingston upon Thames","2026","Other crime",58,"Other Crimes"
"Kingston upon Thames","2026","Other theft",309,"Theft And Robbery"
"Kingston upon Thames","2026","Possession of weapons",28,"Drug and Weapon Offences"
"Kingston upon Thames","2026","Public order",291,"Public Order Offences"
"Kingston upon Thames","2026","Robbery",71,"Theft And Robbery"
"Kingston upon Thames","2026","Shoplifting",508,"Theft And Robbery"
"Kingston upon Thames","2026","Theft from the person",126,"Theft And Robbery"
"Kingston upon Thames","2026","Vehicle crime",320,"Theft And Robbery"
"Kingston upon Thames","2026","Violence and sexual offences",1391,"Violence and Sexual Offences"
"Lambeth","2011","Anti-social behaviour",18363,"Public Order Offences"
"Lambeth","2011","Burglary",3804,"Theft And Robbery"
"Lambeth","2011","Criminal damage and arson",927,"Criminal Damage and Arson"
"Lambeth","2011","Drugs",842,"Drug and Weapon Offences"
"Lambeth","2011","Other crime",12647,"Other Crimes"
"Lambeth","2011","Other theft",3067,"Theft And Robbery"
"Lambeth","2011","Public disorder and weapons",460,"No-category"
"Lambeth","2011","Robbery",2987,"Theft And Robbery"
"Lambeth","2011","Shoplifting",266,"Theft And Robbery"
"Lambeth","2011","Vehicle crime",3660,"Theft And Robbery"
"Lambeth","2011","Violent crime",6869,"No-category"
"Lambeth","2012","Anti-social behaviour",5302,"Public Order Offences"
"Lambeth","2012","Burglary",1241,"Theft And Robbery"
"Lambeth","2012","Criminal damage and arson",863,"Criminal Damage and Arson"
"Lambeth","2012","Drugs",809,"Drug and Weapon Offences"
"Lambeth","2012","Other crime",506,"Other Crimes"
"Lambeth","2012","Other theft",3763,"Theft And Robbery"
"Lambeth","2012","Public disorder and weapons",456,"No-category"
"Lambeth","2012","Robbery",887,"Theft And Robbery"
"Lambeth","2012","Shoplifting",276,"Theft And Robbery"
"Lambeth","2012","Vehicle crime",1277,"Theft And Robbery"
"Lambeth","2012","Violent crime",2068,"No-category"
"Lambeth","2013","Anti-social behaviour",1880,"Public Order Offences"
"Lambeth","2013","Burglary",626,"Theft And Robbery"
"Lambeth","2013","Criminal damage and arson",385,"Criminal Damage and Arson"
"Lambeth","2013","Drugs",266,"Drug and Weapon Offences"
"Lambeth","2013","Other crime",84,"Other Crimes"
"Lambeth","2013","Other theft",1571,"Theft And Robbery"
"Lambeth","2013","Public disorder and weapons",191,"No-category"
"Lambeth","2013","Robbery",393,"Theft And Robbery"
"Lambeth","2013","Shoplifting",149,"Theft And Robbery"
"Lambeth","2013","Vehicle crime",563,"Theft And Robbery"
"Lambeth","2013","Violent crime",850,"No-category"
"Lambeth","2014","Anti-social behaviour",2655,"Public Order Offences"
"Lambeth","2014","Bicycle theft",228,"Theft And Robbery"
"Lambeth","2014","Burglary",769,"Theft And Robbery"
"Lambeth","2014","Criminal damage and arson",570,"Criminal Damage and Arson"
"Lambeth","2014","Drugs",575,"Drug and Weapon Offences"
"Lambeth","2014","Other crime",83,"Other Crimes"
"Lambeth","2014","Other theft",1288,"Theft And Robbery"
"Lambeth","2014","Possession of weapons",61,"Drug and Weapon Offences"
"Lambeth","2014","Public order",445,"Public Order Offences"
"Lambeth","2014","Robbery",357,"Theft And Robbery"
"Lambeth","2014","Shoplifting",333,"Theft And Robbery"
"Lambeth","2014","Theft from the person",520,"Theft And Robbery"
"Lambeth","2014","Vehicle crime",729,"Theft And Robbery"
"Lambeth","2014","Violence and sexual offences",1943,"Violence and Sexual Offences"
"Lambeth","2015","Anti-social behaviour",5344,"Public Order Offences"
"Lambeth","2015","Bicycle theft",543,"Theft And Robbery"
"Lambeth","2015","Burglary",1238,"Theft And Robbery"
"Lambeth","2015","Criminal damage and arson",1327,"Criminal Damage and Arson"
"Lambeth","2015","Drugs",1047,"Drug and Weapon Offences"
"Lambeth","2015","Other crime",153,"Other Crimes"
"Lambeth","2015","Other theft",2599,"Theft And Robbery"
"Lambeth","2015","Possession of weapons",144,"Drug and Weapon Offences"
"Lambeth","2015","Public order",1136,"Public Order Offences"
"Lambeth","2015","Robbery",585,"Theft And Robbery"
"Lambeth","2015","Shoplifting",768,"Theft And Robbery"
"Lambeth","2015","Theft from the person",961,"Theft And Robbery"
"Lambeth","2015","Vehicle crime",1694,"Theft And Robbery"
"Lambeth","2015","Violence and sexual offences",4516,"Violence and Sexual Offences"
"Lambeth","2016","Anti-social behaviour",10503,"Public Order Offences"
"Lambeth","2016","Bicycle theft",1086,"Theft And Robbery"
"Lambeth","2016","Burglary",3094,"Theft And Robbery"
"Lambeth","2016","Criminal damage and arson",2688,"Criminal Damage and Arson"
"Lambeth","2016","Drugs",2316,"Drug and Weapon Offences"
"Lambeth","2016","Other crime",395,"Other Crimes"
"Lambeth","2016","Other theft",4930,"Theft And Robbery"
"Lambeth","2016","Possession of weapons",308,"Drug and Weapon Offences"
"Lambeth","2016","Public order",1958,"Public Order Offences"
"Lambeth","2016","Robbery",1190,"Theft And Robbery"
"Lambeth","2016","Shoplifting",1581,"Theft And Robbery"
"Lambeth","2016","Theft from the person",2100,"Theft And Robbery"
"Lambeth","2016","Vehicle crime",3559,"Theft And Robbery"
"Lambeth","2016","Violence and sexual offences",9155,"Violence and Sexual Offences"
"Lambeth","2017","Anti-social behaviour",9813,"Public Order Offences"
"Lambeth","2017","Bicycle theft",1152,"Theft And Robbery"
"Lambeth","2017","Burglary",2808,"Theft And Robbery"
"Lambeth","2017","Criminal damage and arson",2577,"Criminal Damage and Arson"
"Lambeth","2017","Drugs",1932,"Drug and Weapon Offences"
"Lambeth","2017","Other crime",389,"Other Crimes"
"Lambeth","2017","Other theft",4963,"Theft And Robbery"
"Lambeth","2017","Possession of weapons",446,"Drug and Weapon Offences"
"Lambeth","2017","Public order",2032,"Public Order Offences"
"Lambeth","2017","Robbery",1472,"Theft And Robbery"
"Lambeth","2017","Shoplifting",1559,"Theft And Robbery"
"Lambeth","2017","Theft from the person",2122,"Theft And Robbery"
"Lambeth","2017","Vehicle crime",3142,"Theft And Robbery"
"Lambeth","2017","Violence and sexual offences",9350,"Violence and Sexual Offences"
"Lambeth","2018","Anti-social behaviour",9085,"Public Order Offences"
"Lambeth","2018","Bicycle theft",1039,"Theft And Robbery"
"Lambeth","2018","Burglary",3145,"Theft And Robbery"
"Lambeth","2018","Criminal damage and arson",2351,"Criminal Damage and Arson"
"Lambeth","2018","Drugs",1962,"Drug and Weapon Offences"
"Lambeth","2018","Other crime",407,"Other Crimes"
"Lambeth","2018","Other theft",5152,"Theft And Robbery"
"Lambeth","2018","Possession of weapons",395,"Drug and Weapon Offences"
"Lambeth","2018","Public order",1922,"Public Order Offences"
"Lambeth","2018","Robbery",1334,"Theft And Robbery"
"Lambeth","2018","Shoplifting",1209,"Theft And Robbery"
"Lambeth","2018","Theft from the person",1982,"Theft And Robbery"
"Lambeth","2018","Vehicle crime",4020,"Theft And Robbery"
"Lambeth","2018","Violence and sexual offences",9391,"Violence and Sexual Offences"
"Lambeth","2019","Anti-social behaviour",9871,"Public Order Offences"
"Lambeth","2019","Bicycle theft",954,"Theft And Robbery"
"Lambeth","2019","Burglary",3137,"Theft And Robbery"
"Lambeth","2019","Criminal damage and arson",1965,"Criminal Damage and Arson"
"Lambeth","2019","Drugs",2022,"Drug and Weapon Offences"
"Lambeth","2019","Other crime",362,"Other Crimes"
"Lambeth","2019","Other theft",5286,"Theft And Robbery"
"Lambeth","2019","Possession of weapons",371,"Drug and Weapon Offences"
"Lambeth","2019","Public order",2026,"Public Order Offences"
"Lambeth","2019","Robbery",1322,"Theft And Robbery"
"Lambeth","2019","Shoplifting",1282,"Theft And Robbery"
"Lambeth","2019","Theft from the person",2044,"Theft And Robbery"
"Lambeth","2019","Vehicle crime",3321,"Theft And Robbery"
"Lambeth","2019","Violence and sexual offences",9375,"Violence and Sexual Offences"
"Lambeth","2020","Anti-social behaviour",18514,"Public Order Offences"
"Lambeth","2020","Bicycle theft",1270,"Theft And Robbery"
"Lambeth","2020","Burglary",2566,"Theft And Robbery"
"Lambeth","2020","Criminal damage and arson",1998,"Criminal Damage and Arson"
"Lambeth","2020","Drugs",2275,"Drug and Weapon Offences"
"Lambeth","2020","Other crime",344,"Other Crimes"
"Lambeth","2020","Other theft",3188,"Theft And Robbery"
"Lambeth","2020","Possession of weapons",297,"Drug and Weapon Offences"
"Lambeth","2020","Public order",2336,"Public Order Offences"
"Lambeth","2020","Robbery",1094,"Theft And Robbery"
"Lambeth","2020","Shoplifting",986,"Theft And Robbery"
"Lambeth","2020","Theft from the person",1123,"Theft And Robbery"
"Lambeth","2020","Vehicle crime",2938,"Theft And Robbery"
"Lambeth","2020","Violence and sexual offences",8985,"Violence and Sexual Offences"
"Lambeth","2021","Anti-social behaviour",13015,"Public Order Offences"
"Lambeth","2021","Bicycle theft",1083,"Theft And Robbery"
"Lambeth","2021","Burglary",2217,"Theft And Robbery"
"Lambeth","2021","Criminal damage and arson",2087,"Criminal Damage and Arson"
"Lambeth","2021","Drugs",2056,"Drug and Weapon Offences"
"Lambeth","2021","Other crime",347,"Other Crimes"
"Lambeth","2021","Other theft",3824,"Theft And Robbery"
"Lambeth","2021","Possession of weapons",326,"Drug and Weapon Offences"
"Lambeth","2021","Public order",2331,"Public Order Offences"
"Lambeth","2021","Robbery",1173,"Theft And Robbery"
"Lambeth","2021","Shoplifting",867,"Theft And Robbery"
"Lambeth","2021","Theft from the person",1533,"Theft And Robbery"
"Lambeth","2021","Vehicle crime",2704,"Theft And Robbery"
"Lambeth","2021","Violence and sexual offences",9736,"Violence and Sexual Offences"
"Lambeth","2022","Anti-social behaviour",11251,"Public Order Offences"
"Lambeth","2022","Bicycle theft",996,"Theft And Robbery"
"Lambeth","2022","Burglary",2220,"Theft And Robbery"
"Lambeth","2022","Criminal damage and arson",2079,"Criminal Damage and Arson"
"Lambeth","2022","Drugs",1552,"Drug and Weapon Offences"
"Lambeth","2022","Other crime",307,"Other Crimes"
"Lambeth","2022","Other theft",5030,"Theft And Robbery"
"Lambeth","2022","Possession of weapons",225,"Drug and Weapon Offences"
"Lambeth","2022","Public order",2357,"Public Order Offences"
"Lambeth","2022","Robbery",1479,"Theft And Robbery"
"Lambeth","2022","Shoplifting",1127,"Theft And Robbery"
"Lambeth","2022","Theft from the person",2352,"Theft And Robbery"
"Lambeth","2022","Vehicle crime",2716,"Theft And Robbery"
"Lambeth","2022","Violence and sexual offences",9747,"Violence and Sexual Offences"
"Lambeth","2023","Anti-social behaviour",9005,"Public Order Offences"
"Lambeth","2023","Bicycle theft",767,"Theft And Robbery"
"Lambeth","2023","Burglary",2166,"Theft And Robbery"
"Lambeth","2023","Criminal damage and arson",2239,"Criminal Damage and Arson"
"Lambeth","2023","Drugs",1272,"Drug and Weapon Offences"
"Lambeth","2023","Other crime",316,"Other Crimes"
"Lambeth","2023","Other theft",5851,"Theft And Robbery"
"Lambeth","2023","Possession of weapons",218,"Drug and Weapon Offences"
"Lambeth","2023","Public order",2319,"Public Order Offences"
"Lambeth","2023","Robbery",1858,"Theft And Robbery"
"Lambeth","2023","Shoplifting",1706,"Theft And Robbery"
"Lambeth","2023","Theft from the person",3151,"Theft And Robbery"
"Lambeth","2023","Vehicle crime",2933,"Theft And Robbery"
"Lambeth","2023","Violence and sexual offences",10334,"Violence and Sexual Offences"
"Lambeth","2024","Anti-social behaviour",9794,"Public Order Offences"
"Lambeth","2024","Bicycle theft",891,"Theft And Robbery"
"Lambeth","2024","Burglary",2115,"Theft And Robbery"
"Lambeth","2024","Criminal damage and arson",2283,"Criminal Damage and Arson"
"Lambeth","2024","Drugs",1464,"Drug and Weapon Offences"
"Lambeth","2024","Other crime",343,"Other Crimes"
"Lambeth","2024","Other theft",4682,"Theft And Robbery"
"Lambeth","2024","Possession of weapons",200,"Drug and Weapon Offences"
"Lambeth","2024","Public order",2280,"Public Order Offences"
"Lambeth","2024","Robbery",2281,"Theft And Robbery"
"Lambeth","2024","Shoplifting",2783,"Theft And Robbery"
"Lambeth","2024","Theft from the person",4917,"Theft And Robbery"
"Lambeth","2024","Vehicle crime",3503,"Theft And Robbery"
"Lambeth","2024","Violence and sexual offences",10105,"Violence and Sexual Offences"
"Lambeth","2025","Anti-social behaviour",9810,"Public Order Offences"
"Lambeth","2025","Bicycle theft",852,"Theft And Robbery"
"Lambeth","2025","Burglary",1789,"Theft And Robbery"
"Lambeth","2025","Criminal damage and arson",2209,"Criminal Damage and Arson"
"Lambeth","2025","Drugs",1880,"Drug and Weapon Offences"
"Lambeth","2025","Other crime",481,"Other Crimes"
"Lambeth","2025","Other theft",4392,"Theft And Robbery"
"Lambeth","2025","Possession of weapons",253,"Drug and Weapon Offences"
"Lambeth","2025","Public order",2263,"Public Order Offences"
"Lambeth","2025","Robbery",1700,"Theft And Robbery"
"Lambeth","2025","Shoplifting",3170,"Theft And Robbery"
"Lambeth","2025","Theft from the person",5274,"Theft And Robbery"
"Lambeth","2025","Vehicle crime",2551,"Theft And Robbery"
"Lambeth","2025","Violence and sexual offences",10642,"Violence and Sexual Offences"
"Lambeth","2026","Anti-social behaviour",2902,"Public Order Offences"
"Lambeth","2026","Bicycle theft",301,"Theft And Robbery"
"Lambeth","2026","Burglary",543,"Theft And Robbery"
"Lambeth","2026","Criminal damage and arson",666,"Criminal Damage and Arson"
"Lambeth","2026","Drugs",556,"Drug and Weapon Offences"
"Lambeth","2026","Other crime",150,"Other Crimes"
"Lambeth","2026","Other theft",1375,"Theft And Robbery"
"Lambeth","2026","Possession of weapons",107,"Drug and Weapon Offences"
"Lambeth","2026","Public order",680,"Public Order Offences"
"Lambeth","2026","Robbery",591,"Theft And Robbery"
"Lambeth","2026","Shoplifting",1148,"Theft And Robbery"
"Lambeth","2026","Theft from the person",1486,"Theft And Robbery"
"Lambeth","2026","Vehicle crime",924,"Theft And Robbery"
"Lambeth","2026","Violence and sexual offences",3639,"Violence and Sexual Offences"
"Lewisham","2011","Anti-social behaviour",15301,"Public Order Offences"
"Lewisham","2011","Burglary",3249,"Theft And Robbery"
"Lewisham","2011","Criminal damage and arson",887,"Criminal Damage and Arson"
"Lewisham","2011","Drugs",684,"Drug and Weapon Offences"
"Lewisham","2011","Other crime",9648,"Other Crimes"
"Lewisham","2011","Other theft",1409,"Theft And Robbery"
"Lewisham","2011","Public disorder and weapons",455,"No-category"
"Lewisham","2011","Robbery",1657,"Theft And Robbery"
"Lewisham","2011","Shoplifting",356,"Theft And Robbery"
"Lewisham","2011","Vehicle crime",3082,"Theft And Robbery"
"Lewisham","2011","Violent crime",6123,"No-category"
"Lewisham","2012","Anti-social behaviour",4052,"Public Order Offences"
"Lewisham","2012","Burglary",1122,"Theft And Robbery"
"Lewisham","2012","Criminal damage and arson",881,"Criminal Damage and Arson"
"Lewisham","2012","Drugs",443,"Drug and Weapon Offences"
"Lewisham","2012","Other crime",616,"Other Crimes"
"Lewisham","2012","Other theft",1562,"Theft And Robbery"
"Lewisham","2012","Public disorder and weapons",366,"No-category"
"Lewisham","2012","Robbery",461,"Theft And Robbery"
"Lewisham","2012","Shoplifting",325,"Theft And Robbery"
"Lewisham","2012","Vehicle crime",1178,"Theft And Robbery"
"Lewisham","2012","Violent crime",1768,"No-category"
"Lewisham","2013","Anti-social behaviour",1385,"Public Order Offences"
"Lewisham","2013","Burglary",652,"Theft And Robbery"
"Lewisham","2013","Criminal damage and arson",359,"Criminal Damage and Arson"
"Lewisham","2013","Drugs",292,"Drug and Weapon Offences"
"Lewisham","2013","Other crime",81,"Other Crimes"
"Lewisham","2013","Other theft",584,"Theft And Robbery"
"Lewisham","2013","Public disorder and weapons",186,"No-category"
"Lewisham","2013","Robbery",217,"Theft And Robbery"
"Lewisham","2013","Shoplifting",133,"Theft And Robbery"
"Lewisham","2013","Vehicle crime",541,"Theft And Robbery"
"Lewisham","2013","Violent crime",736,"No-category"
"Lewisham","2014","Anti-social behaviour",1856,"Public Order Offences"
"Lewisham","2014","Bicycle theft",85,"Theft And Robbery"
"Lewisham","2014","Burglary",545,"Theft And Robbery"
"Lewisham","2014","Criminal damage and arson",504,"Criminal Damage and Arson"
"Lewisham","2014","Drugs",288,"Drug and Weapon Offences"
"Lewisham","2014","Other crime",40,"Other Crimes"
"Lewisham","2014","Other theft",681,"Theft And Robbery"
"Lewisham","2014","Possession of weapons",26,"Drug and Weapon Offences"
"Lewisham","2014","Public order",288,"Public Order Offences"
"Lewisham","2014","Robbery",207,"Theft And Robbery"
"Lewisham","2014","Shoplifting",259,"Theft And Robbery"
"Lewisham","2014","Theft from the person",137,"Theft And Robbery"
"Lewisham","2014","Vehicle crime",560,"Theft And Robbery"
"Lewisham","2014","Violence and sexual offences",1621,"Violence and Sexual Offences"
"Lewisham","2015","Anti-social behaviour",3776,"Public Order Offences"
"Lewisham","2015","Bicycle theft",173,"Theft And Robbery"
"Lewisham","2015","Burglary",1060,"Theft And Robbery"
"Lewisham","2015","Criminal damage and arson",1260,"Criminal Damage and Arson"
"Lewisham","2015","Drugs",643,"Drug and Weapon Offences"
"Lewisham","2015","Other crime",116,"Other Crimes"
"Lewisham","2015","Other theft",1459,"Theft And Robbery"
"Lewisham","2015","Possession of weapons",78,"Drug and Weapon Offences"
"Lewisham","2015","Public order",762,"Public Order Offences"
"Lewisham","2015","Robbery",421,"Theft And Robbery"
"Lewisham","2015","Shoplifting",585,"Theft And Robbery"
"Lewisham","2015","Theft from the person",238,"Theft And Robbery"
"Lewisham","2015","Vehicle crime",1453,"Theft And Robbery"
"Lewisham","2015","Violence and sexual offences",3478,"Violence and Sexual Offences"
"Lewisham","2016","Anti-social behaviour",6867,"Public Order Offences"
"Lewisham","2016","Bicycle theft",370,"Theft And Robbery"
"Lewisham","2016","Burglary",2073,"Theft And Robbery"
"Lewisham","2016","Criminal damage and arson",2295,"Criminal Damage and Arson"
"Lewisham","2016","Drugs",1364,"Drug and Weapon Offences"
"Lewisham","2016","Other crime",329,"Other Crimes"
"Lewisham","2016","Other theft",2790,"Theft And Robbery"
"Lewisham","2016","Possession of weapons",222,"Drug and Weapon Offences"
"Lewisham","2016","Public order",1601,"Public Order Offences"
"Lewisham","2016","Robbery",854,"Theft And Robbery"
"Lewisham","2016","Shoplifting",1330,"Theft And Robbery"
"Lewisham","2016","Theft from the person",615,"Theft And Robbery"
"Lewisham","2016","Vehicle crime",2610,"Theft And Robbery"
"Lewisham","2016","Violence and sexual offences",7684,"Violence and Sexual Offences"
"Lewisham","2017","Anti-social behaviour",6731,"Public Order Offences"
"Lewisham","2017","Bicycle theft",367,"Theft And Robbery"
"Lewisham","2017","Burglary",2319,"Theft And Robbery"
"Lewisham","2017","Criminal damage and arson",2259,"Criminal Damage and Arson"
"Lewisham","2017","Drugs",1093,"Drug and Weapon Offences"
"Lewisham","2017","Other crime",320,"Other Crimes"
"Lewisham","2017","Other theft",2781,"Theft And Robbery"
"Lewisham","2017","Possession of weapons",258,"Drug and Weapon Offences"
"Lewisham","2017","Public order",1554,"Public Order Offences"
"Lewisham","2017","Robbery",1002,"Theft And Robbery"
"Lewisham","2017","Shoplifting",1164,"Theft And Robbery"
"Lewisham","2017","Theft from the person",544,"Theft And Robbery"
"Lewisham","2017","Vehicle crime",2792,"Theft And Robbery"
"Lewisham","2017","Violence and sexual offences",7933,"Violence and Sexual Offences"
"Lewisham","2018","Anti-social behaviour",6577,"Public Order Offences"
"Lewisham","2018","Bicycle theft",373,"Theft And Robbery"
"Lewisham","2018","Burglary",2561,"Theft And Robbery"
"Lewisham","2018","Criminal damage and arson",2158,"Criminal Damage and Arson"
"Lewisham","2018","Drugs",1188,"Drug and Weapon Offences"
"Lewisham","2018","Other crime",349,"Other Crimes"
"Lewisham","2018","Other theft",2824,"Theft And Robbery"
"Lewisham","2018","Possession of weapons",265,"Drug and Weapon Offences"
"Lewisham","2018","Public order",1575,"Public Order Offences"
"Lewisham","2018","Robbery",1036,"Theft And Robbery"
"Lewisham","2018","Shoplifting",1179,"Theft And Robbery"
"Lewisham","2018","Theft from the person",515,"Theft And Robbery"
"Lewisham","2018","Vehicle crime",3415,"Theft And Robbery"
"Lewisham","2018","Violence and sexual offences",8072,"Violence and Sexual Offences"
"Lewisham","2019","Anti-social behaviour",7014,"Public Order Offences"
"Lewisham","2019","Bicycle theft",383,"Theft And Robbery"
"Lewisham","2019","Burglary",2623,"Theft And Robbery"
"Lewisham","2019","Criminal damage and arson",2054,"Criminal Damage and Arson"
"Lewisham","2019","Drugs",1270,"Drug and Weapon Offences"
"Lewisham","2019","Other crime",362,"Other Crimes"
"Lewisham","2019","Other theft",2815,"Theft And Robbery"
"Lewisham","2019","Possession of weapons",278,"Drug and Weapon Offences"
"Lewisham","2019","Public order",1791,"Public Order Offences"
"Lewisham","2019","Robbery",1223,"Theft And Robbery"
"Lewisham","2019","Shoplifting",1217,"Theft And Robbery"
"Lewisham","2019","Theft from the person",815,"Theft And Robbery"
"Lewisham","2019","Vehicle crime",3882,"Theft And Robbery"
"Lewisham","2019","Violence and sexual offences",8614,"Violence and Sexual Offences"
"Lewisham","2020","Anti-social behaviour",13063,"Public Order Offences"
"Lewisham","2020","Bicycle theft",585,"Theft And Robbery"
"Lewisham","2020","Burglary",2413,"Theft And Robbery"
"Lewisham","2020","Criminal damage and arson",2064,"Criminal Damage and Arson"
"Lewisham","2020","Drugs",1430,"Drug and Weapon Offences"
"Lewisham","2020","Other crime",321,"Other Crimes"
"Lewisham","2020","Other theft",2308,"Theft And Robbery"
"Lewisham","2020","Possession of weapons",252,"Drug and Weapon Offences"
"Lewisham","2020","Public order",2115,"Public Order Offences"
"Lewisham","2020","Robbery",929,"Theft And Robbery"
"Lewisham","2020","Shoplifting",1224,"Theft And Robbery"
"Lewisham","2020","Theft from the person",483,"Theft And Robbery"
"Lewisham","2020","Vehicle crime",3857,"Theft And Robbery"
"Lewisham","2020","Violence and sexual offences",8639,"Violence and Sexual Offences"
"Lewisham","2021","Anti-social behaviour",9089,"Public Order Offences"
"Lewisham","2021","Bicycle theft",466,"Theft And Robbery"
"Lewisham","2021","Burglary",2051,"Theft And Robbery"
"Lewisham","2021","Criminal damage and arson",2144,"Criminal Damage and Arson"
"Lewisham","2021","Drugs",1343,"Drug and Weapon Offences"
"Lewisham","2021","Other crime",348,"Other Crimes"
"Lewisham","2021","Other theft",2695,"Theft And Robbery"
"Lewisham","2021","Possession of weapons",229,"Drug and Weapon Offences"
"Lewisham","2021","Public order",2146,"Public Order Offences"
"Lewisham","2021","Robbery",662,"Theft And Robbery"
"Lewisham","2021","Shoplifting",1067,"Theft And Robbery"
"Lewisham","2021","Theft from the person",515,"Theft And Robbery"
"Lewisham","2021","Vehicle crime",3515,"Theft And Robbery"
"Lewisham","2021","Violence and sexual offences",8609,"Violence and Sexual Offences"
"Lewisham","2022","Anti-social behaviour",7555,"Public Order Offences"
"Lewisham","2022","Bicycle theft",388,"Theft And Robbery"
"Lewisham","2022","Burglary",1914,"Theft And Robbery"
"Lewisham","2022","Criminal damage and arson",2044,"Criminal Damage and Arson"
"Lewisham","2022","Drugs",1394,"Drug and Weapon Offences"
"Lewisham","2022","Other crime",317,"Other Crimes"
"Lewisham","2022","Other theft",3357,"Theft And Robbery"
"Lewisham","2022","Possession of weapons",212,"Drug and Weapon Offences"
"Lewisham","2022","Public order",2041,"Public Order Offences"
"Lewisham","2022","Robbery",688,"Theft And Robbery"
"Lewisham","2022","Shoplifting",1200,"Theft And Robbery"
"Lewisham","2022","Theft from the person",692,"Theft And Robbery"
"Lewisham","2022","Vehicle crime",3710,"Theft And Robbery"
"Lewisham","2022","Violence and sexual offences",9099,"Violence and Sexual Offences"
"Lewisham","2023","Anti-social behaviour",6535,"Public Order Offences"
"Lewisham","2023","Bicycle theft",347,"Theft And Robbery"
"Lewisham","2023","Burglary",2014,"Theft And Robbery"
"Lewisham","2023","Criminal damage and arson",2243,"Criminal Damage and Arson"
"Lewisham","2023","Drugs",1320,"Drug and Weapon Offences"
"Lewisham","2023","Other crime",300,"Other Crimes"
"Lewisham","2023","Other theft",3207,"Theft And Robbery"
"Lewisham","2023","Possession of weapons",199,"Drug and Weapon Offences"
"Lewisham","2023","Public order",2082,"Public Order Offences"
"Lewisham","2023","Robbery",891,"Theft And Robbery"
"Lewisham","2023","Shoplifting",2194,"Theft And Robbery"
"Lewisham","2023","Theft from the person",1053,"Theft And Robbery"
"Lewisham","2023","Vehicle crime",3195,"Theft And Robbery"
"Lewisham","2023","Violence and sexual offences",10076,"Violence and Sexual Offences"
"Lewisham","2024","Anti-social behaviour",7022,"Public Order Offences"
"Lewisham","2024","Bicycle theft",452,"Theft And Robbery"
"Lewisham","2024","Burglary",1774,"Theft And Robbery"
"Lewisham","2024","Criminal damage and arson",2028,"Criminal Damage and Arson"
"Lewisham","2024","Drugs",1486,"Drug and Weapon Offences"
"Lewisham","2024","Other crime",348,"Other Crimes"
"Lewisham","2024","Other theft",2815,"Theft And Robbery"
"Lewisham","2024","Possession of weapons",187,"Drug and Weapon Offences"
"Lewisham","2024","Public order",2090,"Public Order Offences"
"Lewisham","2024","Robbery",997,"Theft And Robbery"
"Lewisham","2024","Shoplifting",2546,"Theft And Robbery"
"Lewisham","2024","Theft from the person",1736,"Theft And Robbery"
"Lewisham","2024","Vehicle crime",3297,"Theft And Robbery"
"Lewisham","2024","Violence and sexual offences",9779,"Violence and Sexual Offences"
"Lewisham","2025","Anti-social behaviour",7228,"Public Order Offences"
"Lewisham","2025","Bicycle theft",333,"Theft And Robbery"
"Lewisham","2025","Burglary",1502,"Theft And Robbery"
"Lewisham","2025","Criminal damage and arson",2024,"Criminal Damage and Arson"
"Lewisham","2025","Drugs",1942,"Drug and Weapon Offences"
"Lewisham","2025","Other crime",451,"Other Crimes"
"Lewisham","2025","Other theft",2511,"Theft And Robbery"
"Lewisham","2025","Possession of weapons",295,"Drug and Weapon Offences"
"Lewisham","2025","Public order",2193,"Public Order Offences"
"Lewisham","2025","Robbery",988,"Theft And Robbery"
"Lewisham","2025","Shoplifting",2147,"Theft And Robbery"
"Lewisham","2025","Theft from the person",1239,"Theft And Robbery"
"Lewisham","2025","Vehicle crime",2710,"Theft And Robbery"
"Lewisham","2025","Violence and sexual offences",10354,"Violence and Sexual Offences"
"Lewisham","2026","Anti-social behaviour",2109,"Public Order Offences"
"Lewisham","2026","Bicycle theft",88,"Theft And Robbery"
"Lewisham","2026","Burglary",479,"Theft And Robbery"
"Lewisham","2026","Criminal damage and arson",630,"Criminal Damage and Arson"
"Lewisham","2026","Drugs",473,"Drug and Weapon Offences"
"Lewisham","2026","Other crime",141,"Other Crimes"
"Lewisham","2026","Other theft",795,"Theft And Robbery"
"Lewisham","2026","Possession of weapons",111,"Drug and Weapon Offences"
"Lewisham","2026","Public order",706,"Public Order Offences"
"Lewisham","2026","Robbery",344,"Theft And Robbery"
"Lewisham","2026","Shoplifting",1177,"Theft And Robbery"
"Lewisham","2026","Theft from the person",411,"Theft And Robbery"
"Lewisham","2026","Vehicle crime",771,"Theft And Robbery"
"Lewisham","2026","Violence and sexual offences",3452,"Violence and Sexual Offences"
"Merton","2011","Anti-social behaviour",7482,"Public Order Offences"
"Merton","2011","Burglary",2399,"Theft And Robbery"
"Merton","2011","Criminal damage and arson",508,"Criminal Damage and Arson"
"Merton","2011","Drugs",301,"Drug and Weapon Offences"
"Merton","2011","Other crime",4888,"Other Crimes"
"Merton","2011","Other theft",736,"Theft And Robbery"
"Merton","2011","Public disorder and weapons",167,"No-category"
"Merton","2011","Robbery",626,"Theft And Robbery"
"Merton","2011","Shoplifting",281,"Theft And Robbery"
"Merton","2011","Vehicle crime",1878,"Theft And Robbery"
"Merton","2011","Violent crime",2403,"No-category"
"Merton","2012","Anti-social behaviour",2089,"Public Order Offences"
"Merton","2012","Burglary",695,"Theft And Robbery"
"Merton","2012","Criminal damage and arson",477,"Criminal Damage and Arson"
"Merton","2012","Drugs",259,"Drug and Weapon Offences"
"Merton","2012","Other crime",274,"Other Crimes"
"Merton","2012","Other theft",858,"Theft And Robbery"
"Merton","2012","Public disorder and weapons",183,"No-category"
"Merton","2012","Robbery",198,"Theft And Robbery"
"Merton","2012","Shoplifting",266,"Theft And Robbery"
"Merton","2012","Vehicle crime",688,"Theft And Robbery"
"Merton","2012","Violent crime",758,"No-category"
"Merton","2013","Anti-social behaviour",754,"Public Order Offences"
"Merton","2013","Burglary",291,"Theft And Robbery"
"Merton","2013","Criminal damage and arson",196,"Criminal Damage and Arson"
"Merton","2013","Drugs",95,"Drug and Weapon Offences"
"Merton","2013","Other crime",43,"Other Crimes"
"Merton","2013","Other theft",405,"Theft And Robbery"
"Merton","2013","Public disorder and weapons",69,"No-category"
"Merton","2013","Robbery",89,"Theft And Robbery"
"Merton","2013","Shoplifting",134,"Theft And Robbery"
"Merton","2013","Vehicle crime",301,"Theft And Robbery"
"Merton","2013","Violent crime",319,"No-category"
"Merton","2014","Anti-social behaviour",1039,"Public Order Offences"
"Merton","2014","Bicycle theft",80,"Theft And Robbery"
"Merton","2014","Burglary",466,"Theft And Robbery"
"Merton","2014","Criminal damage and arson",324,"Criminal Damage and Arson"
"Merton","2014","Drugs",115,"Drug and Weapon Offences"
"Merton","2014","Other crime",24,"Other Crimes"
"Merton","2014","Other theft",396,"Theft And Robbery"
"Merton","2014","Possession of weapons",12,"Drug and Weapon Offences"
"Merton","2014","Public order",120,"Public Order Offences"
"Merton","2014","Robbery",56,"Theft And Robbery"
"Merton","2014","Shoplifting",181,"Theft And Robbery"
"Merton","2014","Theft from the person",68,"Theft And Robbery"
"Merton","2014","Vehicle crime",391,"Theft And Robbery"
"Merton","2014","Violence and sexual offences",657,"Violence and Sexual Offences"
"Merton","2015","Anti-social behaviour",1997,"Public Order Offences"
"Merton","2015","Bicycle theft",173,"Theft And Robbery"
"Merton","2015","Burglary",622,"Theft And Robbery"
"Merton","2015","Criminal damage and arson",696,"Criminal Damage and Arson"
"Merton","2015","Drugs",214,"Drug and Weapon Offences"
"Merton","2015","Other crime",63,"Other Crimes"
"Merton","2015","Other theft",893,"Theft And Robbery"
"Merton","2015","Possession of weapons",28,"Drug and Weapon Offences"
"Merton","2015","Public order",348,"Public Order Offences"
"Merton","2015","Robbery",121,"Theft And Robbery"
"Merton","2015","Shoplifting",431,"Theft And Robbery"
"Merton","2015","Theft from the person",126,"Theft And Robbery"
"Merton","2015","Vehicle crime",692,"Theft And Robbery"
"Merton","2015","Violence and sexual offences",1666,"Violence and Sexual Offences"
"Merton","2016","Anti-social behaviour",3859,"Public Order Offences"
"Merton","2016","Bicycle theft",376,"Theft And Robbery"
"Merton","2016","Burglary",1406,"Theft And Robbery"
"Merton","2016","Criminal damage and arson",1375,"Criminal Damage and Arson"
"Merton","2016","Drugs",410,"Drug and Weapon Offences"
"Merton","2016","Other crime",158,"Other Crimes"
"Merton","2016","Other theft",1587,"Theft And Robbery"
"Merton","2016","Possession of weapons",73,"Drug and Weapon Offences"
"Merton","2016","Public order",732,"Public Order Offences"
"Merton","2016","Robbery",280,"Theft And Robbery"
"Merton","2016","Shoplifting",907,"Theft And Robbery"
"Merton","2016","Theft from the person",225,"Theft And Robbery"
"Merton","2016","Vehicle crime",1788,"Theft And Robbery"
"Merton","2016","Violence and sexual offences",3538,"Violence and Sexual Offences"
"Merton","2017","Anti-social behaviour",3572,"Public Order Offences"
"Merton","2017","Bicycle theft",485,"Theft And Robbery"
"Merton","2017","Burglary",1455,"Theft And Robbery"
"Merton","2017","Criminal damage and arson",1232,"Criminal Damage and Arson"
"Merton","2017","Drugs",539,"Drug and Weapon Offences"
"Merton","2017","Other crime",170,"Other Crimes"
"Merton","2017","Other theft",1487,"Theft And Robbery"
"Merton","2017","Possession of weapons",118,"Drug and Weapon Offences"
"Merton","2017","Public order",817,"Public Order Offences"
"Merton","2017","Robbery",353,"Theft And Robbery"
"Merton","2017","Shoplifting",1013,"Theft And Robbery"
"Merton","2017","Theft from the person",225,"Theft And Robbery"
"Merton","2017","Vehicle crime",1743,"Theft And Robbery"
"Merton","2017","Violence and sexual offences",3852,"Violence and Sexual Offences"
"Merton","2018","Anti-social behaviour",3436,"Public Order Offences"
"Merton","2018","Bicycle theft",382,"Theft And Robbery"
"Merton","2018","Burglary",1541,"Theft And Robbery"
"Merton","2018","Criminal damage and arson",1130,"Criminal Damage and Arson"
"Merton","2018","Drugs",442,"Drug and Weapon Offences"
"Merton","2018","Other crime",177,"Other Crimes"
"Merton","2018","Other theft",1567,"Theft And Robbery"
"Merton","2018","Possession of weapons",98,"Drug and Weapon Offences"
"Merton","2018","Public order",892,"Public Order Offences"
"Merton","2018","Robbery",392,"Theft And Robbery"
"Merton","2018","Shoplifting",986,"Theft And Robbery"
"Merton","2018","Theft from the person",235,"Theft And Robbery"
"Merton","2018","Vehicle crime",1896,"Theft And Robbery"
"Merton","2018","Violence and sexual offences",3978,"Violence and Sexual Offences"
"Merton","2019","Anti-social behaviour",3793,"Public Order Offences"
"Merton","2019","Bicycle theft",295,"Theft And Robbery"
"Merton","2019","Burglary",1571,"Theft And Robbery"
"Merton","2019","Criminal damage and arson",1054,"Criminal Damage and Arson"
"Merton","2019","Drugs",630,"Drug and Weapon Offences"
"Merton","2019","Other crime",191,"Other Crimes"
"Merton","2019","Other theft",1634,"Theft And Robbery"
"Merton","2019","Possession of weapons",98,"Drug and Weapon Offences"
"Merton","2019","Public order",883,"Public Order Offences"
"Merton","2019","Robbery",431,"Theft And Robbery"
"Merton","2019","Shoplifting",727,"Theft And Robbery"
"Merton","2019","Theft from the person",299,"Theft And Robbery"
"Merton","2019","Vehicle crime",1881,"Theft And Robbery"
"Merton","2019","Violence and sexual offences",4087,"Violence and Sexual Offences"
"Merton","2020","Anti-social behaviour",6906,"Public Order Offences"
"Merton","2020","Bicycle theft",336,"Theft And Robbery"
"Merton","2020","Burglary",975,"Theft And Robbery"
"Merton","2020","Criminal damage and arson",1008,"Criminal Damage and Arson"
"Merton","2020","Drugs",939,"Drug and Weapon Offences"
"Merton","2020","Other crime",212,"Other Crimes"
"Merton","2020","Other theft",1165,"Theft And Robbery"
"Merton","2020","Possession of weapons",101,"Drug and Weapon Offences"
"Merton","2020","Public order",998,"Public Order Offences"
"Merton","2020","Robbery",384,"Theft And Robbery"
"Merton","2020","Shoplifting",562,"Theft And Robbery"
"Merton","2020","Theft from the person",189,"Theft And Robbery"
"Merton","2020","Vehicle crime",2003,"Theft And Robbery"
"Merton","2020","Violence and sexual offences",4319,"Violence and Sexual Offences"
"Merton","2021","Anti-social behaviour",5213,"Public Order Offences"
"Merton","2021","Bicycle theft",282,"Theft And Robbery"
"Merton","2021","Burglary",904,"Theft And Robbery"
"Merton","2021","Criminal damage and arson",980,"Criminal Damage and Arson"
"Merton","2021","Drugs",605,"Drug and Weapon Offences"
"Merton","2021","Other crime",197,"Other Crimes"
"Merton","2021","Other theft",1271,"Theft And Robbery"
"Merton","2021","Possession of weapons",85,"Drug and Weapon Offences"
"Merton","2021","Public order",1042,"Public Order Offences"
"Merton","2021","Robbery",325,"Theft And Robbery"
"Merton","2021","Shoplifting",715,"Theft And Robbery"
"Merton","2021","Theft from the person",212,"Theft And Robbery"
"Merton","2021","Vehicle crime",1505,"Theft And Robbery"
"Merton","2021","Violence and sexual offences",4455,"Violence and Sexual Offences"
"Merton","2022","Anti-social behaviour",4419,"Public Order Offences"
"Merton","2022","Bicycle theft",291,"Theft And Robbery"
"Merton","2022","Burglary",950,"Theft And Robbery"
"Merton","2022","Criminal damage and arson",998,"Criminal Damage and Arson"
"Merton","2022","Drugs",547,"Drug and Weapon Offences"
"Merton","2022","Other crime",209,"Other Crimes"
"Merton","2022","Other theft",1589,"Theft And Robbery"
"Merton","2022","Possession of weapons",76,"Drug and Weapon Offences"
"Merton","2022","Public order",980,"Public Order Offences"
"Merton","2022","Robbery",507,"Theft And Robbery"
"Merton","2022","Shoplifting",726,"Theft And Robbery"
"Merton","2022","Theft from the person",226,"Theft And Robbery"
"Merton","2022","Vehicle crime",1875,"Theft And Robbery"
"Merton","2022","Violence and sexual offences",4562,"Violence and Sexual Offences"
"Merton","2023","Anti-social behaviour",3846,"Public Order Offences"
"Merton","2023","Bicycle theft",249,"Theft And Robbery"
"Merton","2023","Burglary",892,"Theft And Robbery"
"Merton","2023","Criminal damage and arson",1063,"Criminal Damage and Arson"
"Merton","2023","Drugs",471,"Drug and Weapon Offences"
"Merton","2023","Other crime",156,"Other Crimes"
"Merton","2023","Other theft",1530,"Theft And Robbery"
"Merton","2023","Possession of weapons",80,"Drug and Weapon Offences"
"Merton","2023","Public order",1004,"Public Order Offences"
"Merton","2023","Robbery",451,"Theft And Robbery"
"Merton","2023","Shoplifting",1220,"Theft And Robbery"
"Merton","2023","Theft from the person",267,"Theft And Robbery"
"Merton","2023","Vehicle crime",1557,"Theft And Robbery"
"Merton","2023","Violence and sexual offences",4726,"Violence and Sexual Offences"
"Merton","2024","Anti-social behaviour",3754,"Public Order Offences"
"Merton","2024","Bicycle theft",218,"Theft And Robbery"
"Merton","2024","Burglary",898,"Theft And Robbery"
"Merton","2024","Criminal damage and arson",1070,"Criminal Damage and Arson"
"Merton","2024","Drugs",546,"Drug and Weapon Offences"
"Merton","2024","Other crime",181,"Other Crimes"
"Merton","2024","Other theft",1368,"Theft And Robbery"
"Merton","2024","Possession of weapons",73,"Drug and Weapon Offences"
"Merton","2024","Public order",876,"Public Order Offences"
"Merton","2024","Robbery",392,"Theft And Robbery"
"Merton","2024","Shoplifting",1698,"Theft And Robbery"
"Merton","2024","Theft from the person",380,"Theft And Robbery"
"Merton","2024","Vehicle crime",1568,"Theft And Robbery"
"Merton","2024","Violence and sexual offences",4414,"Violence and Sexual Offences"
"Merton","2025","Anti-social behaviour",3675,"Public Order Offences"
"Merton","2025","Bicycle theft",211,"Theft And Robbery"
"Merton","2025","Burglary",761,"Theft And Robbery"
"Merton","2025","Criminal damage and arson",1044,"Criminal Damage and Arson"
"Merton","2025","Drugs",720,"Drug and Weapon Offences"
"Merton","2025","Other crime",207,"Other Crimes"
"Merton","2025","Other theft",1167,"Theft And Robbery"
"Merton","2025","Possession of weapons",94,"Drug and Weapon Offences"
"Merton","2025","Public order",918,"Public Order Offences"
"Merton","2025","Robbery",355,"Theft And Robbery"
"Merton","2025","Shoplifting",1536,"Theft And Robbery"
"Merton","2025","Theft from the person",337,"Theft And Robbery"
"Merton","2025","Vehicle crime",1298,"Theft And Robbery"
"Merton","2025","Violence and sexual offences",4781,"Violence and Sexual Offences"
"Merton","2026","Anti-social behaviour",1040,"Public Order Offences"
"Merton","2026","Bicycle theft",74,"Theft And Robbery"
"Merton","2026","Burglary",216,"Theft And Robbery"
"Merton","2026","Criminal damage and arson",259,"Criminal Damage and Arson"
"Merton","2026","Drugs",221,"Drug and Weapon Offences"
"Merton","2026","Other crime",80,"Other Crimes"
"Merton","2026","Other theft",362,"Theft And Robbery"
"Merton","2026","Possession of weapons",46,"Drug and Weapon Offences"
"Merton","2026","Public order",320,"Public Order Offences"
"Merton","2026","Robbery",120,"Theft And Robbery"
"Merton","2026","Shoplifting",446,"Theft And Robbery"
"Merton","2026","Theft from the person",115,"Theft And Robbery"
"Merton","2026","Vehicle crime",416,"Theft And Robbery"
"Merton","2026","Violence and sexual offences",1501,"Violence and Sexual Offences"
"Newham","2011","Anti-social behaviour",18888,"Public Order Offences"
"Newham","2011","Burglary",3239,"Theft And Robbery"
"Newham","2011","Criminal damage and arson",740,"Criminal Damage and Arson"
"Newham","2011","Drugs",582,"Drug and Weapon Offences"
"Newham","2011","Other crime",10221,"Other Crimes"
"Newham","2011","Other theft",1927,"Theft And Robbery"
"Newham","2011","Public disorder and weapons",389,"No-category"
"Newham","2011","Robbery",2354,"Theft And Robbery"
"Newham","2011","Shoplifting",328,"Theft And Robbery"
"Newham","2011","Vehicle crime",5055,"Theft And Robbery"
"Newham","2011","Violent crime",6301,"No-category"
"Newham","2012","Anti-social behaviour",5318,"Public Order Offences"
"Newham","2012","Burglary",1089,"Theft And Robbery"
"Newham","2012","Criminal damage and arson",767,"Criminal Damage and Arson"
"Newham","2012","Drugs",541,"Drug and Weapon Offences"
"Newham","2012","Other crime",724,"Other Crimes"
"Newham","2012","Other theft",2420,"Theft And Robbery"
"Newham","2012","Public disorder and weapons",393,"No-category"
"Newham","2012","Robbery",759,"Theft And Robbery"
"Newham","2012","Shoplifting",415,"Theft And Robbery"
"Newham","2012","Vehicle crime",1583,"Theft And Robbery"
"Newham","2012","Violent crime",2012,"No-category"
"Newham","2013","Anti-social behaviour",1818,"Public Order Offences"
"Newham","2013","Burglary",493,"Theft And Robbery"
"Newham","2013","Criminal damage and arson",298,"Criminal Damage and Arson"
"Newham","2013","Drugs",226,"Drug and Weapon Offences"
"Newham","2013","Other crime",100,"Other Crimes"
"Newham","2013","Other theft",1059,"Theft And Robbery"
"Newham","2013","Public disorder and weapons",132,"No-category"
"Newham","2013","Robbery",332,"Theft And Robbery"
"Newham","2013","Shoplifting",191,"Theft And Robbery"
"Newham","2013","Vehicle crime",745,"Theft And Robbery"
"Newham","2013","Violent crime",771,"No-category"
"Newham","2014","Anti-social behaviour",2456,"Public Order Offences"
"Newham","2014","Bicycle theft",90,"Theft And Robbery"
"Newham","2014","Burglary",692,"Theft And Robbery"
"Newham","2014","Criminal damage and arson",524,"Criminal Damage and Arson"
"Newham","2014","Drugs",393,"Drug and Weapon Offences"
"Newham","2014","Other crime",87,"Other Crimes"
"Newham","2014","Other theft",1072,"Theft And Robbery"
"Newham","2014","Possession of weapons",34,"Drug and Weapon Offences"
"Newham","2014","Public order",279,"Public Order Offences"
"Newham","2014","Robbery",385,"Theft And Robbery"
"Newham","2014","Shoplifting",403,"Theft And Robbery"
"Newham","2014","Theft from the person",491,"Theft And Robbery"
"Newham","2014","Vehicle crime",937,"Theft And Robbery"
"Newham","2014","Violence and sexual offences",1757,"Violence and Sexual Offences"
"Newham","2015","Anti-social behaviour",5050,"Public Order Offences"
"Newham","2015","Bicycle theft",236,"Theft And Robbery"
"Newham","2015","Burglary",990,"Theft And Robbery"
"Newham","2015","Criminal damage and arson",1163,"Criminal Damage and Arson"
"Newham","2015","Drugs",744,"Drug and Weapon Offences"
"Newham","2015","Other crime",182,"Other Crimes"
"Newham","2015","Other theft",1996,"Theft And Robbery"
"Newham","2015","Possession of weapons",96,"Drug and Weapon Offences"
"Newham","2015","Public order",729,"Public Order Offences"
"Newham","2015","Robbery",667,"Theft And Robbery"
"Newham","2015","Shoplifting",797,"Theft And Robbery"
"Newham","2015","Theft from the person",651,"Theft And Robbery"
"Newham","2015","Vehicle crime",1736,"Theft And Robbery"
"Newham","2015","Violence and sexual offences",4136,"Violence and Sexual Offences"
"Newham","2016","Anti-social behaviour",9605,"Public Order Offences"
"Newham","2016","Bicycle theft",513,"Theft And Robbery"
"Newham","2016","Burglary",2087,"Theft And Robbery"
"Newham","2016","Criminal damage and arson",2414,"Criminal Damage and Arson"
"Newham","2016","Drugs",1452,"Drug and Weapon Offences"
"Newham","2016","Other crime",441,"Other Crimes"
"Newham","2016","Other theft",3974,"Theft And Robbery"
"Newham","2016","Possession of weapons",211,"Drug and Weapon Offences"
"Newham","2016","Public order",1568,"Public Order Offences"
"Newham","2016","Robbery",1456,"Theft And Robbery"
"Newham","2016","Shoplifting",1888,"Theft And Robbery"
"Newham","2016","Theft from the person",1395,"Theft And Robbery"
"Newham","2016","Vehicle crime",4254,"Theft And Robbery"
"Newham","2016","Violence and sexual offences",8631,"Violence and Sexual Offences"
"Newham","2017","Anti-social behaviour",8452,"Public Order Offences"
"Newham","2017","Bicycle theft",524,"Theft And Robbery"
"Newham","2017","Burglary",2163,"Theft And Robbery"
"Newham","2017","Criminal damage and arson",2296,"Criminal Damage and Arson"
"Newham","2017","Drugs",1848,"Drug and Weapon Offences"
"Newham","2017","Other crime",473,"Other Crimes"
"Newham","2017","Other theft",4224,"Theft And Robbery"
"Newham","2017","Possession of weapons",343,"Drug and Weapon Offences"
"Newham","2017","Public order",1614,"Public Order Offences"
"Newham","2017","Robbery",2025,"Theft And Robbery"
"Newham","2017","Shoplifting",2302,"Theft And Robbery"
"Newham","2017","Theft from the person",1466,"Theft And Robbery"
"Newham","2017","Vehicle crime",4808,"Theft And Robbery"
"Newham","2017","Violence and sexual offences",9226,"Violence and Sexual Offences"
"Newham","2018","Anti-social behaviour",8032,"Public Order Offences"
"Newham","2018","Bicycle theft",545,"Theft And Robbery"
"Newham","2018","Burglary",2463,"Theft And Robbery"
"Newham","2018","Criminal damage and arson",2305,"Criminal Damage and Arson"
"Newham","2018","Drugs",1921,"Drug and Weapon Offences"
"Newham","2018","Other crime",534,"Other Crimes"
"Newham","2018","Other theft",4514,"Theft And Robbery"
"Newham","2018","Possession of weapons",313,"Drug and Weapon Offences"
"Newham","2018","Public order",1679,"Public Order Offences"
"Newham","2018","Robbery",1762,"Theft And Robbery"
"Newham","2018","Shoplifting",2281,"Theft And Robbery"
"Newham","2018","Theft from the person",1877,"Theft And Robbery"
"Newham","2018","Vehicle crime",5148,"Theft And Robbery"
"Newham","2018","Violence and sexual offences",9557,"Violence and Sexual Offences"
"Newham","2019","Anti-social behaviour",9037,"Public Order Offences"
"Newham","2019","Bicycle theft",470,"Theft And Robbery"
"Newham","2019","Burglary",2190,"Theft And Robbery"
"Newham","2019","Criminal damage and arson",2063,"Criminal Damage and Arson"
"Newham","2019","Drugs",2841,"Drug and Weapon Offences"
"Newham","2019","Other crime",534,"Other Crimes"
"Newham","2019","Other theft",4060,"Theft And Robbery"
"Newham","2019","Possession of weapons",304,"Drug and Weapon Offences"
"Newham","2019","Public order",1807,"Public Order Offences"
"Newham","2019","Robbery",1824,"Theft And Robbery"
"Newham","2019","Shoplifting",2110,"Theft And Robbery"
"Newham","2019","Theft from the person",1967,"Theft And Robbery"
"Newham","2019","Vehicle crime",4122,"Theft And Robbery"
"Newham","2019","Violence and sexual offences",9244,"Violence and Sexual Offences"
"Newham","2020","Anti-social behaviour",16984,"Public Order Offences"
"Newham","2020","Bicycle theft",588,"Theft And Robbery"
"Newham","2020","Burglary",1873,"Theft And Robbery"
"Newham","2020","Criminal damage and arson",1951,"Criminal Damage and Arson"
"Newham","2020","Drugs",2797,"Drug and Weapon Offences"
"Newham","2020","Other crime",449,"Other Crimes"
"Newham","2020","Other theft",3381,"Theft And Robbery"
"Newham","2020","Possession of weapons",274,"Drug and Weapon Offences"
"Newham","2020","Public order",1913,"Public Order Offences"
"Newham","2020","Robbery",1584,"Theft And Robbery"
"Newham","2020","Shoplifting",1705,"Theft And Robbery"
"Newham","2020","Theft from the person",1963,"Theft And Robbery"
"Newham","2020","Vehicle crime",3837,"Theft And Robbery"
"Newham","2020","Violence and sexual offences",9321,"Violence and Sexual Offences"
"Newham","2021","Anti-social behaviour",12610,"Public Order Offences"
"Newham","2021","Bicycle theft",457,"Theft And Robbery"
"Newham","2021","Burglary",1586,"Theft And Robbery"
"Newham","2021","Criminal damage and arson",2072,"Criminal Damage and Arson"
"Newham","2021","Drugs",2032,"Drug and Weapon Offences"
"Newham","2021","Other crime",447,"Other Crimes"
"Newham","2021","Other theft",3767,"Theft And Robbery"
"Newham","2021","Possession of weapons",225,"Drug and Weapon Offences"
"Newham","2021","Public order",2187,"Public Order Offences"
"Newham","2021","Robbery",1062,"Theft And Robbery"
"Newham","2021","Shoplifting",1863,"Theft And Robbery"
"Newham","2021","Theft from the person",2096,"Theft And Robbery"
"Newham","2021","Vehicle crime",3724,"Theft And Robbery"
"Newham","2021","Violence and sexual offences",10115,"Violence and Sexual Offences"
"Newham","2022","Anti-social behaviour",10695,"Public Order Offences"
"Newham","2022","Bicycle theft",404,"Theft And Robbery"
"Newham","2022","Burglary",1648,"Theft And Robbery"
"Newham","2022","Criminal damage and arson",2115,"Criminal Damage and Arson"
"Newham","2022","Drugs",2212,"Drug and Weapon Offences"
"Newham","2022","Other crime",485,"Other Crimes"
"Newham","2022","Other theft",4301,"Theft And Robbery"
"Newham","2022","Possession of weapons",237,"Drug and Weapon Offences"
"Newham","2022","Public order",2058,"Public Order Offences"
"Newham","2022","Robbery",1172,"Theft And Robbery"
"Newham","2022","Shoplifting",1736,"Theft And Robbery"
"Newham","2022","Theft from the person",2351,"Theft And Robbery"
"Newham","2022","Vehicle crime",4974,"Theft And Robbery"
"Newham","2022","Violence and sexual offences",10194,"Violence and Sexual Offences"
"Newham","2023","Anti-social behaviour",9465,"Public Order Offences"
"Newham","2023","Bicycle theft",500,"Theft And Robbery"
"Newham","2023","Burglary",1960,"Theft And Robbery"
"Newham","2023","Criminal damage and arson",2094,"Criminal Damage and Arson"
"Newham","2023","Drugs",1681,"Drug and Weapon Offences"
"Newham","2023","Other crime",454,"Other Crimes"
"Newham","2023","Other theft",5421,"Theft And Robbery"
"Newham","2023","Possession of weapons",210,"Drug and Weapon Offences"
"Newham","2023","Public order",1999,"Public Order Offences"
"Newham","2023","Robbery",1469,"Theft And Robbery"
"Newham","2023","Shoplifting",2196,"Theft And Robbery"
"Newham","2023","Theft from the person",3372,"Theft And Robbery"
"Newham","2023","Vehicle crime",4772,"Theft And Robbery"
"Newham","2023","Violence and sexual offences",10912,"Violence and Sexual Offences"
"Newham","2024","Anti-social behaviour",9869,"Public Order Offences"
"Newham","2024","Bicycle theft",542,"Theft And Robbery"
"Newham","2024","Burglary",1974,"Theft And Robbery"
"Newham","2024","Criminal damage and arson",1977,"Criminal Damage and Arson"
"Newham","2024","Drugs",2088,"Drug and Weapon Offences"
"Newham","2024","Other crime",544,"Other Crimes"
"Newham","2024","Other theft",5050,"Theft And Robbery"
"Newham","2024","Possession of weapons",207,"Drug and Weapon Offences"
"Newham","2024","Public order",2083,"Public Order Offences"
"Newham","2024","Robbery",1659,"Theft And Robbery"
"Newham","2024","Shoplifting",3921,"Theft And Robbery"
"Newham","2024","Theft from the person",4474,"Theft And Robbery"
"Newham","2024","Vehicle crime",4345,"Theft And Robbery"
"Newham","2024","Violence and sexual offences",10708,"Violence and Sexual Offences"
"Newham","2025","Anti-social behaviour",9833,"Public Order Offences"
"Newham","2025","Bicycle theft",506,"Theft And Robbery"
"Newham","2025","Burglary",1537,"Theft And Robbery"
"Newham","2025","Criminal damage and arson",2034,"Criminal Damage and Arson"
"Newham","2025","Drugs",2703,"Drug and Weapon Offences"
"Newham","2025","Other crime",577,"Other Crimes"
"Newham","2025","Other theft",4295,"Theft And Robbery"
"Newham","2025","Possession of weapons",266,"Drug and Weapon Offences"
"Newham","2025","Public order",2231,"Public Order Offences"
"Newham","2025","Robbery",1690,"Theft And Robbery"
"Newham","2025","Shoplifting",4663,"Theft And Robbery"
"Newham","2025","Theft from the person",4165,"Theft And Robbery"
"Newham","2025","Vehicle crime",4119,"Theft And Robbery"
"Newham","2025","Violence and sexual offences",11499,"Violence and Sexual Offences"
"Newham","2026","Anti-social behaviour",2974,"Public Order Offences"
"Newham","2026","Bicycle theft",145,"Theft And Robbery"
"Newham","2026","Burglary",611,"Theft And Robbery"
"Newham","2026","Criminal damage and arson",703,"Criminal Damage and Arson"
"Newham","2026","Drugs",875,"Drug and Weapon Offences"
"Newham","2026","Other crime",186,"Other Crimes"
"Newham","2026","Other theft",1390,"Theft And Robbery"
"Newham","2026","Possession of weapons",119,"Drug and Weapon Offences"
"Newham","2026","Public order",763,"Public Order Offences"
"Newham","2026","Robbery",583,"Theft And Robbery"
"Newham","2026","Shoplifting",1231,"Theft And Robbery"
"Newham","2026","Theft from the person",1373,"Theft And Robbery"
"Newham","2026","Vehicle crime",1452,"Theft And Robbery"
"Newham","2026","Violence and sexual offences",4005,"Violence and Sexual Offences"
"Redbridge","2011","Anti-social behaviour",12965,"Public Order Offences"
"Redbridge","2011","Burglary",3786,"Theft And Robbery"
"Redbridge","2011","Criminal damage and arson",786,"Criminal Damage and Arson"
"Redbridge","2011","Drugs",684,"Drug and Weapon Offences"
"Redbridge","2011","Other crime",8072,"Other Crimes"
"Redbridge","2011","Other theft",1081,"Theft And Robbery"
"Redbridge","2011","Public disorder and weapons",311,"No-category"
"Redbridge","2011","Robbery",1129,"Theft And Robbery"
"Redbridge","2011","Shoplifting",347,"Theft And Robbery"
"Redbridge","2011","Vehicle crime",4425,"Theft And Robbery"
"Redbridge","2011","Violent crime",3647,"No-category"
"Redbridge","2012","Anti-social behaviour",3529,"Public Order Offences"
"Redbridge","2012","Burglary",1184,"Theft And Robbery"
"Redbridge","2012","Criminal damage and arson",590,"Criminal Damage and Arson"
"Redbridge","2012","Drugs",632,"Drug and Weapon Offences"
"Redbridge","2012","Other crime",527,"Other Crimes"
"Redbridge","2012","Other theft",1302,"Theft And Robbery"
"Redbridge","2012","Public disorder and weapons",306,"No-category"
"Redbridge","2012","Robbery",347,"Theft And Robbery"
"Redbridge","2012","Shoplifting",297,"Theft And Robbery"
"Redbridge","2012","Vehicle crime",1434,"Theft And Robbery"
"Redbridge","2012","Violent crime",1235,"No-category"
"Redbridge","2013","Anti-social behaviour",1235,"Public Order Offences"
"Redbridge","2013","Burglary",562,"Theft And Robbery"
"Redbridge","2013","Criminal damage and arson",266,"Criminal Damage and Arson"
"Redbridge","2013","Drugs",294,"Drug and Weapon Offences"
"Redbridge","2013","Other crime",127,"Other Crimes"
"Redbridge","2013","Other theft",517,"Theft And Robbery"
"Redbridge","2013","Public disorder and weapons",121,"No-category"
"Redbridge","2013","Robbery",133,"Theft And Robbery"
"Redbridge","2013","Shoplifting",143,"Theft And Robbery"
"Redbridge","2013","Vehicle crime",699,"Theft And Robbery"
"Redbridge","2013","Violent crime",596,"No-category"
"Redbridge","2014","Anti-social behaviour",1608,"Public Order Offences"
"Redbridge","2014","Bicycle theft",48,"Theft And Robbery"
"Redbridge","2014","Burglary",741,"Theft And Robbery"
"Redbridge","2014","Criminal damage and arson",400,"Criminal Damage and Arson"
"Redbridge","2014","Drugs",320,"Drug and Weapon Offences"
"Redbridge","2014","Other crime",76,"Other Crimes"
"Redbridge","2014","Other theft",631,"Theft And Robbery"
"Redbridge","2014","Possession of weapons",21,"Drug and Weapon Offences"
"Redbridge","2014","Public order",219,"Public Order Offences"
"Redbridge","2014","Robbery",164,"Theft And Robbery"
"Redbridge","2014","Shoplifting",234,"Theft And Robbery"
"Redbridge","2014","Theft from the person",123,"Theft And Robbery"
"Redbridge","2014","Vehicle crime",658,"Theft And Robbery"
"Redbridge","2014","Violence and sexual offences",1336,"Violence and Sexual Offences"
"Redbridge","2015","Anti-social behaviour",3164,"Public Order Offences"
"Redbridge","2015","Bicycle theft",89,"Theft And Robbery"
"Redbridge","2015","Burglary",1034,"Theft And Robbery"
"Redbridge","2015","Criminal damage and arson",739,"Criminal Damage and Arson"
"Redbridge","2015","Drugs",529,"Drug and Weapon Offences"
"Redbridge","2015","Other crime",130,"Other Crimes"
"Redbridge","2015","Other theft",1241,"Theft And Robbery"
"Redbridge","2015","Possession of weapons",38,"Drug and Weapon Offences"
"Redbridge","2015","Public order",457,"Public Order Offences"
"Redbridge","2015","Robbery",300,"Theft And Robbery"
"Redbridge","2015","Shoplifting",430,"Theft And Robbery"
"Redbridge","2015","Theft from the person",248,"Theft And Robbery"
"Redbridge","2015","Vehicle crime",1338,"Theft And Robbery"
"Redbridge","2015","Violence and sexual offences",2597,"Violence and Sexual Offences"
"Redbridge","2016","Anti-social behaviour",6305,"Public Order Offences"
"Redbridge","2016","Bicycle theft",184,"Theft And Robbery"
"Redbridge","2016","Burglary",2000,"Theft And Robbery"
"Redbridge","2016","Criminal damage and arson",1584,"Criminal Damage and Arson"
"Redbridge","2016","Drugs",921,"Drug and Weapon Offences"
"Redbridge","2016","Other crime",228,"Other Crimes"
"Redbridge","2016","Other theft",2545,"Theft And Robbery"
"Redbridge","2016","Possession of weapons",100,"Drug and Weapon Offences"
"Redbridge","2016","Public order",1048,"Public Order Offences"
"Redbridge","2016","Robbery",586,"Theft And Robbery"
"Redbridge","2016","Shoplifting",1175,"Theft And Robbery"
"Redbridge","2016","Theft from the person",520,"Theft And Robbery"
"Redbridge","2016","Vehicle crime",3121,"Theft And Robbery"
"Redbridge","2016","Violence and sexual offences",5775,"Violence and Sexual Offences"
"Redbridge","2017","Anti-social behaviour",6529,"Public Order Offences"
"Redbridge","2017","Bicycle theft",211,"Theft And Robbery"
"Redbridge","2017","Burglary",3004,"Theft And Robbery"
"Redbridge","2017","Criminal damage and arson",1772,"Criminal Damage and Arson"
"Redbridge","2017","Drugs",656,"Drug and Weapon Offences"
"Redbridge","2017","Other crime",227,"Other Crimes"
"Redbridge","2017","Other theft",2642,"Theft And Robbery"
"Redbridge","2017","Possession of weapons",127,"Drug and Weapon Offences"
"Redbridge","2017","Public order",1144,"Public Order Offences"
"Redbridge","2017","Robbery",887,"Theft And Robbery"
"Redbridge","2017","Shoplifting",1172,"Theft And Robbery"
"Redbridge","2017","Theft from the person",733,"Theft And Robbery"
"Redbridge","2017","Vehicle crime",4377,"Theft And Robbery"
"Redbridge","2017","Violence and sexual offences",6022,"Violence and Sexual Offences"
"Redbridge","2018","Anti-social behaviour",6194,"Public Order Offences"
"Redbridge","2018","Bicycle theft",182,"Theft And Robbery"
"Redbridge","2018","Burglary",2852,"Theft And Robbery"
"Redbridge","2018","Criminal damage and arson",1546,"Criminal Damage and Arson"
"Redbridge","2018","Drugs",602,"Drug and Weapon Offences"
"Redbridge","2018","Other crime",209,"Other Crimes"
"Redbridge","2018","Other theft",2552,"Theft And Robbery"
"Redbridge","2018","Possession of weapons",137,"Drug and Weapon Offences"
"Redbridge","2018","Public order",1141,"Public Order Offences"
"Redbridge","2018","Robbery",1035,"Theft And Robbery"
"Redbridge","2018","Shoplifting",1053,"Theft And Robbery"
"Redbridge","2018","Theft from the person",817,"Theft And Robbery"
"Redbridge","2018","Vehicle crime",4319,"Theft And Robbery"
"Redbridge","2018","Violence and sexual offences",6548,"Violence and Sexual Offences"
"Redbridge","2019","Anti-social behaviour",6364,"Public Order Offences"
"Redbridge","2019","Bicycle theft",214,"Theft And Robbery"
"Redbridge","2019","Burglary",2131,"Theft And Robbery"
"Redbridge","2019","Criminal damage and arson",1398,"Criminal Damage and Arson"
"Redbridge","2019","Drugs",1192,"Drug and Weapon Offences"
"Redbridge","2019","Other crime",253,"Other Crimes"
"Redbridge","2019","Other theft",2311,"Theft And Robbery"
"Redbridge","2019","Possession of weapons",140,"Drug and Weapon Offences"
"Redbridge","2019","Public order",1151,"Public Order Offences"
"Redbridge","2019","Robbery",980,"Theft And Robbery"
"Redbridge","2019","Shoplifting",1134,"Theft And Robbery"
"Redbridge","2019","Theft from the person",858,"Theft And Robbery"
"Redbridge","2019","Vehicle crime",4419,"Theft And Robbery"
"Redbridge","2019","Violence and sexual offences",6451,"Violence and Sexual Offences"
"Redbridge","2020","Anti-social behaviour",10689,"Public Order Offences"
"Redbridge","2020","Bicycle theft",221,"Theft And Robbery"
"Redbridge","2020","Burglary",1730,"Theft And Robbery"
"Redbridge","2020","Criminal damage and arson",1396,"Criminal Damage and Arson"
"Redbridge","2020","Drugs",1680,"Drug and Weapon Offences"
"Redbridge","2020","Other crime",271,"Other Crimes"
"Redbridge","2020","Other theft",2166,"Theft And Robbery"
"Redbridge","2020","Possession of weapons",148,"Drug and Weapon Offences"
"Redbridge","2020","Public order",1308,"Public Order Offences"
"Redbridge","2020","Robbery",676,"Theft And Robbery"
"Redbridge","2020","Shoplifting",1221,"Theft And Robbery"
"Redbridge","2020","Theft from the person",756,"Theft And Robbery"
"Redbridge","2020","Vehicle crime",4081,"Theft And Robbery"
"Redbridge","2020","Violence and sexual offences",6853,"Violence and Sexual Offences"
"Redbridge","2021","Anti-social behaviour",8357,"Public Order Offences"
"Redbridge","2021","Bicycle theft",277,"Theft And Robbery"
"Redbridge","2021","Burglary",1482,"Theft And Robbery"
"Redbridge","2021","Criminal damage and arson",1520,"Criminal Damage and Arson"
"Redbridge","2021","Drugs",1216,"Drug and Weapon Offences"
"Redbridge","2021","Other crime",313,"Other Crimes"
"Redbridge","2021","Other theft",2527,"Theft And Robbery"
"Redbridge","2021","Possession of weapons",133,"Drug and Weapon Offences"
"Redbridge","2021","Public order",1532,"Public Order Offences"
"Redbridge","2021","Robbery",615,"Theft And Robbery"
"Redbridge","2021","Shoplifting",1125,"Theft And Robbery"
"Redbridge","2021","Theft from the person",841,"Theft And Robbery"
"Redbridge","2021","Vehicle crime",3827,"Theft And Robbery"
"Redbridge","2021","Violence and sexual offences",8008,"Violence and Sexual Offences"
"Redbridge","2022","Anti-social behaviour",6975,"Public Order Offences"
"Redbridge","2022","Bicycle theft",201,"Theft And Robbery"
"Redbridge","2022","Burglary",1393,"Theft And Robbery"
"Redbridge","2022","Criminal damage and arson",1498,"Criminal Damage and Arson"
"Redbridge","2022","Drugs",1083,"Drug and Weapon Offences"
"Redbridge","2022","Other crime",306,"Other Crimes"
"Redbridge","2022","Other theft",2875,"Theft And Robbery"
"Redbridge","2022","Possession of weapons",127,"Drug and Weapon Offences"
"Redbridge","2022","Public order",1443,"Public Order Offences"
"Redbridge","2022","Robbery",681,"Theft And Robbery"
"Redbridge","2022","Shoplifting",1167,"Theft And Robbery"
"Redbridge","2022","Theft from the person",891,"Theft And Robbery"
"Redbridge","2022","Vehicle crime",4212,"Theft And Robbery"
"Redbridge","2022","Violence and sexual offences",7815,"Violence and Sexual Offences"
"Redbridge","2023","Anti-social behaviour",5805,"Public Order Offences"
"Redbridge","2023","Bicycle theft",153,"Theft And Robbery"
"Redbridge","2023","Burglary",1257,"Theft And Robbery"
"Redbridge","2023","Criminal damage and arson",1611,"Criminal Damage and Arson"
"Redbridge","2023","Drugs",950,"Drug and Weapon Offences"
"Redbridge","2023","Other crime",308,"Other Crimes"
"Redbridge","2023","Other theft",2689,"Theft And Robbery"
"Redbridge","2023","Possession of weapons",115,"Drug and Weapon Offences"
"Redbridge","2023","Public order",1431,"Public Order Offences"
"Redbridge","2023","Robbery",773,"Theft And Robbery"
"Redbridge","2023","Shoplifting",1338,"Theft And Robbery"
"Redbridge","2023","Theft from the person",1102,"Theft And Robbery"
"Redbridge","2023","Vehicle crime",3843,"Theft And Robbery"
"Redbridge","2023","Violence and sexual offences",8192,"Violence and Sexual Offences"
"Redbridge","2024","Anti-social behaviour",5902,"Public Order Offences"
"Redbridge","2024","Bicycle theft",217,"Theft And Robbery"
"Redbridge","2024","Burglary",1480,"Theft And Robbery"
"Redbridge","2024","Criminal damage and arson",1464,"Criminal Damage and Arson"
"Redbridge","2024","Drugs",927,"Drug and Weapon Offences"
"Redbridge","2024","Other crime",328,"Other Crimes"
"Redbridge","2024","Other theft",2484,"Theft And Robbery"
"Redbridge","2024","Possession of weapons",134,"Drug and Weapon Offences"
"Redbridge","2024","Public order",1376,"Public Order Offences"
"Redbridge","2024","Robbery",678,"Theft And Robbery"
"Redbridge","2024","Shoplifting",1689,"Theft And Robbery"
"Redbridge","2024","Theft from the person",1294,"Theft And Robbery"
"Redbridge","2024","Vehicle crime",3143,"Theft And Robbery"
"Redbridge","2024","Violence and sexual offences",8271,"Violence and Sexual Offences"
"Redbridge","2025","Anti-social behaviour",6289,"Public Order Offences"
"Redbridge","2025","Bicycle theft",184,"Theft And Robbery"
"Redbridge","2025","Burglary",1077,"Theft And Robbery"
"Redbridge","2025","Criminal damage and arson",1464,"Criminal Damage and Arson"
"Redbridge","2025","Drugs",1258,"Drug and Weapon Offences"
"Redbridge","2025","Other crime",366,"Other Crimes"
"Redbridge","2025","Other theft",2101,"Theft And Robbery"
"Redbridge","2025","Possession of weapons",131,"Drug and Weapon Offences"
"Redbridge","2025","Public order",1515,"Public Order Offences"
"Redbridge","2025","Robbery",864,"Theft And Robbery"
"Redbridge","2025","Shoplifting",2195,"Theft And Robbery"
"Redbridge","2025","Theft from the person",1301,"Theft And Robbery"
"Redbridge","2025","Vehicle crime",2764,"Theft And Robbery"
"Redbridge","2025","Violence and sexual offences",8836,"Violence and Sexual Offences"
"Redbridge","2026","Anti-social behaviour",1841,"Public Order Offences"
"Redbridge","2026","Bicycle theft",44,"Theft And Robbery"
"Redbridge","2026","Burglary",368,"Theft And Robbery"
"Redbridge","2026","Criminal damage and arson",501,"Criminal Damage and Arson"
"Redbridge","2026","Drugs",382,"Drug and Weapon Offences"
"Redbridge","2026","Other crime",143,"Other Crimes"
"Redbridge","2026","Other theft",683,"Theft And Robbery"
"Redbridge","2026","Possession of weapons",54,"Drug and Weapon Offences"
"Redbridge","2026","Public order",511,"Public Order Offences"
"Redbridge","2026","Robbery",217,"Theft And Robbery"
"Redbridge","2026","Shoplifting",742,"Theft And Robbery"
"Redbridge","2026","Theft from the person",426,"Theft And Robbery"
"Redbridge","2026","Vehicle crime",865,"Theft And Robbery"
"Redbridge","2026","Violence and sexual offences",2952,"Violence and Sexual Offences"
"Richmond upon Thames","2011","Anti-social behaviour",6186,"Public Order Offences"
"Richmond upon Thames","2011","Burglary",2060,"Theft And Robbery"
"Richmond upon Thames","2011","Criminal damage and arson",402,"Criminal Damage and Arson"
"Richmond upon Thames","2011","Drugs",141,"Drug and Weapon Offences"
"Richmond upon Thames","2011","Other crime",4389,"Other Crimes"
"Richmond upon Thames","2011","Other theft",836,"Theft And Robbery"
"Richmond upon Thames","2011","Public disorder and weapons",136,"No-category"
"Richmond upon Thames","2011","Robbery",203,"Theft And Robbery"
"Richmond upon Thames","2011","Shoplifting",218,"Theft And Robbery"
"Richmond upon Thames","2011","Vehicle crime",1617,"Theft And Robbery"
"Richmond upon Thames","2011","Violent crime",1872,"No-category"
"Richmond upon Thames","2012","Anti-social behaviour",1689,"Public Order Offences"
"Richmond upon Thames","2012","Burglary",722,"Theft And Robbery"
"Richmond upon Thames","2012","Criminal damage and arson",473,"Criminal Damage and Arson"
"Richmond upon Thames","2012","Drugs",184,"Drug and Weapon Offences"
"Richmond upon Thames","2012","Other crime",224,"Other Crimes"
"Richmond upon Thames","2012","Other theft",906,"Theft And Robbery"
"Richmond upon Thames","2012","Public disorder and weapons",179,"No-category"
"Richmond upon Thames","2012","Robbery",79,"Theft And Robbery"
"Richmond upon Thames","2012","Shoplifting",213,"Theft And Robbery"
"Richmond upon Thames","2012","Vehicle crime",650,"Theft And Robbery"
"Richmond upon Thames","2012","Violent crime",609,"No-category"
"Richmond upon Thames","2013","Anti-social behaviour",660,"Public Order Offences"
"Richmond upon Thames","2013","Burglary",366,"Theft And Robbery"
"Richmond upon Thames","2013","Criminal damage and arson",203,"Criminal Damage and Arson"
"Richmond upon Thames","2013","Drugs",99,"Drug and Weapon Offences"
"Richmond upon Thames","2013","Other crime",36,"Other Crimes"
"Richmond upon Thames","2013","Other theft",377,"Theft And Robbery"
"Richmond upon Thames","2013","Public disorder and weapons",74,"No-category"
"Richmond upon Thames","2013","Robbery",23,"Theft And Robbery"
"Richmond upon Thames","2013","Shoplifting",120,"Theft And Robbery"
"Richmond upon Thames","2013","Vehicle crime",164,"Theft And Robbery"
"Richmond upon Thames","2013","Violent crime",265,"No-category"
"Richmond upon Thames","2014","Anti-social behaviour",860,"Public Order Offences"
"Richmond upon Thames","2014","Bicycle theft",113,"Theft And Robbery"
"Richmond upon Thames","2014","Burglary",420,"Theft And Robbery"
"Richmond upon Thames","2014","Criminal damage and arson",267,"Criminal Damage and Arson"
"Richmond upon Thames","2014","Drugs",79,"Drug and Weapon Offences"
"Richmond upon Thames","2014","Other crime",30,"Other Crimes"
"Richmond upon Thames","2014","Other theft",370,"Theft And Robbery"
"Richmond upon Thames","2014","Possession of weapons",5,"Drug and Weapon Offences"
"Richmond upon Thames","2014","Public order",104,"Public Order Offences"
"Richmond upon Thames","2014","Robbery",33,"Theft And Robbery"
"Richmond upon Thames","2014","Shoplifting",167,"Theft And Robbery"
"Richmond upon Thames","2014","Theft from the person",60,"Theft And Robbery"
"Richmond upon Thames","2014","Vehicle crime",362,"Theft And Robbery"
"Richmond upon Thames","2014","Violence and sexual offences",552,"Violence and Sexual Offences"
"Richmond upon Thames","2015","Anti-social behaviour",1782,"Public Order Offences"
"Richmond upon Thames","2015","Bicycle theft",419,"Theft And Robbery"
"Richmond upon Thames","2015","Burglary",740,"Theft And Robbery"
"Richmond upon Thames","2015","Criminal damage and arson",542,"Criminal Damage and Arson"
"Richmond upon Thames","2015","Drugs",161,"Drug and Weapon Offences"
"Richmond upon Thames","2015","Other crime",59,"Other Crimes"
"Richmond upon Thames","2015","Other theft",675,"Theft And Robbery"
"Richmond upon Thames","2015","Possession of weapons",11,"Drug and Weapon Offences"
"Richmond upon Thames","2015","Public order",334,"Public Order Offences"
"Richmond upon Thames","2015","Robbery",70,"Theft And Robbery"
"Richmond upon Thames","2015","Shoplifting",335,"Theft And Robbery"
"Richmond upon Thames","2015","Theft from the person",79,"Theft And Robbery"
"Richmond upon Thames","2015","Vehicle crime",686,"Theft And Robbery"
"Richmond upon Thames","2015","Violence and sexual offences",1146,"Violence and Sexual Offences"
"Richmond upon Thames","2016","Anti-social behaviour",3743,"Public Order Offences"
"Richmond upon Thames","2016","Bicycle theft",689,"Theft And Robbery"
"Richmond upon Thames","2016","Burglary",1371,"Theft And Robbery"
"Richmond upon Thames","2016","Criminal damage and arson",1106,"Criminal Damage and Arson"
"Richmond upon Thames","2016","Drugs",264,"Drug and Weapon Offences"
"Richmond upon Thames","2016","Other crime",141,"Other Crimes"
"Richmond upon Thames","2016","Other theft",1449,"Theft And Robbery"
"Richmond upon Thames","2016","Possession of weapons",30,"Drug and Weapon Offences"
"Richmond upon Thames","2016","Public order",721,"Public Order Offences"
"Richmond upon Thames","2016","Robbery",112,"Theft And Robbery"
"Richmond upon Thames","2016","Shoplifting",672,"Theft And Robbery"
"Richmond upon Thames","2016","Theft from the person",199,"Theft And Robbery"
"Richmond upon Thames","2016","Vehicle crime",1843,"Theft And Robbery"
"Richmond upon Thames","2016","Violence and sexual offences",2722,"Violence and Sexual Offences"
"Richmond upon Thames","2017","Anti-social behaviour",3427,"Public Order Offences"
"Richmond upon Thames","2017","Bicycle theft",931,"Theft And Robbery"
"Richmond upon Thames","2017","Burglary",1903,"Theft And Robbery"
"Richmond upon Thames","2017","Criminal damage and arson",1114,"Criminal Damage and Arson"
"Richmond upon Thames","2017","Drugs",323,"Drug and Weapon Offences"
"Richmond upon Thames","2017","Other crime",140,"Other Crimes"
"Richmond upon Thames","2017","Other theft",1375,"Theft And Robbery"
"Richmond upon Thames","2017","Possession of weapons",56,"Drug and Weapon Offences"
"Richmond upon Thames","2017","Public order",777,"Public Order Offences"
"Richmond upon Thames","2017","Robbery",234,"Theft And Robbery"
"Richmond upon Thames","2017","Shoplifting",664,"Theft And Robbery"
"Richmond upon Thames","2017","Theft from the person",225,"Theft And Robbery"
"Richmond upon Thames","2017","Vehicle crime",2313,"Theft And Robbery"
"Richmond upon Thames","2017","Violence and sexual offences",3038,"Violence and Sexual Offences"
"Richmond upon Thames","2018","Anti-social behaviour",3071,"Public Order Offences"
"Richmond upon Thames","2018","Bicycle theft",867,"Theft And Robbery"
"Richmond upon Thames","2018","Burglary",1797,"Theft And Robbery"
"Richmond upon Thames","2018","Criminal damage and arson",1074,"Criminal Damage and Arson"
"Richmond upon Thames","2018","Drugs",253,"Drug and Weapon Offences"
"Richmond upon Thames","2018","Other crime",114,"Other Crimes"
"Richmond upon Thames","2018","Other theft",1329,"Theft And Robbery"
"Richmond upon Thames","2018","Possession of weapons",67,"Drug and Weapon Offences"
"Richmond upon Thames","2018","Public order",701,"Public Order Offences"
"Richmond upon Thames","2018","Robbery",347,"Theft And Robbery"
"Richmond upon Thames","2018","Shoplifting",547,"Theft And Robbery"
"Richmond upon Thames","2018","Theft from the person",242,"Theft And Robbery"
"Richmond upon Thames","2018","Vehicle crime",2224,"Theft And Robbery"
"Richmond upon Thames","2018","Violence and sexual offences",3153,"Violence and Sexual Offences"
"Richmond upon Thames","2019","Anti-social behaviour",3479,"Public Order Offences"
"Richmond upon Thames","2019","Bicycle theft",659,"Theft And Robbery"
"Richmond upon Thames","2019","Burglary",1516,"Theft And Robbery"
"Richmond upon Thames","2019","Criminal damage and arson",953,"Criminal Damage and Arson"
"Richmond upon Thames","2019","Drugs",335,"Drug and Weapon Offences"
"Richmond upon Thames","2019","Other crime",106,"Other Crimes"
"Richmond upon Thames","2019","Other theft",1429,"Theft And Robbery"
"Richmond upon Thames","2019","Possession of weapons",48,"Drug and Weapon Offences"
"Richmond upon Thames","2019","Public order",804,"Public Order Offences"
"Richmond upon Thames","2019","Robbery",423,"Theft And Robbery"
"Richmond upon Thames","2019","Shoplifting",574,"Theft And Robbery"
"Richmond upon Thames","2019","Theft from the person",253,"Theft And Robbery"
"Richmond upon Thames","2019","Vehicle crime",2188,"Theft And Robbery"
"Richmond upon Thames","2019","Violence and sexual offences",3127,"Violence and Sexual Offences"
"Richmond upon Thames","2020","Anti-social behaviour",7013,"Public Order Offences"
"Richmond upon Thames","2020","Bicycle theft",766,"Theft And Robbery"
"Richmond upon Thames","2020","Burglary",1304,"Theft And Robbery"
"Richmond upon Thames","2020","Criminal damage and arson",908,"Criminal Damage and Arson"
"Richmond upon Thames","2020","Drugs",592,"Drug and Weapon Offences"
"Richmond upon Thames","2020","Other crime",161,"Other Crimes"
"Richmond upon Thames","2020","Other theft",1103,"Theft And Robbery"
"Richmond upon Thames","2020","Possession of weapons",51,"Drug and Weapon Offences"
"Richmond upon Thames","2020","Public order",846,"Public Order Offences"
"Richmond upon Thames","2020","Robbery",241,"Theft And Robbery"
"Richmond upon Thames","2020","Shoplifting",515,"Theft And Robbery"
"Richmond upon Thames","2020","Theft from the person",134,"Theft And Robbery"
"Richmond upon Thames","2020","Vehicle crime",2260,"Theft And Robbery"
"Richmond upon Thames","2020","Violence and sexual offences",3238,"Violence and Sexual Offences"
"Richmond upon Thames","2021","Anti-social behaviour",4478,"Public Order Offences"
"Richmond upon Thames","2021","Bicycle theft",749,"Theft And Robbery"
"Richmond upon Thames","2021","Burglary",1015,"Theft And Robbery"
"Richmond upon Thames","2021","Criminal damage and arson",919,"Criminal Damage and Arson"
"Richmond upon Thames","2021","Drugs",389,"Drug and Weapon Offences"
"Richmond upon Thames","2021","Other crime",121,"Other Crimes"
"Richmond upon Thames","2021","Other theft",1065,"Theft And Robbery"
"Richmond upon Thames","2021","Possession of weapons",41,"Drug and Weapon Offences"
"Richmond upon Thames","2021","Public order",789,"Public Order Offences"
"Richmond upon Thames","2021","Robbery",195,"Theft And Robbery"
"Richmond upon Thames","2021","Shoplifting",453,"Theft And Robbery"
"Richmond upon Thames","2021","Theft from the person",196,"Theft And Robbery"
"Richmond upon Thames","2021","Vehicle crime",1712,"Theft And Robbery"
"Richmond upon Thames","2021","Violence and sexual offences",3266,"Violence and Sexual Offences"
"Richmond upon Thames","2022","Anti-social behaviour",3359,"Public Order Offences"
"Richmond upon Thames","2022","Bicycle theft",654,"Theft And Robbery"
"Richmond upon Thames","2022","Burglary",943,"Theft And Robbery"
"Richmond upon Thames","2022","Criminal damage and arson",894,"Criminal Damage and Arson"
"Richmond upon Thames","2022","Drugs",307,"Drug and Weapon Offences"
"Richmond upon Thames","2022","Other crime",142,"Other Crimes"
"Richmond upon Thames","2022","Other theft",1313,"Theft And Robbery"
"Richmond upon Thames","2022","Possession of weapons",43,"Drug and Weapon Offences"
"Richmond upon Thames","2022","Public order",768,"Public Order Offences"
"Richmond upon Thames","2022","Robbery",210,"Theft And Robbery"
"Richmond upon Thames","2022","Shoplifting",565,"Theft And Robbery"
"Richmond upon Thames","2022","Theft from the person",236,"Theft And Robbery"
"Richmond upon Thames","2022","Vehicle crime",2058,"Theft And Robbery"
"Richmond upon Thames","2022","Violence and sexual offences",3249,"Violence and Sexual Offences"
"Richmond upon Thames","2023","Anti-social behaviour",3110,"Public Order Offences"
"Richmond upon Thames","2023","Bicycle theft",646,"Theft And Robbery"
"Richmond upon Thames","2023","Burglary",1284,"Theft And Robbery"
"Richmond upon Thames","2023","Criminal damage and arson",980,"Criminal Damage and Arson"
"Richmond upon Thames","2023","Drugs",297,"Drug and Weapon Offences"
"Richmond upon Thames","2023","Other crime",124,"Other Crimes"
"Richmond upon Thames","2023","Other theft",1287,"Theft And Robbery"
"Richmond upon Thames","2023","Possession of weapons",41,"Drug and Weapon Offences"
"Richmond upon Thames","2023","Public order",843,"Public Order Offences"
"Richmond upon Thames","2023","Robbery",248,"Theft And Robbery"
"Richmond upon Thames","2023","Shoplifting",892,"Theft And Robbery"
"Richmond upon Thames","2023","Theft from the person",193,"Theft And Robbery"
"Richmond upon Thames","2023","Vehicle crime",1983,"Theft And Robbery"
"Richmond upon Thames","2023","Violence and sexual offences",3145,"Violence and Sexual Offences"
"Richmond upon Thames","2024","Anti-social behaviour",3022,"Public Order Offences"
"Richmond upon Thames","2024","Bicycle theft",454,"Theft And Robbery"
"Richmond upon Thames","2024","Burglary",1009,"Theft And Robbery"
"Richmond upon Thames","2024","Criminal damage and arson",944,"Criminal Damage and Arson"
"Richmond upon Thames","2024","Drugs",531,"Drug and Weapon Offences"
"Richmond upon Thames","2024","Other crime",134,"Other Crimes"
"Richmond upon Thames","2024","Other theft",1156,"Theft And Robbery"
"Richmond upon Thames","2024","Possession of weapons",34,"Drug and Weapon Offences"
"Richmond upon Thames","2024","Public order",762,"Public Order Offences"
"Richmond upon Thames","2024","Robbery",290,"Theft And Robbery"
"Richmond upon Thames","2024","Shoplifting",1291,"Theft And Robbery"
"Richmond upon Thames","2024","Theft from the person",297,"Theft And Robbery"
"Richmond upon Thames","2024","Vehicle crime",1793,"Theft And Robbery"
"Richmond upon Thames","2024","Violence and sexual offences",3315,"Violence and Sexual Offences"
"Richmond upon Thames","2025","Anti-social behaviour",3083,"Public Order Offences"
"Richmond upon Thames","2025","Bicycle theft",378,"Theft And Robbery"
"Richmond upon Thames","2025","Burglary",913,"Theft And Robbery"
"Richmond upon Thames","2025","Criminal damage and arson",1046,"Criminal Damage and Arson"
"Richmond upon Thames","2025","Drugs",581,"Drug and Weapon Offences"
"Richmond upon Thames","2025","Other crime",143,"Other Crimes"
"Richmond upon Thames","2025","Other theft",1080,"Theft And Robbery"
"Richmond upon Thames","2025","Possession of weapons",44,"Drug and Weapon Offences"
"Richmond upon Thames","2025","Public order",839,"Public Order Offences"
"Richmond upon Thames","2025","Robbery",240,"Theft And Robbery"
"Richmond upon Thames","2025","Shoplifting",1199,"Theft And Robbery"
"Richmond upon Thames","2025","Theft from the person",263,"Theft And Robbery"
"Richmond upon Thames","2025","Vehicle crime",1571,"Theft And Robbery"
"Richmond upon Thames","2025","Violence and sexual offences",3287,"Violence and Sexual Offences"
"Richmond upon Thames","2026","Anti-social behaviour",951,"Public Order Offences"
"Richmond upon Thames","2026","Bicycle theft",109,"Theft And Robbery"
"Richmond upon Thames","2026","Burglary",283,"Theft And Robbery"
"Richmond upon Thames","2026","Criminal damage and arson",285,"Criminal Damage and Arson"
"Richmond upon Thames","2026","Drugs",142,"Drug and Weapon Offences"
"Richmond upon Thames","2026","Other crime",58,"Other Crimes"
"Richmond upon Thames","2026","Other theft",290,"Theft And Robbery"
"Richmond upon Thames","2026","Possession of weapons",18,"Drug and Weapon Offences"
"Richmond upon Thames","2026","Public order",255,"Public Order Offences"
"Richmond upon Thames","2026","Robbery",83,"Theft And Robbery"
"Richmond upon Thames","2026","Shoplifting",370,"Theft And Robbery"
"Richmond upon Thames","2026","Theft from the person",87,"Theft And Robbery"
"Richmond upon Thames","2026","Vehicle crime",597,"Theft And Robbery"
"Richmond upon Thames","2026","Violence and sexual offences",1054,"Violence and Sexual Offences"
"Southwark","2011","Anti-social behaviour",17459,"Public Order Offences"
"Southwark","2011","Burglary",3399,"Theft And Robbery"
"Southwark","2011","Criminal damage and arson",973,"Criminal Damage and Arson"
"Southwark","2011","Drugs",879,"Drug and Weapon Offences"
"Southwark","2011","Other crime",12659,"Other Crimes"
"Southwark","2011","Other theft",3156,"Theft And Robbery"
"Southwark","2011","Public disorder and weapons",441,"No-category"
"Southwark","2011","Robbery",2384,"Theft And Robbery"
"Southwark","2011","Shoplifting",401,"Theft And Robbery"
"Southwark","2011","Vehicle crime",3347,"Theft And Robbery"
"Southwark","2011","Violent crime",6435,"No-category"
"Southwark","2012","Anti-social behaviour",4671,"Public Order Offences"
"Southwark","2012","Burglary",1143,"Theft And Robbery"
"Southwark","2012","Criminal damage and arson",805,"Criminal Damage and Arson"
"Southwark","2012","Drugs",797,"Drug and Weapon Offences"
"Southwark","2012","Other crime",481,"Other Crimes"
"Southwark","2012","Other theft",3051,"Theft And Robbery"
"Southwark","2012","Public disorder and weapons",415,"No-category"
"Southwark","2012","Robbery",803,"Theft And Robbery"
"Southwark","2012","Shoplifting",382,"Theft And Robbery"
"Southwark","2012","Vehicle crime",939,"Theft And Robbery"
"Southwark","2012","Violent crime",1950,"No-category"
"Southwark","2013","Anti-social behaviour",1627,"Public Order Offences"
"Southwark","2013","Burglary",465,"Theft And Robbery"
"Southwark","2013","Criminal damage and arson",361,"Criminal Damage and Arson"
"Southwark","2013","Drugs",393,"Drug and Weapon Offences"
"Southwark","2013","Other crime",135,"Other Crimes"
"Southwark","2013","Other theft",1553,"Theft And Robbery"
"Southwark","2013","Public disorder and weapons",232,"No-category"
"Southwark","2013","Robbery",386,"Theft And Robbery"
"Southwark","2013","Shoplifting",189,"Theft And Robbery"
"Southwark","2013","Theft from the person",1,"Theft And Robbery"
"Southwark","2013","Vehicle crime",460,"Theft And Robbery"
"Southwark","2013","Violent crime",824,"No-category"
"Southwark","2014","Anti-social behaviour",2111,"Public Order Offences"
"Southwark","2014","Bicycle theft",302,"Theft And Robbery"
"Southwark","2014","Burglary",714,"Theft And Robbery"
"Southwark","2014","Criminal damage and arson",556,"Criminal Damage and Arson"
"Southwark","2014","Drugs",595,"Drug and Weapon Offences"
"Southwark","2014","Other crime",68,"Other Crimes"
"Southwark","2014","Other theft",1230,"Theft And Robbery"
"Southwark","2014","Possession of weapons",32,"Drug and Weapon Offences"
"Southwark","2014","Public order",356,"Public Order Offences"
"Southwark","2014","Robbery",315,"Theft And Robbery"
"Southwark","2014","Shoplifting",314,"Theft And Robbery"
"Southwark","2014","Theft from the person",310,"Theft And Robbery"
"Southwark","2014","Vehicle crime",664,"Theft And Robbery"
"Southwark","2014","Violence and sexual offences",1676,"Violence and Sexual Offences"
"Southwark","2015","Anti-social behaviour",4230,"Public Order Offences"
"Southwark","2015","Bicycle theft",650,"Theft And Robbery"
"Southwark","2015","Burglary",1487,"Theft And Robbery"
"Southwark","2015","Criminal damage and arson",1309,"Criminal Damage and Arson"
"Southwark","2015","Drugs",919,"Drug and Weapon Offences"
"Southwark","2015","Other crime",137,"Other Crimes"
"Southwark","2015","Other theft",2472,"Theft And Robbery"
"Southwark","2015","Possession of weapons",85,"Drug and Weapon Offences"
"Southwark","2015","Public order",807,"Public Order Offences"
"Southwark","2015","Robbery",601,"Theft And Robbery"
"Southwark","2015","Shoplifting",668,"Theft And Robbery"
"Southwark","2015","Theft from the person",724,"Theft And Robbery"
"Southwark","2015","Vehicle crime",1475,"Theft And Robbery"
"Southwark","2015","Violence and sexual offences",3752,"Violence and Sexual Offences"
"Southwark","2016","Anti-social behaviour",8257,"Public Order Offences"
"Southwark","2016","Bicycle theft",1245,"Theft And Robbery"
"Southwark","2016","Burglary",2911,"Theft And Robbery"
"Southwark","2016","Criminal damage and arson",2537,"Criminal Damage and Arson"
"Southwark","2016","Drugs",1586,"Drug and Weapon Offences"
"Southwark","2016","Other crime",302,"Other Crimes"
"Southwark","2016","Other theft",4964,"Theft And Robbery"
"Southwark","2016","Possession of weapons",210,"Drug and Weapon Offences"
"Southwark","2016","Public order",1737,"Public Order Offences"
"Southwark","2016","Robbery",1302,"Theft And Robbery"
"Southwark","2016","Shoplifting",1502,"Theft And Robbery"
"Southwark","2016","Theft from the person",1817,"Theft And Robbery"
"Southwark","2016","Vehicle crime",3473,"Theft And Robbery"
"Southwark","2016","Violence and sexual offences",8189,"Violence and Sexual Offences"
"Southwark","2017","Anti-social behaviour",8278,"Public Order Offences"
"Southwark","2017","Bicycle theft",1591,"Theft And Robbery"
"Southwark","2017","Burglary",3323,"Theft And Robbery"
"Southwark","2017","Criminal damage and arson",2432,"Criminal Damage and Arson"
"Southwark","2017","Drugs",1900,"Drug and Weapon Offences"
"Southwark","2017","Other crime",311,"Other Crimes"
"Southwark","2017","Other theft",4714,"Theft And Robbery"
"Southwark","2017","Possession of weapons",384,"Drug and Weapon Offences"
"Southwark","2017","Public order",1892,"Public Order Offences"
"Southwark","2017","Robbery",1758,"Theft And Robbery"
"Southwark","2017","Shoplifting",1442,"Theft And Robbery"
"Southwark","2017","Theft from the person",2227,"Theft And Robbery"
"Southwark","2017","Vehicle crime",2849,"Theft And Robbery"
"Southwark","2017","Violence and sexual offences",8316,"Violence and Sexual Offences"
"Southwark","2018","Anti-social behaviour",8338,"Public Order Offences"
"Southwark","2018","Bicycle theft",1287,"Theft And Robbery"
"Southwark","2018","Burglary",3028,"Theft And Robbery"
"Southwark","2018","Criminal damage and arson",2300,"Criminal Damage and Arson"
"Southwark","2018","Drugs",1779,"Drug and Weapon Offences"
"Southwark","2018","Other crime",333,"Other Crimes"
"Southwark","2018","Other theft",5576,"Theft And Robbery"
"Southwark","2018","Possession of weapons",424,"Drug and Weapon Offences"
"Southwark","2018","Public order",1867,"Public Order Offences"
"Southwark","2018","Robbery",1751,"Theft And Robbery"
"Southwark","2018","Shoplifting",1446,"Theft And Robbery"
"Southwark","2018","Theft from the person",2056,"Theft And Robbery"
"Southwark","2018","Vehicle crime",3788,"Theft And Robbery"
"Southwark","2018","Violence and sexual offences",9285,"Violence and Sexual Offences"
"Southwark","2019","Anti-social behaviour",9171,"Public Order Offences"
"Southwark","2019","Bicycle theft",1186,"Theft And Robbery"
"Southwark","2019","Burglary",3182,"Theft And Robbery"
"Southwark","2019","Criminal damage and arson",2021,"Criminal Damage and Arson"
"Southwark","2019","Drugs",2389,"Drug and Weapon Offences"
"Southwark","2019","Other crime",344,"Other Crimes"
"Southwark","2019","Other theft",5867,"Theft And Robbery"
"Southwark","2019","Possession of weapons",322,"Drug and Weapon Offences"
"Southwark","2019","Public order",1988,"Public Order Offences"
"Southwark","2019","Robbery",2391,"Theft And Robbery"
"Southwark","2019","Shoplifting",1267,"Theft And Robbery"
"Southwark","2019","Theft from the person",3563,"Theft And Robbery"
"Southwark","2019","Vehicle crime",3583,"Theft And Robbery"
"Southwark","2019","Violence and sexual offences",9058,"Violence and Sexual Offences"
"Southwark","2020","Anti-social behaviour",16958,"Public Order Offences"
"Southwark","2020","Bicycle theft",1758,"Theft And Robbery"
"Southwark","2020","Burglary",2522,"Theft And Robbery"
"Southwark","2020","Criminal damage and arson",1924,"Criminal Damage and Arson"
"Southwark","2020","Drugs",2142,"Drug and Weapon Offences"
"Southwark","2020","Other crime",308,"Other Crimes"
"Southwark","2020","Other theft",3577,"Theft And Robbery"
"Southwark","2020","Possession of weapons",290,"Drug and Weapon Offences"
"Southwark","2020","Public order",2056,"Public Order Offences"
"Southwark","2020","Robbery",1490,"Theft And Robbery"
"Southwark","2020","Shoplifting",961,"Theft And Robbery"
"Southwark","2020","Theft from the person",1883,"Theft And Robbery"
"Southwark","2020","Vehicle crime",3343,"Theft And Robbery"
"Southwark","2020","Violence and sexual offences",8495,"Violence and Sexual Offences"
"Southwark","2021","Anti-social behaviour",11957,"Public Order Offences"
"Southwark","2021","Bicycle theft",1524,"Theft And Robbery"
"Southwark","2021","Burglary",2324,"Theft And Robbery"
"Southwark","2021","Criminal damage and arson",1851,"Criminal Damage and Arson"
"Southwark","2021","Drugs",2001,"Drug and Weapon Offences"
"Southwark","2021","Other crime",327,"Other Crimes"
"Southwark","2021","Other theft",4078,"Theft And Robbery"
"Southwark","2021","Possession of weapons",236,"Drug and Weapon Offences"
"Southwark","2021","Public order",2098,"Public Order Offences"
"Southwark","2021","Robbery",1073,"Theft And Robbery"
"Southwark","2021","Shoplifting",1002,"Theft And Robbery"
"Southwark","2021","Theft from the person",2219,"Theft And Robbery"
"Southwark","2021","Vehicle crime",2763,"Theft And Robbery"
"Southwark","2021","Violence and sexual offences",8771,"Violence and Sexual Offences"
"Southwark","2022","Anti-social behaviour",9762,"Public Order Offences"
"Southwark","2022","Bicycle theft",1385,"Theft And Robbery"
"Southwark","2022","Burglary",2496,"Theft And Robbery"
"Southwark","2022","Criminal damage and arson",1935,"Criminal Damage and Arson"
"Southwark","2022","Drugs",1558,"Drug and Weapon Offences"
"Southwark","2022","Other crime",293,"Other Crimes"
"Southwark","2022","Other theft",5651,"Theft And Robbery"
"Southwark","2022","Possession of weapons",199,"Drug and Weapon Offences"
"Southwark","2022","Public order",1985,"Public Order Offences"
"Southwark","2022","Robbery",1655,"Theft And Robbery"
"Southwark","2022","Shoplifting",1094,"Theft And Robbery"
"Southwark","2022","Theft from the person",3517,"Theft And Robbery"
"Southwark","2022","Vehicle crime",2658,"Theft And Robbery"
"Southwark","2022","Violence and sexual offences",8648,"Violence and Sexual Offences"
"Southwark","2023","Anti-social behaviour",8595,"Public Order Offences"
"Southwark","2023","Bicycle theft",945,"Theft And Robbery"
"Southwark","2023","Burglary",2482,"Theft And Robbery"
"Southwark","2023","Criminal damage and arson",2148,"Criminal Damage and Arson"
"Southwark","2023","Drugs",1316,"Drug and Weapon Offences"
"Southwark","2023","Other crime",257,"Other Crimes"
"Southwark","2023","Other theft",6243,"Theft And Robbery"
"Southwark","2023","Possession of weapons",216,"Drug and Weapon Offences"
"Southwark","2023","Public order",1964,"Public Order Offences"
"Southwark","2023","Robbery",1937,"Theft And Robbery"
"Southwark","2023","Shoplifting",1597,"Theft And Robbery"
"Southwark","2023","Theft from the person",5062,"Theft And Robbery"
"Southwark","2023","Vehicle crime",2636,"Theft And Robbery"
"Southwark","2023","Violence and sexual offences",9358,"Violence and Sexual Offences"
"Southwark","2024","Anti-social behaviour",9427,"Public Order Offences"
"Southwark","2024","Bicycle theft",1173,"Theft And Robbery"
"Southwark","2024","Burglary",2353,"Theft And Robbery"
"Southwark","2024","Criminal damage and arson",1956,"Criminal Damage and Arson"
"Southwark","2024","Drugs",1496,"Drug and Weapon Offences"
"Southwark","2024","Other crime",298,"Other Crimes"
"Southwark","2024","Other theft",5092,"Theft And Robbery"
"Southwark","2024","Possession of weapons",213,"Drug and Weapon Offences"
"Southwark","2024","Public order",1921,"Public Order Offences"
"Southwark","2024","Robbery",2031,"Theft And Robbery"
"Southwark","2024","Shoplifting",3299,"Theft And Robbery"
"Southwark","2024","Theft from the person",6977,"Theft And Robbery"
"Southwark","2024","Vehicle crime",2693,"Theft And Robbery"
"Southwark","2024","Violence and sexual offences",9055,"Violence and Sexual Offences"
"Southwark","2025","Anti-social behaviour",9600,"Public Order Offences"
"Southwark","2025","Bicycle theft",1039,"Theft And Robbery"
"Southwark","2025","Burglary",2509,"Theft And Robbery"
"Southwark","2025","Criminal damage and arson",1868,"Criminal Damage and Arson"
"Southwark","2025","Drugs",1967,"Drug and Weapon Offences"
"Southwark","2025","Other crime",395,"Other Crimes"
"Southwark","2025","Other theft",4916,"Theft And Robbery"
"Southwark","2025","Possession of weapons",271,"Drug and Weapon Offences"
"Southwark","2025","Public order",2073,"Public Order Offences"
"Southwark","2025","Robbery",1851,"Theft And Robbery"
"Southwark","2025","Shoplifting",2721,"Theft And Robbery"
"Southwark","2025","Theft from the person",6852,"Theft And Robbery"
"Southwark","2025","Vehicle crime",2441,"Theft And Robbery"
"Southwark","2025","Violence and sexual offences",9902,"Violence and Sexual Offences"
"Southwark","2026","Anti-social behaviour",2907,"Public Order Offences"
"Southwark","2026","Bicycle theft",299,"Theft And Robbery"
"Southwark","2026","Burglary",690,"Theft And Robbery"
"Southwark","2026","Criminal damage and arson",640,"Criminal Damage and Arson"
"Southwark","2026","Drugs",647,"Drug and Weapon Offences"
"Southwark","2026","Other crime",148,"Other Crimes"
"Southwark","2026","Other theft",1466,"Theft And Robbery"
"Southwark","2026","Possession of weapons",103,"Drug and Weapon Offences"
"Southwark","2026","Public order",634,"Public Order Offences"
"Southwark","2026","Robbery",673,"Theft And Robbery"
"Southwark","2026","Shoplifting",1064,"Theft And Robbery"
"Southwark","2026","Theft from the person",2224,"Theft And Robbery"
"Southwark","2026","Vehicle crime",744,"Theft And Robbery"
"Southwark","2026","Violence and sexual offences",3129,"Violence and Sexual Offences"
"Sutton","2011","Anti-social behaviour",6634,"Public Order Offences"
"Sutton","2011","Burglary",1637,"Theft And Robbery"
"Sutton","2011","Criminal damage and arson",474,"Criminal Damage and Arson"
"Sutton","2011","Drugs",137,"Drug and Weapon Offences"
"Sutton","2011","Other crime",4173,"Other Crimes"
"Sutton","2011","Other theft",556,"Theft And Robbery"
"Sutton","2011","Public disorder and weapons",118,"No-category"
"Sutton","2011","Robbery",298,"Theft And Robbery"
"Sutton","2011","Shoplifting",348,"Theft And Robbery"
"Sutton","2011","Vehicle crime",1611,"Theft And Robbery"
"Sutton","2011","Violent crime",2289,"No-category"
"Sutton","2012","Anti-social behaviour",1894,"Public Order Offences"
"Sutton","2012","Burglary",510,"Theft And Robbery"
"Sutton","2012","Criminal damage and arson",467,"Criminal Damage and Arson"
"Sutton","2012","Drugs",171,"Drug and Weapon Offences"
"Sutton","2012","Other crime",178,"Other Crimes"
"Sutton","2012","Other theft",594,"Theft And Robbery"
"Sutton","2012","Public disorder and weapons",133,"No-category"
"Sutton","2012","Robbery",109,"Theft And Robbery"
"Sutton","2012","Shoplifting",282,"Theft And Robbery"
"Sutton","2012","Vehicle crime",603,"Theft And Robbery"
"Sutton","2012","Violent crime",870,"No-category"
"Sutton","2013","Anti-social behaviour",651,"Public Order Offences"
"Sutton","2013","Burglary",227,"Theft And Robbery"
"Sutton","2013","Criminal damage and arson",172,"Criminal Damage and Arson"
"Sutton","2013","Drugs",60,"Drug and Weapon Offences"
"Sutton","2013","Other crime",37,"Other Crimes"
"Sutton","2013","Other theft",236,"Theft And Robbery"
"Sutton","2013","Public disorder and weapons",49,"No-category"
"Sutton","2013","Robbery",46,"Theft And Robbery"
"Sutton","2013","Shoplifting",130,"Theft And Robbery"
"Sutton","2013","Vehicle crime",324,"Theft And Robbery"
"Sutton","2013","Violent crime",321,"No-category"
"Sutton","2014","Anti-social behaviour",830,"Public Order Offences"
"Sutton","2014","Bicycle theft",43,"Theft And Robbery"
"Sutton","2014","Burglary",330,"Theft And Robbery"
"Sutton","2014","Criminal damage and arson",293,"Criminal Damage and Arson"
"Sutton","2014","Drugs",94,"Drug and Weapon Offences"
"Sutton","2014","Other crime",19,"Other Crimes"
"Sutton","2014","Other theft",365,"Theft And Robbery"
"Sutton","2014","Possession of weapons",8,"Drug and Weapon Offences"
"Sutton","2014","Public order",158,"Public Order Offences"
"Sutton","2014","Robbery",33,"Theft And Robbery"
"Sutton","2014","Shoplifting",189,"Theft And Robbery"
"Sutton","2014","Theft from the person",29,"Theft And Robbery"
"Sutton","2014","Vehicle crime",316,"Theft And Robbery"
"Sutton","2014","Violence and sexual offences",729,"Violence and Sexual Offences"
"Sutton","2015","Anti-social behaviour",1419,"Public Order Offences"
"Sutton","2015","Bicycle theft",59,"Theft And Robbery"
"Sutton","2015","Burglary",632,"Theft And Robbery"
"Sutton","2015","Criminal damage and arson",649,"Criminal Damage and Arson"
"Sutton","2015","Drugs",174,"Drug and Weapon Offences"
"Sutton","2015","Other crime",58,"Other Crimes"
"Sutton","2015","Other theft",630,"Theft And Robbery"
"Sutton","2015","Possession of weapons",13,"Drug and Weapon Offences"
"Sutton","2015","Public order",295,"Public Order Offences"
"Sutton","2015","Robbery",79,"Theft And Robbery"
"Sutton","2015","Shoplifting",402,"Theft And Robbery"
"Sutton","2015","Theft from the person",81,"Theft And Robbery"
"Sutton","2015","Vehicle crime",601,"Theft And Robbery"
"Sutton","2015","Violence and sexual offences",1622,"Violence and Sexual Offences"
"Sutton","2016","Anti-social behaviour",3079,"Public Order Offences"
"Sutton","2016","Bicycle theft",124,"Theft And Robbery"
"Sutton","2016","Burglary",1248,"Theft And Robbery"
"Sutton","2016","Criminal damage and arson",1287,"Criminal Damage and Arson"
"Sutton","2016","Drugs",382,"Drug and Weapon Offences"
"Sutton","2016","Other crime",144,"Other Crimes"
"Sutton","2016","Other theft",1172,"Theft And Robbery"
"Sutton","2016","Possession of weapons",49,"Drug and Weapon Offences"
"Sutton","2016","Public order",668,"Public Order Offences"
"Sutton","2016","Robbery",162,"Theft And Robbery"
"Sutton","2016","Shoplifting",787,"Theft And Robbery"
"Sutton","2016","Theft from the person",141,"Theft And Robbery"
"Sutton","2016","Vehicle crime",1319,"Theft And Robbery"
"Sutton","2016","Violence and sexual offences",3335,"Violence and Sexual Offences"
"Sutton","2017","Anti-social behaviour",3034,"Public Order Offences"
"Sutton","2017","Bicycle theft",132,"Theft And Robbery"
"Sutton","2017","Burglary",1126,"Theft And Robbery"
"Sutton","2017","Criminal damage and arson",1203,"Criminal Damage and Arson"
"Sutton","2017","Drugs",344,"Drug and Weapon Offences"
"Sutton","2017","Other crime",156,"Other Crimes"
"Sutton","2017","Other theft",1204,"Theft And Robbery"
"Sutton","2017","Possession of weapons",75,"Drug and Weapon Offences"
"Sutton","2017","Public order",779,"Public Order Offences"
"Sutton","2017","Robbery",268,"Theft And Robbery"
"Sutton","2017","Shoplifting",826,"Theft And Robbery"
"Sutton","2017","Theft from the person",171,"Theft And Robbery"
"Sutton","2017","Vehicle crime",1761,"Theft And Robbery"
"Sutton","2017","Violence and sexual offences",3772,"Violence and Sexual Offences"
"Sutton","2018","Anti-social behaviour",3026,"Public Order Offences"
"Sutton","2018","Bicycle theft",126,"Theft And Robbery"
"Sutton","2018","Burglary",1184,"Theft And Robbery"
"Sutton","2018","Criminal damage and arson",1157,"Criminal Damage and Arson"
"Sutton","2018","Drugs",313,"Drug and Weapon Offences"
"Sutton","2018","Other crime",158,"Other Crimes"
"Sutton","2018","Other theft",1294,"Theft And Robbery"
"Sutton","2018","Possession of weapons",99,"Drug and Weapon Offences"
"Sutton","2018","Public order",795,"Public Order Offences"
"Sutton","2018","Robbery",313,"Theft And Robbery"
"Sutton","2018","Shoplifting",776,"Theft And Robbery"
"Sutton","2018","Theft from the person",165,"Theft And Robbery"
"Sutton","2018","Vehicle crime",1776,"Theft And Robbery"
"Sutton","2018","Violence and sexual offences",3824,"Violence and Sexual Offences"
"Sutton","2019","Anti-social behaviour",3895,"Public Order Offences"
"Sutton","2019","Bicycle theft",152,"Theft And Robbery"
"Sutton","2019","Burglary",1352,"Theft And Robbery"
"Sutton","2019","Criminal damage and arson",1090,"Criminal Damage and Arson"
"Sutton","2019","Drugs",521,"Drug and Weapon Offences"
"Sutton","2019","Other crime",155,"Other Crimes"
"Sutton","2019","Other theft",1224,"Theft And Robbery"
"Sutton","2019","Possession of weapons",86,"Drug and Weapon Offences"
"Sutton","2019","Public order",925,"Public Order Offences"
"Sutton","2019","Robbery",281,"Theft And Robbery"
"Sutton","2019","Shoplifting",907,"Theft And Robbery"
"Sutton","2019","Theft from the person",222,"Theft And Robbery"
"Sutton","2019","Vehicle crime",2022,"Theft And Robbery"
"Sutton","2019","Violence and sexual offences",4349,"Violence and Sexual Offences"
"Sutton","2020","Anti-social behaviour",6361,"Public Order Offences"
"Sutton","2020","Bicycle theft",172,"Theft And Robbery"
"Sutton","2020","Burglary",1015,"Theft And Robbery"
"Sutton","2020","Criminal damage and arson",925,"Criminal Damage and Arson"
"Sutton","2020","Drugs",756,"Drug and Weapon Offences"
"Sutton","2020","Other crime",201,"Other Crimes"
"Sutton","2020","Other theft",947,"Theft And Robbery"
"Sutton","2020","Possession of weapons",95,"Drug and Weapon Offences"
"Sutton","2020","Public order",915,"Public Order Offences"
"Sutton","2020","Robbery",246,"Theft And Robbery"
"Sutton","2020","Shoplifting",742,"Theft And Robbery"
"Sutton","2020","Theft from the person",172,"Theft And Robbery"
"Sutton","2020","Vehicle crime",2250,"Theft And Robbery"
"Sutton","2020","Violence and sexual offences",4316,"Violence and Sexual Offences"
"Sutton","2021","Anti-social behaviour",4326,"Public Order Offences"
"Sutton","2021","Bicycle theft",146,"Theft And Robbery"
"Sutton","2021","Burglary",900,"Theft And Robbery"
"Sutton","2021","Criminal damage and arson",1037,"Criminal Damage and Arson"
"Sutton","2021","Drugs",553,"Drug and Weapon Offences"
"Sutton","2021","Other crime",155,"Other Crimes"
"Sutton","2021","Other theft",1114,"Theft And Robbery"
"Sutton","2021","Possession of weapons",68,"Drug and Weapon Offences"
"Sutton","2021","Public order",957,"Public Order Offences"
"Sutton","2021","Robbery",224,"Theft And Robbery"
"Sutton","2021","Shoplifting",626,"Theft And Robbery"
"Sutton","2021","Theft from the person",209,"Theft And Robbery"
"Sutton","2021","Vehicle crime",1932,"Theft And Robbery"
"Sutton","2021","Violence and sexual offences",4625,"Violence and Sexual Offences"
"Sutton","2022","Anti-social behaviour",3774,"Public Order Offences"
"Sutton","2022","Bicycle theft",198,"Theft And Robbery"
"Sutton","2022","Burglary",1004,"Theft And Robbery"
"Sutton","2022","Criminal damage and arson",1098,"Criminal Damage and Arson"
"Sutton","2022","Drugs",503,"Drug and Weapon Offences"
"Sutton","2022","Other crime",166,"Other Crimes"
"Sutton","2022","Other theft",1283,"Theft And Robbery"
"Sutton","2022","Possession of weapons",86,"Drug and Weapon Offences"
"Sutton","2022","Public order",972,"Public Order Offences"
"Sutton","2022","Robbery",313,"Theft And Robbery"
"Sutton","2022","Shoplifting",782,"Theft And Robbery"
"Sutton","2022","Theft from the person",294,"Theft And Robbery"
"Sutton","2022","Vehicle crime",1966,"Theft And Robbery"
"Sutton","2022","Violence and sexual offences",4490,"Violence and Sexual Offences"
"Sutton","2023","Anti-social behaviour",3138,"Public Order Offences"
"Sutton","2023","Bicycle theft",161,"Theft And Robbery"
"Sutton","2023","Burglary",853,"Theft And Robbery"
"Sutton","2023","Criminal damage and arson",1114,"Criminal Damage and Arson"
"Sutton","2023","Drugs",419,"Drug and Weapon Offences"
"Sutton","2023","Other crime",185,"Other Crimes"
"Sutton","2023","Other theft",1204,"Theft And Robbery"
"Sutton","2023","Possession of weapons",72,"Drug and Weapon Offences"
"Sutton","2023","Public order",976,"Public Order Offences"
"Sutton","2023","Robbery",359,"Theft And Robbery"
"Sutton","2023","Shoplifting",998,"Theft And Robbery"
"Sutton","2023","Theft from the person",260,"Theft And Robbery"
"Sutton","2023","Vehicle crime",1561,"Theft And Robbery"
"Sutton","2023","Violence and sexual offences",4774,"Violence and Sexual Offences"
"Sutton","2024","Anti-social behaviour",3059,"Public Order Offences"
"Sutton","2024","Bicycle theft",124,"Theft And Robbery"
"Sutton","2024","Burglary",828,"Theft And Robbery"
"Sutton","2024","Criminal damage and arson",1098,"Criminal Damage and Arson"
"Sutton","2024","Drugs",473,"Drug and Weapon Offences"
"Sutton","2024","Other crime",192,"Other Crimes"
"Sutton","2024","Other theft",1022,"Theft And Robbery"
"Sutton","2024","Possession of weapons",72,"Drug and Weapon Offences"
"Sutton","2024","Public order",998,"Public Order Offences"
"Sutton","2024","Robbery",304,"Theft And Robbery"
"Sutton","2024","Shoplifting",1399,"Theft And Robbery"
"Sutton","2024","Theft from the person",240,"Theft And Robbery"
"Sutton","2024","Vehicle crime",1373,"Theft And Robbery"
"Sutton","2024","Violence and sexual offences",4787,"Violence and Sexual Offences"
"Sutton","2025","Anti-social behaviour",3143,"Public Order Offences"
"Sutton","2025","Bicycle theft",96,"Theft And Robbery"
"Sutton","2025","Burglary",867,"Theft And Robbery"
"Sutton","2025","Criminal damage and arson",980,"Criminal Damage and Arson"
"Sutton","2025","Drugs",692,"Drug and Weapon Offences"
"Sutton","2025","Other crime",216,"Other Crimes"
"Sutton","2025","Other theft",897,"Theft And Robbery"
"Sutton","2025","Possession of weapons",86,"Drug and Weapon Offences"
"Sutton","2025","Public order",1036,"Public Order Offences"
"Sutton","2025","Robbery",277,"Theft And Robbery"
"Sutton","2025","Shoplifting",1341,"Theft And Robbery"
"Sutton","2025","Theft from the person",242,"Theft And Robbery"
"Sutton","2025","Vehicle crime",1213,"Theft And Robbery"
"Sutton","2025","Violence and sexual offences",5122,"Violence and Sexual Offences"
"Sutton","2026","Anti-social behaviour",984,"Public Order Offences"
"Sutton","2026","Bicycle theft",24,"Theft And Robbery"
"Sutton","2026","Burglary",229,"Theft And Robbery"
"Sutton","2026","Criminal damage and arson",291,"Criminal Damage and Arson"
"Sutton","2026","Drugs",200,"Drug and Weapon Offences"
"Sutton","2026","Other crime",80,"Other Crimes"
"Sutton","2026","Other theft",315,"Theft And Robbery"
"Sutton","2026","Possession of weapons",31,"Drug and Weapon Offences"
"Sutton","2026","Public order",378,"Public Order Offences"
"Sutton","2026","Robbery",89,"Theft And Robbery"
"Sutton","2026","Shoplifting",471,"Theft And Robbery"
"Sutton","2026","Theft from the person",74,"Theft And Robbery"
"Sutton","2026","Vehicle crime",424,"Theft And Robbery"
"Sutton","2026","Violence and sexual offences",1648,"Violence and Sexual Offences"
"Tower Hamlets","2011","Anti-social behaviour",19751,"Public Order Offences"
"Tower Hamlets","2011","Burglary",2665,"Theft And Robbery"
"Tower Hamlets","2011","Criminal damage and arson",735,"Criminal Damage and Arson"
"Tower Hamlets","2011","Drugs",1055,"Drug and Weapon Offences"
"Tower Hamlets","2011","Other crime",11046,"Other Crimes"
"Tower Hamlets","2011","Other theft",2258,"Theft And Robbery"
"Tower Hamlets","2011","Public disorder and weapons",429,"No-category"
"Tower Hamlets","2011","Robbery",1371,"Theft And Robbery"
"Tower Hamlets","2011","Shoplifting",204,"Theft And Robbery"
"Tower Hamlets","2011","Vehicle crime",2969,"Theft And Robbery"
"Tower Hamlets","2011","Violent crime",5507,"No-category"
"Tower Hamlets","2012","Anti-social behaviour",5846,"Public Order Offences"
"Tower Hamlets","2012","Burglary",844,"Theft And Robbery"
"Tower Hamlets","2012","Criminal damage and arson",745,"Criminal Damage and Arson"
"Tower Hamlets","2012","Drugs",1024,"Drug and Weapon Offences"
"Tower Hamlets","2012","Other crime",494,"Other Crimes"
"Tower Hamlets","2012","Other theft",2606,"Theft And Robbery"
"Tower Hamlets","2012","Public disorder and weapons",409,"No-category"
"Tower Hamlets","2012","Robbery",458,"Theft And Robbery"
"Tower Hamlets","2012","Shoplifting",235,"Theft And Robbery"
"Tower Hamlets","2012","Vehicle crime",826,"Theft And Robbery"
"Tower Hamlets","2012","Violent crime",1864,"No-category"
"Tower Hamlets","2013","Anti-social behaviour",2201,"Public Order Offences"
"Tower Hamlets","2013","Bicycle theft",3,"Theft And Robbery"
"Tower Hamlets","2013","Burglary",471,"Theft And Robbery"
"Tower Hamlets","2013","Criminal damage and arson",331,"Criminal Damage and Arson"
"Tower Hamlets","2013","Drugs",511,"Drug and Weapon Offences"
"Tower Hamlets","2013","Other crime",81,"Other Crimes"
"Tower Hamlets","2013","Other theft",1067,"Theft And Robbery"
"Tower Hamlets","2013","Public disorder and weapons",202,"No-category"
"Tower Hamlets","2013","Public order",3,"Public Order Offences"
"Tower Hamlets","2013","Robbery",207,"Theft And Robbery"
"Tower Hamlets","2013","Shoplifting",145,"Theft And Robbery"
"Tower Hamlets","2013","Theft from the person",10,"Theft And Robbery"
"Tower Hamlets","2013","Vehicle crime",405,"Theft And Robbery"
"Tower Hamlets","2013","Violence and sexual offences",5,"Violence and Sexual Offences"
"Tower Hamlets","2013","Violent crime",785,"No-category"
"Tower Hamlets","2014","Anti-social behaviour",3624,"Public Order Offences"
"Tower Hamlets","2014","Bicycle theft",303,"Theft And Robbery"
"Tower Hamlets","2014","Burglary",599,"Theft And Robbery"
"Tower Hamlets","2014","Criminal damage and arson",544,"Criminal Damage and Arson"
"Tower Hamlets","2014","Drugs",464,"Drug and Weapon Offences"
"Tower Hamlets","2014","Other crime",53,"Other Crimes"
"Tower Hamlets","2014","Other theft",856,"Theft And Robbery"
"Tower Hamlets","2014","Possession of weapons",29,"Drug and Weapon Offences"
"Tower Hamlets","2014","Public order",363,"Public Order Offences"
"Tower Hamlets","2014","Robbery",311,"Theft And Robbery"
"Tower Hamlets","2014","Shoplifting",229,"Theft And Robbery"
"Tower Hamlets","2014","Theft from the person",345,"Theft And Robbery"
"Tower Hamlets","2014","Vehicle crime",694,"Theft And Robbery"
"Tower Hamlets","2014","Violence and sexual offences",1705,"Violence and Sexual Offences"
"Tower Hamlets","2015","Anti-social behaviour",7623,"Public Order Offences"
"Tower Hamlets","2015","Bicycle theft",578,"Theft And Robbery"
"Tower Hamlets","2015","Burglary",1182,"Theft And Robbery"
"Tower Hamlets","2015","Criminal damage and arson",1206,"Criminal Damage and Arson"
"Tower Hamlets","2015","Drugs",744,"Drug and Weapon Offences"
"Tower Hamlets","2015","Other crime",137,"Other Crimes"
"Tower Hamlets","2015","Other theft",1795,"Theft And Robbery"
"Tower Hamlets","2015","Possession of weapons",79,"Drug and Weapon Offences"
"Tower Hamlets","2015","Public order",860,"Public Order Offences"
"Tower Hamlets","2015","Robbery",565,"Theft And Robbery"
"Tower Hamlets","2015","Shoplifting",572,"Theft And Robbery"
"Tower Hamlets","2015","Theft from the person",722,"Theft And Robbery"
"Tower Hamlets","2015","Vehicle crime",1456,"Theft And Robbery"
"Tower Hamlets","2015","Violence and sexual offences",3677,"Violence and Sexual Offences"
"Tower Hamlets","2016","Anti-social behaviour",15510,"Public Order Offences"
"Tower Hamlets","2016","Bicycle theft",1310,"Theft And Robbery"
"Tower Hamlets","2016","Burglary",2753,"Theft And Robbery"
"Tower Hamlets","2016","Criminal damage and arson",2287,"Criminal Damage and Arson"
"Tower Hamlets","2016","Drugs",1389,"Drug and Weapon Offences"
"Tower Hamlets","2016","Other crime",390,"Other Crimes"
"Tower Hamlets","2016","Other theft",3706,"Theft And Robbery"
"Tower Hamlets","2016","Possession of weapons",196,"Drug and Weapon Offences"
"Tower Hamlets","2016","Public order",2147,"Public Order Offences"
"Tower Hamlets","2016","Robbery",1199,"Theft And Robbery"
"Tower Hamlets","2016","Shoplifting",1388,"Theft And Robbery"
"Tower Hamlets","2016","Theft from the person",1718,"Theft And Robbery"
"Tower Hamlets","2016","Vehicle crime",2892,"Theft And Robbery"
"Tower Hamlets","2016","Violence and sexual offences",8067,"Violence and Sexual Offences"
"Tower Hamlets","2017","Anti-social behaviour",13007,"Public Order Offences"
"Tower Hamlets","2017","Bicycle theft",1601,"Theft And Robbery"
"Tower Hamlets","2017","Burglary",2862,"Theft And Robbery"
"Tower Hamlets","2017","Criminal damage and arson",2319,"Criminal Damage and Arson"
"Tower Hamlets","2017","Drugs",1306,"Drug and Weapon Offences"
"Tower Hamlets","2017","Other crime",345,"Other Crimes"
"Tower Hamlets","2017","Other theft",3869,"Theft And Robbery"
"Tower Hamlets","2017","Possession of weapons",269,"Drug and Weapon Offences"
"Tower Hamlets","2017","Public order",2206,"Public Order Offences"
"Tower Hamlets","2017","Robbery",1472,"Theft And Robbery"
"Tower Hamlets","2017","Shoplifting",1278,"Theft And Robbery"
"Tower Hamlets","2017","Theft from the person",1626,"Theft And Robbery"
"Tower Hamlets","2017","Vehicle crime",3320,"Theft And Robbery"
"Tower Hamlets","2017","Violence and sexual offences",8275,"Violence and Sexual Offences"
"Tower Hamlets","2018","Anti-social behaviour",13324,"Public Order Offences"
"Tower Hamlets","2018","Bicycle theft",1442,"Theft And Robbery"
"Tower Hamlets","2018","Burglary",3236,"Theft And Robbery"
"Tower Hamlets","2018","Criminal damage and arson",2085,"Criminal Damage and Arson"
"Tower Hamlets","2018","Drugs",1967,"Drug and Weapon Offences"
"Tower Hamlets","2018","Other crime",348,"Other Crimes"
"Tower Hamlets","2018","Other theft",4282,"Theft And Robbery"
"Tower Hamlets","2018","Possession of weapons",310,"Drug and Weapon Offences"
"Tower Hamlets","2018","Public order",2165,"Public Order Offences"
"Tower Hamlets","2018","Robbery",1523,"Theft And Robbery"
"Tower Hamlets","2018","Shoplifting",1068,"Theft And Robbery"
"Tower Hamlets","2018","Theft from the person",1758,"Theft And Robbery"
"Tower Hamlets","2018","Vehicle crime",3514,"Theft And Robbery"
"Tower Hamlets","2018","Violence and sexual offences",9068,"Violence and Sexual Offences"
"Tower Hamlets","2019","Anti-social behaviour",15302,"Public Order Offences"
"Tower Hamlets","2019","Bicycle theft",1425,"Theft And Robbery"
"Tower Hamlets","2019","Burglary",3078,"Theft And Robbery"
"Tower Hamlets","2019","Criminal damage and arson",1938,"Criminal Damage and Arson"
"Tower Hamlets","2019","Drugs",2257,"Drug and Weapon Offences"
"Tower Hamlets","2019","Other crime",328,"Other Crimes"
"Tower Hamlets","2019","Other theft",4623,"Theft And Robbery"
"Tower Hamlets","2019","Possession of weapons",264,"Drug and Weapon Offences"
"Tower Hamlets","2019","Public order",2075,"Public Order Offences"
"Tower Hamlets","2019","Robbery",1391,"Theft And Robbery"
"Tower Hamlets","2019","Shoplifting",948,"Theft And Robbery"
"Tower Hamlets","2019","Theft from the person",1781,"Theft And Robbery"
"Tower Hamlets","2019","Vehicle crime",3709,"Theft And Robbery"
"Tower Hamlets","2019","Violence and sexual offences",8675,"Violence and Sexual Offences"
"Tower Hamlets","2020","Anti-social behaviour",25166,"Public Order Offences"
"Tower Hamlets","2020","Bicycle theft",2041,"Theft And Robbery"
"Tower Hamlets","2020","Burglary",2660,"Theft And Robbery"
"Tower Hamlets","2020","Criminal damage and arson",1976,"Criminal Damage and Arson"
"Tower Hamlets","2020","Drugs",2743,"Drug and Weapon Offences"
"Tower Hamlets","2020","Other crime",408,"Other Crimes"
"Tower Hamlets","2020","Other theft",3017,"Theft And Robbery"
"Tower Hamlets","2020","Possession of weapons",236,"Drug and Weapon Offences"
"Tower Hamlets","2020","Public order",2154,"Public Order Offences"
"Tower Hamlets","2020","Robbery",985,"Theft And Robbery"
"Tower Hamlets","2020","Shoplifting",803,"Theft And Robbery"
"Tower Hamlets","2020","Theft from the person",1054,"Theft And Robbery"
"Tower Hamlets","2020","Vehicle crime",3410,"Theft And Robbery"
"Tower Hamlets","2020","Violence and sexual offences",8538,"Violence and Sexual Offences"
"Tower Hamlets","2021","Anti-social behaviour",18331,"Public Order Offences"
"Tower Hamlets","2021","Bicycle theft",1766,"Theft And Robbery"
"Tower Hamlets","2021","Burglary",2359,"Theft And Robbery"
"Tower Hamlets","2021","Criminal damage and arson",2100,"Criminal Damage and Arson"
"Tower Hamlets","2021","Drugs",2339,"Drug and Weapon Offences"
"Tower Hamlets","2021","Other crime",376,"Other Crimes"
"Tower Hamlets","2021","Other theft",3148,"Theft And Robbery"
"Tower Hamlets","2021","Possession of weapons",182,"Drug and Weapon Offences"
"Tower Hamlets","2021","Public order",2409,"Public Order Offences"
"Tower Hamlets","2021","Robbery",949,"Theft And Robbery"
"Tower Hamlets","2021","Shoplifting",713,"Theft And Robbery"
"Tower Hamlets","2021","Theft from the person",1581,"Theft And Robbery"
"Tower Hamlets","2021","Vehicle crime",3310,"Theft And Robbery"
"Tower Hamlets","2021","Violence and sexual offences",9696,"Violence and Sexual Offences"
"Tower Hamlets","2022","Anti-social behaviour",13870,"Public Order Offences"
"Tower Hamlets","2022","Bicycle theft",1276,"Theft And Robbery"
"Tower Hamlets","2022","Burglary",2204,"Theft And Robbery"
"Tower Hamlets","2022","Criminal damage and arson",1988,"Criminal Damage and Arson"
"Tower Hamlets","2022","Drugs",1880,"Drug and Weapon Offences"
"Tower Hamlets","2022","Other crime",364,"Other Crimes"
"Tower Hamlets","2022","Other theft",4052,"Theft And Robbery"
"Tower Hamlets","2022","Possession of weapons",208,"Drug and Weapon Offences"
"Tower Hamlets","2022","Public order",2255,"Public Order Offences"
"Tower Hamlets","2022","Robbery",925,"Theft And Robbery"
"Tower Hamlets","2022","Shoplifting",1050,"Theft And Robbery"
"Tower Hamlets","2022","Theft from the person",1773,"Theft And Robbery"
"Tower Hamlets","2022","Vehicle crime",3687,"Theft And Robbery"
"Tower Hamlets","2022","Violence and sexual offences",9892,"Violence and Sexual Offences"
"Tower Hamlets","2023","Anti-social behaviour",11192,"Public Order Offences"
"Tower Hamlets","2023","Bicycle theft",1214,"Theft And Robbery"
"Tower Hamlets","2023","Burglary",2456,"Theft And Robbery"
"Tower Hamlets","2023","Criminal damage and arson",2104,"Criminal Damage and Arson"
"Tower Hamlets","2023","Drugs",1871,"Drug and Weapon Offences"
"Tower Hamlets","2023","Other crime",325,"Other Crimes"
"Tower Hamlets","2023","Other theft",4880,"Theft And Robbery"
"Tower Hamlets","2023","Possession of weapons",195,"Drug and Weapon Offences"
"Tower Hamlets","2023","Public order",2505,"Public Order Offences"
"Tower Hamlets","2023","Robbery",1339,"Theft And Robbery"
"Tower Hamlets","2023","Shoplifting",1635,"Theft And Robbery"
"Tower Hamlets","2023","Theft from the person",2685,"Theft And Robbery"
"Tower Hamlets","2023","Vehicle crime",3126,"Theft And Robbery"
"Tower Hamlets","2023","Violence and sexual offences",10684,"Violence and Sexual Offences"
"Tower Hamlets","2024","Anti-social behaviour",11411,"Public Order Offences"
"Tower Hamlets","2024","Bicycle theft",1119,"Theft And Robbery"
"Tower Hamlets","2024","Burglary",2420,"Theft And Robbery"
"Tower Hamlets","2024","Criminal damage and arson",2091,"Criminal Damage and Arson"
"Tower Hamlets","2024","Drugs",1914,"Drug and Weapon Offences"
"Tower Hamlets","2024","Other crime",405,"Other Crimes"
"Tower Hamlets","2024","Other theft",3944,"Theft And Robbery"
"Tower Hamlets","2024","Possession of weapons",197,"Drug and Weapon Offences"
"Tower Hamlets","2024","Public order",2397,"Public Order Offences"
"Tower Hamlets","2024","Robbery",1346,"Theft And Robbery"
"Tower Hamlets","2024","Shoplifting",2317,"Theft And Robbery"
"Tower Hamlets","2024","Theft from the person",3309,"Theft And Robbery"
"Tower Hamlets","2024","Vehicle crime",3156,"Theft And Robbery"
"Tower Hamlets","2024","Violence and sexual offences",10455,"Violence and Sexual Offences"
"Tower Hamlets","2025","Anti-social behaviour",11150,"Public Order Offences"
"Tower Hamlets","2025","Bicycle theft",1041,"Theft And Robbery"
"Tower Hamlets","2025","Burglary",2273,"Theft And Robbery"
"Tower Hamlets","2025","Criminal damage and arson",2004,"Criminal Damage and Arson"
"Tower Hamlets","2025","Drugs",2814,"Drug and Weapon Offences"
"Tower Hamlets","2025","Other crime",486,"Other Crimes"
"Tower Hamlets","2025","Other theft",3914,"Theft And Robbery"
"Tower Hamlets","2025","Possession of weapons",236,"Drug and Weapon Offences"
"Tower Hamlets","2025","Public order",2652,"Public Order Offences"
"Tower Hamlets","2025","Robbery",1261,"Theft And Robbery"
"Tower Hamlets","2025","Shoplifting",3035,"Theft And Robbery"
"Tower Hamlets","2025","Theft from the person",2723,"Theft And Robbery"
"Tower Hamlets","2025","Vehicle crime",2365,"Theft And Robbery"
"Tower Hamlets","2025","Violence and sexual offences",11528,"Violence and Sexual Offences"
"Tower Hamlets","2026","Anti-social behaviour",3083,"Public Order Offences"
"Tower Hamlets","2026","Bicycle theft",256,"Theft And Robbery"
"Tower Hamlets","2026","Burglary",698,"Theft And Robbery"
"Tower Hamlets","2026","Criminal damage and arson",660,"Criminal Damage and Arson"
"Tower Hamlets","2026","Drugs",755,"Drug and Weapon Offences"
"Tower Hamlets","2026","Other crime",158,"Other Crimes"
"Tower Hamlets","2026","Other theft",1125,"Theft And Robbery"
"Tower Hamlets","2026","Possession of weapons",104,"Drug and Weapon Offences"
"Tower Hamlets","2026","Public order",838,"Public Order Offences"
"Tower Hamlets","2026","Robbery",387,"Theft And Robbery"
"Tower Hamlets","2026","Shoplifting",1058,"Theft And Robbery"
"Tower Hamlets","2026","Theft from the person",892,"Theft And Robbery"
"Tower Hamlets","2026","Vehicle crime",932,"Theft And Robbery"
"Tower Hamlets","2026","Violence and sexual offences",3623,"Violence and Sexual Offences"
"Waltham Forest","2011","Anti-social behaviour",13327,"Public Order Offences"
"Waltham Forest","2011","Burglary",3364,"Theft And Robbery"
"Waltham Forest","2011","Criminal damage and arson",690,"Criminal Damage and Arson"
"Waltham Forest","2011","Drugs",323,"Drug and Weapon Offences"
"Waltham Forest","2011","Other crime",7961,"Other Crimes"
"Waltham Forest","2011","Other theft",1306,"Theft And Robbery"
"Waltham Forest","2011","Public disorder and weapons",262,"No-category"
"Waltham Forest","2011","Robbery",1718,"Theft And Robbery"
"Waltham Forest","2011","Shoplifting",245,"Theft And Robbery"
"Waltham Forest","2011","Vehicle crime",4592,"Theft And Robbery"
"Waltham Forest","2011","Violent crime",4879,"No-category"
"Waltham Forest","2012","Anti-social behaviour",3671,"Public Order Offences"
"Waltham Forest","2012","Burglary",1010,"Theft And Robbery"
"Waltham Forest","2012","Criminal damage and arson",683,"Criminal Damage and Arson"
"Waltham Forest","2012","Drugs",398,"Drug and Weapon Offences"
"Waltham Forest","2012","Other crime",596,"Other Crimes"
"Waltham Forest","2012","Other theft",1468,"Theft And Robbery"
"Waltham Forest","2012","Public disorder and weapons",321,"No-category"
"Waltham Forest","2012","Robbery",492,"Theft And Robbery"
"Waltham Forest","2012","Shoplifting",226,"Theft And Robbery"
"Waltham Forest","2012","Vehicle crime",1338,"Theft And Robbery"
"Waltham Forest","2012","Violent crime",1457,"No-category"
"Waltham Forest","2013","Anti-social behaviour",988,"Public Order Offences"
"Waltham Forest","2013","Burglary",437,"Theft And Robbery"
"Waltham Forest","2013","Criminal damage and arson",282,"Criminal Damage and Arson"
"Waltham Forest","2013","Drugs",286,"Drug and Weapon Offences"
"Waltham Forest","2013","Other crime",121,"Other Crimes"
"Waltham Forest","2013","Other theft",633,"Theft And Robbery"
"Waltham Forest","2013","Public disorder and weapons",114,"No-category"
"Waltham Forest","2013","Robbery",163,"Theft And Robbery"
"Waltham Forest","2013","Shoplifting",185,"Theft And Robbery"
"Waltham Forest","2013","Vehicle crime",622,"Theft And Robbery"
"Waltham Forest","2013","Violent crime",692,"No-category"
"Waltham Forest","2014","Anti-social behaviour",1942,"Public Order Offences"
"Waltham Forest","2014","Bicycle theft",50,"Theft And Robbery"
"Waltham Forest","2014","Burglary",627,"Theft And Robbery"
"Waltham Forest","2014","Criminal damage and arson",421,"Criminal Damage and Arson"
"Waltham Forest","2014","Drugs",274,"Drug and Weapon Offences"
"Waltham Forest","2014","Other crime",76,"Other Crimes"
"Waltham Forest","2014","Other theft",744,"Theft And Robbery"
"Waltham Forest","2014","Possession of weapons",27,"Drug and Weapon Offences"
"Waltham Forest","2014","Public order",255,"Public Order Offences"
"Waltham Forest","2014","Robbery",197,"Theft And Robbery"
"Waltham Forest","2014","Shoplifting",222,"Theft And Robbery"
"Waltham Forest","2014","Theft from the person",162,"Theft And Robbery"
"Waltham Forest","2014","Vehicle crime",625,"Theft And Robbery"
"Waltham Forest","2014","Violence and sexual offences",1332,"Violence and Sexual Offences"
"Waltham Forest","2015","Anti-social behaviour",3814,"Public Order Offences"
"Waltham Forest","2015","Bicycle theft",146,"Theft And Robbery"
"Waltham Forest","2015","Burglary",1039,"Theft And Robbery"
"Waltham Forest","2015","Criminal damage and arson",936,"Criminal Damage and Arson"
"Waltham Forest","2015","Drugs",670,"Drug and Weapon Offences"
"Waltham Forest","2015","Other crime",102,"Other Crimes"
"Waltham Forest","2015","Other theft",1468,"Theft And Robbery"
"Waltham Forest","2015","Possession of weapons",69,"Drug and Weapon Offences"
"Waltham Forest","2015","Public order",622,"Public Order Offences"
"Waltham Forest","2015","Robbery",323,"Theft And Robbery"
"Waltham Forest","2015","Shoplifting",479,"Theft And Robbery"
"Waltham Forest","2015","Theft from the person",263,"Theft And Robbery"
"Waltham Forest","2015","Vehicle crime",1329,"Theft And Robbery"
"Waltham Forest","2015","Violence and sexual offences",2924,"Violence and Sexual Offences"
"Waltham Forest","2016","Anti-social behaviour",7374,"Public Order Offences"
"Waltham Forest","2016","Bicycle theft",377,"Theft And Robbery"
"Waltham Forest","2016","Burglary",1855,"Theft And Robbery"
"Waltham Forest","2016","Criminal damage and arson",1888,"Criminal Damage and Arson"
"Waltham Forest","2016","Drugs",903,"Drug and Weapon Offences"
"Waltham Forest","2016","Other crime",302,"Other Crimes"
"Waltham Forest","2016","Other theft",2710,"Theft And Robbery"
"Waltham Forest","2016","Possession of weapons",138,"Drug and Weapon Offences"
"Waltham Forest","2016","Public order",1298,"Public Order Offences"
"Waltham Forest","2016","Robbery",597,"Theft And Robbery"
"Waltham Forest","2016","Shoplifting",1149,"Theft And Robbery"
"Waltham Forest","2016","Theft from the person",637,"Theft And Robbery"
"Waltham Forest","2016","Vehicle crime",2522,"Theft And Robbery"
"Waltham Forest","2016","Violence and sexual offences",6574,"Violence and Sexual Offences"
"Waltham Forest","2017","Anti-social behaviour",6914,"Public Order Offences"
"Waltham Forest","2017","Bicycle theft",447,"Theft And Robbery"
"Waltham Forest","2017","Burglary",2394,"Theft And Robbery"
"Waltham Forest","2017","Criminal damage and arson",1865,"Criminal Damage and Arson"
"Waltham Forest","2017","Drugs",797,"Drug and Weapon Offences"
"Waltham Forest","2017","Other crime",216,"Other Crimes"
"Waltham Forest","2017","Other theft",2689,"Theft And Robbery"
"Waltham Forest","2017","Possession of weapons",207,"Drug and Weapon Offences"
"Waltham Forest","2017","Public order",1275,"Public Order Offences"
"Waltham Forest","2017","Robbery",809,"Theft And Robbery"
"Waltham Forest","2017","Shoplifting",989,"Theft And Robbery"
"Waltham Forest","2017","Theft from the person",689,"Theft And Robbery"
"Waltham Forest","2017","Vehicle crime",3387,"Theft And Robbery"
"Waltham Forest","2017","Violence and sexual offences",6424,"Violence and Sexual Offences"
"Waltham Forest","2018","Anti-social behaviour",6571,"Public Order Offences"
"Waltham Forest","2018","Bicycle theft",413,"Theft And Robbery"
"Waltham Forest","2018","Burglary",2203,"Theft And Robbery"
"Waltham Forest","2018","Criminal damage and arson",1635,"Criminal Damage and Arson"
"Waltham Forest","2018","Drugs",1102,"Drug and Weapon Offences"
"Waltham Forest","2018","Other crime",264,"Other Crimes"
"Waltham Forest","2018","Other theft",2871,"Theft And Robbery"
"Waltham Forest","2018","Possession of weapons",213,"Drug and Weapon Offences"
"Waltham Forest","2018","Public order",1257,"Public Order Offences"
"Waltham Forest","2018","Robbery",971,"Theft And Robbery"
"Waltham Forest","2018","Shoplifting",899,"Theft And Robbery"
"Waltham Forest","2018","Theft from the person",874,"Theft And Robbery"
"Waltham Forest","2018","Vehicle crime",3783,"Theft And Robbery"
"Waltham Forest","2018","Violence and sexual offences",6745,"Violence and Sexual Offences"
"Waltham Forest","2019","Anti-social behaviour",6934,"Public Order Offences"
"Waltham Forest","2019","Bicycle theft",538,"Theft And Robbery"
"Waltham Forest","2019","Burglary",1921,"Theft And Robbery"
"Waltham Forest","2019","Criminal damage and arson",1589,"Criminal Damage and Arson"
"Waltham Forest","2019","Drugs",1658,"Drug and Weapon Offences"
"Waltham Forest","2019","Other crime",268,"Other Crimes"
"Waltham Forest","2019","Other theft",2703,"Theft And Robbery"
"Waltham Forest","2019","Possession of weapons",220,"Drug and Weapon Offences"
"Waltham Forest","2019","Public order",1181,"Public Order Offences"
"Waltham Forest","2019","Robbery",813,"Theft And Robbery"
"Waltham Forest","2019","Shoplifting",785,"Theft And Robbery"
"Waltham Forest","2019","Theft from the person",734,"Theft And Robbery"
"Waltham Forest","2019","Vehicle crime",3989,"Theft And Robbery"
"Waltham Forest","2019","Violence and sexual offences",6335,"Violence and Sexual Offences"
"Waltham Forest","2020","Anti-social behaviour",13439,"Public Order Offences"
"Waltham Forest","2020","Bicycle theft",765,"Theft And Robbery"
"Waltham Forest","2020","Burglary",1821,"Theft And Robbery"
"Waltham Forest","2020","Criminal damage and arson",1556,"Criminal Damage and Arson"
"Waltham Forest","2020","Drugs",1752,"Drug and Weapon Offences"
"Waltham Forest","2020","Other crime",316,"Other Crimes"
"Waltham Forest","2020","Other theft",2289,"Theft And Robbery"
"Waltham Forest","2020","Possession of weapons",210,"Drug and Weapon Offences"
"Waltham Forest","2020","Public order",1377,"Public Order Offences"
"Waltham Forest","2020","Robbery",739,"Theft And Robbery"
"Waltham Forest","2020","Shoplifting",925,"Theft And Robbery"
"Waltham Forest","2020","Theft from the person",638,"Theft And Robbery"
"Waltham Forest","2020","Vehicle crime",3697,"Theft And Robbery"
"Waltham Forest","2020","Violence and sexual offences",6806,"Violence and Sexual Offences"
"Waltham Forest","2021","Anti-social behaviour",8958,"Public Order Offences"
"Waltham Forest","2021","Bicycle theft",421,"Theft And Robbery"
"Waltham Forest","2021","Burglary",1288,"Theft And Robbery"
"Waltham Forest","2021","Criminal damage and arson",1515,"Criminal Damage and Arson"
"Waltham Forest","2021","Drugs",1355,"Drug and Weapon Offences"
"Waltham Forest","2021","Other crime",266,"Other Crimes"
"Waltham Forest","2021","Other theft",2304,"Theft And Robbery"
"Waltham Forest","2021","Possession of weapons",144,"Drug and Weapon Offences"
"Waltham Forest","2021","Public order",1574,"Public Order Offences"
"Waltham Forest","2021","Robbery",720,"Theft And Robbery"
"Waltham Forest","2021","Shoplifting",941,"Theft And Robbery"
"Waltham Forest","2021","Theft from the person",724,"Theft And Robbery"
"Waltham Forest","2021","Vehicle crime",3342,"Theft And Robbery"
"Waltham Forest","2021","Violence and sexual offences",6968,"Violence and Sexual Offences"
"Waltham Forest","2022","Anti-social behaviour",7570,"Public Order Offences"
"Waltham Forest","2022","Bicycle theft",379,"Theft And Robbery"
"Waltham Forest","2022","Burglary",1167,"Theft And Robbery"
"Waltham Forest","2022","Criminal damage and arson",1550,"Criminal Damage and Arson"
"Waltham Forest","2022","Drugs",1412,"Drug and Weapon Offences"
"Waltham Forest","2022","Other crime",285,"Other Crimes"
"Waltham Forest","2022","Other theft",2799,"Theft And Robbery"
"Waltham Forest","2022","Possession of weapons",173,"Drug and Weapon Offences"
"Waltham Forest","2022","Public order",1391,"Public Order Offences"
"Waltham Forest","2022","Robbery",616,"Theft And Robbery"
"Waltham Forest","2022","Shoplifting",895,"Theft And Robbery"
"Waltham Forest","2022","Theft from the person",742,"Theft And Robbery"
"Waltham Forest","2022","Vehicle crime",3555,"Theft And Robbery"
"Waltham Forest","2022","Violence and sexual offences",6975,"Violence and Sexual Offences"
"Waltham Forest","2023","Anti-social behaviour",7625,"Public Order Offences"
"Waltham Forest","2023","Bicycle theft",422,"Theft And Robbery"
"Waltham Forest","2023","Burglary",1343,"Theft And Robbery"
"Waltham Forest","2023","Criminal damage and arson",1637,"Criminal Damage and Arson"
"Waltham Forest","2023","Drugs",1214,"Drug and Weapon Offences"
"Waltham Forest","2023","Other crime",262,"Other Crimes"
"Waltham Forest","2023","Other theft",2918,"Theft And Robbery"
"Waltham Forest","2023","Possession of weapons",150,"Drug and Weapon Offences"
"Waltham Forest","2023","Public order",1391,"Public Order Offences"
"Waltham Forest","2023","Robbery",725,"Theft And Robbery"
"Waltham Forest","2023","Shoplifting",1174,"Theft And Robbery"
"Waltham Forest","2023","Theft from the person",949,"Theft And Robbery"
"Waltham Forest","2023","Vehicle crime",3414,"Theft And Robbery"
"Waltham Forest","2023","Violence and sexual offences",6930,"Violence and Sexual Offences"
"Waltham Forest","2024","Anti-social behaviour",7512,"Public Order Offences"
"Waltham Forest","2024","Bicycle theft",469,"Theft And Robbery"
"Waltham Forest","2024","Burglary",1514,"Theft And Robbery"
"Waltham Forest","2024","Criminal damage and arson",1670,"Criminal Damage and Arson"
"Waltham Forest","2024","Drugs",1300,"Drug and Weapon Offences"
"Waltham Forest","2024","Other crime",272,"Other Crimes"
"Waltham Forest","2024","Other theft",2597,"Theft And Robbery"
"Waltham Forest","2024","Possession of weapons",163,"Drug and Weapon Offences"
"Waltham Forest","2024","Public order",1369,"Public Order Offences"
"Waltham Forest","2024","Robbery",923,"Theft And Robbery"
"Waltham Forest","2024","Shoplifting",1802,"Theft And Robbery"
"Waltham Forest","2024","Theft from the person",2032,"Theft And Robbery"
"Waltham Forest","2024","Vehicle crime",3669,"Theft And Robbery"
"Waltham Forest","2024","Violence and sexual offences",6614,"Violence and Sexual Offences"
"Waltham Forest","2025","Anti-social behaviour",6867,"Public Order Offences"
"Waltham Forest","2025","Bicycle theft",428,"Theft And Robbery"
"Waltham Forest","2025","Burglary",1258,"Theft And Robbery"
"Waltham Forest","2025","Criminal damage and arson",1582,"Criminal Damage and Arson"
"Waltham Forest","2025","Drugs",1725,"Drug and Weapon Offences"
"Waltham Forest","2025","Other crime",299,"Other Crimes"
"Waltham Forest","2025","Other theft",2301,"Theft And Robbery"
"Waltham Forest","2025","Possession of weapons",148,"Drug and Weapon Offences"
"Waltham Forest","2025","Public order",1465,"Public Order Offences"
"Waltham Forest","2025","Robbery",814,"Theft And Robbery"
"Waltham Forest","2025","Shoplifting",2183,"Theft And Robbery"
"Waltham Forest","2025","Theft from the person",1517,"Theft And Robbery"
"Waltham Forest","2025","Vehicle crime",2678,"Theft And Robbery"
"Waltham Forest","2025","Violence and sexual offences",6770,"Violence and Sexual Offences"
"Waltham Forest","2026","Anti-social behaviour",2059,"Public Order Offences"
"Waltham Forest","2026","Bicycle theft",88,"Theft And Robbery"
"Waltham Forest","2026","Burglary",472,"Theft And Robbery"
"Waltham Forest","2026","Criminal damage and arson",487,"Criminal Damage and Arson"
"Waltham Forest","2026","Drugs",525,"Drug and Weapon Offences"
"Waltham Forest","2026","Other crime",104,"Other Crimes"
"Waltham Forest","2026","Other theft",710,"Theft And Robbery"
"Waltham Forest","2026","Possession of weapons",61,"Drug and Weapon Offences"
"Waltham Forest","2026","Public order",450,"Public Order Offences"
"Waltham Forest","2026","Robbery",234,"Theft And Robbery"
"Waltham Forest","2026","Shoplifting",663,"Theft And Robbery"
"Waltham Forest","2026","Theft from the person",449,"Theft And Robbery"
"Waltham Forest","2026","Vehicle crime",795,"Theft And Robbery"
"Waltham Forest","2026","Violence and sexual offences",2345,"Violence and Sexual Offences"
"Wandsworth","2011","Anti-social behaviour",12479,"Public Order Offences"
"Wandsworth","2011","Burglary",2974,"Theft And Robbery"
"Wandsworth","2011","Criminal damage and arson",677,"Criminal Damage and Arson"
"Wandsworth","2011","Drugs",260,"Drug and Weapon Offences"
"Wandsworth","2011","Other crime",7382,"Other Crimes"
"Wandsworth","2011","Other theft",1802,"Theft And Robbery"
"Wandsworth","2011","Public disorder and weapons",234,"No-category"
"Wandsworth","2011","Robbery",1210,"Theft And Robbery"
"Wandsworth","2011","Shoplifting",371,"Theft And Robbery"
"Wandsworth","2011","Vehicle crime",3669,"Theft And Robbery"
"Wandsworth","2011","Violent crime",3871,"No-category"
"Wandsworth","2012","Anti-social behaviour",3785,"Public Order Offences"
"Wandsworth","2012","Burglary",1110,"Theft And Robbery"
"Wandsworth","2012","Criminal damage and arson",737,"Criminal Damage and Arson"
"Wandsworth","2012","Drugs",285,"Drug and Weapon Offences"
"Wandsworth","2012","Other crime",425,"Other Crimes"
"Wandsworth","2012","Other theft",2314,"Theft And Robbery"
"Wandsworth","2012","Public disorder and weapons",313,"No-category"
"Wandsworth","2012","Robbery",397,"Theft And Robbery"
"Wandsworth","2012","Shoplifting",375,"Theft And Robbery"
"Wandsworth","2012","Vehicle crime",1732,"Theft And Robbery"
"Wandsworth","2012","Violent crime",1278,"No-category"
"Wandsworth","2013","Anti-social behaviour",1245,"Public Order Offences"
"Wandsworth","2013","Burglary",466,"Theft And Robbery"
"Wandsworth","2013","Criminal damage and arson",311,"Criminal Damage and Arson"
"Wandsworth","2013","Drugs",219,"Drug and Weapon Offences"
"Wandsworth","2013","Other crime",99,"Other Crimes"
"Wandsworth","2013","Other theft",990,"Theft And Robbery"
"Wandsworth","2013","Public disorder and weapons",136,"No-category"
"Wandsworth","2013","Robbery",166,"Theft And Robbery"
"Wandsworth","2013","Shoplifting",168,"Theft And Robbery"
"Wandsworth","2013","Vehicle crime",587,"Theft And Robbery"
"Wandsworth","2013","Violent crime",546,"No-category"
"Wandsworth","2014","Anti-social behaviour",1597,"Public Order Offences"
"Wandsworth","2014","Bicycle theft",217,"Theft And Robbery"
"Wandsworth","2014","Burglary",620,"Theft And Robbery"
"Wandsworth","2014","Criminal damage and arson",429,"Criminal Damage and Arson"
"Wandsworth","2014","Drugs",162,"Drug and Weapon Offences"
"Wandsworth","2014","Other crime",59,"Other Crimes"
"Wandsworth","2014","Other theft",821,"Theft And Robbery"
"Wandsworth","2014","Possession of weapons",19,"Drug and Weapon Offences"
"Wandsworth","2014","Public order",226,"Public Order Offences"
"Wandsworth","2014","Robbery",134,"Theft And Robbery"
"Wandsworth","2014","Shoplifting",287,"Theft And Robbery"
"Wandsworth","2014","Theft from the person",172,"Theft And Robbery"
"Wandsworth","2014","Vehicle crime",856,"Theft And Robbery"
"Wandsworth","2014","Violence and sexual offences",1227,"Violence and Sexual Offences"
"Wandsworth","2015","Anti-social behaviour",3122,"Public Order Offences"
"Wandsworth","2015","Bicycle theft",392,"Theft And Robbery"
"Wandsworth","2015","Burglary",1134,"Theft And Robbery"
"Wandsworth","2015","Criminal damage and arson",944,"Criminal Damage and Arson"
"Wandsworth","2015","Drugs",332,"Drug and Weapon Offences"
"Wandsworth","2015","Other crime",161,"Other Crimes"
"Wandsworth","2015","Other theft",1724,"Theft And Robbery"
"Wandsworth","2015","Possession of weapons",54,"Drug and Weapon Offences"
"Wandsworth","2015","Public order",685,"Public Order Offences"
"Wandsworth","2015","Robbery",212,"Theft And Robbery"
"Wandsworth","2015","Shoplifting",758,"Theft And Robbery"
"Wandsworth","2015","Theft from the person",330,"Theft And Robbery"
"Wandsworth","2015","Vehicle crime",1440,"Theft And Robbery"
"Wandsworth","2015","Violence and sexual offences",3003,"Violence and Sexual Offences"
"Wandsworth","2016","Anti-social behaviour",5928,"Public Order Offences"
"Wandsworth","2016","Bicycle theft",970,"Theft And Robbery"
"Wandsworth","2016","Burglary",2330,"Theft And Robbery"
"Wandsworth","2016","Criminal damage and arson",1765,"Criminal Damage and Arson"
"Wandsworth","2016","Drugs",747,"Drug and Weapon Offences"
"Wandsworth","2016","Other crime",241,"Other Crimes"
"Wandsworth","2016","Other theft",3428,"Theft And Robbery"
"Wandsworth","2016","Possession of weapons",95,"Drug and Weapon Offences"
"Wandsworth","2016","Public order",1337,"Public Order Offences"
"Wandsworth","2016","Robbery",599,"Theft And Robbery"
"Wandsworth","2016","Shoplifting",1538,"Theft And Robbery"
"Wandsworth","2016","Theft from the person",698,"Theft And Robbery"
"Wandsworth","2016","Vehicle crime",4177,"Theft And Robbery"
"Wandsworth","2016","Violence and sexual offences",6034,"Violence and Sexual Offences"
"Wandsworth","2017","Anti-social behaviour",6087,"Public Order Offences"
"Wandsworth","2017","Bicycle theft",1206,"Theft And Robbery"
"Wandsworth","2017","Burglary",2338,"Theft And Robbery"
"Wandsworth","2017","Criminal damage and arson",1920,"Criminal Damage and Arson"
"Wandsworth","2017","Drugs",737,"Drug and Weapon Offences"
"Wandsworth","2017","Other crime",267,"Other Crimes"
"Wandsworth","2017","Other theft",3129,"Theft And Robbery"
"Wandsworth","2017","Possession of weapons",162,"Drug and Weapon Offences"
"Wandsworth","2017","Public order",1421,"Public Order Offences"
"Wandsworth","2017","Robbery",740,"Theft And Robbery"
"Wandsworth","2017","Shoplifting",1402,"Theft And Robbery"
"Wandsworth","2017","Theft from the person",662,"Theft And Robbery"
"Wandsworth","2017","Vehicle crime",3868,"Theft And Robbery"
"Wandsworth","2017","Violence and sexual offences",6552,"Violence and Sexual Offences"
"Wandsworth","2018","Anti-social behaviour",6021,"Public Order Offences"
"Wandsworth","2018","Bicycle theft",935,"Theft And Robbery"
"Wandsworth","2018","Burglary",2727,"Theft And Robbery"
"Wandsworth","2018","Criminal damage and arson",1687,"Criminal Damage and Arson"
"Wandsworth","2018","Drugs",626,"Drug and Weapon Offences"
"Wandsworth","2018","Other crime",297,"Other Crimes"
"Wandsworth","2018","Other theft",3188,"Theft And Robbery"
"Wandsworth","2018","Possession of weapons",176,"Drug and Weapon Offences"
"Wandsworth","2018","Public order",1505,"Public Order Offences"
"Wandsworth","2018","Robbery",841,"Theft And Robbery"
"Wandsworth","2018","Shoplifting",1309,"Theft And Robbery"
"Wandsworth","2018","Theft from the person",741,"Theft And Robbery"
"Wandsworth","2018","Vehicle crime",3976,"Theft And Robbery"
"Wandsworth","2018","Violence and sexual offences",7086,"Violence and Sexual Offences"
"Wandsworth","2019","Anti-social behaviour",6551,"Public Order Offences"
"Wandsworth","2019","Bicycle theft",922,"Theft And Robbery"
"Wandsworth","2019","Burglary",2669,"Theft And Robbery"
"Wandsworth","2019","Criminal damage and arson",1550,"Criminal Damage and Arson"
"Wandsworth","2019","Drugs",854,"Drug and Weapon Offences"
"Wandsworth","2019","Other crime",258,"Other Crimes"
"Wandsworth","2019","Other theft",3150,"Theft And Robbery"
"Wandsworth","2019","Possession of weapons",148,"Drug and Weapon Offences"
"Wandsworth","2019","Public order",1599,"Public Order Offences"
"Wandsworth","2019","Robbery",851,"Theft And Robbery"
"Wandsworth","2019","Shoplifting",1265,"Theft And Robbery"
"Wandsworth","2019","Theft from the person",659,"Theft And Robbery"
"Wandsworth","2019","Vehicle crime",3827,"Theft And Robbery"
"Wandsworth","2019","Violence and sexual offences",6958,"Violence and Sexual Offences"
"Wandsworth","2020","Anti-social behaviour",13672,"Public Order Offences"
"Wandsworth","2020","Bicycle theft",1314,"Theft And Robbery"
"Wandsworth","2020","Burglary",2257,"Theft And Robbery"
"Wandsworth","2020","Criminal damage and arson",1526,"Criminal Damage and Arson"
"Wandsworth","2020","Drugs",1394,"Drug and Weapon Offences"
"Wandsworth","2020","Other crime",293,"Other Crimes"
"Wandsworth","2020","Other theft",2397,"Theft And Robbery"
"Wandsworth","2020","Possession of weapons",137,"Drug and Weapon Offences"
"Wandsworth","2020","Public order",1688,"Public Order Offences"
"Wandsworth","2020","Robbery",748,"Theft And Robbery"
"Wandsworth","2020","Shoplifting",919,"Theft And Robbery"
"Wandsworth","2020","Theft from the person",540,"Theft And Robbery"
"Wandsworth","2020","Vehicle crime",3561,"Theft And Robbery"
"Wandsworth","2020","Violence and sexual offences",7048,"Violence and Sexual Offences"
"Wandsworth","2021","Anti-social behaviour",10200,"Public Order Offences"
"Wandsworth","2021","Bicycle theft",1249,"Theft And Robbery"
"Wandsworth","2021","Burglary",2215,"Theft And Robbery"
"Wandsworth","2021","Criminal damage and arson",1629,"Criminal Damage and Arson"
"Wandsworth","2021","Drugs",960,"Drug and Weapon Offences"
"Wandsworth","2021","Other crime",289,"Other Crimes"
"Wandsworth","2021","Other theft",2764,"Theft And Robbery"
"Wandsworth","2021","Possession of weapons",111,"Drug and Weapon Offences"
"Wandsworth","2021","Public order",1878,"Public Order Offences"
"Wandsworth","2021","Robbery",588,"Theft And Robbery"
"Wandsworth","2021","Shoplifting",920,"Theft And Robbery"
"Wandsworth","2021","Theft from the person",671,"Theft And Robbery"
"Wandsworth","2021","Vehicle crime",3102,"Theft And Robbery"
"Wandsworth","2021","Violence and sexual offences",7795,"Violence and Sexual Offences"
"Wandsworth","2022","Anti-social behaviour",7922,"Public Order Offences"
"Wandsworth","2022","Bicycle theft",900,"Theft And Robbery"
"Wandsworth","2022","Burglary",1767,"Theft And Robbery"
"Wandsworth","2022","Criminal damage and arson",1511,"Criminal Damage and Arson"
"Wandsworth","2022","Drugs",912,"Drug and Weapon Offences"
"Wandsworth","2022","Other crime",295,"Other Crimes"
"Wandsworth","2022","Other theft",3077,"Theft And Robbery"
"Wandsworth","2022","Possession of weapons",136,"Drug and Weapon Offences"
"Wandsworth","2022","Public order",1672,"Public Order Offences"
"Wandsworth","2022","Robbery",668,"Theft And Robbery"
"Wandsworth","2022","Shoplifting",945,"Theft And Robbery"
"Wandsworth","2022","Theft from the person",745,"Theft And Robbery"
"Wandsworth","2022","Vehicle crime",3293,"Theft And Robbery"
"Wandsworth","2022","Violence and sexual offences",7438,"Violence and Sexual Offences"
"Wandsworth","2023","Anti-social behaviour",6995,"Public Order Offences"
"Wandsworth","2023","Bicycle theft",800,"Theft And Robbery"
"Wandsworth","2023","Burglary",2203,"Theft And Robbery"
"Wandsworth","2023","Criminal damage and arson",1741,"Criminal Damage and Arson"
"Wandsworth","2023","Drugs",800,"Drug and Weapon Offences"
"Wandsworth","2023","Other crime",298,"Other Crimes"
"Wandsworth","2023","Other theft",3528,"Theft And Robbery"
"Wandsworth","2023","Possession of weapons",115,"Drug and Weapon Offences"
"Wandsworth","2023","Public order",1709,"Public Order Offences"
"Wandsworth","2023","Robbery",845,"Theft And Robbery"
"Wandsworth","2023","Shoplifting",1620,"Theft And Robbery"
"Wandsworth","2023","Theft from the person",800,"Theft And Robbery"
"Wandsworth","2023","Vehicle crime",3863,"Theft And Robbery"
"Wandsworth","2023","Violence and sexual offences",7892,"Violence and Sexual Offences"
"Wandsworth","2024","Anti-social behaviour",7402,"Public Order Offences"
"Wandsworth","2024","Bicycle theft",717,"Theft And Robbery"
"Wandsworth","2024","Burglary",1779,"Theft And Robbery"
"Wandsworth","2024","Criminal damage and arson",1570,"Criminal Damage and Arson"
"Wandsworth","2024","Drugs",907,"Drug and Weapon Offences"
"Wandsworth","2024","Other crime",300,"Other Crimes"
"Wandsworth","2024","Other theft",3063,"Theft And Robbery"
"Wandsworth","2024","Possession of weapons",104,"Drug and Weapon Offences"
"Wandsworth","2024","Public order",1712,"Public Order Offences"
"Wandsworth","2024","Robbery",874,"Theft And Robbery"
"Wandsworth","2024","Shoplifting",2553,"Theft And Robbery"
"Wandsworth","2024","Theft from the person",1227,"Theft And Robbery"
"Wandsworth","2024","Vehicle crime",3039,"Theft And Robbery"
"Wandsworth","2024","Violence and sexual offences",7461,"Violence and Sexual Offences"
"Wandsworth","2025","Anti-social behaviour",7512,"Public Order Offences"
"Wandsworth","2025","Bicycle theft",615,"Theft And Robbery"
"Wandsworth","2025","Burglary",1610,"Theft And Robbery"
"Wandsworth","2025","Criminal damage and arson",1572,"Criminal Damage and Arson"
"Wandsworth","2025","Drugs",1337,"Drug and Weapon Offences"
"Wandsworth","2025","Other crime",393,"Other Crimes"
"Wandsworth","2025","Other theft",2765,"Theft And Robbery"
"Wandsworth","2025","Possession of weapons",162,"Drug and Weapon Offences"
"Wandsworth","2025","Public order",1809,"Public Order Offences"
"Wandsworth","2025","Robbery",726,"Theft And Robbery"
"Wandsworth","2025","Shoplifting",2826,"Theft And Robbery"
"Wandsworth","2025","Theft from the person",1446,"Theft And Robbery"
"Wandsworth","2025","Vehicle crime",2955,"Theft And Robbery"
"Wandsworth","2025","Violence and sexual offences",8189,"Violence and Sexual Offences"
"Wandsworth","2026","Anti-social behaviour",2187,"Public Order Offences"
"Wandsworth","2026","Bicycle theft",231,"Theft And Robbery"
"Wandsworth","2026","Burglary",522,"Theft And Robbery"
"Wandsworth","2026","Criminal damage and arson",521,"Criminal Damage and Arson"
"Wandsworth","2026","Drugs",355,"Drug and Weapon Offences"
"Wandsworth","2026","Other crime",122,"Other Crimes"
"Wandsworth","2026","Other theft",881,"Theft And Robbery"
"Wandsworth","2026","Possession of weapons",68,"Drug and Weapon Offences"
"Wandsworth","2026","Public order",567,"Public Order Offences"
"Wandsworth","2026","Robbery",273,"Theft And Robbery"
"Wandsworth","2026","Shoplifting",797,"Theft And Robbery"
"Wandsworth","2026","Theft from the person",348,"Theft And Robbery"
"Wandsworth","2026","Vehicle crime",869,"Theft And Robbery"
"Wandsworth","2026","Violence and sexual offences",2632,"Violence and Sexual Offences"
"Westminster","2011","Anti-social behaviour",22484,"Public Order Offences"
"Westminster","2011","Burglary",3295,"Theft And Robbery"
"Westminster","2011","Criminal damage and arson",745,"Criminal Damage and Arson"
"Westminster","2011","Drugs",1915,"Drug and Weapon Offences"
"Westminster","2011","Other crime",32907,"Other Crimes"
"Westminster","2011","Other theft",10301,"Theft And Robbery"
"Westminster","2011","Public disorder and weapons",703,"No-category"
"Westminster","2011","Robbery",2086,"Theft And Robbery"
"Westminster","2011","Shoplifting",1456,"Theft And Robbery"
"Westminster","2011","Vehicle crime",3185,"Theft And Robbery"
"Westminster","2011","Violent crime",8009,"No-category"
"Westminster","2012","Anti-social behaviour",6731,"Public Order Offences"
"Westminster","2012","Burglary",1360,"Theft And Robbery"
"Westminster","2012","Criminal damage and arson",704,"Criminal Damage and Arson"
"Westminster","2012","Drugs",1510,"Drug and Weapon Offences"
"Westminster","2012","Other crime",1002,"Other Crimes"
"Westminster","2012","Other theft",10684,"Theft And Robbery"
"Westminster","2012","Public disorder and weapons",689,"No-category"
"Westminster","2012","Robbery",754,"Theft And Robbery"
"Westminster","2012","Shoplifting",1487,"Theft And Robbery"
"Westminster","2012","Vehicle crime",1125,"Theft And Robbery"
"Westminster","2012","Violent crime",2062,"No-category"
"Westminster","2013","Anti-social behaviour",2472,"Public Order Offences"
"Westminster","2013","Burglary",590,"Theft And Robbery"
"Westminster","2013","Criminal damage and arson",297,"Criminal Damage and Arson"
"Westminster","2013","Drugs",565,"Drug and Weapon Offences"
"Westminster","2013","Other crime",128,"Other Crimes"
"Westminster","2013","Other theft",4807,"Theft And Robbery"
"Westminster","2013","Public disorder and weapons",243,"No-category"
"Westminster","2013","Robbery",358,"Theft And Robbery"
"Westminster","2013","Shoplifting",635,"Theft And Robbery"
"Westminster","2013","Vehicle crime",580,"Theft And Robbery"
"Westminster","2013","Violence and sexual offences",2,"Violence and Sexual Offences"
"Westminster","2013","Violent crime",889,"No-category"
"Westminster","2014","Anti-social behaviour",3861,"Public Order Offences"
"Westminster","2014","Bicycle theft",329,"Theft And Robbery"
"Westminster","2014","Burglary",918,"Theft And Robbery"
"Westminster","2014","Criminal damage and arson",513,"Criminal Damage and Arson"
"Westminster","2014","Drugs",681,"Drug and Weapon Offences"
"Westminster","2014","Other crime",80,"Other Crimes"
"Westminster","2014","Other theft",3753,"Theft And Robbery"
"Westminster","2014","Possession of weapons",79,"Drug and Weapon Offences"
"Westminster","2014","Public order",448,"Public Order Offences"
"Westminster","2014","Robbery",490,"Theft And Robbery"
"Westminster","2014","Shoplifting",991,"Theft And Robbery"
"Westminster","2014","Theft from the person",1652,"Theft And Robbery"
"Westminster","2014","Vehicle crime",828,"Theft And Robbery"
"Westminster","2014","Violence and sexual offences",1923,"Violence and Sexual Offences"
"Westminster","2015","Anti-social behaviour",7399,"Public Order Offences"
"Westminster","2015","Bicycle theft",680,"Theft And Robbery"
"Westminster","2015","Burglary",1484,"Theft And Robbery"
"Westminster","2015","Criminal damage and arson",952,"Criminal Damage and Arson"
"Westminster","2015","Drugs",949,"Drug and Weapon Offences"
"Westminster","2015","Other crime",167,"Other Crimes"
"Westminster","2015","Other theft",6460,"Theft And Robbery"
"Westminster","2015","Possession of weapons",111,"Drug and Weapon Offences"
"Westminster","2015","Public order",1026,"Public Order Offences"
"Westminster","2015","Robbery",709,"Theft And Robbery"
"Westminster","2015","Shoplifting",1918,"Theft And Robbery"
"Westminster","2015","Theft from the person",2940,"Theft And Robbery"
"Westminster","2015","Vehicle crime",1582,"Theft And Robbery"
"Westminster","2015","Violence and sexual offences",4065,"Violence and Sexual Offences"
"Westminster","2016","Anti-social behaviour",15812,"Public Order Offences"
"Westminster","2016","Bicycle theft",1214,"Theft And Robbery"
"Westminster","2016","Burglary",3226,"Theft And Robbery"
"Westminster","2016","Criminal damage and arson",2139,"Criminal Damage and Arson"
"Westminster","2016","Drugs",1881,"Drug and Weapon Offences"
"Westminster","2016","Other crime",415,"Other Crimes"
"Westminster","2016","Other theft",12367,"Theft And Robbery"
"Westminster","2016","Possession of weapons",329,"Drug and Weapon Offences"
"Westminster","2016","Public order",2534,"Public Order Offences"
"Westminster","2016","Robbery",1825,"Theft And Robbery"
"Westminster","2016","Shoplifting",4178,"Theft And Robbery"
"Westminster","2016","Theft from the person",6006,"Theft And Robbery"
"Westminster","2016","Vehicle crime",3999,"Theft And Robbery"
"Westminster","2016","Violence and sexual offences",9049,"Violence and Sexual Offences"
"Westminster","2017","Anti-social behaviour",13700,"Public Order Offences"
"Westminster","2017","Bicycle theft",1210,"Theft And Robbery"
"Westminster","2017","Burglary",3469,"Theft And Robbery"
"Westminster","2017","Criminal damage and arson",2211,"Criminal Damage and Arson"
"Westminster","2017","Drugs",2068,"Drug and Weapon Offences"
"Westminster","2017","Other crime",429,"Other Crimes"
"Westminster","2017","Other theft",12734,"Theft And Robbery"
"Westminster","2017","Possession of weapons",420,"Drug and Weapon Offences"
"Westminster","2017","Public order",3110,"Public Order Offences"
"Westminster","2017","Robbery",2346,"Theft And Robbery"
"Westminster","2017","Shoplifting",4637,"Theft And Robbery"
"Westminster","2017","Theft from the person",8646,"Theft And Robbery"
"Westminster","2017","Vehicle crime",4368,"Theft And Robbery"
"Westminster","2017","Violence and sexual offences",10074,"Violence and Sexual Offences"
"Westminster","2018","Anti-social behaviour",14166,"Public Order Offences"
"Westminster","2018","Bicycle theft",1265,"Theft And Robbery"
"Westminster","2018","Burglary",4315,"Theft And Robbery"
"Westminster","2018","Criminal damage and arson",2283,"Criminal Damage and Arson"
"Westminster","2018","Drugs",1735,"Drug and Weapon Offences"
"Westminster","2018","Other crime",358,"Other Crimes"
"Westminster","2018","Other theft",15369,"Theft And Robbery"
"Westminster","2018","Possession of weapons",419,"Drug and Weapon Offences"
"Westminster","2018","Public order",3248,"Public Order Offences"
"Westminster","2018","Robbery",3128,"Theft And Robbery"
"Westminster","2018","Shoplifting",4621,"Theft And Robbery"
"Westminster","2018","Theft from the person",10566,"Theft And Robbery"
"Westminster","2018","Vehicle crime",4219,"Theft And Robbery"
"Westminster","2018","Violence and sexual offences",10589,"Violence and Sexual Offences"
"Westminster","2019","Anti-social behaviour",15394,"Public Order Offences"
"Westminster","2019","Bicycle theft",1414,"Theft And Robbery"
"Westminster","2019","Burglary",4477,"Theft And Robbery"
"Westminster","2019","Criminal damage and arson",2230,"Criminal Damage and Arson"
"Westminster","2019","Drugs",3006,"Drug and Weapon Offences"
"Westminster","2019","Other crime",318,"Other Crimes"
"Westminster","2019","Other theft",21623,"Theft And Robbery"
"Westminster","2019","Possession of weapons",447,"Drug and Weapon Offences"
"Westminster","2019","Public order",3149,"Public Order Offences"
"Westminster","2019","Robbery",4251,"Theft And Robbery"
"Westminster","2019","Shoplifting",4334,"Theft And Robbery"
"Westminster","2019","Theft from the person",15206,"Theft And Robbery"
"Westminster","2019","Vehicle crime",4276,"Theft And Robbery"
"Westminster","2019","Violence and sexual offences",10848,"Violence and Sexual Offences"
"Westminster","2020","Anti-social behaviour",19989,"Public Order Offences"
"Westminster","2020","Bicycle theft",1500,"Theft And Robbery"
"Westminster","2020","Burglary",3031,"Theft And Robbery"
"Westminster","2020","Criminal damage and arson",2003,"Criminal Damage and Arson"
"Westminster","2020","Drugs",2970,"Drug and Weapon Offences"
"Westminster","2020","Other crime",297,"Other Crimes"
"Westminster","2020","Other theft",9240,"Theft And Robbery"
"Westminster","2020","Possession of weapons",258,"Drug and Weapon Offences"
"Westminster","2020","Public order",2902,"Public Order Offences"
"Westminster","2020","Robbery",2090,"Theft And Robbery"
"Westminster","2020","Shoplifting",2625,"Theft And Robbery"
"Westminster","2020","Theft from the person",6419,"Theft And Robbery"
"Westminster","2020","Vehicle crime",3691,"Theft And Robbery"
"Westminster","2020","Violence and sexual offences",8663,"Violence and Sexual Offences"
"Westminster","2021","Anti-social behaviour",15703,"Public Order Offences"
"Westminster","2021","Bicycle theft",1356,"Theft And Robbery"
"Westminster","2021","Burglary",2246,"Theft And Robbery"
"Westminster","2021","Criminal damage and arson",2213,"Criminal Damage and Arson"
"Westminster","2021","Drugs",2614,"Drug and Weapon Offences"
"Westminster","2021","Other crime",298,"Other Crimes"
"Westminster","2021","Other theft",9608,"Theft And Robbery"
"Westminster","2021","Possession of weapons",248,"Drug and Weapon Offences"
"Westminster","2021","Public order",3248,"Public Order Offences"
"Westminster","2021","Robbery",2087,"Theft And Robbery"
"Westminster","2021","Shoplifting",2451,"Theft And Robbery"
"Westminster","2021","Theft from the person",7285,"Theft And Robbery"
"Westminster","2021","Vehicle crime",3336,"Theft And Robbery"
"Westminster","2021","Violence and sexual offences",10187,"Violence and Sexual Offences"
"Westminster","2022","Anti-social behaviour",14777,"Public Order Offences"
"Westminster","2022","Bicycle theft",1187,"Theft And Robbery"
"Westminster","2022","Burglary",2838,"Theft And Robbery"
"Westminster","2022","Criminal damage and arson",2256,"Criminal Damage and Arson"
"Westminster","2022","Drugs",3228,"Drug and Weapon Offences"
"Westminster","2022","Other crime",316,"Other Crimes"
"Westminster","2022","Other theft",20724,"Theft And Robbery"
"Westminster","2022","Possession of weapons",337,"Drug and Weapon Offences"
"Westminster","2022","Public order",3487,"Public Order Offences"
"Westminster","2022","Robbery",3167,"Theft And Robbery"
"Westminster","2022","Shoplifting",3603,"Theft And Robbery"
"Westminster","2022","Theft from the person",17482,"Theft And Robbery"
"Westminster","2022","Vehicle crime",4079,"Theft And Robbery"
"Westminster","2022","Violence and sexual offences",11602,"Violence and Sexual Offences"
"Westminster","2023","Anti-social behaviour",12832,"Public Order Offences"
"Westminster","2023","Bicycle theft",1122,"Theft And Robbery"
"Westminster","2023","Burglary",3093,"Theft And Robbery"
"Westminster","2023","Criminal damage and arson",2293,"Criminal Damage and Arson"
"Westminster","2023","Drugs",2452,"Drug and Weapon Offences"
"Westminster","2023","Other crime",348,"Other Crimes"
"Westminster","2023","Other theft",25141,"Theft And Robbery"
"Westminster","2023","Possession of weapons",390,"Drug and Weapon Offences"
"Westminster","2023","Public order",3652,"Public Order Offences"
"Westminster","2023","Robbery",4035,"Theft And Robbery"
"Westminster","2023","Shoplifting",5070,"Theft And Robbery"
"Westminster","2023","Theft from the person",24329,"Theft And Robbery"
"Westminster","2023","Vehicle crime",4312,"Theft And Robbery"
"Westminster","2023","Violence and sexual offences",12178,"Violence and Sexual Offences"
"Westminster","2024","Anti-social behaviour",13276,"Public Order Offences"
"Westminster","2024","Bicycle theft",999,"Theft And Robbery"
"Westminster","2024","Burglary",3004,"Theft And Robbery"
"Westminster","2024","Criminal damage and arson",2330,"Criminal Damage and Arson"
"Westminster","2024","Drugs",2119,"Drug and Weapon Offences"
"Westminster","2024","Other crime",339,"Other Crimes"
"Westminster","2024","Other theft",18769,"Theft And Robbery"
"Westminster","2024","Possession of weapons",236,"Drug and Weapon Offences"
"Westminster","2024","Public order",3432,"Public Order Offences"
"Westminster","2024","Robbery",3685,"Theft And Robbery"
"Westminster","2024","Shoplifting",6485,"Theft And Robbery"
"Westminster","2024","Theft from the person",32186,"Theft And Robbery"
"Westminster","2024","Vehicle crime",4065,"Theft And Robbery"
"Westminster","2024","Violence and sexual offences",12216,"Violence and Sexual Offences"
"Westminster","2025","Anti-social behaviour",13709,"Public Order Offences"
"Westminster","2025","Bicycle theft",986,"Theft And Robbery"
"Westminster","2025","Burglary",2837,"Theft And Robbery"
"Westminster","2025","Criminal damage and arson",2429,"Criminal Damage and Arson"
"Westminster","2025","Drugs",2762,"Drug and Weapon Offences"
"Westminster","2025","Other crime",510,"Other Crimes"
"Westminster","2025","Other theft",16749,"Theft And Robbery"
"Westminster","2025","Possession of weapons",319,"Drug and Weapon Offences"
"Westminster","2025","Public order",3575,"Public Order Offences"
"Westminster","2025","Robbery",3333,"Theft And Robbery"
"Westminster","2025","Shoplifting",8018,"Theft And Robbery"
"Westminster","2025","Theft from the person",24917,"Theft And Robbery"
"Westminster","2025","Vehicle crime",3709,"Theft And Robbery"
"Westminster","2025","Violence and sexual offences",12864,"Violence and Sexual Offences"
"Westminster","2026","Anti-social behaviour",4058,"Public Order Offences"
"Westminster","2026","Bicycle theft",262,"Theft And Robbery"
"Westminster","2026","Burglary",821,"Theft And Robbery"
"Westminster","2026","Criminal damage and arson",706,"Criminal Damage and Arson"
"Westminster","2026","Drugs",1051,"Drug and Weapon Offences"
"Westminster","2026","Other crime",177,"Other Crimes"
"Westminster","2026","Other theft",4355,"Theft And Robbery"
"Westminster","2026","Possession of weapons",129,"Drug and Weapon Offences"
"Westminster","2026","Public order",1150,"Public Order Offences"
"Westminster","2026","Robbery",773,"Theft And Robbery"
"Westminster","2026","Shoplifting",2871,"Theft And Robbery"
"Westminster","2026","Theft from the person",5422,"Theft And Robbery"
"Westminster","2026","Vehicle crime",759,"Theft And Robbery"
"Westminster","2026","Violence and sexual offences",3884,"Violence and Sexual Offences"
