{
"type": "FeatureCollection",
"name": "london",
"bbox": [ -0.510296, 51.286760, 0.333996, 51.691873 ],                                                                             
"features": [
{ "type": "Feature", "properties": { "borough_gss": "E09000002", "borough_name": "Barking and Dagenham" }, "bbox": [ 0.066667, 51.512005, 0.190142, 51.599434 ], "geometry": { "type": "MultiPolygon", "coordinates": [ [ [ [ 0.070998, 51.537142 ], [ 0.070977, 51.537195 ], [ 0.070976, 51.537197 ], [ 0.070467, 51.538458 ], [ 0.069031, 51.538837 ], [ 0.069372, 51.540279 ], [ 0.068424, 51.540744 ], [ 0.068982, 51.541404 ], [ 0.068563, 51.54209 ], [ 0.069313, 51.544044 ], [ 0.069317, 51.544153 ], [ 0.068326, 51.544391 ], [ 0.068264, 51.54424 ], [ 0.066855, 51.541748 ], [ 0.066667, 51.540532 ], [ 0.066966, 51.539609 ], [ 0.068888, 51.537188 ], [ 0.068256, 51.536991 ], [ 0.067932, 51.536197 ], [ 0.069177, 51.536347 ], [ 0.071729, 51.532906 ], [ 0.072571, 51.530751 ], [ 0.072716, 51.529273 ], [ 0.073453, 51.529442 ], [ 0.07426, 51.529634 ], [ 0.074437, 51.529687 ], [ 0.074517, 51.529695 ], [ 0.07454, 51.529692 ], [ 0.075386, 51.529886 ], [ 0.075624, 51.52983 ], [ 0.075315, 51.531203 ], [ 0.072862, 51.53349 ], [ 0.072875, 51.533753 ], [ 0.072913, 51.534512 ], [ 0.070998, 51.537142 ] ] ], [ [ [ 0.148125, 51.596772 ], [ 0.147622, 51.596795 ], [ 0.148179, 51.598966 ], [ 0.146573, 51.599434 ], [ 0.141908, 51.596557 ], [ 0.137568, 51.593892 ], [ 0.129552, 51.590046 ], [ 0.130995, 51.587523 ], [ 0.12636, 51.586724 ], [ 0.127233, 51.583929 ], [ 0.127636, 51.583877 ], [ 0.128057, 51.582855 ], [ 0.127732, 51.581635 ], [ 0.132529, 51.581305 ], [ 0.133537, 51.579952 ], [ 0.130797, 51.579364 ], [ 0.131617, 51.577084 ], [ 0.129168, 51.576311 ], [ 0.12942, 51.573951 ], [ 0.130073, 51.573063 ], [ 0.13088, 51.573338 ], [ 0.131551, 51.571825 ], [ 0.12988, 51.571537 ], [ 0.129999, 51.570729 ], [ 0.130397, 51.570669 ], [ 0.130432, 51.570281 ], [ 0.129632, 51.56811 ], [ 0.129298, 51.566524 ], [ 0.127653, 51.56616 ], [ 0.125003, 51.56434 ], [ 0.119026, 51.563051 ], [ 0.118851, 51.562732 ], [ 0.119715, 51.562505 ], [ 0.11746, 51.559179 ], [ 0.120465, 51.558573 ], [ 0.118874, 51.55737 ], [ 0.117058, 51.557417 ], [ 0.117058, 51.556911 ], [ 0.113246, 51.557266 ], [ 0.112711, 51.556524 ], [ 0.114721, 51.555323 ], [ 0.112332, 51.553505 ], [ 0.11192, 51.552668 ], [ 0.111113, 51.552484 ], [ 0.108397, 51.552695 ], [ 0.108292, 51.552156 ], [ 0.107429, 51.552001 ], [ 0.106104, 51.550944 ], [ 0.104289, 51.549841 ], [ 0.099742, 51.548426 ], [ 0.093496, 51.545858 ], [ 0.092241, 51.548636 ], [ 0.092575, 51.549647 ], [ 0.091677, 51.549109 ], [ 0.09151, 51.548302 ], [ 0.088473, 51.547741 ], [ 0.085865, 51.547343 ], [ 0.081633, 51.545584 ], [ 0.081486, 51.545169 ], [ 0.08004, 51.544773 ], [ 0.077933, 51.544051 ], [ 0.077467, 51.544572 ], [ 0.077006, 51.544378 ], [ 0.076783, 51.544584 ], [ 0.075522, 51.54401 ], [ 0.07193, 51.54381 ], [ 0.071783, 51.543561 ], [ 0.069684, 51.544065 ], [ 0.069687, 51.54396 ], [ 0.069217, 51.543562 ], [ 0.069311, 51.542524 ], [ 0.068901, 51.542061 ], [ 0.069899, 51.540845 ], [ 0.06944, 51.538974 ], [ 0.069649, 51.538782 ], [ 0.070424, 51.539096 ], [ 0.071255, 51.537278 ], [ 0.071257, 51.537272 ], [ 0.071278, 51.537227 ], [ 0.073339, 51.534256 ], [ 0.073471, 51.534192 ], [ 0.074324, 51.533782 ], [ 0.073935, 51.533196 ], [ 0.075452, 51.531912 ], [ 0.076375, 51.529815 ], [ 0.078063, 51.529669 ], [ 0.080974, 51.527776 ], [ 0.081063, 51.527718 ], [ 0.083319, 51.527114 ], [ 0.085755, 51.525993 ], [ 0.088832, 51.526858 ], [ 0.089773, 51.526669 ], [ 0.090516, 51.526091 ], [ 0.092143, 51.526725 ], [ 0.093256, 51.524687 ], [ 0.092802, 51.522626 ], [ 0.095715, 51.520106 ], [ 0.095287, 51.518913 ], [ 0.095593, 51.516987 ], [ 0.097452, 51.515911 ], [ 0.097486, 51.515892 ], [ 0.097369, 51.515809 ], [ 0.097157, 51.51566 ], [ 0.097312, 51.515739 ], [ 0.097545, 51.515858 ], [ 0.099028, 51.514948 ], [ 0.101034, 51.51445 ], [ 0.101767, 51.514581 ], [ 0.106608, 51.513951 ], [ 0.108798, 51.514166 ], [ 0.114436, 51.515742 ], [ 0.11426, 51.515982 ], [ 0.118965, 51.518147 ], [ 0.12262, 51.519086 ], [ 0.126714, 51.519571 ], [ 0.132405, 51.518831 ], [ 0.133176, 51.519084 ], [ 0.136251, 51.518556 ], [ 0.139259, 51.517618 ], [ 0.143216, 51.515369 ], [ 0.143229, 51.515362 ], [ 0.143716, 51.515056 ], [ 0.144236, 51.515499 ], [ 0.145478, 51.51514 ], [ 0.145739, 51.514484 ], [ 0.145046, 51.514624 ], [ 0.145819, 51.514323 ], [ 0.146457, 51.514418 ], [ 0.146537, 51.514098 ], [ 0.151685, 51.512748 ], [ 0.158051, 51.512005 ], [ 0.158642, 51.512233 ], [ 0.15915, 51.514515 ], [ 0.162258, 51.521369 ], [ 0.162303, 51.522339 ], [ 0.164421, 51.527013 ], [ 0.165935, 51.528792 ], [ 0.168666, 51.531191 ], [ 0.170762, 51.532625 ], [ 0.173782, 51.537407 ], [ 0.175007, 51.538494 ], [ 0.177257, 51.539489 ], [ 0.178117, 51.53957 ], [ 0.179202, 51.540288 ], [ 0.180369, 51.544112 ], [ 0.182565, 51.545839 ], [ 0.185985, 51.547533 ], [ 0.187468, 51.5502 ], [ 0.18957, 51.551455 ], [ 0.190142, 51.552719 ], [ 0.187849, 51.554097 ], [ 0.186895, 51.555791 ], [ 0.185838, 51.556341 ], [ 0.184736, 51.556405 ], [ 0.185012, 51.556784 ], [ 0.184386, 51.557657 ], [ 0.184764, 51.559874 ], [ 0.182638, 51.561245 ], [ 0.183972, 51.563855 ], [ 0.185147, 51.564746 ], [ 0.185153, 51.565511 ], [ 0.18348, 51.564634 ], [ 0.178633, 51.56494 ], [ 0.176273, 51.564714 ], [ 0.173388, 51.565098 ], [ 0.168597, 51.563601 ], [ 0.166341, 51.56327 ], [ 0.16187, 51.561606 ], [ 0.154334, 51.56611 ], [ 0.151274, 51.568085 ], [ 0.150388, 51.56784 ], [ 0.148709, 51.568636 ], [ 0.146677, 51.568795 ], [ 0.146648, 51.56943 ], [ 0.149709, 51.569709 ], [ 0.148961, 51.573148 ], [ 0.147918, 51.573123 ], [ 0.148005, 51.575788 ], [ 0.146985, 51.575706 ], [ 0.147425, 51.580811 ], [ 0.148537, 51.580773 ], [ 0.150947, 51.583827 ], [ 0.15125, 51.589882 ], [ 0.150592, 51.591372 ], [ 0.151111, 51.595449 ], [ 0.149855, 51.597013 ], [ 0.148039, 51.596354 ], [ 0.148125, 51.596772 ] ] ] ] } },
{ "type": "Feature", "properties": { "borough_gss": "E09000003", "borough_name": "Barnet" }, "bbox": [ -0.305598, 51.555186, -0.129147, 51.670167 ], "geometry": { "type": "Polygon", "coordinates": [ [ [ -0.19903, 51.668203 ], [ -0.199896, 51.670167 ], [ -0.203378, 51.670123 ], [ -0.202633, 51.669311 ], [ -0.202255, 51.667802 ], [ -0.205659, 51.668598 ], [ -0.207984, 51.666591 ], [ -0.209863, 51.667559 ], [ -0.211159, 51.666952 ], [ -0.207889, 51.662858 ], [ -0.21216, 51.66135 ], [ -0.213418, 51.662375 ], [ -0.218919, 51.660058 ], [ -0.219272, 51.660796 ], [ -0.219826, 51.660657 ], [ -0.226069, 51.657623 ], [ -0.226488, 51.657159 ], [ -0.228083, 51.658588 ], [ -0.228514, 51.659962 ], [ -0.228944, 51.659973 ], [ -0.234252, 51.658249 ], [ -0.234732, 51.658998 ], [ -0.236703, 51.658772 ], [ -0.2383, 51.658246 ], [ -0.237996, 51.657786 ], [ -0.239224, 51.657396 ], [ -0.241018, 51.656832 ], [ -0.24139, 51.657201 ], [ -0.243649, 51.656686 ], [ -0.24789, 51.655244 ], [ -0.249373, 51.656054 ], [ -0.250607, 51.656054 ], [ -0.251275, 51.655536 ], [ -0.250816, 51.654806 ], [ -0.249881, 51.654611 ], [ -0.251582, 51.647949 ], [ -0.254514, 51.643677 ], [ -0.255512, 51.643242 ], [ -0.256196, 51.643488 ], [ -0.257378, 51.641836 ], [ -0.260473, 51.642536 ], [ -0.261629, 51.643989 ], [ -0.263296, 51.64483 ], [ -0.264383, 51.643624 ], [ -0.265235, 51.644017 ], [ -0.266791, 51.644108 ], [ -0.26837, 51.643831 ], [ -0.26827, 51.642383 ], [ -0.270061, 51.642084 ], [ -0.27289, 51.642096 ], [ -0.273146, 51.641191 ], [ -0.2742, 51.639304 ], [ -0.273737, 51.638671 ], [ -0.276499, 51.638865 ], [ -0.278636, 51.63832 ], [ -0.281415, 51.638343 ], [ -0.283898, 51.637792 ], [ -0.285524, 51.636945 ], [ -0.287811, 51.636509 ], [ -0.291891, 51.636475 ], [ -0.294406, 51.635647 ], [ -0.296151, 51.635444 ], [ -0.302645, 51.636204 ], [ -0.303809, 51.636481 ], [ -0.304479, 51.636346 ], [ -0.305598, 51.634117 ], [ -0.304485, 51.63203 ], [ -0.292659, 51.621743 ], [ -0.287566, 51.617152 ], [ -0.281034, 51.612276 ], [ -0.27835, 51.609798 ], [ -0.267156, 51.60037 ], [ -0.262363, 51.596342 ], [ -0.259792, 51.594193 ], [ -0.257421, 51.592023 ], [ -0.25313, 51.589043 ], [ -0.249515, 51.585572 ], [ -0.248284, 51.584364 ], [ -0.251738, 51.583382 ], [ -0.254335, 51.581584 ], [ -0.25463, 51.579672 ], [ -0.252623, 51.574923 ], [ -0.251355, 51.573136 ], [ -0.253131, 51.572438 ], [ -0.25251, 51.571506 ], [ -0.249428, 51.568905 ], [ -0.248706, 51.568544 ], [ -0.247025, 51.56862 ], [ -0.247393, 51.568953 ], [ -0.246555, 51.569032 ], [ -0.246058, 51.569838 ], [ -0.246559, 51.569863 ], [ -0.246009, 51.570957 ], [ -0.246717, 51.571568 ], [ -0.246042, 51.572186 ], [ -0.245242, 51.571914 ], [ -0.244289, 51.572564 ], [ -0.243646, 51.572325 ], [ -0.242016, 51.572805 ], [ -0.241375, 51.572657 ], [ -0.241108, 51.572117 ], [ -0.239969, 51.572388 ], [ -0.239996, 51.572086 ], [ -0.238866, 51.572252 ], [ -0.238015, 51.571769 ], [ -0.238175, 51.5721 ], [ -0.237722, 51.572118 ], [ -0.237665, 51.572471 ], [ -0.235922, 51.572308 ], [ -0.235401, 51.572567 ], [ -0.235645, 51.572268 ], [ -0.234586, 51.571771 ], [ -0.233443, 51.57198 ], [ -0.232251, 51.570966 ], [ -0.228819, 51.567968 ], [ -0.22549, 51.565865 ], [ -0.220658, 51.561668 ], [ -0.21865, 51.559418 ], [ -0.213501, 51.555186 ], [ -0.210029, 51.556752 ], [ -0.208851, 51.555735 ], [ -0.205992, 51.556416 ], [ -0.205815, 51.555305 ], [ -0.19941, 51.556193 ], [ -0.19966, 51.55698 ], [ -0.198533, 51.558157 ], [ -0.198479, 51.558759 ], [ -0.197985, 51.559116 ], [ -0.197623, 51.558879 ], [ -0.196818, 51.559183 ], [ -0.19692, 51.560621 ], [ -0.194852, 51.560481 ], [ -0.19232, 51.561539 ], [ -0.19114, 51.561635 ], [ -0.190345, 51.56285 ], [ -0.189643, 51.565253 ], [ -0.186168, 51.566921 ], [ -0.183811, 51.567499 ], [ -0.183719, 51.567973 ], [ -0.182134, 51.568721 ], [ -0.180834, 51.569436 ], [ -0.180975, 51.569669 ], [ -0.178306, 51.570031 ], [ -0.178078, 51.570431 ], [ -0.174407, 51.569254 ], [ -0.173731, 51.569918 ], [ -0.173461, 51.571099 ], [ -0.171285, 51.57243 ], [ -0.171181, 51.573612 ], [ -0.169484, 51.573982 ], [ -0.169753, 51.576399 ], [ -0.169346, 51.577426 ], [ -0.168088, 51.576926 ], [ -0.166838, 51.578654 ], [ -0.167062, 51.581753 ], [ -0.166216, 51.582042 ], [ -0.165747, 51.583221 ], [ -0.163746, 51.584327 ], [ -0.163101, 51.584376 ], [ -0.161347, 51.585276 ], [ -0.159643, 51.58446 ], [ -0.157966, 51.585733 ], [ -0.157922, 51.586216 ], [ -0.157184, 51.5862 ], [ -0.15743, 51.586568 ], [ -0.158705, 51.586631 ], [ -0.158641, 51.587975 ], [ -0.160273, 51.587977 ], [ -0.159481, 51.59158 ], [ -0.158689, 51.592054 ], [ -0.158864, 51.592375 ], [ -0.159675, 51.592265 ], [ -0.161787, 51.597476 ], [ -0.156322, 51.605367 ], [ -0.155987, 51.605443 ], [ -0.156141, 51.605097 ], [ -0.154644, 51.604136 ], [ -0.153312, 51.602678 ], [ -0.153464, 51.600871 ], [ -0.15303, 51.599231 ], [ -0.15138, 51.597448 ], [ -0.144495, 51.600126 ], [ -0.144199, 51.60111 ], [ -0.142025, 51.603785 ], [ -0.143104, 51.606346 ], [ -0.143451, 51.608846 ], [ -0.138786, 51.610192 ], [ -0.144536, 51.615484 ], [ -0.142059, 51.616278 ], [ -0.141291, 51.617546 ], [ -0.14064, 51.617732 ], [ -0.135462, 51.621689 ], [ -0.135572, 51.622393 ], [ -0.13507, 51.622336 ], [ -0.134222, 51.623955 ], [ -0.133539, 51.626355 ], [ -0.132488, 51.627203 ], [ -0.13114, 51.629019 ], [ -0.130467, 51.629377 ], [ -0.131147, 51.629662 ], [ -0.130206, 51.631021 ], [ -0.129803, 51.63096 ], [ -0.129147, 51.632266 ], [ -0.131357, 51.632578 ], [ -0.133295, 51.633265 ], [ -0.134004, 51.634041 ], [ -0.134437, 51.633972 ], [ -0.134534, 51.634695 ], [ -0.138436, 51.636513 ], [ -0.142319, 51.639313 ], [ -0.145103, 51.642647 ], [ -0.147921, 51.642081 ], [ -0.149048, 51.644178 ], [ -0.149174, 51.645261 ], [ -0.15133, 51.645281 ], [ -0.152168, 51.645823 ], [ -0.151068, 51.647205 ], [ -0.152383, 51.64764 ], [ -0.152274, 51.647984 ], [ -0.14992, 51.648792 ], [ -0.151019, 51.650076 ], [ -0.15227, 51.649846 ], [ -0.152565, 51.651467 ], [ -0.153502, 51.652696 ], [ -0.154051, 51.652561 ], [ -0.154231, 51.652975 ], [ -0.15349, 51.653303 ], [ -0.153782, 51.654664 ], [ -0.154723, 51.655028 ], [ -0.154788, 51.655531 ], [ -0.160515, 51.656751 ], [ -0.163504, 51.658166 ], [ -0.165042, 51.658224 ], [ -0.175585, 51.660574 ], [ -0.185891, 51.662833 ], [ -0.185454, 51.66353 ], [ -0.18211, 51.668601 ], [ -0.185829, 51.668506 ], [ -0.187815, 51.667876 ], [ -0.191092, 51.663893 ], [ -0.192556, 51.664746 ], [ -0.19669, 51.665479 ], [ -0.194877, 51.668302 ], [ -0.196184, 51.668526 ], [ -0.196639, 51.668143 ], [ -0.19903, 51.668203 ] ] ] } },
{ "type": "Feature", "properties": { "borough_gss": "E09000004", "borough_name": "Bexley" }, "bbox": [ 0.074642, 51.40843, 0.217637, 51.513217 ], "geometry": { "type": "MultiPolygon", "coordinates": [ [ [ [ 0.199258, 51.458423 ], [ 0.198536, 51.458299 ], [ 0.198975, 51.458118 ], [ 0.199258, 51.458423 ] ] ], [ [ [ 0.201775, 51.480027 ], [ 0.201273, 51.480164 ], [ 0.200601, 51.479809 ], [ 0.201088, 51.47952 ], [ 0.200492, 51.47975 ], [ 0.200102, 51.478908 ], [ 0.19866, 51.478332 ], [ 0.200075, 51.478415 ], [ 0.201011, 51.478834 ], [ 0.202025, 51.479016 ], [ 0.201775, 51.480027 ] ] ], [ [ [ 0.132195, 51.512271 ], [ 0.128912, 51.513217 ], [ 0.125023, 51.512992 ], [ 0.120194, 51.511448 ], [ 0.120185, 51.511446 ], [ 0.1205, 51.511093 ], [ 0.120947, 51.5008 ], [ 0.121271, 51.491105 ], [ 0.122017, 51.482994 ], [ 0.124158, 51.476847 ], [ 0.120875, 51.478453 ], [ 0.118444, 51.478903 ], [ 0.11551, 51.476195 ], [ 0.113984, 51.47517 ], [ 0.112457, 51.473418 ], [ 0.111958, 51.473072 ], [ 0.108163, 51.476116 ], [ 0.106149, 51.475016 ], [ 0.105627, 51.475457 ], [ 0.105175, 51.475237 ], [ 0.104876, 51.475527 ], [ 0.103325, 51.474586 ], [ 0.10248, 51.474916 ], [ 0.101978, 51.474463 ], [ 0.100232, 51.475227 ], [ 0.098223, 51.475452 ], [ 0.096549, 51.473258 ], [ 0.094466, 51.473268 ], [ 0.093168, 51.472952 ], [ 0.091301, 51.472077 ], [ 0.089092, 51.470451 ], [ 0.087026, 51.46997 ], [ 0.084782, 51.46873 ], [ 0.083212, 51.466477 ], [ 0.082286, 51.466641 ], [ 0.082108, 51.464757 ], [ 0.082602, 51.463606 ], [ 0.08223, 51.461126 ], [ 0.082915, 51.459829 ], [ 0.078828, 51.459149 ], [ 0.081387, 51.457788 ], [ 0.085714, 51.456448 ], [ 0.086828, 51.450434 ], [ 0.087845, 51.448703 ], [ 0.088086, 51.447255 ], [ 0.087381, 51.445743 ], [ 0.086343, 51.445307 ], [ 0.0874, 51.443284 ], [ 0.08628, 51.443242 ], [ 0.084708, 51.442603 ], [ 0.082992, 51.44342 ], [ 0.082967, 51.442734 ], [ 0.084434, 51.441977 ], [ 0.081782, 51.43997 ], [ 0.080825, 51.440377 ], [ 0.078799, 51.438136 ], [ 0.078436, 51.437118 ], [ 0.077814, 51.436442 ], [ 0.07655, 51.436869 ], [ 0.074954, 51.435869 ], [ 0.076495, 51.434849 ], [ 0.075879, 51.434455 ], [ 0.076374, 51.434006 ], [ 0.075666, 51.433625 ], [ 0.076077, 51.433281 ], [ 0.074642, 51.432147 ], [ 0.075341, 51.431985 ], [ 0.081142, 51.430644 ], [ 0.083187, 51.429869 ], [ 0.089198, 51.423994 ], [ 0.095102, 51.420084 ], [ 0.104465, 51.415221 ], [ 0.107572, 51.414094 ], [ 0.113098, 51.412906 ], [ 0.119894, 51.4134 ], [ 0.125409, 51.414779 ], [ 0.126497, 51.414673 ], [ 0.128244, 51.414959 ], [ 0.132819, 51.414247 ], [ 0.139181, 51.411587 ], [ 0.148843, 51.40843 ], [ 0.148964, 51.408624 ], [ 0.149286, 51.409141 ], [ 0.151569, 51.408678 ], [ 0.152906, 51.408709 ], [ 0.153744, 51.411266 ], [ 0.149726, 51.411659 ], [ 0.149134, 51.412436 ], [ 0.151128, 51.415064 ], [ 0.151029, 51.417616 ], [ 0.154068, 51.417762 ], [ 0.154611, 51.41847 ], [ 0.151133, 51.420431 ], [ 0.152825, 51.421704 ], [ 0.153109, 51.422322 ], [ 0.153737, 51.427523 ], [ 0.155275, 51.428975 ], [ 0.155849, 51.430877 ], [ 0.158606, 51.430127 ], [ 0.159059, 51.430225 ], [ 0.159811, 51.429203 ], [ 0.160669, 51.429674 ], [ 0.163897, 51.428932 ], [ 0.163806, 51.428609 ], [ 0.164191, 51.428546 ], [ 0.165564, 51.430348 ], [ 0.166184, 51.430282 ], [ 0.166667, 51.431296 ], [ 0.166069, 51.43143 ], [ 0.166825, 51.432072 ], [ 0.166664, 51.435051 ], [ 0.168688, 51.43748 ], [ 0.170873, 51.441202 ], [ 0.172828, 51.443245 ], [ 0.17277, 51.443031 ], [ 0.17378, 51.442979 ], [ 0.175991, 51.442005 ], [ 0.178699, 51.443477 ], [ 0.17955, 51.443117 ], [ 0.180861, 51.443523 ], [ 0.181058, 51.444182 ], [ 0.183629, 51.444804 ], [ 0.184251, 51.444655 ], [ 0.187438, 51.446874 ], [ 0.187617, 51.448697 ], [ 0.188408, 51.448616 ], [ 0.188824, 51.44913 ], [ 0.190985, 51.448787 ], [ 0.192056, 51.450842 ], [ 0.192993, 51.451701 ], [ 0.193819, 51.451948 ], [ 0.194154, 51.451663 ], [ 0.194921, 51.451815 ], [ 0.195027, 51.452137 ], [ 0.195482, 51.452015 ], [ 0.195863, 51.452371 ], [ 0.195959, 51.451783 ], [ 0.19743, 51.451784 ], [ 0.197612, 51.452004 ], [ 0.197937, 51.451831 ], [ 0.199109, 51.452138 ], [ 0.199694, 51.452714 ], [ 0.200207, 51.452596 ], [ 0.20136, 51.45385 ], [ 0.202006, 51.454103 ], [ 0.202694, 51.453932 ], [ 0.203373, 51.454385 ], [ 0.203808, 51.455982 ], [ 0.202581, 51.456229 ], [ 0.203209, 51.457604 ], [ 0.203022, 51.457951 ], [ 0.199556, 51.458378 ], [ 0.19799, 51.457008 ], [ 0.198867, 51.457989 ], [ 0.198346, 51.458238 ], [ 0.197536, 51.457502 ], [ 0.197225, 51.457589 ], [ 0.19835, 51.458388 ], [ 0.199045, 51.45858 ], [ 0.200807, 51.458434 ], [ 0.200826, 51.458432 ], [ 0.202586, 51.458344 ], [ 0.20441, 51.459978 ], [ 0.207477, 51.461597 ], [ 0.210212, 51.462501 ], [ 0.209952, 51.46557 ], [ 0.210923, 51.467354 ], [ 0.210987, 51.468434 ], [ 0.208133, 51.470838 ], [ 0.208829, 51.471745 ], [ 0.211328, 51.473228 ], [ 0.211239, 51.475276 ], [ 0.211875, 51.475829 ], [ 0.215633, 51.47686 ], [ 0.216246, 51.477471 ], [ 0.216217, 51.478089 ], [ 0.216391, 51.477467 ], [ 0.21596, 51.479485 ], [ 0.216692, 51.480174 ], [ 0.217637, 51.480411 ], [ 0.211653, 51.482711 ], [ 0.210319, 51.482483 ], [ 0.209578, 51.48164 ], [ 0.209189, 51.481816 ], [ 0.206317, 51.481282 ], [ 0.206281, 51.480719 ], [ 0.205523, 51.480445 ], [ 0.205039, 51.480886 ], [ 0.202833, 51.479598 ], [ 0.204759, 51.480842 ], [ 0.202237, 51.480597 ], [ 0.20206, 51.480275 ], [ 0.203188, 51.480345 ], [ 0.201831, 51.480185 ], [ 0.202122, 51.47899 ], [ 0.20101, 51.478803 ], [ 0.200617, 51.478534 ], [ 0.200063, 51.478378 ], [ 0.199619, 51.478321 ], [ 0.198558, 51.478304 ], [ 0.199341, 51.478919 ], [ 0.199139, 51.478615 ], [ 0.200088, 51.478948 ], [ 0.200555, 51.480065 ], [ 0.199266, 51.48009 ], [ 0.198893, 51.47926 ], [ 0.197414, 51.478443 ], [ 0.197773, 51.478798 ], [ 0.19783, 51.478793 ], [ 0.198249, 51.479324 ], [ 0.198913, 51.47943 ], [ 0.198539, 51.479679 ], [ 0.197051, 51.479255 ], [ 0.197483, 51.479471 ], [ 0.197253, 51.479648 ], [ 0.195929, 51.479458 ], [ 0.195484, 51.479675 ], [ 0.19378, 51.479323 ], [ 0.19299, 51.479375 ], [ 0.192696, 51.479768 ], [ 0.190821, 51.479752 ], [ 0.190426, 51.479035 ], [ 0.190284, 51.479729 ], [ 0.186579, 51.480432 ], [ 0.186577, 51.480433 ], [ 0.183292, 51.481154 ], [ 0.178317, 51.483377 ], [ 0.177845, 51.483023 ], [ 0.177604, 51.483183 ], [ 0.17806, 51.483544 ], [ 0.176038, 51.485248 ], [ 0.17515, 51.485259 ], [ 0.174867, 51.485972 ], [ 0.175263, 51.486101 ], [ 0.17451, 51.486926 ], [ 0.174107, 51.486784 ], [ 0.173498, 51.48736 ], [ 0.172469, 51.488826 ], [ 0.171956, 51.494688 ], [ 0.171952, 51.494728 ], [ 0.171952, 51.494732 ], [ 0.171618, 51.497717 ], [ 0.170843, 51.498834 ], [ 0.169994, 51.500059 ], [ 0.166548, 51.503454 ], [ 0.164457, 51.504537 ], [ 0.16031, 51.505476 ], [ 0.153917, 51.506049 ], [ 0.152812, 51.506371 ], [ 0.151338, 51.506315 ], [ 0.151288, 51.506314 ], [ 0.149885, 51.506394 ], [ 0.149758, 51.505864 ], [ 0.149424, 51.505865 ], [ 0.148509, 51.50645 ], [ 0.147967, 51.506446 ], [ 0.147895, 51.506821 ], [ 0.146832, 51.50667 ], [ 0.13743, 51.510206 ], [ 0.137234, 51.510007 ], [ 0.132195, 51.512271 ] ] ] ] } },
{ "type": "Feature", "properties": { "borough_gss": "E09000005", "borough_name": "Brent" }, "bbox": [ -0.335584, 51.527654, -0.191483, 51.60037 ], "geometry": { "type": "Polygon", "coordinates": [ [ [ -0.267156, 51.60037 ], [ -0.271141, 51.598313 ], [ -0.273002, 51.598371 ], [ -0.276976, 51.596893 ], [ -0.276516, 51.596515 ], [ -0.283332, 51.59575 ], [ -0.285612, 51.595202 ], [ -0.285797, 51.594748 ], [ -0.286283, 51.594945 ], [ -0.28708, 51.594562 ], [ -0.290422, 51.593568 ], [ -0.289092, 51.592909 ], [ -0.286605, 51.592264 ], [ -0.284654, 51.591008 ], [ -0.283364, 51.588882 ], [ -0.282271, 51.585738 ], [ -0.282471, 51.585048 ], [ -0.300791, 51.587241 ], [ -0.30409, 51.587158 ], [ -0.306816, 51.586555 ], [ -0.313075, 51.584262 ], [ -0.317083, 51.582107 ], [ -0.320707, 51.580254 ], [ -0.326691, 51.578598 ], [ -0.326613, 51.578295 ], [ -0.325434, 51.57604 ], [ -0.324741, 51.573173 ], [ -0.322154, 51.569654 ], [ -0.325175, 51.568441 ], [ -0.325074, 51.568257 ], [ -0.329745, 51.567087 ], [ -0.329646, 51.566213 ], [ -0.328669, 51.565943 ], [ -0.32825, 51.56251 ], [ -0.329786, 51.562363 ], [ -0.331217, 51.56146 ], [ -0.333923, 51.558874 ], [ -0.333978, 51.55771 ], [ -0.334908, 51.557832 ], [ -0.335584, 51.556583 ], [ -0.327023, 51.555011 ], [ -0.317779, 51.551616 ], [ -0.312559, 51.549025 ], [ -0.311495, 51.547559 ], [ -0.308601, 51.546448 ], [ -0.307124, 51.545324 ], [ -0.30889, 51.545217 ], [ -0.307999, 51.544432 ], [ -0.308534, 51.543201 ], [ -0.304726, 51.539862 ], [ -0.305967, 51.539429 ], [ -0.306257, 51.53423 ], [ -0.307501, 51.533066 ], [ -0.302732, 51.531982 ], [ -0.299557, 51.533252 ], [ -0.296589, 51.53524 ], [ -0.295825, 51.535303 ], [ -0.295173, 51.534892 ], [ -0.293294, 51.534971 ], [ -0.286752, 51.536755 ], [ -0.282486, 51.538665 ], [ -0.281841, 51.538105 ], [ -0.277798, 51.535071 ], [ -0.278473, 51.534564 ], [ -0.27901, 51.533209 ], [ -0.280951, 51.532576 ], [ -0.281509, 51.533241 ], [ -0.283539, 51.532818 ], [ -0.284039, 51.533518 ], [ -0.289388, 51.531667 ], [ -0.285752, 51.529179 ], [ -0.282968, 51.528843 ], [ -0.280479, 51.528406 ], [ -0.277196, 51.529233 ], [ -0.271461, 51.529945 ], [ -0.270593, 51.530044 ], [ -0.270418, 51.529764 ], [ -0.269676, 51.530002 ], [ -0.269022, 51.529738 ], [ -0.26661, 51.530513 ], [ -0.264873, 51.531641 ], [ -0.264854, 51.532185 ], [ -0.263378, 51.532677 ], [ -0.260434, 51.534534 ], [ -0.257809, 51.535337 ], [ -0.256452, 51.534936 ], [ -0.25605, 51.533952 ], [ -0.255664, 51.533986 ], [ -0.252341, 51.534143 ], [ -0.251141, 51.533896 ], [ -0.250774, 51.534183 ], [ -0.247359, 51.533514 ], [ -0.246311, 51.532752 ], [ -0.243429, 51.531785 ], [ -0.23735, 51.532018 ], [ -0.234424, 51.532637 ], [ -0.233843, 51.532332 ], [ -0.231394, 51.531089 ], [ -0.228503, 51.530353 ], [ -0.227589, 51.530155 ], [ -0.227682, 51.529923 ], [ -0.225447, 51.530163 ], [ -0.223804, 51.529963 ], [ -0.217979, 51.52864 ], [ -0.216029, 51.527928 ], [ -0.215884, 51.529725 ], [ -0.215105, 51.530258 ], [ -0.215207, 51.531389 ], [ -0.211051, 51.531959 ], [ -0.207648, 51.53282 ], [ -0.203073, 51.532897 ], [ -0.203045, 51.532899 ], [ -0.201689, 51.53256 ], [ -0.201108, 51.531908 ], [ -0.198298, 51.530445 ], [ -0.19794, 51.529936 ], [ -0.198075, 51.528616 ], [ -0.197799, 51.5279 ], [ -0.197364, 51.527895 ], [ -0.196569, 51.527654 ], [ -0.192892, 51.532133 ], [ -0.192374, 51.53321 ], [ -0.193035, 51.533989 ], [ -0.191483, 51.536289 ], [ -0.201933, 51.545287 ], [ -0.203466, 51.546708 ], [ -0.203548, 51.546776 ], [ -0.203736, 51.546957 ], [ -0.213501, 51.555186 ], [ -0.21865, 51.559418 ], [ -0.220658, 51.561668 ], [ -0.22549, 51.565865 ], [ -0.228819, 51.567968 ], [ -0.232251, 51.570966 ], [ -0.233443, 51.57198 ], [ -0.234586, 51.571771 ], [ -0.235645, 51.572268 ], [ -0.235401, 51.572567 ], [ -0.235922, 51.572308 ], [ -0.237665, 51.572471 ], [ -0.237722, 51.572118 ], [ -0.238175, 51.5721 ], [ -0.238015, 51.571769 ], [ -0.238866, 51.572252 ], [ -0.239996, 51.572086 ], [ -0.239969, 51.572388 ], [ -0.241108, 51.572117 ], [ -0.241375, 51.572657 ], [ -0.242016, 51.572805 ], [ -0.243646, 51.572325 ], [ -0.244289, 51.572564 ], [ -0.245242, 51.571914 ], [ -0.246042, 51.572186 ], [ -0.246717, 51.571568 ], [ -0.246009, 51.570957 ], [ -0.246559, 51.569863 ], [ -0.246058, 51.569838 ], [ -0.246555, 51.569032 ], [ -0.247393, 51.568953 ], [ -0.247025, 51.56862 ], [ -0.248706, 51.568544 ], [ -0.249428, 51.568905 ], [ -0.25251, 51.571506 ], [ -0.253131, 51.572438 ], [ -0.251355, 51.573136 ], [ -0.252623, 51.574923 ], [ -0.25463, 51.579672 ], [ -0.254335, 51.581584 ], [ -0.251738, 51.583382 ], [ -0.248284, 51.584364 ], [ -0.249515, 51.585572 ], [ -0.25313, 51.589043 ], [ -0.257421, 51.592023 ], [ -0.259792, 51.594193 ], [ -0.262363, 51.596342 ], [ -0.267156, 51.60037 ] ] ] } },
{ "type": "Feature", "properties": { "borough_gss": "E09000006", "borough_name": "Bromley" }, "bbox": [ -0.08109, 51.289355, 0.162358, 51.444317 ], "geometry": { "type": "Polygon", "coordinates": [ [ [ 0.045183, 51.436603 ], [ 0.043311, 51.437747 ], [ 0.042185, 51.439481 ], [ 0.039781, 51.440992 ], [ 0.035544, 51.442446 ], [ 0.033471, 51.443592 ], [ 0.030577, 51.444317 ], [ 0.029359, 51.441705 ], [ 0.028577, 51.440454 ], [ 0.028814, 51.438786 ], [ 0.024791, 51.438237 ], [ 0.025376, 51.43569 ], [ 0.02724, 51.436559 ], [ 0.028676, 51.436406 ], [ 0.029066, 51.434666 ], [ 0.028584, 51.434031 ], [ 0.031382, 51.432579 ], [ 0.031148, 51.432104 ], [ 0.031588, 51.432555 ], [ 0.032452, 51.431893 ], [ 0.033224, 51.432235 ], [ 0.033701, 51.431699 ], [ 0.037699, 51.433346 ], [ 0.037522, 51.431379 ], [ 0.038332, 51.428028 ], [ 0.037831, 51.42779 ], [ 0.038464, 51.427591 ], [ 0.039029, 51.424671 ], [ 0.036186, 51.422366 ], [ 0.034599, 51.423371 ], [ 0.025411, 51.428989 ], [ 0.021135, 51.426844 ], [ 0.020379, 51.426888 ], [ 0.018775, 51.427051 ], [ 0.017436, 51.42685 ], [ 0.016048, 51.426208 ], [ 0.014108, 51.426175 ], [ 0.014396, 51.425232 ], [ 0.013513, 51.425086 ], [ 0.013345, 51.424695 ], [ 0.011813, 51.424052 ], [ 0.009967, 51.422484 ], [ 0.008077, 51.423043 ], [ 0.007349, 51.421379 ], [ 0.006848, 51.421495 ], [ 0.006736, 51.420936 ], [ 0.006298, 51.421015 ], [ 0.005228, 51.419316 ], [ 0.005672, 51.418515 ], [ 0.003524, 51.41742 ], [ 0.001729, 51.418558 ], [ -0.000077, 51.417646 ], [ -0.000754, 51.415913 ], [ -0.003404, 51.415661 ], [ -0.003284, 51.41505 ], [ -0.004994, 51.41459 ], [ -0.005534, 51.415788 ], [ -0.006565, 51.415992 ], [ -0.006627, 51.41466 ], [ -0.007696, 51.414483 ], [ -0.010545, 51.413551 ], [ -0.014263, 51.413657 ], [ -0.014559, 51.413923 ], [ -0.014153, 51.415101 ], [ -0.017987, 51.415056 ], [ -0.017847, 51.415743 ], [ -0.02104, 51.416019 ], [ -0.022186, 51.416746 ], [ -0.021736, 51.417291 ], [ -0.022555, 51.417541 ], [ -0.021384, 51.418413 ], [ -0.020778, 51.41994 ], [ -0.021675, 51.420448 ], [ -0.020954, 51.420924 ], [ -0.022263, 51.421775 ], [ -0.022606, 51.421563 ], [ -0.024427, 51.423155 ], [ -0.026008, 51.423621 ], [ -0.030107, 51.425646 ], [ -0.031997, 51.425537 ], [ -0.03182, 51.424711 ], [ -0.033349, 51.424643 ], [ -0.034239, 51.424755 ], [ -0.034227, 51.425101 ], [ -0.037485, 51.424993 ], [ -0.038476, 51.423958 ], [ -0.039922, 51.424251 ], [ -0.041069, 51.424246 ], [ -0.041608, 51.423654 ], [ -0.046289, 51.422367 ], [ -0.046015, 51.422801 ], [ -0.047231, 51.42286 ], [ -0.051774, 51.422517 ], [ -0.051809, 51.423582 ], [ -0.05478, 51.423727 ], [ -0.055155, 51.422938 ], [ -0.056789, 51.422972 ], [ -0.058123, 51.423178 ], [ -0.062603, 51.425198 ], [ -0.064429, 51.425328 ], [ -0.064604, 51.425063 ], [ -0.065842, 51.425328 ], [ -0.066063, 51.42507 ], [ -0.067915, 51.425927 ], [ -0.06869, 51.425997 ], [ -0.068882, 51.425617 ], [ -0.070527, 51.42617 ], [ -0.070983, 51.426242 ], [ -0.071868, 51.426299 ], [ -0.073945, 51.426152 ], [ -0.074966, 51.425699 ], [ -0.07832, 51.420605 ], [ -0.078588, 51.419876 ], [ -0.08109, 51.417309 ], [ -0.080763, 51.416016 ], [ -0.080416, 51.415545 ], [ -0.076528, 51.414437 ], [ -0.075175, 51.413541 ], [ -0.072757, 51.412693 ], [ -0.073544, 51.410473 ], [ -0.072859, 51.408484 ], [ -0.070209, 51.406256 ], [ -0.068592, 51.403845 ], [ -0.066411, 51.402584 ], [ -0.0645, 51.40204 ], [ -0.064639, 51.401721 ], [ -0.063789, 51.401565 ], [ -0.062186, 51.401534 ], [ -0.060182, 51.399552 ], [ -0.060586, 51.399124 ], [ -0.059413, 51.399253 ], [ -0.056854, 51.400504 ], [ -0.052991, 51.401462 ], [ -0.050655, 51.399564 ], [ -0.052131, 51.398292 ], [ -0.05086, 51.397718 ], [ -0.050435, 51.398024 ], [ -0.050978, 51.397126 ], [ -0.053506, 51.394919 ], [ -0.051725, 51.393997 ], [ -0.051718, 51.393581 ], [ -0.047764, 51.393037 ], [ -0.046827, 51.391843 ], [ -0.046236, 51.391996 ], [ -0.04471, 51.390503 ], [ -0.042772, 51.389452 ], [ -0.036525, 51.388462 ], [ -0.037899, 51.383232 ], [ -0.036929, 51.378954 ], [ -0.036352, 51.379004 ], [ -0.036797, 51.376996 ], [ -0.02976, 51.377344 ], [ -0.028272, 51.378198 ], [ -0.028041, 51.379359 ], [ -0.026822, 51.379375 ], [ -0.026153, 51.376451 ], [ -0.023594, 51.37222 ], [ -0.02381, 51.371316 ], [ -0.02312, 51.367009 ], [ -0.024496, 51.366781 ], [ -0.02359, 51.365293 ], [ -0.022278, 51.365878 ], [ -0.019783, 51.363615 ], [ -0.018934, 51.36279 ], [ -0.018288, 51.361253 ], [ -0.015646, 51.358873 ], [ -0.013126, 51.35721 ], [ -0.011888, 51.357283 ], [ -0.008685, 51.355826 ], [ -0.005334, 51.352578 ], [ -0.00463, 51.349564 ], [ -0.00292, 51.345522 ], [ 0.000844, 51.333594 ], [ 0.00227, 51.33249 ], [ 0.003283, 51.332155 ], [ 0.002887, 51.330341 ], [ 0.002182, 51.329772 ], [ 0.002266, 51.329138 ], [ 0.004842, 51.322076 ], [ 0.005517, 51.318444 ], [ 0.006555, 51.315652 ], [ 0.01032, 51.31614 ], [ 0.008363, 51.310362 ], [ 0.012131, 51.299599 ], [ 0.014982, 51.291787 ], [ 0.019074, 51.291685 ], [ 0.020847, 51.295573 ], [ 0.020926, 51.296779 ], [ 0.023572, 51.299705 ], [ 0.024811, 51.302156 ], [ 0.02795, 51.304686 ], [ 0.030254, 51.305559 ], [ 0.032881, 51.307521 ], [ 0.036309, 51.305864 ], [ 0.04089, 51.302722 ], [ 0.041515, 51.302981 ], [ 0.042592, 51.30133 ], [ 0.043065, 51.299055 ], [ 0.044271, 51.298582 ], [ 0.043286, 51.296583 ], [ 0.042371, 51.29268 ], [ 0.04474, 51.293088 ], [ 0.045704, 51.294005 ], [ 0.048466, 51.293723 ], [ 0.050762, 51.293988 ], [ 0.054363, 51.29209 ], [ 0.056023, 51.292397 ], [ 0.058483, 51.289355 ], [ 0.067536, 51.290384 ], [ 0.073341, 51.291606 ], [ 0.081552, 51.29184 ], [ 0.085665, 51.293085 ], [ 0.089234, 51.296087 ], [ 0.091157, 51.296828 ], [ 0.086311, 51.300173 ], [ 0.085404, 51.30252 ], [ 0.082788, 51.305634 ], [ 0.08485, 51.306045 ], [ 0.084058, 51.30805 ], [ 0.08472, 51.308346 ], [ 0.083543, 51.310528 ], [ 0.085042, 51.312599 ], [ 0.085613, 51.314785 ], [ 0.085001, 51.316023 ], [ 0.086793, 51.317193 ], [ 0.087757, 51.318312 ], [ 0.092749, 51.319811 ], [ 0.096152, 51.321293 ], [ 0.100148, 51.324072 ], [ 0.100764, 51.325585 ], [ 0.103213, 51.325995 ], [ 0.104874, 51.327413 ], [ 0.10721, 51.327524 ], [ 0.109731, 51.326684 ], [ 0.110126, 51.328036 ], [ 0.114183, 51.327398 ], [ 0.115716, 51.329507 ], [ 0.116614, 51.330003 ], [ 0.117335, 51.329481 ], [ 0.117876, 51.329663 ], [ 0.117864, 51.33062 ], [ 0.120218, 51.332137 ], [ 0.121657, 51.333636 ], [ 0.119984, 51.334739 ], [ 0.118272, 51.338404 ], [ 0.118987, 51.338684 ], [ 0.118444, 51.339981 ], [ 0.117256, 51.339781 ], [ 0.116654, 51.341302 ], [ 0.117205, 51.343163 ], [ 0.117559, 51.343129 ], [ 0.118429, 51.344147 ], [ 0.119158, 51.344256 ], [ 0.122212, 51.344657 ], [ 0.125186, 51.345867 ], [ 0.131642, 51.345193 ], [ 0.13175, 51.345506 ], [ 0.136931, 51.344174 ], [ 0.137082, 51.344801 ], [ 0.136171, 51.345931 ], [ 0.137162, 51.345875 ], [ 0.138241, 51.347085 ], [ 0.139414, 51.346982 ], [ 0.139466, 51.3473 ], [ 0.138687, 51.347524 ], [ 0.14126, 51.349779 ], [ 0.140957, 51.350146 ], [ 0.14259, 51.350736 ], [ 0.142849, 51.352659 ], [ 0.143113, 51.353049 ], [ 0.143604, 51.353018 ], [ 0.144022, 51.354862 ], [ 0.145087, 51.355764 ], [ 0.145627, 51.357205 ], [ 0.145868, 51.358224 ], [ 0.144821, 51.358435 ], [ 0.145352, 51.360337 ], [ 0.144542, 51.360686 ], [ 0.144474, 51.361061 ], [ 0.145365, 51.362503 ], [ 0.145022, 51.362851 ], [ 0.148321, 51.366371 ], [ 0.147258, 51.367019 ], [ 0.14885, 51.368123 ], [ 0.149411, 51.369162 ], [ 0.150998, 51.368322 ], [ 0.151595, 51.368384 ], [ 0.152031, 51.369693 ], [ 0.1501, 51.370157 ], [ 0.15118, 51.372187 ], [ 0.150807, 51.37292 ], [ 0.149574, 51.373582 ], [ 0.15171, 51.375436 ], [ 0.152511, 51.37523 ], [ 0.15321, 51.378036 ], [ 0.152163, 51.378336 ], [ 0.152327, 51.37869 ], [ 0.150948, 51.379085 ], [ 0.151107, 51.379896 ], [ 0.149587, 51.380089 ], [ 0.149582, 51.381089 ], [ 0.150347, 51.381093 ], [ 0.15044, 51.383447 ], [ 0.149761, 51.383671 ], [ 0.149774, 51.38487 ], [ 0.149966, 51.385841 ], [ 0.150433, 51.386018 ], [ 0.148876, 51.387572 ], [ 0.14939, 51.387855 ], [ 0.148628, 51.388668 ], [ 0.149809, 51.390872 ], [ 0.147508, 51.392157 ], [ 0.147699, 51.392612 ], [ 0.147715, 51.392801 ], [ 0.158248, 51.39224 ], [ 0.161287, 51.39237 ], [ 0.162358, 51.39249 ], [ 0.158954, 51.395821 ], [ 0.157702, 51.398147 ], [ 0.157335, 51.400784 ], [ 0.156409, 51.402494 ], [ 0.155488, 51.403576 ], [ 0.154941, 51.40366 ], [ 0.155223, 51.403972 ], [ 0.152791, 51.40627 ], [ 0.151074, 51.406643 ], [ 0.148666, 51.408131 ], [ 0.148843, 51.40843 ], [ 0.139181, 51.411587 ], [ 0.132819, 51.414247 ], [ 0.128244, 51.414959 ], [ 0.126497, 51.414673 ], [ 0.125409, 51.414779 ], [ 0.119894, 51.4134 ], [ 0.113098, 51.412906 ], [ 0.107572, 51.414094 ], [ 0.104465, 51.415221 ], [ 0.095102, 51.420084 ], [ 0.089198, 51.423994 ], [ 0.083187, 51.429869 ], [ 0.081142, 51.430644 ], [ 0.075341, 51.431985 ], [ 0.074836, 51.430831 ], [ 0.074305, 51.43149 ], [ 0.073328, 51.431774 ], [ 0.073035, 51.431379 ], [ 0.073471, 51.43126 ], [ 0.071943, 51.429653 ], [ 0.066935, 51.426722 ], [ 0.066404, 51.426338 ], [ 0.066579, 51.426015 ], [ 0.064196, 51.425369 ], [ 0.064432, 51.425046 ], [ 0.063202, 51.424203 ], [ 0.061708, 51.423735 ], [ 0.060902, 51.425074 ], [ 0.05859, 51.424596 ], [ 0.0582, 51.424883 ], [ 0.054827, 51.427522 ], [ 0.051049, 51.43153 ], [ 0.047785, 51.433753 ], [ 0.045147, 51.436219 ], [ 0.045183, 51.436603 ] ] ] } },
{ "type": "Feature", "properties": { "borough_gss": "E09000007", "borough_name": "Camden" }, "bbox": [ -0.213501, 51.512665, -0.105348, 51.57297 ], "geometry": { "type": "Polygon", "coordinates": [ [ [ -0.167373, 51.57297 ], [ -0.171285, 51.57243 ], [ -0.173461, 51.571099 ], [ -0.173731, 51.569918 ], [ -0.174407, 51.569254 ], [ -0.178078, 51.570431 ], [ -0.178306, 51.570031 ], [ -0.180975, 51.569669 ], [ -0.180834, 51.569436 ], [ -0.182134, 51.568721 ], [ -0.183719, 51.567973 ], [ -0.183811, 51.567499 ], [ -0.186168, 51.566921 ], [ -0.189643, 51.565253 ], [ -0.190345, 51.56285 ], [ -0.19114, 51.561635 ], [ -0.19232, 51.561539 ], [ -0.194852, 51.560481 ], [ -0.19692, 51.560621 ], [ -0.196818, 51.559183 ], [ -0.197623, 51.558879 ], [ -0.197985, 51.559116 ], [ -0.198479, 51.558759 ], [ -0.198533, 51.558157 ], [ -0.19966, 51.55698 ], [ -0.19941, 51.556193 ], [ -0.205815, 51.555305 ], [ -0.205992, 51.556416 ], [ -0.208851, 51.555735 ], [ -0.210029, 51.556752 ], [ -0.213501, 51.555186 ], [ -0.203736, 51.546957 ], [ -0.203548, 51.546776 ], [ -0.203466, 51.546708 ], [ -0.201933, 51.545287 ], [ -0.191483, 51.536289 ], [ -0.188774, 51.534524 ], [ -0.187751, 51.535034 ], [ -0.183873, 51.538379 ], [ -0.180181, 51.539561 ], [ -0.178353, 51.539793 ], [ -0.175791, 51.539615 ], [ -0.173922, 51.539477 ], [ -0.174141, 51.5382 ], [ -0.173511, 51.537632 ], [ -0.171981, 51.538383 ], [ -0.17089, 51.537793 ], [ -0.169543, 51.538597 ], [ -0.164961, 51.535779 ], [ -0.160487, 51.537281 ], [ -0.159442, 51.536362 ], [ -0.152732, 51.537519 ], [ -0.147196, 51.525041 ], [ -0.145816, 51.52527 ], [ -0.145199, 51.523994 ], [ -0.144155, 51.523996 ], [ -0.14399, 51.524688 ], [ -0.143415, 51.524542 ], [ -0.14352, 51.523962 ], [ -0.142901, 51.523878 ], [ -0.137033, 51.518885 ], [ -0.136322, 51.519147 ], [ -0.135852, 51.518694 ], [ -0.135258, 51.518933 ], [ -0.13407, 51.517562 ], [ -0.133623, 51.517728 ], [ -0.132569, 51.517165 ], [ -0.132475, 51.516718 ], [ -0.130832, 51.517102 ], [ -0.130378, 51.516433 ], [ -0.129852, 51.514478 ], [ -0.129067, 51.513451 ], [ -0.127353, 51.512665 ], [ -0.122894, 51.515144 ], [ -0.122098, 51.514628 ], [ -0.121843, 51.514867 ], [ -0.119493, 51.514505 ], [ -0.114718, 51.51604 ], [ -0.113859, 51.51482 ], [ -0.111607, 51.515338 ], [ -0.113821, 51.518258 ], [ -0.107833, 51.517766 ], [ -0.105348, 51.518543 ], [ -0.10702, 51.522189 ], [ -0.10828, 51.522093 ], [ -0.108991, 51.52302 ], [ -0.112563, 51.523794 ], [ -0.114253, 51.525517 ], [ -0.112949, 51.526409 ], [ -0.115432, 51.527722 ], [ -0.116017, 51.529843 ], [ -0.119896, 51.530937 ], [ -0.122556, 51.530726 ], [ -0.122401, 51.536885 ], [ -0.123075, 51.538498 ], [ -0.125089, 51.541141 ], [ -0.126356, 51.545036 ], [ -0.127204, 51.547663 ], [ -0.129132, 51.548836 ], [ -0.130163, 51.549618 ], [ -0.130718, 51.550672 ], [ -0.131027, 51.551511 ], [ -0.134379, 51.55362 ], [ -0.135256, 51.554587 ], [ -0.137179, 51.555397 ], [ -0.138398, 51.556864 ], [ -0.13944, 51.558242 ], [ -0.141031, 51.56043 ], [ -0.140682, 51.564553 ], [ -0.142416, 51.56912 ], [ -0.143855, 51.569913 ], [ -0.150351, 51.571574 ], [ -0.158863, 51.572193 ], [ -0.160455, 51.572787 ], [ -0.164301, 51.572501 ], [ -0.167373, 51.57297 ] ] ] } },
{ "type": "Feature", "properties": { "borough_gss": "E09000001", "borough_name": "City of London" }, "bbox": [ -0.113821, 51.507823, -0.072839, 51.523321 ], "geometry": { "type": "MultiPolygon", "coordinates": [ [ [ [ -0.104177, 51.508543 ], [ -0.104701, 51.508613 ], [ -0.10471, 51.508404 ], [ -0.104177, 51.508543 ] ] ], [ [ [ -0.096786, 51.523321 ], [ -0.09797, 51.522876 ], [ -0.097408, 51.521592 ], [ -0.097595, 51.521175 ], [ -0.097679, 51.520721 ], [ -0.10028, 51.52013 ], [ -0.101775, 51.519681 ], [ -0.105348, 51.518543 ], [ -0.107833, 51.517766 ], [ -0.113821, 51.518258 ], [ -0.111607, 51.515338 ], [ -0.111101, 51.513825 ], [ -0.111981, 51.513685 ], [ -0.111739, 51.513195 ], [ -0.112414, 51.512768 ], [ -0.11153, 51.511643 ], [ -0.111503, 51.510832 ], [ -0.108492, 51.510871 ], [ -0.108485, 51.510871 ], [ -0.099899, 51.510825 ], [ -0.099832, 51.510815 ], [ -0.096162, 51.510264 ], [ -0.095201, 51.510615 ], [ -0.095257, 51.510178 ], [ -0.091946, 51.509413 ], [ -0.091892, 51.509406 ], [ -0.088669, 51.50897 ], [ -0.088541, 51.508971 ], [ -0.087115, 51.508984 ], [ -0.085492, 51.508605 ], [ -0.08549, 51.508605 ], [ -0.080343, 51.508074 ], [ -0.080339, 51.508074 ], [ -0.079491, 51.507824 ], [ -0.079487, 51.507823 ], [ -0.078731, 51.508834 ], [ -0.079098, 51.509063 ], [ -0.078841, 51.509459 ], [ -0.077882, 51.510084 ], [ -0.076238, 51.510559 ], [ -0.075544, 51.509735 ], [ -0.074571, 51.509953 ], [ -0.072839, 51.510236 ], [ -0.073078, 51.511807 ], [ -0.07403, 51.514477 ], [ -0.076903, 51.516628 ], [ -0.0782, 51.51847 ], [ -0.078125, 51.518977 ], [ -0.079439, 51.518884 ], [ -0.07856, 51.521504 ], [ -0.081067, 51.521971 ], [ -0.081799, 51.520744 ], [ -0.08315, 51.51985 ], [ -0.085218, 51.520335 ], [ -0.086227, 51.51881 ], [ -0.090007, 51.519971 ], [ -0.0897, 51.520717 ], [ -0.09238, 51.521033 ], [ -0.092517, 51.521486 ], [ -0.094345, 51.521483 ], [ -0.095089, 51.523137 ], [ -0.09647, 51.522822 ], [ -0.096786, 51.523321 ] ] ] ] } },
{ "type": "Feature", "properties": { "borough_gss": "E09000008", "borough_name": "Croydon" }, "bbox": [ -0.161905, 51.28676, 0.003283, 51.423243 ], "geometry": { "type": "Polygon", "coordinates": [ [ [ -0.109285, 51.423178 ], [ -0.11265, 51.423243 ], [ -0.115618, 51.420632 ], [ -0.11984, 51.418802 ], [ -0.122517, 51.415027 ], [ -0.124107, 51.414597 ], [ -0.124478, 51.413366 ], [ -0.125791, 51.412631 ], [ -0.126267, 51.412928 ], [ -0.126859, 51.412699 ], [ -0.127748, 51.412321 ], [ -0.128199, 51.410936 ], [ -0.128481, 51.411012 ], [ -0.12948, 51.409575 ], [ -0.131286, 51.409503 ], [ -0.131316, 51.409219 ], [ -0.132089, 51.40917 ], [ -0.131956, 51.408457 ], [ -0.132481, 51.408407 ], [ -0.131534, 51.404929 ], [ -0.130506, 51.403277 ], [ -0.12799, 51.401699 ], [ -0.125417, 51.398825 ], [ -0.125724, 51.39831 ], [ -0.124636, 51.398096 ], [ -0.124158, 51.397614 ], [ -0.12969, 51.393651 ], [ -0.128757, 51.393482 ], [ -0.134334, 51.390923 ], [ -0.134379, 51.390886 ], [ -0.132636, 51.390127 ], [ -0.133259, 51.38955 ], [ -0.129493, 51.387185 ], [ -0.13066, 51.386266 ], [ -0.128761, 51.385652 ], [ -0.129535, 51.385287 ], [ -0.128657, 51.382495 ], [ -0.130299, 51.38222 ], [ -0.128079, 51.380499 ], [ -0.126719, 51.377065 ], [ -0.125833, 51.375604 ], [ -0.126865, 51.375482 ], [ -0.126673, 51.374909 ], [ -0.127843, 51.374749 ], [ -0.124744, 51.373661 ], [ -0.12477, 51.372943 ], [ -0.12334, 51.371189 ], [ -0.122098, 51.365808 ], [ -0.124108, 51.365395 ], [ -0.122361, 51.36453 ], [ -0.121302, 51.364733 ], [ -0.120929, 51.36331 ], [ -0.121434, 51.362341 ], [ -0.12139, 51.361064 ], [ -0.122053, 51.36098 ], [ -0.121843, 51.359986 ], [ -0.122928, 51.359918 ], [ -0.12186, 51.359064 ], [ -0.123338, 51.358918 ], [ -0.123457, 51.359152 ], [ -0.124715, 51.358866 ], [ -0.124196, 51.357431 ], [ -0.121429, 51.357731 ], [ -0.120178, 51.353045 ], [ -0.119115, 51.353143 ], [ -0.117366, 51.346648 ], [ -0.116991, 51.346657 ], [ -0.116919, 51.345755 ], [ -0.117313, 51.34568 ], [ -0.118663, 51.345796 ], [ -0.118931, 51.34551 ], [ -0.125925, 51.345239 ], [ -0.126857, 51.344857 ], [ -0.127347, 51.347188 ], [ -0.127556, 51.347445 ], [ -0.128373, 51.347451 ], [ -0.128867, 51.34727 ], [ -0.128993, 51.346588 ], [ -0.131431, 51.346023 ], [ -0.131126, 51.345472 ], [ -0.132893, 51.345437 ], [ -0.132516, 51.3443 ], [ -0.13627, 51.344409 ], [ -0.136358, 51.344792 ], [ -0.136731, 51.344757 ], [ -0.141557, 51.343414 ], [ -0.144214, 51.342293 ], [ -0.144595, 51.342091 ], [ -0.143464, 51.340562 ], [ -0.144306, 51.340222 ], [ -0.144524, 51.339498 ], [ -0.147547, 51.338782 ], [ -0.145617, 51.332431 ], [ -0.145172, 51.331543 ], [ -0.144067, 51.33067 ], [ -0.14933, 51.328766 ], [ -0.144453, 51.326477 ], [ -0.144273, 51.32591 ], [ -0.145584, 51.323504 ], [ -0.147956, 51.322685 ], [ -0.149037, 51.322788 ], [ -0.150595, 51.322173 ], [ -0.152082, 51.322271 ], [ -0.152739, 51.323005 ], [ -0.156569, 51.321511 ], [ -0.161905, 51.319628 ], [ -0.161203, 51.317525 ], [ -0.160507, 51.316875 ], [ -0.159607, 51.317107 ], [ -0.15934, 51.315958 ], [ -0.157196, 51.313392 ], [ -0.158357, 51.310988 ], [ -0.156254, 51.310423 ], [ -0.154341, 51.31032 ], [ -0.157189, 51.306711 ], [ -0.156442, 51.306455 ], [ -0.154535, 51.306451 ], [ -0.15505, 51.305793 ], [ -0.157761, 51.30443 ], [ -0.15671, 51.303591 ], [ -0.155344, 51.301276 ], [ -0.153387, 51.30168 ], [ -0.15105, 51.300724 ], [ -0.149841, 51.300206 ], [ -0.149523, 51.300703 ], [ -0.148478, 51.300706 ], [ -0.145652, 51.29983 ], [ -0.144879, 51.300715 ], [ -0.14445, 51.300543 ], [ -0.143586, 51.301262 ], [ -0.14286, 51.299982 ], [ -0.140989, 51.299562 ], [ -0.13734, 51.300783 ], [ -0.136355, 51.29827 ], [ -0.134458, 51.29838 ], [ -0.131136, 51.295475 ], [ -0.131486, 51.294713 ], [ -0.130558, 51.293119 ], [ -0.126305, 51.28953 ], [ -0.126083, 51.288386 ], [ -0.12432, 51.28676 ], [ -0.117802, 51.287096 ], [ -0.117008, 51.289376 ], [ -0.115756, 51.29073 ], [ -0.115144, 51.291465 ], [ -0.114622, 51.291534 ], [ -0.11485, 51.292435 ], [ -0.11108, 51.292254 ], [ -0.10303, 51.29586 ], [ -0.101167, 51.296288 ], [ -0.094352, 51.299355 ], [ -0.095803, 51.299603 ], [ -0.097272, 51.300297 ], [ -0.097405, 51.301115 ], [ -0.096058, 51.30152 ], [ -0.094414, 51.300615 ], [ -0.091196, 51.301474 ], [ -0.090904, 51.303179 ], [ -0.091199, 51.303393 ], [ -0.090744, 51.303955 ], [ -0.089733, 51.303976 ], [ -0.088759, 51.305106 ], [ -0.088852, 51.30722 ], [ -0.08843, 51.307602 ], [ -0.086605, 51.30886 ], [ -0.081959, 51.310649 ], [ -0.08192, 51.31261 ], [ -0.084829, 51.315868 ], [ -0.083618, 51.316384 ], [ -0.083689, 51.316652 ], [ -0.082267, 51.316952 ], [ -0.082235, 51.316965 ], [ -0.08157, 51.316704 ], [ -0.08022, 51.317823 ], [ -0.078857, 51.318091 ], [ -0.078951, 51.31977 ], [ -0.075147, 51.320199 ], [ -0.071043, 51.321234 ], [ -0.070055, 51.318894 ], [ -0.064021, 51.318638 ], [ -0.062106, 51.319201 ], [ -0.060685, 51.320065 ], [ -0.058419, 51.320384 ], [ -0.056279, 51.321665 ], [ -0.054909, 51.321258 ], [ -0.052508, 51.322383 ], [ -0.051334, 51.322449 ], [ -0.051294, 51.323439 ], [ -0.049792, 51.325268 ], [ -0.047896, 51.325246 ], [ -0.047855, 51.326511 ], [ -0.049096, 51.328609 ], [ -0.048776, 51.328719 ], [ -0.051107, 51.330846 ], [ -0.051068, 51.331595 ], [ -0.050099, 51.332053 ], [ -0.050288, 51.33264 ], [ -0.0485, 51.33279 ], [ -0.04658, 51.333484 ], [ -0.041993, 51.333811 ], [ -0.039842, 51.337227 ], [ -0.037918, 51.338705 ], [ -0.034521, 51.338083 ], [ -0.032797, 51.337438 ], [ -0.030707, 51.337516 ], [ -0.025985, 51.33856 ], [ -0.022084, 51.3381 ], [ -0.020584, 51.337145 ], [ -0.01781, 51.332933 ], [ -0.017058, 51.332904 ], [ -0.015968, 51.332014 ], [ -0.014356, 51.329804 ], [ -0.013632, 51.331526 ], [ -0.011914, 51.332892 ], [ -0.010691, 51.333089 ], [ -0.010902, 51.333628 ], [ -0.009169, 51.333905 ], [ -0.007147, 51.333695 ], [ -0.007238, 51.333387 ], [ -0.001705, 51.330307 ], [ -0.000532, 51.328778 ], [ 0.002266, 51.329138 ], [ 0.002182, 51.329772 ], [ 0.002887, 51.330341 ], [ 0.003283, 51.332155 ], [ 0.00227, 51.33249 ], [ 0.000844, 51.333594 ], [ -0.00292, 51.345522 ], [ -0.00463, 51.349564 ], [ -0.005334, 51.352578 ], [ -0.008685, 51.355826 ], [ -0.011888, 51.357283 ], [ -0.013126, 51.35721 ], [ -0.015646, 51.358873 ], [ -0.018288, 51.361253 ], [ -0.018934, 51.36279 ], [ -0.019783, 51.363615 ], [ -0.022278, 51.365878 ], [ -0.02359, 51.365293 ], [ -0.024496, 51.366781 ], [ -0.02312, 51.367009 ], [ -0.02381, 51.371316 ], [ -0.023594, 51.37222 ], [ -0.026153, 51.376451 ], [ -0.026822, 51.379375 ], [ -0.028041, 51.379359 ], [ -0.028272, 51.378198 ], [ -0.02976, 51.377344 ], [ -0.036797, 51.376996 ], [ -0.036352, 51.379004 ], [ -0.036929, 51.378954 ], [ -0.037899, 51.383232 ], [ -0.036525, 51.388462 ], [ -0.042772, 51.389452 ], [ -0.04471, 51.390503 ], [ -0.046236, 51.391996 ], [ -0.046827, 51.391843 ], [ -0.047764, 51.393037 ], [ -0.051718, 51.393581 ], [ -0.051725, 51.393997 ], [ -0.053506, 51.394919 ], [ -0.050978, 51.397126 ], [ -0.050435, 51.398024 ], [ -0.05086, 51.397718 ], [ -0.052131, 51.398292 ], [ -0.050655, 51.399564 ], [ -0.052991, 51.401462 ], [ -0.056854, 51.400504 ], [ -0.059413, 51.399253 ], [ -0.060586, 51.399124 ], [ -0.060182, 51.399552 ], [ -0.062186, 51.401534 ], [ -0.063789, 51.401565 ], [ -0.064639, 51.401721 ], [ -0.0645, 51.40204 ], [ -0.066411, 51.402584 ], [ -0.068592, 51.403845 ], [ -0.070209, 51.406256 ], [ -0.072859, 51.408484 ], [ -0.073544, 51.410473 ], [ -0.072757, 51.412693 ], [ -0.075175, 51.413541 ], [ -0.076528, 51.414437 ], [ -0.080416, 51.415545 ], [ -0.080763, 51.416016 ], [ -0.08109, 51.417309 ], [ -0.078588, 51.419876 ], [ -0.083244, 51.41974 ], [ -0.086309, 51.419284 ], [ -0.088363, 51.420006 ], [ -0.092728, 51.422554 ], [ -0.094889, 51.422821 ], [ -0.096873, 51.422676 ], [ -0.105988, 51.422595 ], [ -0.109285, 51.423178 ] ] ] } },
{ "type": "Feature", "properties": { "borough_gss": "E09000009", "borough_name": "Ealing" }, "bbox": [ -0.41959, 51.49047, -0.245095, 51.559684 ], "geometry": { "type": "Polygon", "coordinates": [ [ [ -0.327023, 51.555011 ], [ -0.335584, 51.556583 ], [ -0.338325, 51.557224 ], [ -0.343981, 51.557793 ], [ -0.347555, 51.559684 ], [ -0.362348, 51.557281 ], [ -0.362541, 51.556025 ], [ -0.366589, 51.555321 ], [ -0.366993, 51.554996 ], [ -0.369842, 51.554587 ], [ -0.372855, 51.553717 ], [ -0.373365, 51.554025 ], [ -0.373908, 51.55391 ], [ -0.375861, 51.553061 ], [ -0.377808, 51.554987 ], [ -0.377689, 51.554688 ], [ -0.385269, 51.551171 ], [ -0.393944, 51.548697 ], [ -0.394987, 51.548756 ], [ -0.395008, 51.548038 ], [ -0.394889, 51.547637 ], [ -0.398721, 51.547891 ], [ -0.397886, 51.545662 ], [ -0.396557, 51.545962 ], [ -0.396242, 51.545532 ], [ -0.395273, 51.542548 ], [ -0.397673, 51.542325 ], [ -0.404852, 51.542507 ], [ -0.416778, 51.540161 ], [ -0.418322, 51.54009 ], [ -0.419408, 51.540412 ], [ -0.419408, 51.539905 ], [ -0.418161, 51.53915 ], [ -0.41959, 51.538694 ], [ -0.419475, 51.538359 ], [ -0.417467, 51.537802 ], [ -0.417397, 51.536611 ], [ -0.415339, 51.536567 ], [ -0.414858, 51.536017 ], [ -0.413851, 51.53575 ], [ -0.413481, 51.534692 ], [ -0.412269, 51.534505 ], [ -0.411833, 51.534084 ], [ -0.411084, 51.534288 ], [ -0.392346, 51.531401 ], [ -0.389279, 51.530799 ], [ -0.387115, 51.529556 ], [ -0.386544, 51.530391 ], [ -0.380999, 51.529416 ], [ -0.376385, 51.528888 ], [ -0.376181, 51.524915 ], [ -0.381776, 51.518635 ], [ -0.383447, 51.517492 ], [ -0.384989, 51.516363 ], [ -0.389023, 51.514735 ], [ -0.390444, 51.513202 ], [ -0.392861, 51.507794 ], [ -0.393586, 51.506969 ], [ -0.39987, 51.50443 ], [ -0.402776, 51.503644 ], [ -0.40388, 51.502931 ], [ -0.403893, 51.502918 ], [ -0.406905, 51.499694 ], [ -0.38932, 51.495161 ], [ -0.387105, 51.494688 ], [ -0.384567, 51.494695 ], [ -0.381846, 51.495225 ], [ -0.377893, 51.496605 ], [ -0.377885, 51.495447 ], [ -0.37584, 51.495402 ], [ -0.375021, 51.494 ], [ -0.373802, 51.49193 ], [ -0.37242, 51.490984 ], [ -0.371948, 51.49098 ], [ -0.371872, 51.49047 ], [ -0.367927, 51.491798 ], [ -0.368378, 51.492297 ], [ -0.366975, 51.492779 ], [ -0.365801, 51.493658 ], [ -0.365382, 51.493326 ], [ -0.363732, 51.494699 ], [ -0.363627, 51.495479 ], [ -0.362998, 51.495933 ], [ -0.361918, 51.496081 ], [ -0.358028, 51.497785 ], [ -0.3507, 51.499108 ], [ -0.349788, 51.499029 ], [ -0.342114, 51.496041 ], [ -0.335362, 51.496212 ], [ -0.331261, 51.495549 ], [ -0.329976, 51.495075 ], [ -0.327441, 51.496028 ], [ -0.326159, 51.49503 ], [ -0.324758, 51.496012 ], [ -0.324025, 51.495765 ], [ -0.323434, 51.495899 ], [ -0.319211, 51.494223 ], [ -0.315789, 51.495904 ], [ -0.315291, 51.495555 ], [ -0.315733, 51.495346 ], [ -0.314475, 51.494363 ], [ -0.315104, 51.493964 ], [ -0.314414, 51.493448 ], [ -0.313942, 51.49359 ], [ -0.311925, 51.49197 ], [ -0.308403, 51.493584 ], [ -0.305441, 51.494538 ], [ -0.305851, 51.496181 ], [ -0.301356, 51.495226 ], [ -0.301111, 51.494418 ], [ -0.297553, 51.49489 ], [ -0.299946, 51.497813 ], [ -0.300716, 51.499344 ], [ -0.29405, 51.501562 ], [ -0.286811, 51.500663 ], [ -0.285733, 51.500779 ], [ -0.280784, 51.50285 ], [ -0.277896, 51.499488 ], [ -0.27424, 51.497274 ], [ -0.272481, 51.496148 ], [ -0.271426, 51.494803 ], [ -0.268923, 51.494011 ], [ -0.255432, 51.494977 ], [ -0.255513, 51.496275 ], [ -0.255117, 51.49635 ], [ -0.255027, 51.496971 ], [ -0.252787, 51.499905 ], [ -0.253084, 51.5014 ], [ -0.253366, 51.502882 ], [ -0.25509, 51.50432 ], [ -0.253659, 51.504291 ], [ -0.253764, 51.504554 ], [ -0.252544, 51.504712 ], [ -0.252515, 51.504511 ], [ -0.249929, 51.504435 ], [ -0.249431, 51.504681 ], [ -0.24928, 51.504439 ], [ -0.248081, 51.504608 ], [ -0.248011, 51.504358 ], [ -0.245703, 51.504625 ], [ -0.246511, 51.506731 ], [ -0.245146, 51.50674 ], [ -0.245095, 51.506769 ], [ -0.24665, 51.511246 ], [ -0.249, 51.513885 ], [ -0.250605, 51.51854 ], [ -0.250722, 51.519483 ], [ -0.250305, 51.520157 ], [ -0.251824, 51.522105 ], [ -0.252529, 51.525088 ], [ -0.250295, 51.527184 ], [ -0.250621, 51.527783 ], [ -0.250066, 51.528196 ], [ -0.250468, 51.528342 ], [ -0.249645, 51.529075 ], [ -0.246956, 51.53073 ], [ -0.245269, 51.531213 ], [ -0.246995, 51.531783 ], [ -0.246311, 51.532752 ], [ -0.247359, 51.533514 ], [ -0.250774, 51.534183 ], [ -0.251141, 51.533896 ], [ -0.252341, 51.534143 ], [ -0.255664, 51.533986 ], [ -0.25605, 51.533952 ], [ -0.256452, 51.534936 ], [ -0.257809, 51.535337 ], [ -0.260434, 51.534534 ], [ -0.263378, 51.532677 ], [ -0.264854, 51.532185 ], [ -0.264873, 51.531641 ], [ -0.26661, 51.530513 ], [ -0.269022, 51.529738 ], [ -0.269676, 51.530002 ], [ -0.270418, 51.529764 ], [ -0.270593, 51.530044 ], [ -0.271461, 51.529945 ], [ -0.277196, 51.529233 ], [ -0.280479, 51.528406 ], [ -0.282968, 51.528843 ], [ -0.285752, 51.529179 ], [ -0.289388, 51.531667 ], [ -0.284039, 51.533518 ], [ -0.283539, 51.532818 ], [ -0.281509, 51.533241 ], [ -0.280951, 51.532576 ], [ -0.27901, 51.533209 ], [ -0.278473, 51.534564 ], [ -0.277798, 51.535071 ], [ -0.281841, 51.538105 ], [ -0.282486, 51.538665 ], [ -0.286752, 51.536755 ], [ -0.293294, 51.534971 ], [ -0.295173, 51.534892 ], [ -0.295825, 51.535303 ], [ -0.296589, 51.53524 ], [ -0.299557, 51.533252 ], [ -0.302732, 51.531982 ], [ -0.307501, 51.533066 ], [ -0.306257, 51.53423 ], [ -0.305967, 51.539429 ], [ -0.304726, 51.539862 ], [ -0.308534, 51.543201 ], [ -0.307999, 51.544432 ], [ -0.30889, 51.545217 ], [ -0.307124, 51.545324 ], [ -0.308601, 51.546448 ], [ -0.311495, 51.547559 ], [ -0.312559, 51.549025 ], [ -0.317779, 51.551616 ], [ -0.327023, 51.555011 ] ] ] } },
{ "type": "Feature", "properties": { "borough_gss": "E09000010", "borough_name": "Enfield" }, "bbox": [ -0.185891, 51.605631, -0.008967, 51.691873 ], "geometry": { "type": "Polygon", "coordinates": [ [ [ -0.099561, 51.691112 ], [ -0.105805, 51.691873 ], [ -0.109775, 51.691672 ], [ -0.109646, 51.69149 ], [ -0.112922, 51.690819 ], [ -0.118124, 51.68896 ], [ -0.122208, 51.688543 ], [ -0.130275, 51.688912 ], [ -0.134675, 51.688803 ], [ -0.138426, 51.688206 ], [ -0.144683, 51.686332 ], [ -0.149395, 51.685515 ], [ -0.153283, 51.685854 ], [ -0.158017, 51.687238 ], [ -0.163518, 51.688111 ], [ -0.163528, 51.685913 ], [ -0.163632, 51.6824 ], [ -0.172498, 51.673088 ], [ -0.174984, 51.673212 ], [ -0.175355, 51.673446 ], [ -0.175683, 51.67316 ], [ -0.175466, 51.672589 ], [ -0.176411, 51.672642 ], [ -0.177031, 51.672676 ], [ -0.176737, 51.672096 ], [ -0.18211, 51.668601 ], [ -0.185454, 51.66353 ], [ -0.185891, 51.662833 ], [ -0.175585, 51.660574 ], [ -0.165042, 51.658224 ], [ -0.163504, 51.658166 ], [ -0.160515, 51.656751 ], [ -0.154788, 51.655531 ], [ -0.154723, 51.655028 ], [ -0.153782, 51.654664 ], [ -0.15349, 51.653303 ], [ -0.154231, 51.652975 ], [ -0.154051, 51.652561 ], [ -0.153502, 51.652696 ], [ -0.152565, 51.651467 ], [ -0.15227, 51.649846 ], [ -0.151019, 51.650076 ], [ -0.14992, 51.648792 ], [ -0.152274, 51.647984 ], [ -0.152383, 51.64764 ], [ -0.151068, 51.647205 ], [ -0.152168, 51.645823 ], [ -0.15133, 51.645281 ], [ -0.149174, 51.645261 ], [ -0.149048, 51.644178 ], [ -0.147921, 51.642081 ], [ -0.145103, 51.642647 ], [ -0.142319, 51.639313 ], [ -0.138436, 51.636513 ], [ -0.134534, 51.634695 ], [ -0.134437, 51.633972 ], [ -0.134004, 51.634041 ], [ -0.133295, 51.633265 ], [ -0.131357, 51.632578 ], [ -0.129147, 51.632266 ], [ -0.129803, 51.63096 ], [ -0.130206, 51.631021 ], [ -0.131147, 51.629662 ], [ -0.130467, 51.629377 ], [ -0.13114, 51.629019 ], [ -0.132488, 51.627203 ], [ -0.133539, 51.626355 ], [ -0.134222, 51.623955 ], [ -0.13507, 51.622336 ], [ -0.135572, 51.622393 ], [ -0.135462, 51.621689 ], [ -0.14064, 51.617732 ], [ -0.141291, 51.617546 ], [ -0.142059, 51.616278 ], [ -0.144536, 51.615484 ], [ -0.138786, 51.610192 ], [ -0.135283, 51.611215 ], [ -0.127902, 51.609438 ], [ -0.126337, 51.609302 ], [ -0.125355, 51.610018 ], [ -0.124898, 51.609944 ], [ -0.123543, 51.608707 ], [ -0.119203, 51.608364 ], [ -0.118736, 51.608652 ], [ -0.117517, 51.6082 ], [ -0.117289, 51.608435 ], [ -0.115648, 51.608426 ], [ -0.11447, 51.608401 ], [ -0.110818, 51.608611 ], [ -0.10989, 51.608253 ], [ -0.103515, 51.608427 ], [ -0.102539, 51.608044 ], [ -0.101511, 51.608517 ], [ -0.097486, 51.60852 ], [ -0.097681, 51.608924 ], [ -0.095812, 51.609298 ], [ -0.095158, 51.608657 ], [ -0.09358, 51.609001 ], [ -0.092486, 51.608846 ], [ -0.092472, 51.609097 ], [ -0.091443, 51.608791 ], [ -0.085625, 51.608469 ], [ -0.076673, 51.60841 ], [ -0.07087, 51.608792 ], [ -0.067508, 51.608643 ], [ -0.06714, 51.608939 ], [ -0.065045, 51.608587 ], [ -0.054379, 51.608863 ], [ -0.05291, 51.608505 ], [ -0.052916, 51.6081 ], [ -0.050231, 51.607355 ], [ -0.041451, 51.605631 ], [ -0.035278, 51.608232 ], [ -0.034021, 51.609487 ], [ -0.034187, 51.610302 ], [ -0.035575, 51.612004 ], [ -0.035389, 51.612981 ], [ -0.032421, 51.616622 ], [ -0.025998, 51.621763 ], [ -0.024051, 51.624643 ], [ -0.023419, 51.625277 ], [ -0.016835, 51.633528 ], [ -0.015266, 51.635505 ], [ -0.014793, 51.636738 ], [ -0.013278, 51.639847 ], [ -0.012285, 51.646233 ], [ -0.011864, 51.648846 ], [ -0.011806, 51.653034 ], [ -0.008967, 51.660216 ], [ -0.009112, 51.661007 ], [ -0.009858, 51.661769 ], [ -0.01152, 51.663889 ], [ -0.011245, 51.667604 ], [ -0.010585, 51.669135 ], [ -0.011397, 51.6707 ], [ -0.011377, 51.671916 ], [ -0.010355, 51.676662 ], [ -0.011092, 51.680867 ], [ -0.011945, 51.680875 ], [ -0.019798, 51.681149 ], [ -0.028403, 51.68233 ], [ -0.033426, 51.682492 ], [ -0.043698, 51.683094 ], [ -0.043656, 51.683339 ], [ -0.044269, 51.683432 ], [ -0.047186, 51.683453 ], [ -0.048346, 51.684074 ], [ -0.048947, 51.684045 ], [ -0.049207, 51.684269 ], [ -0.051721, 51.683533 ], [ -0.056627, 51.682986 ], [ -0.062043, 51.683006 ], [ -0.066368, 51.683843 ], [ -0.079021, 51.688912 ], [ -0.083936, 51.689962 ], [ -0.094803, 51.690111 ], [ -0.099561, 51.691112 ] ] ] } },
{ "type": "Feature", "properties": { "borough_gss": "E09000011", "borough_name": "Greenwich" }, "bbox": [ -0.0264, 51.423735, 0.124158, 51.511446 ], "geometry": { "type": "MultiPolygon", "coordinates": [ [ [ [ -0.02062, 51.476696 ], [ -0.020582, 51.476722 ], [ -0.020621, 51.476708 ], [ -0.020623, 51.476694 ], [ -0.02062, 51.476696 ] ] ], [ [ [ -0.016417, 51.481464 ], [ -0.018161, 51.481963 ], [ -0.018852, 51.483479 ], [ -0.022727, 51.484557 ], [ -0.02474, 51.485482 ], [ -0.024743, 51.485484 ], [ -0.025201, 51.485022 ], [ -0.025819, 51.482188 ], [ -0.0264, 51.481508 ], [ -0.023161, 51.480737 ], [ -0.023068, 51.479629 ], [ -0.020367, 51.479936 ], [ -0.020417, 51.480226 ], [ -0.017875, 51.48088 ], [ -0.017119, 51.480407 ], [ -0.016417, 51.481464 ] ] ], [ [ [ 0.1205, 51.511093 ], [ 0.120185, 51.511446 ], [ 0.11346, 51.510147 ], [ 0.106858, 51.509413 ], [ 0.099432, 51.509639 ], [ 0.09454, 51.508954 ], [ 0.091957, 51.508983 ], [ 0.088005, 51.5055 ], [ 0.087992, 51.505447 ], [ 0.087618, 51.503918 ], [ 0.086835, 51.50339 ], [ 0.086636, 51.503546 ], [ 0.083679, 51.500415 ], [ 0.082288, 51.498941 ], [ 0.076218, 51.495846 ], [ 0.075979, 51.495941 ], [ 0.075718, 51.496045 ], [ 0.070305, 51.495128 ], [ 0.064077, 51.494676 ], [ 0.064138, 51.49445 ], [ 0.063902, 51.49468 ], [ 0.061159, 51.494548 ], [ 0.059285, 51.494458 ], [ 0.059128, 51.494129 ], [ 0.058864, 51.49443 ], [ 0.057991, 51.494422 ], [ 0.057755, 51.494038 ], [ 0.057542, 51.494441 ], [ 0.044759, 51.495172 ], [ 0.040272, 51.495428 ], [ 0.029017, 51.493847 ], [ 0.029013, 51.493847 ], [ 0.024267, 51.493819 ], [ 0.02213, 51.494282 ], [ 0.021979, 51.493889 ], [ 0.021546, 51.493951 ], [ 0.021471, 51.494472 ], [ 0.017934, 51.495048 ], [ 0.015397, 51.496259 ], [ 0.013855, 51.496994 ], [ 0.008265, 51.501731 ], [ 0.00512, 51.504396 ], [ 0.003231, 51.504938 ], [ 0.000794, 51.504531 ], [ -0.000766, 51.503798 ], [ -0.001769, 51.502842 ], [ -0.00208, 51.502115 ], [ -0.001547, 51.50203 ], [ -0.00161, 51.5019 ], [ -0.001915, 51.501266 ], [ -0.002256, 51.50127 ], [ -0.002213, 51.499841 ], [ -0.001005, 51.496277 ], [ -0.000241, 51.495228 ], [ 0.000694, 51.495442 ], [ 0.000722, 51.49507 ], [ 0.001, 51.495154 ], [ 0.000964, 51.494411 ], [ 0.00156, 51.494034 ], [ 0.001926, 51.492919 ], [ 0.001927, 51.492913 ], [ 0.002343, 51.492987 ], [ 0.002661, 51.491865 ], [ 0.002376, 51.489528 ], [ 0.00135, 51.487814 ], [ -0.000049, 51.48673 ], [ -0.001207, 51.48632 ], [ -0.003294, 51.484864 ], [ -0.004555, 51.484614 ], [ -0.004587, 51.484608 ], [ -0.004696, 51.484574 ], [ -0.007282, 51.483774 ], [ -0.00996, 51.483603 ], [ -0.011051, 51.483326 ], [ -0.011063, 51.483323 ], [ -0.01116, 51.483021 ], [ -0.013567, 51.482896 ], [ -0.015293, 51.483131 ], [ -0.015712, 51.482928 ], [ -0.016371, 51.482964 ], [ -0.016356, 51.483227 ], [ -0.017925, 51.483195 ], [ -0.017936, 51.482547 ], [ -0.015014, 51.481746 ], [ -0.015741, 51.481638 ], [ -0.016858, 51.480097 ], [ -0.018397, 51.479366 ], [ -0.018957, 51.478448 ], [ -0.019102, 51.47821 ], [ -0.019095, 51.4781 ], [ -0.019066, 51.47766 ], [ -0.019027, 51.477049 ], [ -0.020501, 51.476582 ], [ -0.020585, 51.475658 ], [ -0.021193, 51.475263 ], [ -0.022537, 51.475354 ], [ -0.022588, 51.475358 ], [ -0.022887, 51.475312 ], [ -0.022819, 51.474463 ], [ -0.022599, 51.474111 ], [ -0.020001, 51.473004 ], [ -0.020333, 51.4723 ], [ -0.019327, 51.472036 ], [ -0.018685, 51.470686 ], [ -0.019271, 51.470503 ], [ -0.01914, 51.470009 ], [ -0.017204, 51.469343 ], [ -0.016949, 51.469056 ], [ -0.016563, 51.469226 ], [ -0.01509, 51.468036 ], [ -0.013132, 51.46894 ], [ -0.015184, 51.471769 ], [ -0.014541, 51.471916 ], [ -0.014069, 51.472675 ], [ -0.012519, 51.472341 ], [ -0.008143, 51.472757 ], [ -0.000983, 51.471812 ], [ 0.01208, 51.47317 ], [ 0.017937, 51.47383 ], [ 0.014976, 51.473081 ], [ 0.015504, 51.471316 ], [ 0.016673, 51.469514 ], [ 0.016518, 51.469129 ], [ 0.016332, 51.468974 ], [ 0.014318, 51.46975 ], [ 0.012584, 51.469808 ], [ 0.013063, 51.468146 ], [ 0.012675, 51.467397 ], [ 0.01324, 51.466839 ], [ 0.011511, 51.466236 ], [ 0.009069, 51.465873 ], [ 0.009877, 51.459631 ], [ 0.010422, 51.458483 ], [ 0.011511, 51.456615 ], [ 0.01401, 51.455728 ], [ 0.017519, 51.455032 ], [ 0.018324, 51.451575 ], [ 0.019534, 51.451707 ], [ 0.019859, 51.450732 ], [ 0.015105, 51.450208 ], [ 0.014941, 51.450615 ], [ 0.015075, 51.45001 ], [ 0.021947, 51.448943 ], [ 0.022396, 51.448123 ], [ 0.022942, 51.447205 ], [ 0.021213, 51.446692 ], [ 0.021491, 51.444443 ], [ 0.020598, 51.444209 ], [ 0.021483, 51.442735 ], [ 0.025416, 51.441738 ], [ 0.027768, 51.441511 ], [ 0.029359, 51.441705 ], [ 0.030577, 51.444317 ], [ 0.033471, 51.443592 ], [ 0.035544, 51.442446 ], [ 0.039781, 51.440992 ], [ 0.042185, 51.439481 ], [ 0.043311, 51.437747 ], [ 0.045183, 51.436603 ], [ 0.045147, 51.436219 ], [ 0.047785, 51.433753 ], [ 0.051049, 51.43153 ], [ 0.054827, 51.427522 ], [ 0.0582, 51.424883 ], [ 0.05859, 51.424596 ], [ 0.060902, 51.425074 ], [ 0.061708, 51.423735 ], [ 0.063202, 51.424203 ], [ 0.064432, 51.425046 ], [ 0.064196, 51.425369 ], [ 0.066579, 51.426015 ], [ 0.066404, 51.426338 ], [ 0.066935, 51.426722 ], [ 0.071943, 51.429653 ], [ 0.073471, 51.43126 ], [ 0.073035, 51.431379 ], [ 0.073328, 51.431774 ], [ 0.074305, 51.43149 ], [ 0.074836, 51.430831 ], [ 0.075341, 51.431985 ], [ 0.074642, 51.432147 ], [ 0.076077, 51.433281 ], [ 0.075666, 51.433625 ], [ 0.076374, 51.434006 ], [ 0.075879, 51.434455 ], [ 0.076495, 51.434849 ], [ 0.074954, 51.435869 ], [ 0.07655, 51.436869 ], [ 0.077814, 51.436442 ], [ 0.078436, 51.437118 ], [ 0.078799, 51.438136 ], [ 0.080825, 51.440377 ], [ 0.081782, 51.43997 ], [ 0.084434, 51.441977 ], [ 0.082967, 51.442734 ], [ 0.082992, 51.44342 ], [ 0.084708, 51.442603 ], [ 0.08628, 51.443242 ], [ 0.0874, 51.443284 ], [ 0.086343, 51.445307 ], [ 0.087381, 51.445743 ], [ 0.088086, 51.447255 ], [ 0.087845, 51.448703 ], [ 0.086828, 51.450434 ], [ 0.085714, 51.456448 ], [ 0.081387, 51.457788 ], [ 0.078828, 51.459149 ], [ 0.082915, 51.459829 ], [ 0.08223, 51.461126 ], [ 0.082602, 51.463606 ], [ 0.082108, 51.464757 ], [ 0.082286, 51.466641 ], [ 0.083212, 51.466477 ], [ 0.084782, 51.46873 ], [ 0.087026, 51.46997 ], [ 0.089092, 51.470451 ], [ 0.091301, 51.472077 ], [ 0.093168, 51.472952 ], [ 0.094466, 51.473268 ], [ 0.096549, 51.473258 ], [ 0.098223, 51.475452 ], [ 0.100232, 51.475227 ], [ 0.101978, 51.474463 ], [ 0.10248, 51.474916 ], [ 0.103325, 51.474586 ], [ 0.104876, 51.475527 ], [ 0.105175, 51.475237 ], [ 0.105627, 51.475457 ], [ 0.106149, 51.475016 ], [ 0.108163, 51.476116 ], [ 0.111958, 51.473072 ], [ 0.112457, 51.473418 ], [ 0.113984, 51.47517 ], [ 0.11551, 51.476195 ], [ 0.118444, 51.478903 ], [ 0.120875, 51.478453 ], [ 0.124158, 51.476847 ], [ 0.122017, 51.482994 ], [ 0.121271, 51.491105 ], [ 0.120947, 51.5008 ], [ 0.1205, 51.511093 ] ] ] ] } },
{ "type": "Feature", "properties": { "borough_gss": "E09000012", "borough_name": "Hackney" }, "bbox": [ -0.104397, 51.51985, -0.016577, 51.577784 ], "geometry": { "type": "Polygon", "coordinates": [ [ [ -0.061184, 51.577784 ], [ -0.066779, 51.57662 ], [ -0.066745, 51.576356 ], [ -0.072417, 51.575629 ], [ -0.074448, 51.575679 ], [ -0.075324, 51.575325 ], [ -0.075787, 51.575489 ], [ -0.076267, 51.574934 ], [ -0.080876, 51.575638 ], [ -0.085687, 51.575038 ], [ -0.087231, 51.574699 ], [ -0.086872, 51.574292 ], [ -0.089981, 51.574386 ], [ -0.09139, 51.574003 ], [ -0.093583, 51.573974 ], [ -0.094711, 51.573589 ], [ -0.096613, 51.573815 ], [ -0.097664, 51.573652 ], [ -0.096055, 51.570654 ], [ -0.0981, 51.569103 ], [ -0.104061, 51.564966 ], [ -0.104397, 51.564776 ], [ -0.099592, 51.561561 ], [ -0.098588, 51.560838 ], [ -0.096032, 51.561227 ], [ -0.091747, 51.560227 ], [ -0.090416, 51.557575 ], [ -0.090403, 51.55415 ], [ -0.0893, 51.553741 ], [ -0.088585, 51.553943 ], [ -0.087552, 51.552823 ], [ -0.085504, 51.552162 ], [ -0.080288, 51.55191 ], [ -0.07944, 51.551652 ], [ -0.07775, 51.549464 ], [ -0.076441, 51.547317 ], [ -0.076378, 51.546353 ], [ -0.076839, 51.54608 ], [ -0.083836, 51.546588 ], [ -0.083661, 51.545065 ], [ -0.086585, 51.537365 ], [ -0.086617, 51.537255 ], [ -0.089691, 51.536008 ], [ -0.093168, 51.534392 ], [ -0.097034, 51.532982 ], [ -0.095113, 51.530052 ], [ -0.095402, 51.529199 ], [ -0.091516, 51.528196 ], [ -0.088656, 51.527386 ], [ -0.08744, 51.525958 ], [ -0.086795, 51.525789 ], [ -0.085022, 51.526203 ], [ -0.084751, 51.525416 ], [ -0.085443, 51.524512 ], [ -0.085139, 51.523925 ], [ -0.084224, 51.523901 ], [ -0.085218, 51.520335 ], [ -0.08315, 51.51985 ], [ -0.081799, 51.520744 ], [ -0.081067, 51.521971 ], [ -0.07856, 51.521504 ], [ -0.078279, 51.521901 ], [ -0.076485, 51.522045 ], [ -0.076146, 51.522367 ], [ -0.075768, 51.52368 ], [ -0.075954, 51.524337 ], [ -0.076483, 51.524311 ], [ -0.076668, 51.526345 ], [ -0.076324, 51.527141 ], [ -0.0773, 51.527304 ], [ -0.075742, 51.528357 ], [ -0.074602, 51.529851 ], [ -0.072855, 51.530655 ], [ -0.06628, 51.531224 ], [ -0.065203, 51.533145 ], [ -0.065036, 51.532903 ], [ -0.062217, 51.533258 ], [ -0.062887, 51.534917 ], [ -0.06246, 51.535531 ], [ -0.0601, 51.534195 ], [ -0.058785, 51.534104 ], [ -0.057329, 51.534415 ], [ -0.054707, 51.535153 ], [ -0.052883, 51.534939 ], [ -0.052404, 51.53593 ], [ -0.05094, 51.536461 ], [ -0.049728, 51.536345 ], [ -0.047187, 51.535448 ], [ -0.044993, 51.53578 ], [ -0.041521, 51.537441 ], [ -0.040767, 51.538115 ], [ -0.037449, 51.54128 ], [ -0.037174, 51.541413 ], [ -0.037761, 51.541797 ], [ -0.03321, 51.544685 ], [ -0.029581, 51.543089 ], [ -0.029019, 51.542271 ], [ -0.025612, 51.543337 ], [ -0.019881, 51.543581 ], [ -0.016577, 51.543328 ], [ -0.017459, 51.547537 ], [ -0.018942, 51.550482 ], [ -0.018994, 51.551598 ], [ -0.017168, 51.551575 ], [ -0.017193, 51.551674 ], [ -0.017504, 51.553392 ], [ -0.018471, 51.555176 ], [ -0.023034, 51.557271 ], [ -0.023969, 51.557373 ], [ -0.024378, 51.558656 ], [ -0.025891, 51.559923 ], [ -0.028552, 51.561072 ], [ -0.030058, 51.561364 ], [ -0.033308, 51.560621 ], [ -0.036417, 51.561504 ], [ -0.038838, 51.561161 ], [ -0.040077, 51.561778 ], [ -0.04239, 51.561367 ], [ -0.045154, 51.56179 ], [ -0.045726, 51.56225 ], [ -0.04722, 51.56266 ], [ -0.046727, 51.564379 ], [ -0.051177, 51.567724 ], [ -0.053159, 51.568573 ], [ -0.054292, 51.570197 ], [ -0.056399, 51.570794 ], [ -0.058431, 51.572525 ], [ -0.061184, 51.577784 ] ] ] } },
{ "type": "Feature", "properties": { "borough_gss": "E09000013", "borough_name": "Hammersmith and Fulham" }, "bbox": [ -0.25509, 51.46484, -0.179387, 51.532752 ], "geometry": { "type": "Polygon", "coordinates": [ [ [ -0.233843, 51.532332 ], [ -0.234424, 51.532637 ], [ -0.23735, 51.532018 ], [ -0.243429, 51.531785 ], [ -0.246311, 51.532752 ], [ -0.246995, 51.531783 ], [ -0.245269, 51.531213 ], [ -0.246956, 51.53073 ], [ -0.249645, 51.529075 ], [ -0.250468, 51.528342 ], [ -0.250066, 51.528196 ], [ -0.250621, 51.527783 ], [ -0.250295, 51.527184 ], [ -0.252529, 51.525088 ], [ -0.251824, 51.522105 ], [ -0.250305, 51.520157 ], [ -0.250722, 51.519483 ], [ -0.250605, 51.51854 ], [ -0.249, 51.513885 ], [ -0.24665, 51.511246 ], [ -0.245095, 51.506769 ], [ -0.245146, 51.50674 ], [ -0.246511, 51.506731 ], [ -0.245703, 51.504625 ], [ -0.248011, 51.504358 ], [ -0.248081, 51.504608 ], [ -0.24928, 51.504439 ], [ -0.249431, 51.504681 ], [ -0.249929, 51.504435 ], [ -0.252515, 51.504511 ], [ -0.252544, 51.504712 ], [ -0.253764, 51.504554 ], [ -0.253659, 51.504291 ], [ -0.25509, 51.50432 ], [ -0.253366, 51.502882 ], [ -0.253084, 51.5014 ], [ -0.251321, 51.499846 ], [ -0.249235, 51.49695 ], [ -0.245292, 51.498384 ], [ -0.245004, 51.497895 ], [ -0.244421, 51.497943 ], [ -0.245607, 51.490157 ], [ -0.245283, 51.489278 ], [ -0.244518, 51.488712 ], [ -0.243083, 51.489432 ], [ -0.240517, 51.490099 ], [ -0.234618, 51.490399 ], [ -0.234486, 51.490405 ], [ -0.234392, 51.49041 ], [ -0.232808, 51.490187 ], [ -0.228692, 51.488826 ], [ -0.227629, 51.487444 ], [ -0.227597, 51.487406 ], [ -0.226472, 51.486047 ], [ -0.225029, 51.484305 ], [ -0.224101, 51.482433 ], [ -0.22364, 51.481894 ], [ -0.224048, 51.481698 ], [ -0.223571, 51.477393 ], [ -0.22331, 51.476695 ], [ -0.222578, 51.474745 ], [ -0.221525, 51.473482 ], [ -0.216807, 51.469605 ], [ -0.211331, 51.467406 ], [ -0.21101, 51.467311 ], [ -0.210529, 51.467736 ], [ -0.210556, 51.467137 ], [ -0.202781, 51.465339 ], [ -0.199552, 51.465004 ], [ -0.197642, 51.464993 ], [ -0.197572, 51.464993 ], [ -0.1974, 51.46521 ], [ -0.197168, 51.464975 ], [ -0.194183, 51.46484 ], [ -0.190461, 51.465262 ], [ -0.188574, 51.465837 ], [ -0.18631, 51.466527 ], [ -0.184496, 51.467682 ], [ -0.183088, 51.469217 ], [ -0.181013, 51.472599 ], [ -0.179387, 51.477622 ], [ -0.180438, 51.477706 ], [ -0.182492, 51.477113 ], [ -0.184194, 51.477178 ], [ -0.183891, 51.477435 ], [ -0.183877, 51.477434 ], [ -0.183908, 51.477439 ], [ -0.186548, 51.47987 ], [ -0.188285, 51.480964 ], [ -0.190799, 51.483168 ], [ -0.193621, 51.485813 ], [ -0.195988, 51.487372 ], [ -0.196448, 51.487206 ], [ -0.198222, 51.488064 ], [ -0.202384, 51.491664 ], [ -0.201835, 51.491851 ], [ -0.203107, 51.493371 ], [ -0.207388, 51.496147 ], [ -0.208001, 51.496022 ], [ -0.21027, 51.498128 ], [ -0.214133, 51.50077 ], [ -0.215045, 51.502188 ], [ -0.21701, 51.504464 ], [ -0.217035, 51.504501 ], [ -0.21799, 51.506145 ], [ -0.215963, 51.506401 ], [ -0.216143, 51.507519 ], [ -0.215203, 51.507647 ], [ -0.215546, 51.508393 ], [ -0.215821, 51.509115 ], [ -0.216842, 51.509444 ], [ -0.21721, 51.510392 ], [ -0.218052, 51.510227 ], [ -0.217889, 51.509759 ], [ -0.219286, 51.509575 ], [ -0.220271, 51.511732 ], [ -0.222476, 51.515409 ], [ -0.226563, 51.519577 ], [ -0.2283, 51.521096 ], [ -0.226729, 51.521977 ], [ -0.22662, 51.524796 ], [ -0.227195, 51.524793 ], [ -0.227412, 51.527892 ], [ -0.228728, 51.529878 ], [ -0.228503, 51.530353 ], [ -0.231394, 51.531089 ], [ -0.233843, 51.532332 ] ] ] } },
{ "type": "Feature", "properties": { "borough_gss": "E09000014", "borough_name": "Haringey" }, "bbox": [ -0.171285, 51.564635, -0.041451, 51.611215 ], "geometry": { "type": "Polygon", "coordinates": [ [ [ -0.127902, 51.609438 ], [ -0.135283, 51.611215 ], [ -0.138786, 51.610192 ], [ -0.143451, 51.608846 ], [ -0.143104, 51.606346 ], [ -0.142025, 51.603785 ], [ -0.144199, 51.60111 ], [ -0.144495, 51.600126 ], [ -0.15138, 51.597448 ], [ -0.15303, 51.599231 ], [ -0.153464, 51.600871 ], [ -0.153312, 51.602678 ], [ -0.154644, 51.604136 ], [ -0.156141, 51.605097 ], [ -0.155987, 51.605443 ], [ -0.156322, 51.605367 ], [ -0.161787, 51.597476 ], [ -0.159675, 51.592265 ], [ -0.158864, 51.592375 ], [ -0.158689, 51.592054 ], [ -0.159481, 51.59158 ], [ -0.160273, 51.587977 ], [ -0.158641, 51.587975 ], [ -0.158705, 51.586631 ], [ -0.15743, 51.586568 ], [ -0.157184, 51.5862 ], [ -0.157922, 51.586216 ], [ -0.157966, 51.585733 ], [ -0.159643, 51.58446 ], [ -0.161347, 51.585276 ], [ -0.163101, 51.584376 ], [ -0.163746, 51.584327 ], [ -0.165747, 51.583221 ], [ -0.166216, 51.582042 ], [ -0.167062, 51.581753 ], [ -0.166838, 51.578654 ], [ -0.168088, 51.576926 ], [ -0.169346, 51.577426 ], [ -0.169753, 51.576399 ], [ -0.169484, 51.573982 ], [ -0.171181, 51.573612 ], [ -0.171285, 51.57243 ], [ -0.167373, 51.57297 ], [ -0.164301, 51.572501 ], [ -0.160455, 51.572787 ], [ -0.158863, 51.572193 ], [ -0.150351, 51.571574 ], [ -0.143855, 51.569913 ], [ -0.142416, 51.56912 ], [ -0.140706, 51.569397 ], [ -0.138344, 51.570601 ], [ -0.13342, 51.57287 ], [ -0.13139, 51.573564 ], [ -0.127496, 51.574154 ], [ -0.124881, 51.574097 ], [ -0.123775, 51.574663 ], [ -0.119651, 51.575506 ], [ -0.118894, 51.574732 ], [ -0.119567, 51.574385 ], [ -0.117585, 51.574148 ], [ -0.115585, 51.572573 ], [ -0.116128, 51.57219 ], [ -0.115716, 51.572019 ], [ -0.115043, 51.570575 ], [ -0.110713, 51.568609 ], [ -0.104871, 51.564635 ], [ -0.104397, 51.564776 ], [ -0.104061, 51.564966 ], [ -0.0981, 51.569103 ], [ -0.096055, 51.570654 ], [ -0.097664, 51.573652 ], [ -0.096613, 51.573815 ], [ -0.094711, 51.573589 ], [ -0.093583, 51.573974 ], [ -0.09139, 51.574003 ], [ -0.089981, 51.574386 ], [ -0.086872, 51.574292 ], [ -0.087231, 51.574699 ], [ -0.085687, 51.575038 ], [ -0.080876, 51.575638 ], [ -0.076267, 51.574934 ], [ -0.075787, 51.575489 ], [ -0.075324, 51.575325 ], [ -0.074448, 51.575679 ], [ -0.072417, 51.575629 ], [ -0.066745, 51.576356 ], [ -0.066779, 51.57662 ], [ -0.061184, 51.577784 ], [ -0.062247, 51.579168 ], [ -0.061825, 51.580153 ], [ -0.057947, 51.582442 ], [ -0.055729, 51.584276 ], [ -0.054653, 51.585984 ], [ -0.053185, 51.586914 ], [ -0.052171, 51.587747 ], [ -0.053483, 51.589911 ], [ -0.052379, 51.593544 ], [ -0.050517, 51.596646 ], [ -0.046469, 51.599789 ], [ -0.04354, 51.602813 ], [ -0.041451, 51.605631 ], [ -0.050231, 51.607355 ], [ -0.052916, 51.6081 ], [ -0.05291, 51.608505 ], [ -0.054379, 51.608863 ], [ -0.065045, 51.608587 ], [ -0.06714, 51.608939 ], [ -0.067508, 51.608643 ], [ -0.07087, 51.608792 ], [ -0.076673, 51.60841 ], [ -0.085625, 51.608469 ], [ -0.091443, 51.608791 ], [ -0.092472, 51.609097 ], [ -0.092486, 51.608846 ], [ -0.09358, 51.609001 ], [ -0.095158, 51.608657 ], [ -0.095812, 51.609298 ], [ -0.097681, 51.608924 ], [ -0.097486, 51.60852 ], [ -0.101511, 51.608517 ], [ -0.102539, 51.608044 ], [ -0.103515, 51.608427 ], [ -0.10989, 51.608253 ], [ -0.110818, 51.608611 ], [ -0.11447, 51.608401 ], [ -0.115648, 51.608426 ], [ -0.117289, 51.608435 ], [ -0.117517, 51.6082 ], [ -0.118736, 51.608652 ], [ -0.119203, 51.608364 ], [ -0.123543, 51.608707 ], [ -0.124898, 51.609944 ], [ -0.125355, 51.610018 ], [ -0.126337, 51.609302 ], [ -0.127902, 51.609438 ] ] ] } },
{ "type": "Feature", "properties": { "borough_gss": "E09000015", "borough_name": "Harrow" }, "bbox": [ -0.404072, 51.553061, -0.267156, 51.640532 ], "geometry": { "type": "Polygon", "coordinates": [ [ [ -0.305598, 51.634117 ], [ -0.304479, 51.636346 ], [ -0.305401, 51.637104 ], [ -0.312342, 51.638958 ], [ -0.316696, 51.640532 ], [ -0.317573, 51.640213 ], [ -0.319817, 51.638217 ], [ -0.32657, 51.636716 ], [ -0.330007, 51.635332 ], [ -0.332607, 51.633739 ], [ -0.332995, 51.633832 ], [ -0.333113, 51.633381 ], [ -0.338307, 51.629469 ], [ -0.339882, 51.630734 ], [ -0.34513, 51.628327 ], [ -0.349246, 51.626906 ], [ -0.359701, 51.625259 ], [ -0.361815, 51.623726 ], [ -0.362644, 51.623501 ], [ -0.363455, 51.622534 ], [ -0.365559, 51.621331 ], [ -0.368197, 51.620649 ], [ -0.375862, 51.618184 ], [ -0.382048, 51.617419 ], [ -0.384594, 51.616165 ], [ -0.385894, 51.615817 ], [ -0.392701, 51.615179 ], [ -0.399487, 51.613404 ], [ -0.404016, 51.613181 ], [ -0.404072, 51.61318 ], [ -0.403237, 51.609096 ], [ -0.401782, 51.606617 ], [ -0.402373, 51.606118 ], [ -0.40253, 51.605188 ], [ -0.402359, 51.601937 ], [ -0.401282, 51.599683 ], [ -0.399967, 51.598219 ], [ -0.400333, 51.59742 ], [ -0.397696, 51.596874 ], [ -0.396507, 51.595087 ], [ -0.395549, 51.590599 ], [ -0.39549, 51.590199 ], [ -0.394472, 51.590449 ], [ -0.392033, 51.588328 ], [ -0.391034, 51.583065 ], [ -0.391048, 51.581722 ], [ -0.391572, 51.581558 ], [ -0.388614, 51.577755 ], [ -0.387513, 51.575288 ], [ -0.388076, 51.57497 ], [ -0.385708, 51.572146 ], [ -0.386461, 51.571554 ], [ -0.385894, 51.57091 ], [ -0.383297, 51.567249 ], [ -0.382399, 51.564709 ], [ -0.382503, 51.563722 ], [ -0.38197, 51.563072 ], [ -0.382381, 51.562897 ], [ -0.380309, 51.560676 ], [ -0.380108, 51.559582 ], [ -0.380293, 51.559109 ], [ -0.377808, 51.554987 ], [ -0.375861, 51.553061 ], [ -0.373908, 51.55391 ], [ -0.373365, 51.554025 ], [ -0.372855, 51.553717 ], [ -0.369842, 51.554587 ], [ -0.366993, 51.554996 ], [ -0.366589, 51.555321 ], [ -0.362541, 51.556025 ], [ -0.362348, 51.557281 ], [ -0.347555, 51.559684 ], [ -0.343981, 51.557793 ], [ -0.338325, 51.557224 ], [ -0.335584, 51.556583 ], [ -0.334908, 51.557832 ], [ -0.333978, 51.55771 ], [ -0.333923, 51.558874 ], [ -0.331217, 51.56146 ], [ -0.329786, 51.562363 ], [ -0.32825, 51.56251 ], [ -0.328669, 51.565943 ], [ -0.329646, 51.566213 ], [ -0.329745, 51.567087 ], [ -0.325074, 51.568257 ], [ -0.325175, 51.568441 ], [ -0.322154, 51.569654 ], [ -0.324741, 51.573173 ], [ -0.325434, 51.57604 ], [ -0.326613, 51.578295 ], [ -0.326691, 51.578598 ], [ -0.320707, 51.580254 ], [ -0.317083, 51.582107 ], [ -0.313075, 51.584262 ], [ -0.306816, 51.586555 ], [ -0.30409, 51.587158 ], [ -0.300791, 51.587241 ], [ -0.282471, 51.585048 ], [ -0.282271, 51.585738 ], [ -0.283364, 51.588882 ], [ -0.284654, 51.591008 ], [ -0.286605, 51.592264 ], [ -0.289092, 51.592909 ], [ -0.290422, 51.593568 ], [ -0.28708, 51.594562 ], [ -0.286283, 51.594945 ], [ -0.285797, 51.594748 ], [ -0.285612, 51.595202 ], [ -0.283332, 51.59575 ], [ -0.276516, 51.596515 ], [ -0.276976, 51.596893 ], [ -0.273002, 51.598371 ], [ -0.271141, 51.598313 ], [ -0.267156, 51.60037 ], [ -0.27835, 51.609798 ], [ -0.281034, 51.612276 ], [ -0.287566, 51.617152 ], [ -0.292659, 51.621743 ], [ -0.304485, 51.63203 ], [ -0.305598, 51.634117 ] ] ] } },
{ "type": "Feature", "properties": { "borough_gss": "E09000016", "borough_name": "Havering" }, "bbox": [ 0.138157, 51.487712, 0.333996, 51.631734 ], "geometry": { "type": "Polygon", "coordinates": [ [ [ 0.22406, 51.631734 ], [ 0.222049, 51.630123 ], [ 0.21752, 51.62909 ], [ 0.212082, 51.627184 ], [ 0.212224, 51.626976 ], [ 0.208472, 51.626679 ], [ 0.203587, 51.62517 ], [ 0.200284, 51.624933 ], [ 0.194747, 51.625712 ], [ 0.189787, 51.625101 ], [ 0.189373, 51.624487 ], [ 0.188344, 51.62541 ], [ 0.185969, 51.625519 ], [ 0.186241, 51.624557 ], [ 0.185904, 51.62437 ], [ 0.182757, 51.625723 ], [ 0.18121, 51.625824 ], [ 0.180585, 51.625733 ], [ 0.18037, 51.62447 ], [ 0.175276, 51.623585 ], [ 0.168874, 51.621417 ], [ 0.165813, 51.622377 ], [ 0.162766, 51.62279 ], [ 0.162503, 51.622574 ], [ 0.155518, 51.623338 ], [ 0.151046, 51.623244 ], [ 0.138157, 51.623543 ], [ 0.144471, 51.616681 ], [ 0.145475, 51.614553 ], [ 0.147469, 51.612349 ], [ 0.148681, 51.608681 ], [ 0.148587, 51.604492 ], [ 0.149485, 51.602903 ], [ 0.148179, 51.598966 ], [ 0.147622, 51.596795 ], [ 0.148125, 51.596772 ], [ 0.148039, 51.596354 ], [ 0.149855, 51.597013 ], [ 0.151111, 51.595449 ], [ 0.150592, 51.591372 ], [ 0.15125, 51.589882 ], [ 0.150947, 51.583827 ], [ 0.148537, 51.580773 ], [ 0.147425, 51.580811 ], [ 0.146985, 51.575706 ], [ 0.148005, 51.575788 ], [ 0.147918, 51.573123 ], [ 0.148961, 51.573148 ], [ 0.149709, 51.569709 ], [ 0.146648, 51.56943 ], [ 0.146677, 51.568795 ], [ 0.148709, 51.568636 ], [ 0.150388, 51.56784 ], [ 0.151274, 51.568085 ], [ 0.154334, 51.56611 ], [ 0.16187, 51.561606 ], [ 0.166341, 51.56327 ], [ 0.168597, 51.563601 ], [ 0.173388, 51.565098 ], [ 0.176273, 51.564714 ], [ 0.178633, 51.56494 ], [ 0.18348, 51.564634 ], [ 0.185153, 51.565511 ], [ 0.185147, 51.564746 ], [ 0.183972, 51.563855 ], [ 0.182638, 51.561245 ], [ 0.184764, 51.559874 ], [ 0.184386, 51.557657 ], [ 0.185012, 51.556784 ], [ 0.184736, 51.556405 ], [ 0.185838, 51.556341 ], [ 0.186895, 51.555791 ], [ 0.187849, 51.554097 ], [ 0.190142, 51.552719 ], [ 0.18957, 51.551455 ], [ 0.187468, 51.5502 ], [ 0.185985, 51.547533 ], [ 0.182565, 51.545839 ], [ 0.180369, 51.544112 ], [ 0.179202, 51.540288 ], [ 0.178117, 51.53957 ], [ 0.177257, 51.539489 ], [ 0.175007, 51.538494 ], [ 0.173782, 51.537407 ], [ 0.170762, 51.532625 ], [ 0.168666, 51.531191 ], [ 0.165935, 51.528792 ], [ 0.164421, 51.527013 ], [ 0.162303, 51.522339 ], [ 0.162258, 51.521369 ], [ 0.15915, 51.514515 ], [ 0.158642, 51.512233 ], [ 0.158721, 51.512263 ], [ 0.159555, 51.512414 ], [ 0.1595, 51.511922 ], [ 0.15991, 51.511762 ], [ 0.162502, 51.511627 ], [ 0.163578, 51.511919 ], [ 0.163834, 51.511644 ], [ 0.164974, 51.511649 ], [ 0.166173, 51.510673 ], [ 0.17218, 51.508329 ], [ 0.174075, 51.507992 ], [ 0.178502, 51.505273 ], [ 0.180243, 51.502172 ], [ 0.180152, 51.501359 ], [ 0.182487, 51.499399 ], [ 0.182236, 51.499094 ], [ 0.182895, 51.498649 ], [ 0.182892, 51.49861 ], [ 0.18284, 51.497911 ], [ 0.183723, 51.497153 ], [ 0.182463, 51.496523 ], [ 0.182535, 51.495935 ], [ 0.183288, 51.49537 ], [ 0.183838, 51.492242 ], [ 0.184759, 51.490707 ], [ 0.187454, 51.488574 ], [ 0.18763, 51.487885 ], [ 0.189146, 51.487712 ], [ 0.191569, 51.488085 ], [ 0.196286, 51.488158 ], [ 0.201018, 51.489148 ], [ 0.208338, 51.489669 ], [ 0.209285, 51.490423 ], [ 0.208846, 51.489863 ], [ 0.209612, 51.489769 ], [ 0.210547, 51.490247 ], [ 0.210665, 51.490184 ], [ 0.211904, 51.491044 ], [ 0.213046, 51.495021 ], [ 0.213515, 51.495013 ], [ 0.214128, 51.496039 ], [ 0.215459, 51.496619 ], [ 0.216997, 51.496583 ], [ 0.221625, 51.49781 ], [ 0.223578, 51.497906 ], [ 0.224332, 51.497325 ], [ 0.227879, 51.498859 ], [ 0.229937, 51.499365 ], [ 0.226586, 51.504488 ], [ 0.225992, 51.505879 ], [ 0.226368, 51.505928 ], [ 0.226575, 51.506566 ], [ 0.228928, 51.506804 ], [ 0.233414, 51.50667 ], [ 0.239819, 51.507278 ], [ 0.239971, 51.507707 ], [ 0.241891, 51.507959 ], [ 0.241474, 51.51062 ], [ 0.240576, 51.510507 ], [ 0.240279, 51.510755 ], [ 0.239946, 51.513052 ], [ 0.241114, 51.513742 ], [ 0.237148, 51.519333 ], [ 0.240167, 51.51935 ], [ 0.243909, 51.518336 ], [ 0.244878, 51.518759 ], [ 0.244201, 51.519759 ], [ 0.244638, 51.520149 ], [ 0.244272, 51.520471 ], [ 0.240697, 51.521206 ], [ 0.24101, 51.522605 ], [ 0.24283, 51.524391 ], [ 0.24581, 51.523515 ], [ 0.247062, 51.525091 ], [ 0.246297, 51.526531 ], [ 0.248263, 51.52755 ], [ 0.248854, 51.527408 ], [ 0.248937, 51.528673 ], [ 0.250824, 51.528818 ], [ 0.251508, 51.52597 ], [ 0.252305, 51.524789 ], [ 0.253806, 51.517885 ], [ 0.2589, 51.517763 ], [ 0.260275, 51.51837 ], [ 0.26228, 51.51793 ], [ 0.263655, 51.517869 ], [ 0.264007, 51.521083 ], [ 0.264981, 51.5229 ], [ 0.26661, 51.522955 ], [ 0.266723, 51.524512 ], [ 0.265643, 51.524609 ], [ 0.265359, 51.524955 ], [ 0.265319, 51.532149 ], [ 0.270678, 51.533092 ], [ 0.274931, 51.532942 ], [ 0.276196, 51.533178 ], [ 0.276312, 51.532927 ], [ 0.281734, 51.533941 ], [ 0.288047, 51.534552 ], [ 0.290496, 51.534484 ], [ 0.290412, 51.534659 ], [ 0.297727, 51.535317 ], [ 0.297177, 51.537661 ], [ 0.300831, 51.538133 ], [ 0.300695, 51.538755 ], [ 0.310012, 51.539291 ], [ 0.310482, 51.539346 ], [ 0.310499, 51.53965 ], [ 0.322413, 51.540516 ], [ 0.331562, 51.540795 ], [ 0.331401, 51.540044 ], [ 0.333996, 51.540502 ], [ 0.333813, 51.541163 ], [ 0.333305, 51.541261 ], [ 0.333874, 51.542492 ], [ 0.331417, 51.545941 ], [ 0.328872, 51.545836 ], [ 0.329439, 51.546563 ], [ 0.32795, 51.54856 ], [ 0.327788, 51.550993 ], [ 0.325129, 51.553057 ], [ 0.322277, 51.55278 ], [ 0.322025, 51.554197 ], [ 0.318869, 51.55519 ], [ 0.318407, 51.556779 ], [ 0.316472, 51.557684 ], [ 0.315267, 51.557834 ], [ 0.313007, 51.565816 ], [ 0.290262, 51.564298 ], [ 0.290168, 51.564508 ], [ 0.286666, 51.571534 ], [ 0.287127, 51.572719 ], [ 0.286625, 51.573579 ], [ 0.285032, 51.574161 ], [ 0.282002, 51.578829 ], [ 0.273813, 51.58686 ], [ 0.272072, 51.587744 ], [ 0.271254, 51.589041 ], [ 0.271319, 51.58974 ], [ 0.270255, 51.591095 ], [ 0.269308, 51.595273 ], [ 0.270312, 51.597308 ], [ 0.269852, 51.599572 ], [ 0.264371, 51.599766 ], [ 0.260849, 51.600387 ], [ 0.258225, 51.600918 ], [ 0.257887, 51.601273 ], [ 0.25479, 51.601335 ], [ 0.253983, 51.601596 ], [ 0.25389, 51.601918 ], [ 0.25467, 51.602729 ], [ 0.255139, 51.602667 ], [ 0.256599, 51.603604 ], [ 0.25713, 51.604923 ], [ 0.257973, 51.60491 ], [ 0.258053, 51.606505 ], [ 0.26165, 51.607458 ], [ 0.263089, 51.607317 ], [ 0.264299, 51.60783 ], [ 0.264536, 51.608318 ], [ 0.2633, 51.609173 ], [ 0.259236, 51.612092 ], [ 0.257666, 51.61418 ], [ 0.252768, 51.617426 ], [ 0.237324, 51.62407 ], [ 0.22406, 51.631734 ] ] ] } },
{ "type": "Feature", "properties": { "borough_gss": "E09000017", "borough_name": "Hillingdon" }, "bbox": [ -0.510296, 51.453267, -0.376181, 51.6317 ], "geometry": { "type": "Polygon", "coordinates": [ [ [ -0.494169, 51.631049 ], [ -0.495555, 51.631161 ], [ -0.496155, 51.6317 ], [ -0.497064, 51.631695 ], [ -0.499283, 51.630477 ], [ -0.499986, 51.62917 ], [ -0.500252, 51.628652 ], [ -0.497654, 51.62667 ], [ -0.498363, 51.624781 ], [ -0.500046, 51.623675 ], [ -0.500176, 51.622065 ], [ -0.499281, 51.621106 ], [ -0.49683, 51.620498 ], [ -0.49541, 51.618685 ], [ -0.497065, 51.614914 ], [ -0.497907, 51.614245 ], [ -0.497915, 51.613235 ], [ -0.498967, 51.611104 ], [ -0.498997, 51.610146 ], [ -0.498338, 51.609475 ], [ -0.499253, 51.608925 ], [ -0.498592, 51.608295 ], [ -0.497284, 51.604901 ], [ -0.497185, 51.603219 ], [ -0.496334, 51.602396 ], [ -0.496707, 51.601376 ], [ -0.497658, 51.600877 ], [ -0.499125, 51.601376 ], [ -0.500353, 51.601249 ], [ -0.500903, 51.600176 ], [ -0.500617, 51.599687 ], [ -0.500566, 51.59852 ], [ -0.499656, 51.596701 ], [ -0.499423, 51.595313 ], [ -0.498589, 51.594442 ], [ -0.498803, 51.593074 ], [ -0.499563, 51.59214 ], [ -0.498641, 51.591899 ], [ -0.498843, 51.591216 ], [ -0.497933, 51.590959 ], [ -0.49723, 51.589336 ], [ -0.495762, 51.588114 ], [ -0.494963, 51.586544 ], [ -0.494846, 51.584775 ], [ -0.489624, 51.58177 ], [ -0.488574, 51.579616 ], [ -0.489487, 51.578153 ], [ -0.488956, 51.577269 ], [ -0.488142, 51.576939 ], [ -0.488081, 51.576456 ], [ -0.484047, 51.575125 ], [ -0.484563, 51.574294 ], [ -0.485555, 51.573839 ], [ -0.485082, 51.572297 ], [ -0.484034, 51.571193 ], [ -0.484784, 51.566869 ], [ -0.4826, 51.565724 ], [ -0.483243, 51.565138 ], [ -0.482266, 51.563913 ], [ -0.482815, 51.56282 ], [ -0.480773, 51.561779 ], [ -0.481062, 51.560704 ], [ -0.480442, 51.560812 ], [ -0.47754, 51.56028 ], [ -0.477035, 51.559643 ], [ -0.476617, 51.558029 ], [ -0.477351, 51.55527 ], [ -0.477805, 51.554836 ], [ -0.478903, 51.554834 ], [ -0.482686, 51.55152 ], [ -0.484249, 51.551453 ], [ -0.486618, 51.550033 ], [ -0.48817, 51.547429 ], [ -0.489535, 51.547179 ], [ -0.489332, 51.546382 ], [ -0.491413, 51.546076 ], [ -0.491585, 51.545327 ], [ -0.490803, 51.54504 ], [ -0.491051, 51.544557 ], [ -0.492119, 51.542447 ], [ -0.491828, 51.541571 ], [ -0.493606, 51.541004 ], [ -0.49551, 51.538427 ], [ -0.49335, 51.535835 ], [ -0.491617, 51.534915 ], [ -0.491228, 51.534323 ], [ -0.490503, 51.534156 ], [ -0.49121, 51.533271 ], [ -0.490149, 51.532069 ], [ -0.489908, 51.530435 ], [ -0.488994, 51.529087 ], [ -0.489476, 51.527618 ], [ -0.49084, 51.526442 ], [ -0.490277, 51.524583 ], [ -0.490543, 51.522481 ], [ -0.491194, 51.521278 ], [ -0.490387, 51.520168 ], [ -0.491652, 51.518895 ], [ -0.49235, 51.517076 ], [ -0.49122, 51.515255 ], [ -0.489581, 51.514076 ], [ -0.489942, 51.513413 ], [ -0.489807, 51.511525 ], [ -0.485556, 51.510026 ], [ -0.485838, 51.509801 ], [ -0.483532, 51.508098 ], [ -0.483996, 51.50761 ], [ -0.483232, 51.507237 ], [ -0.483194, 51.506646 ], [ -0.48368, 51.506458 ], [ -0.483941, 51.505624 ], [ -0.484668, 51.50562 ], [ -0.485065, 51.505073 ], [ -0.485179, 51.503926 ], [ -0.484679, 51.503578 ], [ -0.485168, 51.502606 ], [ -0.48626, 51.501824 ], [ -0.486187, 51.500909 ], [ -0.487313, 51.500979 ], [ -0.487478, 51.500349 ], [ -0.488765, 51.500205 ], [ -0.489764, 51.498965 ], [ -0.489592, 51.49862 ], [ -0.488868, 51.498565 ], [ -0.489488, 51.497574 ], [ -0.488606, 51.496768 ], [ -0.488693, 51.495968 ], [ -0.489663, 51.495474 ], [ -0.490044, 51.494746 ], [ -0.490136, 51.494578 ], [ -0.491464, 51.493062 ], [ -0.49485, 51.492656 ], [ -0.495368, 51.492045 ], [ -0.494962, 51.491316 ], [ -0.496005, 51.490542 ], [ -0.496781, 51.490486 ], [ -0.49667, 51.489825 ], [ -0.497397, 51.489882 ], [ -0.498649, 51.48926 ], [ -0.497997, 51.488881 ], [ -0.498327, 51.488454 ], [ -0.499188, 51.48858 ], [ -0.499044, 51.487857 ], [ -0.499695, 51.486833 ], [ -0.499016, 51.486724 ], [ -0.498719, 51.486079 ], [ -0.501974, 51.482857 ], [ -0.503514, 51.480519 ], [ -0.505961, 51.472478 ], [ -0.50769, 51.470116 ], [ -0.508759, 51.46935 ], [ -0.509721, 51.469175 ], [ -0.510173, 51.468767 ], [ -0.510296, 51.467504 ], [ -0.508801, 51.467094 ], [ -0.507337, 51.466917 ], [ -0.506299, 51.467712 ], [ -0.503756, 51.467705 ], [ -0.500369, 51.467129 ], [ -0.498137, 51.46643 ], [ -0.497005, 51.465875 ], [ -0.493881, 51.462722 ], [ -0.492229, 51.462972 ], [ -0.489629, 51.461785 ], [ -0.485882, 51.461314 ], [ -0.477141, 51.461336 ], [ -0.476138, 51.460957 ], [ -0.475897, 51.460085 ], [ -0.47358, 51.458634 ], [ -0.469608, 51.457984 ], [ -0.461299, 51.457215 ], [ -0.458665, 51.45631 ], [ -0.455788, 51.455254 ], [ -0.455371, 51.455286 ], [ -0.455433, 51.455625 ], [ -0.453985, 51.455459 ], [ -0.453783, 51.454854 ], [ -0.449422, 51.453845 ], [ -0.444004, 51.453267 ], [ -0.44148, 51.456808 ], [ -0.435061, 51.456854 ], [ -0.434748, 51.457111 ], [ -0.436634, 51.457685 ], [ -0.433599, 51.461739 ], [ -0.421726, 51.466703 ], [ -0.42029, 51.466783 ], [ -0.419679, 51.467303 ], [ -0.411155, 51.469882 ], [ -0.411333, 51.470457 ], [ -0.412978, 51.471423 ], [ -0.414747, 51.473392 ], [ -0.415845, 51.474012 ], [ -0.41495, 51.476053 ], [ -0.415031, 51.477204 ], [ -0.416829, 51.480865 ], [ -0.416477, 51.482085 ], [ -0.416841, 51.482534 ], [ -0.414687, 51.485654 ], [ -0.414026, 51.486068 ], [ -0.414634, 51.486226 ], [ -0.414536, 51.486525 ], [ -0.413985, 51.487198 ], [ -0.413365, 51.487254 ], [ -0.412638, 51.488581 ], [ -0.411891, 51.492441 ], [ -0.411408, 51.494989 ], [ -0.410566, 51.496219 ], [ -0.410891, 51.497713 ], [ -0.409681, 51.499961 ], [ -0.409285, 51.500315 ], [ -0.406905, 51.499694 ], [ -0.403893, 51.502918 ], [ -0.40388, 51.502931 ], [ -0.402776, 51.503644 ], [ -0.39987, 51.50443 ], [ -0.393586, 51.506969 ], [ -0.392861, 51.507794 ], [ -0.390444, 51.513202 ], [ -0.389023, 51.514735 ], [ -0.384989, 51.516363 ], [ -0.383447, 51.517492 ], [ -0.381776, 51.518635 ], [ -0.376181, 51.524915 ], [ -0.376385, 51.528888 ], [ -0.380999, 51.529416 ], [ -0.386544, 51.530391 ], [ -0.387115, 51.529556 ], [ -0.389279, 51.530799 ], [ -0.392346, 51.531401 ], [ -0.411084, 51.534288 ], [ -0.411833, 51.534084 ], [ -0.412269, 51.534505 ], [ -0.413481, 51.534692 ], [ -0.413851, 51.53575 ], [ -0.414858, 51.536017 ], [ -0.415339, 51.536567 ], [ -0.417397, 51.536611 ], [ -0.417467, 51.537802 ], [ -0.419475, 51.538359 ], [ -0.41959, 51.538694 ], [ -0.418161, 51.53915 ], [ -0.419408, 51.539905 ], [ -0.419408, 51.540412 ], [ -0.418322, 51.54009 ], [ -0.416778, 51.540161 ], [ -0.404852, 51.542507 ], [ -0.397673, 51.542325 ], [ -0.395273, 51.542548 ], [ -0.396242, 51.545532 ], [ -0.396557, 51.545962 ], [ -0.397886, 51.545662 ], [ -0.398721, 51.547891 ], [ -0.394889, 51.547637 ], [ -0.395008, 51.548038 ], [ -0.394987, 51.548756 ], [ -0.393944, 51.548697 ], [ -0.385269, 51.551171 ], [ -0.377689, 51.554688 ], [ -0.377808, 51.554987 ], [ -0.380293, 51.559109 ], [ -0.380108, 51.559582 ], [ -0.380309, 51.560676 ], [ -0.382381, 51.562897 ], [ -0.38197, 51.563072 ], [ -0.382503, 51.563722 ], [ -0.382399, 51.564709 ], [ -0.383297, 51.567249 ], [ -0.385894, 51.57091 ], [ -0.386461, 51.571554 ], [ -0.385708, 51.572146 ], [ -0.388076, 51.57497 ], [ -0.387513, 51.575288 ], [ -0.388614, 51.577755 ], [ -0.391572, 51.581558 ], [ -0.391048, 51.581722 ], [ -0.391034, 51.583065 ], [ -0.392033, 51.588328 ], [ -0.394472, 51.590449 ], [ -0.39549, 51.590199 ], [ -0.395549, 51.590599 ], [ -0.396507, 51.595087 ], [ -0.397696, 51.596874 ], [ -0.400333, 51.59742 ], [ -0.399967, 51.598219 ], [ -0.401282, 51.599683 ], [ -0.402359, 51.601937 ], [ -0.40253, 51.605188 ], [ -0.402373, 51.606118 ], [ -0.401782, 51.606617 ], [ -0.403237, 51.609096 ], [ -0.404072, 51.61318 ], [ -0.411022, 51.613788 ], [ -0.412013, 51.614182 ], [ -0.416639, 51.616421 ], [ -0.420924, 51.61693 ], [ -0.426503, 51.617004 ], [ -0.428417, 51.617749 ], [ -0.432752, 51.618345 ], [ -0.438304, 51.619919 ], [ -0.440597, 51.62007 ], [ -0.443277, 51.6195 ], [ -0.44557, 51.619622 ], [ -0.4489, 51.615322 ], [ -0.455369, 51.612698 ], [ -0.457181, 51.612299 ], [ -0.459781, 51.61314 ], [ -0.46919, 51.616828 ], [ -0.476712, 51.621898 ], [ -0.487879, 51.62676 ], [ -0.489048, 51.627591 ], [ -0.491558, 51.630764 ], [ -0.493569, 51.630555 ], [ -0.494169, 51.631049 ] ] ] } },
{ "type": "Feature", "properties": { "borough_gss": "E09000018", "borough_name": "Hounslow" }, "bbox": [ -0.461502, 51.420748, -0.244421, 51.50285 ], "geometry": { "type": "MultiPolygon", "coordinates": [ [ [ [ -0.326369, 51.460849 ], [ -0.326411, 51.460881 ], [ -0.326373, 51.460838 ], [ -0.326369, 51.460849 ] ] ], [ [ [ -0.326147, 51.462432 ], [ -0.326246, 51.462313 ], [ -0.3264, 51.462065 ], [ -0.326843, 51.461325 ], [ -0.326837, 51.461319 ], [ -0.326147, 51.462432 ] ] ], [ [ [ -0.323732, 51.465107 ], [ -0.324011, 51.464982 ], [ -0.324362, 51.464567 ], [ -0.324417, 51.4645 ], [ -0.323732, 51.465107 ] ] ], [ [ [ -0.319798, 51.470681 ], [ -0.320491, 51.47047 ], [ -0.321242, 51.469562 ], [ -0.321322, 51.466875 ], [ -0.320929, 51.465983 ], [ -0.319798, 51.470681 ] ] ], [ [ [ -0.297691, 51.485222 ], [ -0.297647, 51.485277 ], [ -0.297771, 51.485278 ], [ -0.297915, 51.485228 ], [ -0.298459, 51.485036 ], [ -0.298135, 51.484849 ], [ -0.298673, 51.484515 ], [ -0.299061, 51.484667 ], [ -0.298591, 51.484112 ], [ -0.297691, 51.485222 ] ] ], [ [ [ -0.244803, 51.488 ], [ -0.244501, 51.488273 ], [ -0.24493, 51.488175 ], [ -0.246259, 51.48759 ], [ -0.247589, 51.486541 ], [ -0.244803, 51.488 ] ] ], [ [ [ -0.280784, 51.50285 ], [ -0.285733, 51.500779 ], [ -0.286811, 51.500663 ], [ -0.29405, 51.501562 ], [ -0.300716, 51.499344 ], [ -0.299946, 51.497813 ], [ -0.297553, 51.49489 ], [ -0.301111, 51.494418 ], [ -0.301356, 51.495226 ], [ -0.305851, 51.496181 ], [ -0.305441, 51.494538 ], [ -0.308403, 51.493584 ], [ -0.311925, 51.49197 ], [ -0.313942, 51.49359 ], [ -0.314414, 51.493448 ], [ -0.315104, 51.493964 ], [ -0.314475, 51.494363 ], [ -0.315733, 51.495346 ], [ -0.315291, 51.495555 ], [ -0.315789, 51.495904 ], [ -0.319211, 51.494223 ], [ -0.323434, 51.495899 ], [ -0.324025, 51.495765 ], [ -0.324758, 51.496012 ], [ -0.326159, 51.49503 ], [ -0.327441, 51.496028 ], [ -0.329976, 51.495075 ], [ -0.331261, 51.495549 ], [ -0.335362, 51.496212 ], [ -0.342114, 51.496041 ], [ -0.349788, 51.499029 ], [ -0.3507, 51.499108 ], [ -0.358028, 51.497785 ], [ -0.361918, 51.496081 ], [ -0.362998, 51.495933 ], [ -0.363627, 51.495479 ], [ -0.363732, 51.494699 ], [ -0.365382, 51.493326 ], [ -0.365801, 51.493658 ], [ -0.366975, 51.492779 ], [ -0.368378, 51.492297 ], [ -0.367927, 51.491798 ], [ -0.371872, 51.49047 ], [ -0.371948, 51.49098 ], [ -0.37242, 51.490984 ], [ -0.373802, 51.49193 ], [ -0.375021, 51.494 ], [ -0.37584, 51.495402 ], [ -0.377885, 51.495447 ], [ -0.377893, 51.496605 ], [ -0.381846, 51.495225 ], [ -0.384567, 51.494695 ], [ -0.387105, 51.494688 ], [ -0.38932, 51.495161 ], [ -0.406905, 51.499694 ], [ -0.409285, 51.500315 ], [ -0.409681, 51.499961 ], [ -0.410891, 51.497713 ], [ -0.410566, 51.496219 ], [ -0.411408, 51.494989 ], [ -0.411891, 51.492441 ], [ -0.412638, 51.488581 ], [ -0.413365, 51.487254 ], [ -0.413985, 51.487198 ], [ -0.414536, 51.486525 ], [ -0.414634, 51.486226 ], [ -0.414026, 51.486068 ], [ -0.414687, 51.485654 ], [ -0.416841, 51.482534 ], [ -0.416477, 51.482085 ], [ -0.416829, 51.480865 ], [ -0.415031, 51.477204 ], [ -0.41495, 51.476053 ], [ -0.415845, 51.474012 ], [ -0.414747, 51.473392 ], [ -0.412978, 51.471423 ], [ -0.411333, 51.470457 ], [ -0.411155, 51.469882 ], [ -0.419679, 51.467303 ], [ -0.42029, 51.466783 ], [ -0.421726, 51.466703 ], [ -0.433599, 51.461739 ], [ -0.436634, 51.457685 ], [ -0.434748, 51.457111 ], [ -0.435061, 51.456854 ], [ -0.44148, 51.456808 ], [ -0.444004, 51.453267 ], [ -0.449422, 51.453845 ], [ -0.453783, 51.454854 ], [ -0.453985, 51.455459 ], [ -0.455433, 51.455625 ], [ -0.455371, 51.455286 ], [ -0.455788, 51.455254 ], [ -0.458665, 51.45631 ], [ -0.459315, 51.452715 ], [ -0.459859, 51.45224 ], [ -0.46134, 51.452391 ], [ -0.461502, 51.448992 ], [ -0.457482, 51.449091 ], [ -0.457465, 51.442999 ], [ -0.455412, 51.44212 ], [ -0.456496, 51.438225 ], [ -0.453681, 51.438495 ], [ -0.44631, 51.439996 ], [ -0.447738, 51.435003 ], [ -0.439773, 51.43462 ], [ -0.440004, 51.430627 ], [ -0.432661, 51.429018 ], [ -0.429556, 51.428798 ], [ -0.429446, 51.429395 ], [ -0.427853, 51.429252 ], [ -0.427507, 51.430819 ], [ -0.42352, 51.430877 ], [ -0.423601, 51.431161 ], [ -0.421175, 51.432171 ], [ -0.4191, 51.432359 ], [ -0.418607, 51.432112 ], [ -0.418378, 51.431866 ], [ -0.417315, 51.431918 ], [ -0.417922, 51.431028 ], [ -0.413827, 51.430075 ], [ -0.414374, 51.429295 ], [ -0.412474, 51.428781 ], [ -0.413107, 51.427855 ], [ -0.41089, 51.427342 ], [ -0.409028, 51.425451 ], [ -0.408463, 51.423834 ], [ -0.407797, 51.423578 ], [ -0.405383, 51.42248 ], [ -0.401781, 51.423312 ], [ -0.398126, 51.423556 ], [ -0.394533, 51.423238 ], [ -0.391363, 51.422326 ], [ -0.39277, 51.423467 ], [ -0.39113, 51.423162 ], [ -0.385518, 51.420748 ], [ -0.384943, 51.421258 ], [ -0.384112, 51.422672 ], [ -0.388382, 51.428053 ], [ -0.388089, 51.427879 ], [ -0.387147, 51.428179 ], [ -0.38791, 51.428732 ], [ -0.383314, 51.432127 ], [ -0.376242, 51.435485 ], [ -0.376163, 51.435527 ], [ -0.377934, 51.43631 ], [ -0.377892, 51.436802 ], [ -0.3671, 51.441713 ], [ -0.372894, 51.443641 ], [ -0.373953, 51.443024 ], [ -0.376093, 51.443073 ], [ -0.377147, 51.442479 ], [ -0.378244, 51.442491 ], [ -0.37963, 51.443229 ], [ -0.37979, 51.444388 ], [ -0.382871, 51.445049 ], [ -0.386266, 51.446732 ], [ -0.386318, 51.448202 ], [ -0.387693, 51.449369 ], [ -0.384568, 51.449895 ], [ -0.383787, 51.44951 ], [ -0.375275, 51.456284 ], [ -0.373045, 51.457473 ], [ -0.372694, 51.456993 ], [ -0.372463, 51.457247 ], [ -0.369589, 51.456968 ], [ -0.368471, 51.456869 ], [ -0.367829, 51.457433 ], [ -0.365064, 51.457803 ], [ -0.362867, 51.457671 ], [ -0.359818, 51.45822 ], [ -0.356431, 51.458406 ], [ -0.353461, 51.458183 ], [ -0.352839, 51.456862 ], [ -0.348705, 51.456765 ], [ -0.346041, 51.457267 ], [ -0.345054, 51.457919 ], [ -0.34268, 51.458107 ], [ -0.341724, 51.459022 ], [ -0.340134, 51.459239 ], [ -0.340631, 51.457258 ], [ -0.338973, 51.45589 ], [ -0.338555, 51.456102 ], [ -0.337737, 51.455483 ], [ -0.337562, 51.454842 ], [ -0.336984, 51.454631 ], [ -0.336293, 51.455687 ], [ -0.333709, 51.455488 ], [ -0.333632, 51.455244 ], [ -0.33303, 51.455408 ], [ -0.331416, 51.45729 ], [ -0.330368, 51.457882 ], [ -0.328412, 51.457952 ], [ -0.327048, 51.456999 ], [ -0.32557, 51.458117 ], [ -0.326465, 51.459346 ], [ -0.326228, 51.459765 ], [ -0.326726, 51.460017 ], [ -0.326505, 51.460532 ], [ -0.326761, 51.460053 ], [ -0.326459, 51.460864 ], [ -0.326915, 51.461159 ], [ -0.326899, 51.461248 ], [ -0.326883, 51.461292 ], [ -0.3268, 51.461643 ], [ -0.325738, 51.463125 ], [ -0.325575, 51.463352 ], [ -0.325406, 51.463625 ], [ -0.325334, 51.463688 ], [ -0.325228, 51.463837 ], [ -0.324847, 51.464369 ], [ -0.32406, 51.465043 ], [ -0.323536, 51.46533 ], [ -0.323476, 51.465334 ], [ -0.323451, 51.465356 ], [ -0.322924, 51.465366 ], [ -0.321796, 51.465432 ], [ -0.322256, 51.469037 ], [ -0.321519, 51.470404 ], [ -0.322508, 51.470475 ], [ -0.322554, 51.470686 ], [ -0.321468, 51.47049 ], [ -0.320221, 51.471304 ], [ -0.319088, 51.471495 ], [ -0.319069, 51.471501 ], [ -0.316219, 51.472402 ], [ -0.316271, 51.47266 ], [ -0.316022, 51.472464 ], [ -0.314441, 51.472971 ], [ -0.314739, 51.473401 ], [ -0.314313, 51.473054 ], [ -0.314322, 51.473264 ], [ -0.31394, 51.473191 ], [ -0.314229, 51.473459 ], [ -0.313878, 51.473197 ], [ -0.313903, 51.473466 ], [ -0.313123, 51.473455 ], [ -0.313468, 51.473902 ], [ -0.312926, 51.473513 ], [ -0.312982, 51.473749 ], [ -0.312492, 51.473672 ], [ -0.312734, 51.473884 ], [ -0.312193, 51.473708 ], [ -0.31249, 51.473997 ], [ -0.312039, 51.473751 ], [ -0.311666, 51.473925 ], [ -0.312054, 51.474217 ], [ -0.311483, 51.474007 ], [ -0.311868, 51.474339 ], [ -0.311359, 51.474086 ], [ -0.311674, 51.474447 ], [ -0.311331, 51.474142 ], [ -0.311341, 51.474557 ], [ -0.310739, 51.474327 ], [ -0.311174, 51.474718 ], [ -0.310648, 51.474381 ], [ -0.310685, 51.474694 ], [ -0.310272, 51.474529 ], [ -0.310639, 51.474925 ], [ -0.310015, 51.474667 ], [ -0.310126, 51.474924 ], [ -0.309529, 51.474905 ], [ -0.309788, 51.475166 ], [ -0.309373, 51.474973 ], [ -0.309609, 51.475242 ], [ -0.309336, 51.475021 ], [ -0.308256, 51.475576 ], [ -0.308771, 51.47588 ], [ -0.308063, 51.475863 ], [ -0.308096, 51.475645 ], [ -0.306953, 51.47621 ], [ -0.306287, 51.476866 ], [ -0.307088, 51.477045 ], [ -0.306197, 51.476962 ], [ -0.30538, 51.478139 ], [ -0.305772, 51.478344 ], [ -0.305236, 51.478271 ], [ -0.304485, 51.479132 ], [ -0.30467, 51.479601 ], [ -0.3043, 51.479603 ], [ -0.30469, 51.479924 ], [ -0.304141, 51.479607 ], [ -0.30356, 51.479897 ], [ -0.300951, 51.481702 ], [ -0.300113, 51.4827 ], [ -0.304407, 51.482173 ], [ -0.304045, 51.482958 ], [ -0.304886, 51.482296 ], [ -0.306295, 51.482792 ], [ -0.30511, 51.482671 ], [ -0.304228, 51.483222 ], [ -0.303416, 51.482593 ], [ -0.30104, 51.482993 ], [ -0.300204, 51.483168 ], [ -0.300385, 51.483508 ], [ -0.301442, 51.483377 ], [ -0.300528, 51.483794 ], [ -0.29974, 51.483258 ], [ -0.299988, 51.484135 ], [ -0.300424, 51.483977 ], [ -0.299038, 51.485306 ], [ -0.298873, 51.485295 ], [ -0.292689, 51.487394 ], [ -0.292484, 51.487463 ], [ -0.287469, 51.487613 ], [ -0.287442, 51.487656 ], [ -0.287272, 51.487931 ], [ -0.286467, 51.487495 ], [ -0.281588, 51.486287 ], [ -0.276739, 51.483338 ], [ -0.275294, 51.480819 ], [ -0.273442, 51.47759 ], [ -0.273085, 51.476968 ], [ -0.269148, 51.47355 ], [ -0.265702, 51.471924 ], [ -0.262158, 51.471357 ], [ -0.258089, 51.471659 ], [ -0.254675, 51.472908 ], [ -0.25272, 51.475058 ], [ -0.251551, 51.477334 ], [ -0.251424, 51.482178 ], [ -0.249453, 51.485563 ], [ -0.249736, 51.485693 ], [ -0.247661, 51.48734 ], [ -0.244535, 51.488704 ], [ -0.244518, 51.488712 ], [ -0.245283, 51.489278 ], [ -0.245607, 51.490157 ], [ -0.244421, 51.497943 ], [ -0.245004, 51.497895 ], [ -0.245292, 51.498384 ], [ -0.249235, 51.49695 ], [ -0.251321, 51.499846 ], [ -0.253084, 51.5014 ], [ -0.252787, 51.499905 ], [ -0.255027, 51.496971 ], [ -0.255117, 51.49635 ], [ -0.255513, 51.496275 ], [ -0.255432, 51.494977 ], [ -0.268923, 51.494011 ], [ -0.271426, 51.494803 ], [ -0.272481, 51.496148 ], [ -0.27424, 51.497274 ], [ -0.277896, 51.499488 ], [ -0.280784, 51.50285 ] ] ] ] } },
{ "type": "Feature", "properties": { "borough_gss": "E09000019", "borough_name": "Islington" }, "bbox": [ -0.142416, 51.518543, -0.076378, 51.575506 ], "geometry": { "type": "Polygon", "coordinates": [ [ [ -0.117585, 51.574148 ], [ -0.119567, 51.574385 ], [ -0.118894, 51.574732 ], [ -0.119651, 51.575506 ], [ -0.123775, 51.574663 ], [ -0.124881, 51.574097 ], [ -0.127496, 51.574154 ], [ -0.13139, 51.573564 ], [ -0.13342, 51.57287 ], [ -0.138344, 51.570601 ], [ -0.140706, 51.569397 ], [ -0.142416, 51.56912 ], [ -0.140682, 51.564553 ], [ -0.141031, 51.56043 ], [ -0.13944, 51.558242 ], [ -0.138398, 51.556864 ], [ -0.137179, 51.555397 ], [ -0.135256, 51.554587 ], [ -0.134379, 51.55362 ], [ -0.131027, 51.551511 ], [ -0.130718, 51.550672 ], [ -0.130163, 51.549618 ], [ -0.129132, 51.548836 ], [ -0.127204, 51.547663 ], [ -0.126356, 51.545036 ], [ -0.125089, 51.541141 ], [ -0.123075, 51.538498 ], [ -0.122401, 51.536885 ], [ -0.122556, 51.530726 ], [ -0.119896, 51.530937 ], [ -0.116017, 51.529843 ], [ -0.115432, 51.527722 ], [ -0.112949, 51.526409 ], [ -0.114253, 51.525517 ], [ -0.112563, 51.523794 ], [ -0.108991, 51.52302 ], [ -0.10828, 51.522093 ], [ -0.10702, 51.522189 ], [ -0.105348, 51.518543 ], [ -0.101775, 51.519681 ], [ -0.10028, 51.52013 ], [ -0.097679, 51.520721 ], [ -0.097595, 51.521175 ], [ -0.097408, 51.521592 ], [ -0.09797, 51.522876 ], [ -0.096786, 51.523321 ], [ -0.09647, 51.522822 ], [ -0.095089, 51.523137 ], [ -0.094345, 51.521483 ], [ -0.092517, 51.521486 ], [ -0.09238, 51.521033 ], [ -0.0897, 51.520717 ], [ -0.090007, 51.519971 ], [ -0.086227, 51.51881 ], [ -0.085218, 51.520335 ], [ -0.084224, 51.523901 ], [ -0.085139, 51.523925 ], [ -0.085443, 51.524512 ], [ -0.084751, 51.525416 ], [ -0.085022, 51.526203 ], [ -0.086795, 51.525789 ], [ -0.08744, 51.525958 ], [ -0.088656, 51.527386 ], [ -0.091516, 51.528196 ], [ -0.095402, 51.529199 ], [ -0.095113, 51.530052 ], [ -0.097034, 51.532982 ], [ -0.093168, 51.534392 ], [ -0.089691, 51.536008 ], [ -0.086617, 51.537255 ], [ -0.086585, 51.537365 ], [ -0.083661, 51.545065 ], [ -0.083836, 51.546588 ], [ -0.076839, 51.54608 ], [ -0.076378, 51.546353 ], [ -0.076441, 51.547317 ], [ -0.07775, 51.549464 ], [ -0.07944, 51.551652 ], [ -0.080288, 51.55191 ], [ -0.085504, 51.552162 ], [ -0.087552, 51.552823 ], [ -0.088585, 51.553943 ], [ -0.0893, 51.553741 ], [ -0.090403, 51.55415 ], [ -0.090416, 51.557575 ], [ -0.091747, 51.560227 ], [ -0.096032, 51.561227 ], [ -0.098588, 51.560838 ], [ -0.099592, 51.561561 ], [ -0.104397, 51.564776 ], [ -0.104871, 51.564635 ], [ -0.110713, 51.568609 ], [ -0.115043, 51.570575 ], [ -0.115716, 51.572019 ], [ -0.116128, 51.57219 ], [ -0.115585, 51.572573 ], [ -0.117585, 51.574148 ] ] ] } },
{ "type": "Feature", "properties": { "borough_gss": "E09000020", "borough_name": "Kensington and Chelsea" }, "bbox": [ -0.228728, 51.477384, -0.150049, 51.530353 ], "geometry": { "type": "Polygon", "coordinates": [ [ [ -0.227589, 51.530155 ], [ -0.228503, 51.530353 ], [ -0.228728, 51.529878 ], [ -0.227412, 51.527892 ], [ -0.227195, 51.524793 ], [ -0.22662, 51.524796 ], [ -0.226729, 51.521977 ], [ -0.2283, 51.521096 ], [ -0.226563, 51.519577 ], [ -0.222476, 51.515409 ], [ -0.220271, 51.511732 ], [ -0.219286, 51.509575 ], [ -0.217889, 51.509759 ], [ -0.218052, 51.510227 ], [ -0.21721, 51.510392 ], [ -0.216842, 51.509444 ], [ -0.215821, 51.509115 ], [ -0.215546, 51.508393 ], [ -0.215203, 51.507647 ], [ -0.216143, 51.507519 ], [ -0.215963, 51.506401 ], [ -0.21799, 51.506145 ], [ -0.217035, 51.504501 ], [ -0.21701, 51.504464 ], [ -0.215045, 51.502188 ], [ -0.214133, 51.50077 ], [ -0.21027, 51.498128 ], [ -0.208001, 51.496022 ], [ -0.207388, 51.496147 ], [ -0.203107, 51.493371 ], [ -0.201835, 51.491851 ], [ -0.202384, 51.491664 ], [ -0.198222, 51.488064 ], [ -0.196448, 51.487206 ], [ -0.195988, 51.487372 ], [ -0.193621, 51.485813 ], [ -0.190799, 51.483168 ], [ -0.188285, 51.480964 ], [ -0.186548, 51.47987 ], [ -0.183908, 51.477439 ], [ -0.183877, 51.477434 ], [ -0.183742, 51.47743 ], [ -0.182187, 51.477384 ], [ -0.180841, 51.477915 ], [ -0.179287, 51.477993 ], [ -0.177538, 51.480102 ], [ -0.177706, 51.48035 ], [ -0.175784, 51.481619 ], [ -0.163805, 51.483635 ], [ -0.163796, 51.483636 ], [ -0.150049, 51.485461 ], [ -0.150195, 51.486092 ], [ -0.155874, 51.489606 ], [ -0.155198, 51.490048 ], [ -0.155821, 51.491451 ], [ -0.154818, 51.491963 ], [ -0.156009, 51.493222 ], [ -0.155019, 51.493854 ], [ -0.156014, 51.494494 ], [ -0.155841, 51.494731 ], [ -0.155319, 51.495064 ], [ -0.156096, 51.497762 ], [ -0.157874, 51.499018 ], [ -0.158473, 51.502249 ], [ -0.161024, 51.50159 ], [ -0.162599, 51.500292 ], [ -0.165506, 51.498697 ], [ -0.165804, 51.499242 ], [ -0.167639, 51.498303 ], [ -0.168414, 51.499021 ], [ -0.173567, 51.498221 ], [ -0.179571, 51.497778 ], [ -0.180336, 51.501461 ], [ -0.184259, 51.501793 ], [ -0.187933, 51.510179 ], [ -0.189104, 51.510121 ], [ -0.192146, 51.509873 ], [ -0.192985, 51.511814 ], [ -0.194065, 51.511756 ], [ -0.195074, 51.515032 ], [ -0.199203, 51.514552 ], [ -0.199941, 51.516846 ], [ -0.200747, 51.517977 ], [ -0.201481, 51.517801 ], [ -0.203767, 51.520623 ], [ -0.202669, 51.520899 ], [ -0.200648, 51.52071 ], [ -0.201639, 51.522742 ], [ -0.203882, 51.523459 ], [ -0.205902, 51.525739 ], [ -0.20732, 51.526239 ], [ -0.212698, 51.526867 ], [ -0.215571, 51.52672 ], [ -0.216029, 51.527928 ], [ -0.217979, 51.52864 ], [ -0.223804, 51.529963 ], [ -0.225447, 51.530163 ], [ -0.227682, 51.529923 ], [ -0.227589, 51.530155 ] ] ] } },
{ "type": "Feature", "properties": { "borough_gss": "E09000021", "borough_name": "Kingston upon Thames" }, "bbox": [ -0.330679, 51.32632, -0.238745, 51.437291 ], "geometry": { "type": "Polygon", "coordinates": [ [ [ -0.251123, 51.422316 ], [ -0.252954, 51.423209 ], [ -0.252261, 51.425738 ], [ -0.254248, 51.429318 ], [ -0.253328, 51.430844 ], [ -0.252394, 51.431254 ], [ -0.251084, 51.432566 ], [ -0.251254, 51.434168 ], [ -0.253111, 51.435299 ], [ -0.254091, 51.437291 ], [ -0.256208, 51.436653 ], [ -0.256346, 51.436349 ], [ -0.2646, 51.432917 ], [ -0.270962, 51.429543 ], [ -0.278594, 51.42335 ], [ -0.280459, 51.421856 ], [ -0.286619, 51.420172 ], [ -0.287777, 51.422739 ], [ -0.290639, 51.428991 ], [ -0.293022, 51.428939 ], [ -0.29341, 51.426512 ], [ -0.29479, 51.426461 ], [ -0.294732, 51.427007 ], [ -0.295429, 51.42704 ], [ -0.295465, 51.427645 ], [ -0.297494, 51.428561 ], [ -0.301618, 51.43143 ], [ -0.30207, 51.431152 ], [ -0.301532, 51.430539 ], [ -0.30178, 51.430392 ], [ -0.305942, 51.431362 ], [ -0.30643, 51.430151 ], [ -0.306955, 51.430154 ], [ -0.308567, 51.430786 ], [ -0.308089, 51.43108 ], [ -0.309783, 51.432144 ], [ -0.310678, 51.432211 ], [ -0.312823, 51.430344 ], [ -0.314469, 51.428259 ], [ -0.310389, 51.426365 ], [ -0.308404, 51.424997 ], [ -0.306891, 51.423289 ], [ -0.30603, 51.421234 ], [ -0.308308, 51.415248 ], [ -0.3085, 51.41352 ], [ -0.309096, 51.409302 ], [ -0.308788, 51.402203 ], [ -0.30935, 51.400453 ], [ -0.310297, 51.399607 ], [ -0.312148, 51.398143 ], [ -0.312586, 51.397402 ], [ -0.31772, 51.393668 ], [ -0.314134, 51.390218 ], [ -0.31676, 51.388773 ], [ -0.315981, 51.387633 ], [ -0.313134, 51.388774 ], [ -0.310869, 51.386188 ], [ -0.311788, 51.385786 ], [ -0.310631, 51.384765 ], [ -0.309331, 51.381864 ], [ -0.309277, 51.380449 ], [ -0.308518, 51.380502 ], [ -0.307389, 51.378385 ], [ -0.307892, 51.378365 ], [ -0.307994, 51.376665 ], [ -0.308495, 51.375796 ], [ -0.308695, 51.37545 ], [ -0.312675, 51.374753 ], [ -0.314341, 51.374639 ], [ -0.316694, 51.373167 ], [ -0.317505, 51.371971 ], [ -0.317922, 51.369794 ], [ -0.318505, 51.365764 ], [ -0.318285, 51.363506 ], [ -0.319792, 51.35993 ], [ -0.321529, 51.35721 ], [ -0.323753, 51.354413 ], [ -0.327947, 51.352186 ], [ -0.330534, 51.348421 ], [ -0.328177, 51.344041 ], [ -0.327481, 51.344007 ], [ -0.327907, 51.343744 ], [ -0.328979, 51.340233 ], [ -0.329719, 51.332766 ], [ -0.329116, 51.330264 ], [ -0.330679, 51.329011 ], [ -0.330139, 51.327519 ], [ -0.328314, 51.326464 ], [ -0.327598, 51.32632 ], [ -0.327323, 51.326686 ], [ -0.32397, 51.326717 ], [ -0.318979, 51.327958 ], [ -0.316765, 51.329147 ], [ -0.313716, 51.331416 ], [ -0.310953, 51.332391 ], [ -0.307636, 51.334609 ], [ -0.306216, 51.335086 ], [ -0.30495, 51.336751 ], [ -0.305438, 51.33948 ], [ -0.304048, 51.343049 ], [ -0.301338, 51.345295 ], [ -0.299949, 51.347671 ], [ -0.297795, 51.349263 ], [ -0.29293, 51.352375 ], [ -0.292685, 51.353616 ], [ -0.291224, 51.355202 ], [ -0.291109, 51.356561 ], [ -0.288996, 51.358712 ], [ -0.286997, 51.359375 ], [ -0.285101, 51.361212 ], [ -0.288273, 51.362118 ], [ -0.287045, 51.362668 ], [ -0.284099, 51.365149 ], [ -0.282186, 51.366001 ], [ -0.279843, 51.367827 ], [ -0.276584, 51.368809 ], [ -0.275856, 51.370015 ], [ -0.274046, 51.370657 ], [ -0.273612, 51.371533 ], [ -0.272569, 51.372265 ], [ -0.269088, 51.373563 ], [ -0.264702, 51.375624 ], [ -0.262493, 51.377255 ], [ -0.261172, 51.379601 ], [ -0.258444, 51.378971 ], [ -0.253971, 51.378773 ], [ -0.251662, 51.379049 ], [ -0.247917, 51.380171 ], [ -0.245054, 51.380035 ], [ -0.244984, 51.380653 ], [ -0.244299, 51.383066 ], [ -0.243259, 51.382598 ], [ -0.24162, 51.384525 ], [ -0.238745, 51.386095 ], [ -0.239701, 51.389295 ], [ -0.240108, 51.391195 ], [ -0.241692, 51.393871 ], [ -0.244595, 51.394663 ], [ -0.246915, 51.39711 ], [ -0.247424, 51.397583 ], [ -0.246621, 51.399216 ], [ -0.246846, 51.400485 ], [ -0.245236, 51.401702 ], [ -0.244697, 51.403847 ], [ -0.245354, 51.407072 ], [ -0.245811, 51.407565 ], [ -0.247104, 51.40789 ], [ -0.247508, 51.4085 ], [ -0.24715, 51.409518 ], [ -0.2496, 51.414905 ], [ -0.249642, 51.418529 ], [ -0.251123, 51.422316 ] ] ] } },
{ "type": "Feature", "properties": { "borough_gss": "E09000022", "borough_name": "Lambeth" }, "bbox": [ -0.151231, 51.410992, -0.07832, 51.508491 ], "geometry": { "type": "Polygon", "coordinates": [ [ [ -0.111028, 51.508491 ], [ -0.115146, 51.507659 ], [ -0.11687, 51.506952 ], [ -0.118254, 51.505833 ], [ -0.119386, 51.503847 ], [ -0.119406, 51.503813 ], [ -0.121379, 51.494373 ], [ -0.12176, 51.493146 ], [ -0.122147, 51.491899 ], [ -0.12423, 51.487853 ], [ -0.12491, 51.487857 ], [ -0.125741, 51.487006 ], [ -0.127024, 51.485815 ], [ -0.128471, 51.485064 ], [ -0.128525, 51.485044 ], [ -0.128172, 51.484736 ], [ -0.126364, 51.484466 ], [ -0.1275, 51.482022 ], [ -0.12995, 51.481178 ], [ -0.130682, 51.480172 ], [ -0.133903, 51.475673 ], [ -0.13523, 51.474288 ], [ -0.134462, 51.473966 ], [ -0.134728, 51.473307 ], [ -0.135795, 51.472714 ], [ -0.136921, 51.473087 ], [ -0.138349, 51.471962 ], [ -0.139505, 51.471794 ], [ -0.139316, 51.471516 ], [ -0.139741, 51.471367 ], [ -0.140343, 51.471593 ], [ -0.142677, 51.470064 ], [ -0.1431, 51.470519 ], [ -0.150619, 51.467615 ], [ -0.150558, 51.466297 ], [ -0.15047, 51.465978 ], [ -0.151231, 51.465885 ], [ -0.150967, 51.463836 ], [ -0.149692, 51.461297 ], [ -0.14939, 51.459362 ], [ -0.14816, 51.456405 ], [ -0.147378, 51.452963 ], [ -0.14773, 51.45234 ], [ -0.142316, 51.450983 ], [ -0.143142, 51.449709 ], [ -0.144839, 51.448437 ], [ -0.145595, 51.446017 ], [ -0.145407, 51.444917 ], [ -0.14362, 51.441837 ], [ -0.137885, 51.441696 ], [ -0.135904, 51.442006 ], [ -0.137011, 51.440253 ], [ -0.137496, 51.440154 ], [ -0.137684, 51.438582 ], [ -0.139913, 51.437021 ], [ -0.139759, 51.435665 ], [ -0.13786, 51.433778 ], [ -0.136523, 51.433915 ], [ -0.135264, 51.430335 ], [ -0.138389, 51.430486 ], [ -0.138922, 51.424573 ], [ -0.137852, 51.421106 ], [ -0.140405, 51.419249 ], [ -0.143255, 51.41726 ], [ -0.143049, 51.417125 ], [ -0.145006, 51.415798 ], [ -0.14435, 51.41535 ], [ -0.147083, 51.413805 ], [ -0.148086, 51.412871 ], [ -0.14487, 51.412389 ], [ -0.142582, 51.413342 ], [ -0.138106, 51.411804 ], [ -0.134104, 51.410992 ], [ -0.133578, 51.412934 ], [ -0.133564, 51.412576 ], [ -0.132714, 51.412349 ], [ -0.127897, 51.412006 ], [ -0.127748, 51.412321 ], [ -0.126859, 51.412699 ], [ -0.126267, 51.412928 ], [ -0.125791, 51.412631 ], [ -0.124478, 51.413366 ], [ -0.124107, 51.414597 ], [ -0.122517, 51.415027 ], [ -0.11984, 51.418802 ], [ -0.115618, 51.420632 ], [ -0.11265, 51.423243 ], [ -0.109285, 51.423178 ], [ -0.105988, 51.422595 ], [ -0.096873, 51.422676 ], [ -0.094889, 51.422821 ], [ -0.092728, 51.422554 ], [ -0.088363, 51.420006 ], [ -0.086309, 51.419284 ], [ -0.083244, 51.41974 ], [ -0.078588, 51.419876 ], [ -0.07832, 51.420605 ], [ -0.079243, 51.420869 ], [ -0.078934, 51.421569 ], [ -0.079859, 51.422134 ], [ -0.080902, 51.42186 ], [ -0.08176, 51.423379 ], [ -0.083485, 51.423004 ], [ -0.084061, 51.425692 ], [ -0.085213, 51.4273 ], [ -0.086101, 51.427817 ], [ -0.085935, 51.428505 ], [ -0.088224, 51.429336 ], [ -0.089371, 51.432017 ], [ -0.091045, 51.437553 ], [ -0.092921, 51.441082 ], [ -0.094452, 51.443235 ], [ -0.095091, 51.445412 ], [ -0.096064, 51.446726 ], [ -0.09916, 51.448975 ], [ -0.099988, 51.450273 ], [ -0.100788, 51.450336 ], [ -0.101479, 51.452211 ], [ -0.101106, 51.453927 ], [ -0.095838, 51.457415 ], [ -0.094973, 51.458787 ], [ -0.092272, 51.461055 ], [ -0.090684, 51.463317 ], [ -0.090089, 51.46583 ], [ -0.091179, 51.467598 ], [ -0.092782, 51.469869 ], [ -0.093038, 51.472029 ], [ -0.093653, 51.471732 ], [ -0.094169, 51.470672 ], [ -0.096001, 51.469867 ], [ -0.098855, 51.471871 ], [ -0.09939, 51.472642 ], [ -0.10068, 51.474447 ], [ -0.100001, 51.476864 ], [ -0.103599, 51.478357 ], [ -0.10824, 51.480289 ], [ -0.104062, 51.480903 ], [ -0.106044, 51.482697 ], [ -0.105641, 51.482942 ], [ -0.107214, 51.483649 ], [ -0.106385, 51.484898 ], [ -0.108486, 51.485848 ], [ -0.103295, 51.491254 ], [ -0.104878, 51.493527 ], [ -0.110956, 51.495467 ], [ -0.111492, 51.496458 ], [ -0.110283, 51.496762 ], [ -0.108292, 51.500441 ], [ -0.1065, 51.501569 ], [ -0.105942, 51.502032 ], [ -0.106103, 51.502523 ], [ -0.106783, 51.502208 ], [ -0.107418, 51.503034 ], [ -0.106429, 51.503365 ], [ -0.106512, 51.505062 ], [ -0.107365, 51.507071 ], [ -0.108191, 51.506921 ], [ -0.108739, 51.507764 ], [ -0.108882, 51.508425 ], [ -0.108932, 51.508423 ], [ -0.110713, 51.508237 ], [ -0.111028, 51.508491 ] ] ] } },
{ "type": "Feature", "properties": { "borough_gss": "E09000023", "borough_name": "Lewisham" }, "bbox": [ -0.075048, 51.413551, 0.039029, 51.493112 ], "geometry": { "type": "Polygon", "coordinates": [ [ [ -0.032411, 51.493052 ], [ -0.032419, 51.493088 ], [ -0.032425, 51.493112 ], [ -0.037319, 51.492221 ], [ -0.03932, 51.492961 ], [ -0.040557, 51.492791 ], [ -0.040075, 51.492168 ], [ -0.041053, 51.491829 ], [ -0.040344, 51.491062 ], [ -0.042503, 51.490243 ], [ -0.042226, 51.490035 ], [ -0.044497, 51.490107 ], [ -0.044758, 51.490442 ], [ -0.046016, 51.490274 ], [ -0.046567, 51.490342 ], [ -0.046567, 51.490745 ], [ -0.051466, 51.489438 ], [ -0.051959, 51.489135 ], [ -0.050109, 51.488335 ], [ -0.05055, 51.487908 ], [ -0.052626, 51.487558 ], [ -0.053986, 51.487938 ], [ -0.052844, 51.48647 ], [ -0.05295, 51.486004 ], [ -0.05356, 51.485795 ], [ -0.053097, 51.485163 ], [ -0.052811, 51.482644 ], [ -0.054268, 51.478583 ], [ -0.052706, 51.478009 ], [ -0.052757, 51.472933 ], [ -0.051687, 51.469751 ], [ -0.052282, 51.469214 ], [ -0.050881, 51.46758 ], [ -0.051323, 51.467368 ], [ -0.050575, 51.466793 ], [ -0.050888, 51.466638 ], [ -0.048207, 51.465897 ], [ -0.04854, 51.465627 ], [ -0.047489, 51.465125 ], [ -0.045999, 51.463975 ], [ -0.045237, 51.462205 ], [ -0.045242, 51.459407 ], [ -0.046156, 51.456962 ], [ -0.044632, 51.456577 ], [ -0.041649, 51.45499 ], [ -0.046151, 51.449873 ], [ -0.049087, 51.450113 ], [ -0.053788, 51.44871 ], [ -0.057564, 51.450337 ], [ -0.057596, 51.450322 ], [ -0.061827, 51.447796 ], [ -0.063084, 51.446184 ], [ -0.063744, 51.444225 ], [ -0.06387, 51.442526 ], [ -0.065026, 51.441157 ], [ -0.064054, 51.440849 ], [ -0.063457, 51.437541 ], [ -0.06442, 51.437041 ], [ -0.065834, 51.434631 ], [ -0.066709, 51.433923 ], [ -0.069529, 51.432682 ], [ -0.072216, 51.432459 ], [ -0.072864, 51.432084 ], [ -0.075048, 51.42918 ], [ -0.073945, 51.426152 ], [ -0.071868, 51.426299 ], [ -0.070983, 51.426242 ], [ -0.070527, 51.42617 ], [ -0.068882, 51.425617 ], [ -0.06869, 51.425997 ], [ -0.067915, 51.425927 ], [ -0.066063, 51.42507 ], [ -0.065842, 51.425328 ], [ -0.064604, 51.425063 ], [ -0.064429, 51.425328 ], [ -0.062603, 51.425198 ], [ -0.058123, 51.423178 ], [ -0.056789, 51.422972 ], [ -0.055155, 51.422938 ], [ -0.05478, 51.423727 ], [ -0.051809, 51.423582 ], [ -0.051774, 51.422517 ], [ -0.047231, 51.42286 ], [ -0.046015, 51.422801 ], [ -0.046289, 51.422367 ], [ -0.041608, 51.423654 ], [ -0.041069, 51.424246 ], [ -0.039922, 51.424251 ], [ -0.038476, 51.423958 ], [ -0.037485, 51.424993 ], [ -0.034227, 51.425101 ], [ -0.034239, 51.424755 ], [ -0.033349, 51.424643 ], [ -0.03182, 51.424711 ], [ -0.031997, 51.425537 ], [ -0.030107, 51.425646 ], [ -0.026008, 51.423621 ], [ -0.024427, 51.423155 ], [ -0.022606, 51.421563 ], [ -0.022263, 51.421775 ], [ -0.020954, 51.420924 ], [ -0.021675, 51.420448 ], [ -0.020778, 51.41994 ], [ -0.021384, 51.418413 ], [ -0.022555, 51.417541 ], [ -0.021736, 51.417291 ], [ -0.022186, 51.416746 ], [ -0.02104, 51.416019 ], [ -0.017847, 51.415743 ], [ -0.017987, 51.415056 ], [ -0.014153, 51.415101 ], [ -0.014559, 51.413923 ], [ -0.014263, 51.413657 ], [ -0.010545, 51.413551 ], [ -0.007696, 51.414483 ], [ -0.006627, 51.41466 ], [ -0.006565, 51.415992 ], [ -0.005534, 51.415788 ], [ -0.004994, 51.41459 ], [ -0.003284, 51.41505 ], [ -0.003404, 51.415661 ], [ -0.000754, 51.415913 ], [ -0.000077, 51.417646 ], [ 0.001729, 51.418558 ], [ 0.003524, 51.41742 ], [ 0.005672, 51.418515 ], [ 0.005228, 51.419316 ], [ 0.006298, 51.421015 ], [ 0.006736, 51.420936 ], [ 0.006848, 51.421495 ], [ 0.007349, 51.421379 ], [ 0.008077, 51.423043 ], [ 0.009967, 51.422484 ], [ 0.011813, 51.424052 ], [ 0.013345, 51.424695 ], [ 0.013513, 51.425086 ], [ 0.014396, 51.425232 ], [ 0.014108, 51.426175 ], [ 0.016048, 51.426208 ], [ 0.017436, 51.42685 ], [ 0.018775, 51.427051 ], [ 0.020379, 51.426888 ], [ 0.021135, 51.426844 ], [ 0.025411, 51.428989 ], [ 0.034599, 51.423371 ], [ 0.036186, 51.422366 ], [ 0.039029, 51.424671 ], [ 0.038464, 51.427591 ], [ 0.037831, 51.42779 ], [ 0.038332, 51.428028 ], [ 0.037522, 51.431379 ], [ 0.037699, 51.433346 ], [ 0.033701, 51.431699 ], [ 0.033224, 51.432235 ], [ 0.032452, 51.431893 ], [ 0.031588, 51.432555 ], [ 0.031148, 51.432104 ], [ 0.031382, 51.432579 ], [ 0.028584, 51.434031 ], [ 0.029066, 51.434666 ], [ 0.028676, 51.436406 ], [ 0.02724, 51.436559 ], [ 0.025376, 51.43569 ], [ 0.024791, 51.438237 ], [ 0.028814, 51.438786 ], [ 0.028577, 51.440454 ], [ 0.029359, 51.441705 ], [ 0.027768, 51.441511 ], [ 0.025416, 51.441738 ], [ 0.021483, 51.442735 ], [ 0.020598, 51.444209 ], [ 0.021491, 51.444443 ], [ 0.021213, 51.446692 ], [ 0.022942, 51.447205 ], [ 0.022396, 51.448123 ], [ 0.021947, 51.448943 ], [ 0.015075, 51.45001 ], [ 0.014941, 51.450615 ], [ 0.015105, 51.450208 ], [ 0.019859, 51.450732 ], [ 0.019534, 51.451707 ], [ 0.018324, 51.451575 ], [ 0.017519, 51.455032 ], [ 0.01401, 51.455728 ], [ 0.011511, 51.456615 ], [ 0.010422, 51.458483 ], [ 0.009877, 51.459631 ], [ 0.009069, 51.465873 ], [ 0.011511, 51.466236 ], [ 0.01324, 51.466839 ], [ 0.012675, 51.467397 ], [ 0.013063, 51.468146 ], [ 0.012584, 51.469808 ], [ 0.014318, 51.46975 ], [ 0.016332, 51.468974 ], [ 0.016518, 51.469129 ], [ 0.016673, 51.469514 ], [ 0.015504, 51.471316 ], [ 0.014976, 51.473081 ], [ 0.017937, 51.47383 ], [ 0.01208, 51.47317 ], [ -0.000983, 51.471812 ], [ -0.008143, 51.472757 ], [ -0.012519, 51.472341 ], [ -0.014069, 51.472675 ], [ -0.014541, 51.471916 ], [ -0.015184, 51.471769 ], [ -0.013132, 51.46894 ], [ -0.01509, 51.468036 ], [ -0.016563, 51.469226 ], [ -0.016949, 51.469056 ], [ -0.017204, 51.469343 ], [ -0.01914, 51.470009 ], [ -0.019271, 51.470503 ], [ -0.018685, 51.470686 ], [ -0.019327, 51.472036 ], [ -0.020333, 51.4723 ], [ -0.020001, 51.473004 ], [ -0.022599, 51.474111 ], [ -0.022819, 51.474463 ], [ -0.022887, 51.475312 ], [ -0.022588, 51.475358 ], [ -0.022705, 51.475366 ], [ -0.022286, 51.475455 ], [ -0.022554, 51.475592 ], [ -0.02098, 51.475676 ], [ -0.020949, 51.476135 ], [ -0.02283, 51.475929 ], [ -0.021145, 51.476268 ], [ -0.020623, 51.476694 ], [ -0.020621, 51.476708 ], [ -0.020582, 51.476722 ], [ -0.020077, 51.47713 ], [ -0.019414, 51.477189 ], [ -0.019314, 51.477618 ], [ -0.019866, 51.478048 ], [ -0.019444, 51.478014 ], [ -0.019193, 51.47965 ], [ -0.017128, 51.480394 ], [ -0.017119, 51.480407 ], [ -0.017875, 51.48088 ], [ -0.020417, 51.480226 ], [ -0.020367, 51.479936 ], [ -0.023068, 51.479629 ], [ -0.023161, 51.480737 ], [ -0.0264, 51.481508 ], [ -0.025819, 51.482188 ], [ -0.025201, 51.485022 ], [ -0.024743, 51.485484 ], [ -0.024848, 51.485532 ], [ -0.02758, 51.487221 ], [ -0.029134, 51.488623 ], [ -0.029473, 51.488551 ], [ -0.029412, 51.488937 ], [ -0.032411, 51.493052 ] ] ] } },
{ "type": "Feature", "properties": { "borough_gss": "E09000024", "borough_name": "Merton" }, "bbox": [ -0.254248, 51.380183, -0.124158, 51.441474 ], "geometry": { "type": "Polygon", "coordinates": [ [ [ -0.18935, 51.437629 ], [ -0.189216, 51.438547 ], [ -0.190667, 51.43892 ], [ -0.189872, 51.440279 ], [ -0.190045, 51.441474 ], [ -0.204522, 51.438968 ], [ -0.209149, 51.438302 ], [ -0.212546, 51.437832 ], [ -0.215735, 51.437746 ], [ -0.216531, 51.438346 ], [ -0.217846, 51.43868 ], [ -0.220438, 51.438449 ], [ -0.224277, 51.438861 ], [ -0.224534, 51.438589 ], [ -0.225506, 51.438743 ], [ -0.231323, 51.438139 ], [ -0.240712, 51.43522 ], [ -0.251084, 51.432566 ], [ -0.252394, 51.431254 ], [ -0.253328, 51.430844 ], [ -0.254248, 51.429318 ], [ -0.252261, 51.425738 ], [ -0.252954, 51.423209 ], [ -0.251123, 51.422316 ], [ -0.249642, 51.418529 ], [ -0.2496, 51.414905 ], [ -0.24715, 51.409518 ], [ -0.247508, 51.4085 ], [ -0.247104, 51.40789 ], [ -0.245811, 51.407565 ], [ -0.245354, 51.407072 ], [ -0.244697, 51.403847 ], [ -0.245236, 51.401702 ], [ -0.246846, 51.400485 ], [ -0.246621, 51.399216 ], [ -0.247424, 51.397583 ], [ -0.246915, 51.39711 ], [ -0.244595, 51.394663 ], [ -0.241692, 51.393871 ], [ -0.240108, 51.391195 ], [ -0.239701, 51.389295 ], [ -0.234657, 51.390539 ], [ -0.233928, 51.38771 ], [ -0.227742, 51.383954 ], [ -0.223221, 51.382047 ], [ -0.218105, 51.380183 ], [ -0.212986, 51.384811 ], [ -0.213372, 51.385007 ], [ -0.209793, 51.388253 ], [ -0.205028, 51.386092 ], [ -0.203518, 51.387226 ], [ -0.20031, 51.384967 ], [ -0.193951, 51.387872 ], [ -0.193604, 51.387669 ], [ -0.193201, 51.387866 ], [ -0.190469, 51.386203 ], [ -0.189652, 51.386061 ], [ -0.188411, 51.385436 ], [ -0.184531, 51.387514 ], [ -0.182672, 51.388055 ], [ -0.179265, 51.389835 ], [ -0.174868, 51.393419 ], [ -0.172871, 51.39265 ], [ -0.171317, 51.392511 ], [ -0.169955, 51.391664 ], [ -0.167609, 51.390061 ], [ -0.166461, 51.389695 ], [ -0.16529, 51.387979 ], [ -0.16177, 51.388132 ], [ -0.160987, 51.38782 ], [ -0.159704, 51.388594 ], [ -0.158282, 51.388839 ], [ -0.158056, 51.389259 ], [ -0.152667, 51.389771 ], [ -0.144378, 51.39068 ], [ -0.143184, 51.390402 ], [ -0.141904, 51.389356 ], [ -0.134379, 51.390886 ], [ -0.134334, 51.390923 ], [ -0.128757, 51.393482 ], [ -0.12969, 51.393651 ], [ -0.124158, 51.397614 ], [ -0.124636, 51.398096 ], [ -0.125724, 51.39831 ], [ -0.125417, 51.398825 ], [ -0.12799, 51.401699 ], [ -0.130506, 51.403277 ], [ -0.131534, 51.404929 ], [ -0.132481, 51.408407 ], [ -0.131956, 51.408457 ], [ -0.132089, 51.40917 ], [ -0.131316, 51.409219 ], [ -0.131286, 51.409503 ], [ -0.12948, 51.409575 ], [ -0.128481, 51.411012 ], [ -0.128199, 51.410936 ], [ -0.127748, 51.412321 ], [ -0.127897, 51.412006 ], [ -0.132714, 51.412349 ], [ -0.133564, 51.412576 ], [ -0.133578, 51.412934 ], [ -0.134104, 51.410992 ], [ -0.138106, 51.411804 ], [ -0.142582, 51.413342 ], [ -0.14487, 51.412389 ], [ -0.148086, 51.412871 ], [ -0.147083, 51.413805 ], [ -0.14435, 51.41535 ], [ -0.145006, 51.415798 ], [ -0.143049, 51.417125 ], [ -0.143255, 51.41726 ], [ -0.140405, 51.419249 ], [ -0.14448, 51.417752 ], [ -0.149341, 51.419856 ], [ -0.150284, 51.420081 ], [ -0.151328, 51.419852 ], [ -0.159883, 51.422628 ], [ -0.159973, 51.421928 ], [ -0.160362, 51.421918 ], [ -0.161599, 51.419864 ], [ -0.165094, 51.420093 ], [ -0.164833, 51.42034 ], [ -0.168425, 51.420911 ], [ -0.173597, 51.423182 ], [ -0.178698, 51.424314 ], [ -0.18194, 51.424736 ], [ -0.184093, 51.426379 ], [ -0.184553, 51.427623 ], [ -0.184254, 51.431276 ], [ -0.185762, 51.433164 ], [ -0.187289, 51.432986 ], [ -0.187419, 51.432097 ], [ -0.189254, 51.431831 ], [ -0.189089, 51.431608 ], [ -0.189797, 51.431352 ], [ -0.191185, 51.433462 ], [ -0.190266, 51.434805 ], [ -0.18935, 51.437629 ] ] ] } },
{ "type": "Feature", "properties": { "borough_gss": "E09000025", "borough_name": "Newham" }, "bbox": [ -0.021296, 51.498356, 0.096875, 51.563989 ], "geometry": { "type": "MultiPolygon", "coordinates": [ [ [ [ 0.075626, 51.529821 ], [ 0.075624, 51.52983 ], [ 0.075386, 51.529886 ], [ 0.07454, 51.529692 ], [ 0.074566, 51.529688 ], [ 0.074648, 51.529674 ], [ 0.074927, 51.529728 ], [ 0.075653, 51.529703 ], [ 0.075626, 51.529821 ] ] ], [ [ [ 0.055705, 51.559337 ], [ 0.054464, 51.559649 ], [ 0.054098, 51.560858 ], [ 0.051506, 51.562204 ], [ 0.050318, 51.563989 ], [ 0.041929, 51.561451 ], [ 0.042851, 51.558373 ], [ 0.044339, 51.5576 ], [ 0.046301, 51.554814 ], [ 0.035408, 51.555253 ], [ 0.032178, 51.554576 ], [ 0.025342, 51.554062 ], [ 0.025277, 51.555547 ], [ 0.023763, 51.555529 ], [ 0.023292, 51.556824 ], [ 0.022575, 51.556698 ], [ 0.022476, 51.556165 ], [ 0.020342, 51.556267 ], [ 0.021532, 51.554878 ], [ 0.016945, 51.553183 ], [ 0.01672, 51.553391 ], [ 0.016242, 51.553224 ], [ 0.014574, 51.554955 ], [ 0.011621, 51.553917 ], [ 0.01111, 51.554398 ], [ 0.009622, 51.553433 ], [ 0.010821, 51.55226 ], [ 0.009508, 51.551238 ], [ 0.005503, 51.55066 ], [ 0.005805, 51.551666 ], [ 0.005176, 51.552133 ], [ 0.003843, 51.551806 ], [ 0.003081, 51.552098 ], [ -0.000186, 51.551738 ], [ -0.003662, 51.550919 ], [ -0.003822, 51.551149 ], [ -0.004196, 51.551041 ], [ -0.00868, 51.549927 ], [ -0.009472, 51.552216 ], [ -0.010864, 51.552624 ], [ -0.01697, 51.551404 ], [ -0.017168, 51.551575 ], [ -0.018994, 51.551598 ], [ -0.018942, 51.550482 ], [ -0.017459, 51.547537 ], [ -0.016577, 51.543328 ], [ -0.016119, 51.542475 ], [ -0.016623, 51.541389 ], [ -0.017727, 51.540955 ], [ -0.017886, 51.540173 ], [ -0.018914, 51.539339 ], [ -0.019471, 51.538258 ], [ -0.021296, 51.537006 ], [ -0.020981, 51.536282 ], [ -0.019691, 51.535584 ], [ -0.018976, 51.534137 ], [ -0.018099, 51.533437 ], [ -0.018037, 51.532223 ], [ -0.017175, 51.531314 ], [ -0.013707, 51.529843 ], [ -0.010716, 51.52928 ], [ -0.010295, 51.52848 ], [ -0.008669, 51.527555 ], [ -0.007561, 51.526235 ], [ -0.007832, 51.52534 ], [ -0.007847, 51.525321 ], [ -0.008118, 51.523834 ], [ -0.007891, 51.523024 ], [ -0.007889, 51.523026 ], [ -0.007181, 51.525495 ], [ -0.007169, 51.525536 ], [ -0.006969, 51.526061 ], [ -0.008003, 51.527232 ], [ -0.006996, 51.527089 ], [ -0.006476, 51.526318 ], [ -0.004961, 51.526445 ], [ -0.004213, 51.526869 ], [ -0.004337, 51.527879 ], [ -0.003918, 51.528256 ], [ -0.00383, 51.526956 ], [ -0.002329, 51.527158 ], [ -0.000804, 51.528139 ], [ 0.001082, 51.531093 ], [ 0.001794, 51.530314 ], [ 0.00084, 51.529269 ], [ 0.000635, 51.528309 ], [ -0.002116, 51.527028 ], [ -0.006538, 51.525683 ], [ -0.006547, 51.525646 ], [ -0.007252, 51.522819 ], [ -0.008685, 51.520758 ], [ -0.008582, 51.520044 ], [ -0.006583, 51.518959 ], [ -0.005152, 51.516919 ], [ -0.004063, 51.517888 ], [ -0.002511, 51.518198 ], [ -0.002564, 51.51848 ], [ 0.003124, 51.515831 ], [ 0.004353, 51.514707 ], [ 0.004361, 51.514699 ], [ 0.002542, 51.510971 ], [ 0.003685, 51.511039 ], [ 0.004254, 51.51341 ], [ 0.005117, 51.514175 ], [ 0.006294, 51.514609 ], [ 0.00718, 51.514368 ], [ 0.008094, 51.51334 ], [ 0.008149, 51.512544 ], [ 0.0066, 51.51011 ], [ 0.006547, 51.510027 ], [ 0.009807, 51.509169 ], [ 0.010446, 51.50858 ], [ 0.009664, 51.506836 ], [ 0.012004, 51.50528 ], [ 0.013379, 51.504932 ], [ 0.013315, 51.504835 ], [ 0.013058, 51.504449 ], [ 0.014441, 51.503159 ], [ 0.014837, 51.503239 ], [ 0.014616, 51.502981 ], [ 0.015143, 51.502512 ], [ 0.015469, 51.502642 ], [ 0.01567, 51.50244 ], [ 0.016516, 51.501589 ], [ 0.017105, 51.500997 ], [ 0.019649, 51.499639 ], [ 0.022333, 51.498902 ], [ 0.022429, 51.49912 ], [ 0.024623, 51.498615 ], [ 0.026775, 51.498624 ], [ 0.034935, 51.499644 ], [ 0.038891, 51.499766 ], [ 0.043446, 51.499907 ], [ 0.049279, 51.499555 ], [ 0.057588, 51.498449 ], [ 0.060098, 51.498356 ], [ 0.068636, 51.499069 ], [ 0.068719, 51.499353 ], [ 0.068799, 51.499147 ], [ 0.069667, 51.499192 ], [ 0.073639, 51.50036 ], [ 0.073824, 51.50059 ], [ 0.074637, 51.501602 ], [ 0.073932, 51.502124 ], [ 0.075235, 51.502264 ], [ 0.076629, 51.503462 ], [ 0.076219, 51.503839 ], [ 0.076809, 51.503828 ], [ 0.077732, 51.50454 ], [ 0.078122, 51.503975 ], [ 0.078204, 51.504377 ], [ 0.077776, 51.504579 ], [ 0.076635, 51.504921 ], [ 0.076863, 51.50496 ], [ 0.077948, 51.505145 ], [ 0.079285, 51.507057 ], [ 0.080225, 51.5084 ], [ 0.080969, 51.508595 ], [ 0.083654, 51.510973 ], [ 0.08329, 51.511523 ], [ 0.084813, 51.512369 ], [ 0.088047, 51.513671 ], [ 0.090507, 51.514298 ], [ 0.090232, 51.514795 ], [ 0.093974, 51.514984 ], [ 0.095585, 51.515462 ], [ 0.096572, 51.515082 ], [ 0.096875, 51.515314 ], [ 0.095563, 51.515757 ], [ 0.094745, 51.516486 ], [ 0.093908, 51.518972 ], [ 0.094431, 51.520302 ], [ 0.091797, 51.522545 ], [ 0.091748, 51.523559 ], [ 0.090673, 51.523934 ], [ 0.092224, 51.524142 ], [ 0.092061, 51.525623 ], [ 0.091417, 51.525566 ], [ 0.091286, 51.525638 ], [ 0.089649, 51.525583 ], [ 0.088834, 51.526231 ], [ 0.086459, 51.525599 ], [ 0.085174, 51.525581 ], [ 0.083067, 51.526609 ], [ 0.080092, 51.527503 ], [ 0.080079, 51.527506 ], [ 0.078823, 51.528438 ], [ 0.07758, 51.528485 ], [ 0.077506, 51.528846 ], [ 0.077935, 51.528605 ], [ 0.078482, 51.528809 ], [ 0.077959, 51.529119 ], [ 0.075157, 51.52951 ], [ 0.073249, 51.529195 ], [ 0.073299, 51.529406 ], [ 0.073453, 51.529442 ], [ 0.072716, 51.529273 ], [ 0.072571, 51.530751 ], [ 0.071729, 51.532906 ], [ 0.069177, 51.536347 ], [ 0.067932, 51.536197 ], [ 0.068256, 51.536991 ], [ 0.068888, 51.537188 ], [ 0.066966, 51.539609 ], [ 0.066667, 51.540532 ], [ 0.066855, 51.541748 ], [ 0.068264, 51.54424 ], [ 0.068326, 51.544391 ], [ 0.068717, 51.547536 ], [ 0.067791, 51.553061 ], [ 0.066946, 51.553025 ], [ 0.066588, 51.554727 ], [ 0.064962, 51.556409 ], [ 0.063589, 51.557307 ], [ 0.060051, 51.556464 ], [ 0.058271, 51.557848 ], [ 0.057123, 51.558107 ], [ 0.056878, 51.558718 ], [ 0.056338, 51.558578 ], [ 0.055705, 51.559337 ] ] ] ] } },
{ "type": "Feature", "properties": { "borough_gss": "E09000026", "borough_name": "Redbridge" }, "bbox": [ 0.008682, 51.543561, 0.149485, 51.628908 ], "geometry": { "type": "Polygon", "coordinates": [ [ [ 0.032755, 51.622242 ], [ 0.031444, 51.623099 ], [ 0.030498, 51.623291 ], [ 0.030701, 51.623635 ], [ 0.028937, 51.624672 ], [ 0.029056, 51.625112 ], [ 0.026808, 51.625906 ], [ 0.024562, 51.627517 ], [ 0.021788, 51.628826 ], [ 0.020966, 51.628908 ], [ 0.020554, 51.627334 ], [ 0.019912, 51.627005 ], [ 0.020065, 51.626428 ], [ 0.019, 51.624287 ], [ 0.018584, 51.624155 ], [ 0.019056, 51.623682 ], [ 0.018461, 51.623534 ], [ 0.018829, 51.623235 ], [ 0.018462, 51.622799 ], [ 0.017565, 51.622308 ], [ 0.017021, 51.622343 ], [ 0.01703, 51.621979 ], [ 0.01619, 51.621777 ], [ 0.015815, 51.620911 ], [ 0.014315, 51.620303 ], [ 0.014709, 51.619752 ], [ 0.0145, 51.618902 ], [ 0.008682, 51.619074 ], [ 0.016252, 51.616851 ], [ 0.021233, 51.612272 ], [ 0.021372, 51.611142 ], [ 0.019248, 51.608236 ], [ 0.019553, 51.60761 ], [ 0.019119, 51.607789 ], [ 0.016381, 51.603939 ], [ 0.012905, 51.599054 ], [ 0.012528, 51.595357 ], [ 0.01209, 51.592148 ], [ 0.012919, 51.586961 ], [ 0.013369, 51.583786 ], [ 0.0149, 51.583395 ], [ 0.015502, 51.583383 ], [ 0.015247, 51.58251 ], [ 0.015661, 51.581859 ], [ 0.015233, 51.581706 ], [ 0.017413, 51.577456 ], [ 0.017382, 51.574411 ], [ 0.016463, 51.572888 ], [ 0.017472, 51.572592 ], [ 0.018015, 51.57202 ], [ 0.018883, 51.572348 ], [ 0.019129, 51.569849 ], [ 0.018248, 51.57013 ], [ 0.017668, 51.570002 ], [ 0.018989, 51.567018 ], [ 0.018821, 51.566309 ], [ 0.017509, 51.56564 ], [ 0.014435, 51.565602 ], [ 0.014241, 51.563507 ], [ 0.01419, 51.561324 ], [ 0.014755, 51.559438 ], [ 0.016075, 51.559292 ], [ 0.017131, 51.558796 ], [ 0.020342, 51.556267 ], [ 0.022476, 51.556165 ], [ 0.022575, 51.556698 ], [ 0.023292, 51.556824 ], [ 0.023763, 51.555529 ], [ 0.025277, 51.555547 ], [ 0.025342, 51.554062 ], [ 0.032178, 51.554576 ], [ 0.035408, 51.555253 ], [ 0.046301, 51.554814 ], [ 0.044339, 51.5576 ], [ 0.042851, 51.558373 ], [ 0.041929, 51.561451 ], [ 0.050318, 51.563989 ], [ 0.051506, 51.562204 ], [ 0.054098, 51.560858 ], [ 0.054464, 51.559649 ], [ 0.055705, 51.559337 ], [ 0.056338, 51.558578 ], [ 0.056878, 51.558718 ], [ 0.057123, 51.558107 ], [ 0.058271, 51.557848 ], [ 0.060051, 51.556464 ], [ 0.063589, 51.557307 ], [ 0.064962, 51.556409 ], [ 0.066588, 51.554727 ], [ 0.066946, 51.553025 ], [ 0.067791, 51.553061 ], [ 0.068717, 51.547536 ], [ 0.068326, 51.544391 ], [ 0.069317, 51.544153 ], [ 0.069395, 51.546327 ], [ 0.06869, 51.549018 ], [ 0.069219, 51.550292 ], [ 0.0683, 51.551426 ], [ 0.067549, 51.554657 ], [ 0.065844, 51.55672 ], [ 0.065771, 51.556764 ], [ 0.065769, 51.556766 ], [ 0.064089, 51.557786 ], [ 0.064038, 51.557817 ], [ 0.06269, 51.55808 ], [ 0.06254, 51.558064 ], [ 0.061853, 51.557995 ], [ 0.060698, 51.558424 ], [ 0.057369, 51.560849 ], [ 0.058034, 51.560751 ], [ 0.060928, 51.558474 ], [ 0.061907, 51.55812 ], [ 0.062371, 51.558176 ], [ 0.062551, 51.558198 ], [ 0.063236, 51.558252 ], [ 0.064195, 51.55786 ], [ 0.064255, 51.557825 ], [ 0.065919, 51.556832 ], [ 0.065922, 51.55683 ], [ 0.065984, 51.556793 ], [ 0.067957, 51.554298 ], [ 0.068579, 51.551377 ], [ 0.069432, 51.550383 ], [ 0.068954, 51.548975 ], [ 0.069638, 51.546446 ], [ 0.069684, 51.544065 ], [ 0.071783, 51.543561 ], [ 0.07193, 51.54381 ], [ 0.075522, 51.54401 ], [ 0.076783, 51.544584 ], [ 0.077006, 51.544378 ], [ 0.077467, 51.544572 ], [ 0.077933, 51.544051 ], [ 0.08004, 51.544773 ], [ 0.081486, 51.545169 ], [ 0.081633, 51.545584 ], [ 0.085865, 51.547343 ], [ 0.088473, 51.547741 ], [ 0.09151, 51.548302 ], [ 0.091677, 51.549109 ], [ 0.092575, 51.549647 ], [ 0.092241, 51.548636 ], [ 0.093496, 51.545858 ], [ 0.099742, 51.548426 ], [ 0.104289, 51.549841 ], [ 0.106104, 51.550944 ], [ 0.107429, 51.552001 ], [ 0.108292, 51.552156 ], [ 0.108397, 51.552695 ], [ 0.111113, 51.552484 ], [ 0.11192, 51.552668 ], [ 0.112332, 51.553505 ], [ 0.114721, 51.555323 ], [ 0.112711, 51.556524 ], [ 0.113246, 51.557266 ], [ 0.117058, 51.556911 ], [ 0.117058, 51.557417 ], [ 0.118874, 51.55737 ], [ 0.120465, 51.558573 ], [ 0.11746, 51.559179 ], [ 0.119715, 51.562505 ], [ 0.118851, 51.562732 ], [ 0.119026, 51.563051 ], [ 0.125003, 51.56434 ], [ 0.127653, 51.56616 ], [ 0.129298, 51.566524 ], [ 0.129632, 51.56811 ], [ 0.130432, 51.570281 ], [ 0.130397, 51.570669 ], [ 0.129999, 51.570729 ], [ 0.12988, 51.571537 ], [ 0.131551, 51.571825 ], [ 0.13088, 51.573338 ], [ 0.130073, 51.573063 ], [ 0.12942, 51.573951 ], [ 0.129168, 51.576311 ], [ 0.131617, 51.577084 ], [ 0.130797, 51.579364 ], [ 0.133537, 51.579952 ], [ 0.132529, 51.581305 ], [ 0.127732, 51.581635 ], [ 0.128057, 51.582855 ], [ 0.127636, 51.583877 ], [ 0.127233, 51.583929 ], [ 0.12636, 51.586724 ], [ 0.130995, 51.587523 ], [ 0.129552, 51.590046 ], [ 0.137568, 51.593892 ], [ 0.141908, 51.596557 ], [ 0.146573, 51.599434 ], [ 0.148179, 51.598966 ], [ 0.149485, 51.602903 ], [ 0.148587, 51.604492 ], [ 0.148681, 51.608681 ], [ 0.147469, 51.612349 ], [ 0.145475, 51.614553 ], [ 0.144471, 51.616681 ], [ 0.138157, 51.623543 ], [ 0.135783, 51.623545 ], [ 0.12916, 51.621441 ], [ 0.128852, 51.620696 ], [ 0.126071, 51.619641 ], [ 0.124171, 51.617504 ], [ 0.11928, 51.615366 ], [ 0.11858, 51.615365 ], [ 0.116688, 51.61692 ], [ 0.109605, 51.61396 ], [ 0.103811, 51.61255 ], [ 0.103388, 51.613452 ], [ 0.100141, 51.612723 ], [ 0.098041, 51.61542 ], [ 0.092258, 51.613573 ], [ 0.093615, 51.612478 ], [ 0.094666, 51.610745 ], [ 0.094209, 51.610653 ], [ 0.09369, 51.609753 ], [ 0.092624, 51.609475 ], [ 0.091847, 51.608213 ], [ 0.091688, 51.607479 ], [ 0.092554, 51.606195 ], [ 0.089603, 51.605517 ], [ 0.0889, 51.605183 ], [ 0.088895, 51.604852 ], [ 0.087118, 51.604465 ], [ 0.084448, 51.606357 ], [ 0.079143, 51.607046 ], [ 0.072797, 51.604688 ], [ 0.065941, 51.60632 ], [ 0.063984, 51.607223 ], [ 0.062972, 51.60691 ], [ 0.062519, 51.607076 ], [ 0.060671, 51.608275 ], [ 0.052605, 51.612014 ], [ 0.048895, 51.61357 ], [ 0.048068, 51.613321 ], [ 0.048457, 51.61498 ], [ 0.05015, 51.616389 ], [ 0.051975, 51.616808 ], [ 0.053404, 51.61634 ], [ 0.054185, 51.616719 ], [ 0.054365, 51.617599 ], [ 0.053683, 51.618279 ], [ 0.053072, 51.618422 ], [ 0.047834, 51.617409 ], [ 0.043679, 51.61694 ], [ 0.04076, 51.615728 ], [ 0.039988, 51.616096 ], [ 0.040188, 51.616409 ], [ 0.037519, 51.617899 ], [ 0.037451, 51.618324 ], [ 0.032755, 51.622242 ] ] ] } },
{ "type": "Feature", "properties": { "borough_gss": "E09000027", "borough_name": "Richmond upon Thames" }, "bbox": [ -0.39277, 51.391441, -0.222943, 51.488998 ], "geometry": { "type": "MultiPolygon", "coordinates": [ [ [ [ -0.331207, 51.439565 ], [ -0.331504, 51.43935 ], [ -0.330689, 51.438895 ], [ -0.331207, 51.439565 ] ] ], [ [ [ -0.321782, 51.445828 ], [ -0.32093, 51.446133 ], [ -0.321775, 51.446236 ], [ -0.323389, 51.446045 ], [ -0.323352, 51.445824 ], [ -0.323844, 51.446056 ], [ -0.324543, 51.44575 ], [ -0.325809, 51.445723 ], [ -0.327194, 51.444945 ], [ -0.32809, 51.443966 ], [ -0.32516, 51.444753 ], [ -0.32551, 51.445036 ], [ -0.325078, 51.444779 ], [ -0.321782, 51.445828 ] ] ], [ [ [ -0.308761, 51.458165 ], [ -0.309942, 51.458522 ], [ -0.308473, 51.457788 ], [ -0.308761, 51.458165 ] ] ], [ [ [ -0.325334, 51.463688 ], [ -0.325406, 51.463625 ], [ -0.325575, 51.463352 ], [ -0.325334, 51.463688 ] ] ], [ [ [ -0.322924, 51.465366 ], [ -0.323451, 51.465356 ], [ -0.323476, 51.465334 ], [ -0.322924, 51.465366 ] ] ], [ [ [ -0.294816, 51.485982 ], [ -0.296431, 51.485612 ], [ -0.297441, 51.484567 ], [ -0.294816, 51.485982 ] ] ], [ [ [ -0.293972, 51.486204 ], [ -0.28991, 51.487174 ], [ -0.291903, 51.48703 ], [ -0.294355, 51.486301 ], [ -0.294553, 51.486089 ], [ -0.293972, 51.486204 ] ] ], [ [ [ -0.224895, 51.473684 ], [ -0.226646, 51.476184 ], [ -0.22686, 51.480967 ], [ -0.228042, 51.485117 ], [ -0.231338, 51.487879 ], [ -0.233172, 51.488559 ], [ -0.235659, 51.488998 ], [ -0.239019, 51.488859 ], [ -0.241102, 51.488281 ], [ -0.248423, 51.483833 ], [ -0.249401, 51.482064 ], [ -0.249241, 51.479216 ], [ -0.249679, 51.476084 ], [ -0.251497, 51.473633 ], [ -0.2515, 51.473629 ], [ -0.253401, 51.47223 ], [ -0.255701, 51.471169 ], [ -0.258576, 51.47043 ], [ -0.260352, 51.470311 ], [ -0.26405, 51.470216 ], [ -0.267848, 51.47123 ], [ -0.270501, 51.47269 ], [ -0.270511, 51.472695 ], [ -0.272464, 51.473969 ], [ -0.273534, 51.475133 ], [ -0.274008, 51.475648 ], [ -0.277964, 51.482056 ], [ -0.280409, 51.483776 ], [ -0.284455, 51.485902 ], [ -0.287314, 51.486499 ], [ -0.290025, 51.486339 ], [ -0.295285, 51.484826 ], [ -0.302605, 51.479248 ], [ -0.306826, 51.474934 ], [ -0.310065, 51.473475 ], [ -0.31007, 51.473473 ], [ -0.314618, 51.471794 ], [ -0.317738, 51.471005 ], [ -0.318602, 51.470206 ], [ -0.319235, 51.468441 ], [ -0.319793, 51.464672 ], [ -0.316953, 51.462471 ], [ -0.313903, 51.460726 ], [ -0.313877, 51.460717 ], [ -0.313862, 51.460713 ], [ -0.308015, 51.458808 ], [ -0.30506, 51.456456 ], [ -0.302824, 51.453399 ], [ -0.302634, 51.452233 ], [ -0.302843, 51.451307 ], [ -0.305779, 51.448599 ], [ -0.309587, 51.447271 ], [ -0.313009, 51.446492 ], [ -0.317081, 51.445761 ], [ -0.321733, 51.445368 ], [ -0.327813, 51.443444 ], [ -0.329161, 51.442686 ], [ -0.3301, 51.441593 ], [ -0.330106, 51.439661 ], [ -0.329168, 51.438189 ], [ -0.328528, 51.438002 ], [ -0.329096, 51.438047 ], [ -0.328042, 51.436696 ], [ -0.327617, 51.434384 ], [ -0.326975, 51.433386 ], [ -0.325681, 51.432572 ], [ -0.325875, 51.432323 ], [ -0.323376, 51.430868 ], [ -0.319091, 51.430013 ], [ -0.318341, 51.429544 ], [ -0.318351, 51.429515 ], [ -0.318369, 51.429468 ], [ -0.318507, 51.429094 ], [ -0.319938, 51.429384 ], [ -0.31999, 51.429394 ], [ -0.322354, 51.429889 ], [ -0.324816, 51.430852 ], [ -0.327244, 51.432426 ], [ -0.328442, 51.433866 ], [ -0.328453, 51.433879 ], [ -0.328476, 51.433908 ], [ -0.329089, 51.436663 ], [ -0.330598, 51.438469 ], [ -0.331867, 51.439172 ], [ -0.331229, 51.439741 ], [ -0.331654, 51.441264 ], [ -0.331403, 51.441557 ], [ -0.331398, 51.441562 ], [ -0.330391, 51.442961 ], [ -0.327209, 51.445644 ], [ -0.325172, 51.446534 ], [ -0.321522, 51.446861 ], [ -0.31892, 51.446431 ], [ -0.315827, 51.446658 ], [ -0.315767, 51.446906 ], [ -0.308878, 51.448677 ], [ -0.305657, 51.450442 ], [ -0.304373, 51.451621 ], [ -0.303914, 51.453291 ], [ -0.30597, 51.456156 ], [ -0.307286, 51.457004 ], [ -0.308058, 51.456668 ], [ -0.307556, 51.457213 ], [ -0.308932, 51.457551 ], [ -0.311281, 51.458768 ], [ -0.311589, 51.458551 ], [ -0.31144, 51.458831 ], [ -0.313997, 51.459706 ], [ -0.314018, 51.459714 ], [ -0.318986, 51.462661 ], [ -0.32176, 51.465365 ], [ -0.322597, 51.465342 ], [ -0.323241, 51.465321 ], [ -0.323708, 51.465118 ], [ -0.323732, 51.465107 ], [ -0.324417, 51.4645 ], [ -0.326147, 51.462432 ], [ -0.326837, 51.461319 ], [ -0.326454, 51.46092 ], [ -0.326416, 51.460886 ], [ -0.326411, 51.460881 ], [ -0.326369, 51.460849 ], [ -0.326373, 51.460838 ], [ -0.326353, 51.460815 ], [ -0.326432, 51.460667 ], [ -0.326505, 51.460532 ], [ -0.326726, 51.460017 ], [ -0.326228, 51.459765 ], [ -0.326465, 51.459346 ], [ -0.32557, 51.458117 ], [ -0.327048, 51.456999 ], [ -0.328412, 51.457952 ], [ -0.330368, 51.457882 ], [ -0.331416, 51.45729 ], [ -0.33303, 51.455408 ], [ -0.333632, 51.455244 ], [ -0.333709, 51.455488 ], [ -0.336293, 51.455687 ], [ -0.336984, 51.454631 ], [ -0.337562, 51.454842 ], [ -0.337737, 51.455483 ], [ -0.338555, 51.456102 ], [ -0.338973, 51.45589 ], [ -0.340631, 51.457258 ], [ -0.340134, 51.459239 ], [ -0.341724, 51.459022 ], [ -0.34268, 51.458107 ], [ -0.345054, 51.457919 ], [ -0.346041, 51.457267 ], [ -0.348705, 51.456765 ], [ -0.352839, 51.456862 ], [ -0.353461, 51.458183 ], [ -0.356431, 51.458406 ], [ -0.359818, 51.45822 ], [ -0.362867, 51.457671 ], [ -0.365064, 51.457803 ], [ -0.367829, 51.457433 ], [ -0.368471, 51.456869 ], [ -0.369589, 51.456968 ], [ -0.372463, 51.457247 ], [ -0.372694, 51.456993 ], [ -0.373045, 51.457473 ], [ -0.375275, 51.456284 ], [ -0.383787, 51.44951 ], [ -0.384568, 51.449895 ], [ -0.387693, 51.449369 ], [ -0.386318, 51.448202 ], [ -0.386266, 51.446732 ], [ -0.382871, 51.445049 ], [ -0.37979, 51.444388 ], [ -0.37963, 51.443229 ], [ -0.378244, 51.442491 ], [ -0.377147, 51.442479 ], [ -0.376093, 51.443073 ], [ -0.373953, 51.443024 ], [ -0.372894, 51.443641 ], [ -0.3671, 51.441713 ], [ -0.377892, 51.436802 ], [ -0.377934, 51.43631 ], [ -0.376163, 51.435527 ], [ -0.376242, 51.435485 ], [ -0.383314, 51.432127 ], [ -0.38791, 51.428732 ], [ -0.387147, 51.428179 ], [ -0.388089, 51.427879 ], [ -0.388382, 51.428053 ], [ -0.384112, 51.422672 ], [ -0.384943, 51.421258 ], [ -0.385518, 51.420748 ], [ -0.39113, 51.423162 ], [ -0.39277, 51.423467 ], [ -0.391363, 51.422326 ], [ -0.386663, 51.420081 ], [ -0.387715, 51.419328 ], [ -0.386783, 51.417654 ], [ -0.386615, 51.415022 ], [ -0.386144, 51.414281 ], [ -0.390314, 51.414338 ], [ -0.389671, 51.410693 ], [ -0.389198, 51.41032 ], [ -0.386657, 51.410412 ], [ -0.383798, 51.410119 ], [ -0.383371, 51.408538 ], [ -0.379449, 51.407834 ], [ -0.373881, 51.408493 ], [ -0.364761, 51.411592 ], [ -0.36126, 51.412041 ], [ -0.359161, 51.411903 ], [ -0.355378, 51.410752 ], [ -0.35513, 51.409807 ], [ -0.349912, 51.40698 ], [ -0.347102, 51.405882 ], [ -0.343809, 51.403981 ], [ -0.340658, 51.403095 ], [ -0.338364, 51.400849 ], [ -0.335829, 51.398457 ], [ -0.332286, 51.395918 ], [ -0.330808, 51.394092 ], [ -0.328694, 51.39231 ], [ -0.327609, 51.391746 ], [ -0.325883, 51.391441 ], [ -0.319855, 51.392594 ], [ -0.31772, 51.393668 ], [ -0.312586, 51.397402 ], [ -0.312148, 51.398143 ], [ -0.310297, 51.399607 ], [ -0.30935, 51.400453 ], [ -0.308788, 51.402203 ], [ -0.309096, 51.409302 ], [ -0.3085, 51.41352 ], [ -0.308308, 51.415248 ], [ -0.30603, 51.421234 ], [ -0.306891, 51.423289 ], [ -0.308404, 51.424997 ], [ -0.310389, 51.426365 ], [ -0.314469, 51.428259 ], [ -0.312823, 51.430344 ], [ -0.310678, 51.432211 ], [ -0.309783, 51.432144 ], [ -0.308089, 51.43108 ], [ -0.308567, 51.430786 ], [ -0.306955, 51.430154 ], [ -0.30643, 51.430151 ], [ -0.305942, 51.431362 ], [ -0.30178, 51.430392 ], [ -0.301532, 51.430539 ], [ -0.30207, 51.431152 ], [ -0.301618, 51.43143 ], [ -0.297494, 51.428561 ], [ -0.295465, 51.427645 ], [ -0.295429, 51.42704 ], [ -0.294732, 51.427007 ], [ -0.29479, 51.426461 ], [ -0.29341, 51.426512 ], [ -0.293022, 51.428939 ], [ -0.290639, 51.428991 ], [ -0.287777, 51.422739 ], [ -0.286619, 51.420172 ], [ -0.280459, 51.421856 ], [ -0.278594, 51.42335 ], [ -0.270962, 51.429543 ], [ -0.2646, 51.432917 ], [ -0.256346, 51.436349 ], [ -0.256208, 51.436653 ], [ -0.254091, 51.437291 ], [ -0.242729, 51.441918 ], [ -0.241629, 51.443133 ], [ -0.247326, 51.44918 ], [ -0.259113, 51.454932 ], [ -0.258341, 51.457333 ], [ -0.256809, 51.459856 ], [ -0.258043, 51.460269 ], [ -0.25602, 51.463041 ], [ -0.252915, 51.465216 ], [ -0.243976, 51.46523 ], [ -0.239556, 51.464839 ], [ -0.233314, 51.463991 ], [ -0.233573, 51.465345 ], [ -0.233648, 51.466036 ], [ -0.232831, 51.466634 ], [ -0.233447, 51.468145 ], [ -0.232947, 51.471678 ], [ -0.232615, 51.472614 ], [ -0.231108, 51.472833 ], [ -0.227072, 51.471447 ], [ -0.223636, 51.470761 ], [ -0.223432, 51.471496 ], [ -0.223454, 51.471485 ], [ -0.223736, 51.47159 ], [ -0.222943, 51.471838 ], [ -0.224895, 51.473684 ] ] ] ] } },
{ "type": "Feature", "properties": { "borough_gss": "E09000028", "borough_name": "Southwark" }, "bbox": [ -0.111492, 51.420605, -0.032349, 51.508614 ], "geometry": { "type": "Polygon", "coordinates": [ [ [ -0.104701, 51.508613 ], [ -0.104709, 51.508614 ], [ -0.104746, 51.508556 ], [ -0.108882, 51.508425 ], [ -0.108739, 51.507764 ], [ -0.108191, 51.506921 ], [ -0.107365, 51.507071 ], [ -0.106512, 51.505062 ], [ -0.106429, 51.503365 ], [ -0.107418, 51.503034 ], [ -0.106783, 51.502208 ], [ -0.106103, 51.502523 ], [ -0.105942, 51.502032 ], [ -0.1065, 51.501569 ], [ -0.108292, 51.500441 ], [ -0.110283, 51.496762 ], [ -0.111492, 51.496458 ], [ -0.110956, 51.495467 ], [ -0.104878, 51.493527 ], [ -0.103295, 51.491254 ], [ -0.108486, 51.485848 ], [ -0.106385, 51.484898 ], [ -0.107214, 51.483649 ], [ -0.105641, 51.482942 ], [ -0.106044, 51.482697 ], [ -0.104062, 51.480903 ], [ -0.10824, 51.480289 ], [ -0.103599, 51.478357 ], [ -0.100001, 51.476864 ], [ -0.10068, 51.474447 ], [ -0.09939, 51.472642 ], [ -0.098855, 51.471871 ], [ -0.096001, 51.469867 ], [ -0.094169, 51.470672 ], [ -0.093653, 51.471732 ], [ -0.093038, 51.472029 ], [ -0.092782, 51.469869 ], [ -0.091179, 51.467598 ], [ -0.090089, 51.46583 ], [ -0.090684, 51.463317 ], [ -0.092272, 51.461055 ], [ -0.094973, 51.458787 ], [ -0.095838, 51.457415 ], [ -0.101106, 51.453927 ], [ -0.101479, 51.452211 ], [ -0.100788, 51.450336 ], [ -0.099988, 51.450273 ], [ -0.09916, 51.448975 ], [ -0.096064, 51.446726 ], [ -0.095091, 51.445412 ], [ -0.094452, 51.443235 ], [ -0.092921, 51.441082 ], [ -0.091045, 51.437553 ], [ -0.089371, 51.432017 ], [ -0.088224, 51.429336 ], [ -0.085935, 51.428505 ], [ -0.086101, 51.427817 ], [ -0.085213, 51.4273 ], [ -0.084061, 51.425692 ], [ -0.083485, 51.423004 ], [ -0.08176, 51.423379 ], [ -0.080902, 51.42186 ], [ -0.079859, 51.422134 ], [ -0.078934, 51.421569 ], [ -0.079243, 51.420869 ], [ -0.07832, 51.420605 ], [ -0.074966, 51.425699 ], [ -0.073945, 51.426152 ], [ -0.075048, 51.42918 ], [ -0.072864, 51.432084 ], [ -0.072216, 51.432459 ], [ -0.069529, 51.432682 ], [ -0.066709, 51.433923 ], [ -0.065834, 51.434631 ], [ -0.06442, 51.437041 ], [ -0.063457, 51.437541 ], [ -0.064054, 51.440849 ], [ -0.065026, 51.441157 ], [ -0.06387, 51.442526 ], [ -0.063744, 51.444225 ], [ -0.063084, 51.446184 ], [ -0.061827, 51.447796 ], [ -0.057596, 51.450322 ], [ -0.057564, 51.450337 ], [ -0.053788, 51.44871 ], [ -0.049087, 51.450113 ], [ -0.046151, 51.449873 ], [ -0.041649, 51.45499 ], [ -0.044632, 51.456577 ], [ -0.046156, 51.456962 ], [ -0.045242, 51.459407 ], [ -0.045237, 51.462205 ], [ -0.045999, 51.463975 ], [ -0.047489, 51.465125 ], [ -0.04854, 51.465627 ], [ -0.048207, 51.465897 ], [ -0.050888, 51.466638 ], [ -0.050575, 51.466793 ], [ -0.051323, 51.467368 ], [ -0.050881, 51.46758 ], [ -0.052282, 51.469214 ], [ -0.051687, 51.469751 ], [ -0.052757, 51.472933 ], [ -0.052706, 51.478009 ], [ -0.054268, 51.478583 ], [ -0.052811, 51.482644 ], [ -0.053097, 51.485163 ], [ -0.05356, 51.485795 ], [ -0.05295, 51.486004 ], [ -0.052844, 51.48647 ], [ -0.053986, 51.487938 ], [ -0.052626, 51.487558 ], [ -0.05055, 51.487908 ], [ -0.050109, 51.488335 ], [ -0.051959, 51.489135 ], [ -0.051466, 51.489438 ], [ -0.046567, 51.490745 ], [ -0.046567, 51.490342 ], [ -0.046016, 51.490274 ], [ -0.044758, 51.490442 ], [ -0.044497, 51.490107 ], [ -0.042226, 51.490035 ], [ -0.042503, 51.490243 ], [ -0.040344, 51.491062 ], [ -0.041053, 51.491829 ], [ -0.040075, 51.492168 ], [ -0.040557, 51.492791 ], [ -0.03932, 51.492961 ], [ -0.037319, 51.492221 ], [ -0.032425, 51.493112 ], [ -0.032666, 51.49413 ], [ -0.033276, 51.494143 ], [ -0.032691, 51.494402 ], [ -0.032561, 51.495673 ], [ -0.033875, 51.495472 ], [ -0.033984, 51.495682 ], [ -0.032575, 51.496008 ], [ -0.032971, 51.496941 ], [ -0.032516, 51.498283 ], [ -0.032756, 51.500087 ], [ -0.032376, 51.500107 ], [ -0.032361, 51.502419 ], [ -0.032349, 51.504348 ], [ -0.033044, 51.504359 ], [ -0.033085, 51.505093 ], [ -0.034221, 51.506303 ], [ -0.036817, 51.507132 ], [ -0.037341, 51.506421 ], [ -0.037291, 51.50723 ], [ -0.041328, 51.50749 ], [ -0.044394, 51.506949 ], [ -0.045345, 51.505922 ], [ -0.045755, 51.506129 ], [ -0.046569, 51.505655 ], [ -0.046077, 51.505147 ], [ -0.047008, 51.505359 ], [ -0.048036, 51.504767 ], [ -0.047732, 51.504154 ], [ -0.048065, 51.504296 ], [ -0.048306, 51.504398 ], [ -0.04858, 51.504515 ], [ -0.048698, 51.504491 ], [ -0.048789, 51.504437 ], [ -0.049196, 51.504358 ], [ -0.04881, 51.504025 ], [ -0.050748, 51.502899 ], [ -0.051269, 51.502736 ], [ -0.057281, 51.500852 ], [ -0.063815, 51.500628 ], [ -0.067216, 51.501443 ], [ -0.067385, 51.501228 ], [ -0.070804, 51.502209 ], [ -0.073513, 51.500485 ], [ -0.070898, 51.502569 ], [ -0.071803, 51.503075 ], [ -0.072744, 51.503601 ], [ -0.076144, 51.504409 ], [ -0.076146, 51.504409 ], [ -0.081161, 51.505939 ], [ -0.084714, 51.506621 ], [ -0.086155, 51.506545 ], [ -0.088101, 51.506908 ], [ -0.088172, 51.506913 ], [ -0.088174, 51.506913 ], [ -0.092103, 51.507229 ], [ -0.096139, 51.508377 ], [ -0.104177, 51.508543 ], [ -0.10471, 51.508404 ], [ -0.104701, 51.508613 ] ] ] } },
{ "type": "Feature", "properties": { "borough_gss": "E09000029", "borough_name": "Sutton" }, "bbox": [ -0.245429, 51.321511, -0.116919, 51.393419 ], "geometry": { "type": "Polygon", "coordinates": [ [ [ -0.166461, 51.389695 ], [ -0.167609, 51.390061 ], [ -0.169955, 51.391664 ], [ -0.171317, 51.392511 ], [ -0.172871, 51.39265 ], [ -0.174868, 51.393419 ], [ -0.179265, 51.389835 ], [ -0.182672, 51.388055 ], [ -0.184531, 51.387514 ], [ -0.188411, 51.385436 ], [ -0.189652, 51.386061 ], [ -0.190469, 51.386203 ], [ -0.193201, 51.387866 ], [ -0.193604, 51.387669 ], [ -0.193951, 51.387872 ], [ -0.20031, 51.384967 ], [ -0.203518, 51.387226 ], [ -0.205028, 51.386092 ], [ -0.209793, 51.388253 ], [ -0.213372, 51.385007 ], [ -0.212986, 51.384811 ], [ -0.218105, 51.380183 ], [ -0.223221, 51.382047 ], [ -0.227742, 51.383954 ], [ -0.233928, 51.38771 ], [ -0.234657, 51.390539 ], [ -0.239701, 51.389295 ], [ -0.238745, 51.386095 ], [ -0.24162, 51.384525 ], [ -0.243259, 51.382598 ], [ -0.244299, 51.383066 ], [ -0.244984, 51.380653 ], [ -0.245054, 51.380035 ], [ -0.245065, 51.379961 ], [ -0.244704, 51.369063 ], [ -0.245429, 51.366847 ], [ -0.241175, 51.366263 ], [ -0.240915, 51.367038 ], [ -0.238942, 51.366836 ], [ -0.237849, 51.367008 ], [ -0.236804, 51.366798 ], [ -0.233974, 51.365386 ], [ -0.233216, 51.366011 ], [ -0.226968, 51.362626 ], [ -0.224083, 51.359275 ], [ -0.222761, 51.357087 ], [ -0.222, 51.353532 ], [ -0.222117, 51.351326 ], [ -0.221287, 51.351172 ], [ -0.220446, 51.351421 ], [ -0.220211, 51.350081 ], [ -0.217803, 51.345633 ], [ -0.217289, 51.343388 ], [ -0.221811, 51.341346 ], [ -0.222725, 51.340831 ], [ -0.222302, 51.340462 ], [ -0.223286, 51.339882 ], [ -0.224116, 51.340042 ], [ -0.226852, 51.33789 ], [ -0.229848, 51.336524 ], [ -0.220966, 51.329864 ], [ -0.216109, 51.329828 ], [ -0.21412, 51.330352 ], [ -0.211931, 51.333309 ], [ -0.213056, 51.335542 ], [ -0.202076, 51.340143 ], [ -0.201224, 51.339886 ], [ -0.199583, 51.341885 ], [ -0.198583, 51.342301 ], [ -0.197344, 51.343597 ], [ -0.196566, 51.343448 ], [ -0.196715, 51.34316 ], [ -0.196292, 51.343041 ], [ -0.196073, 51.343331 ], [ -0.193254, 51.342627 ], [ -0.187484, 51.340814 ], [ -0.175045, 51.333812 ], [ -0.174691, 51.33317 ], [ -0.174164, 51.333213 ], [ -0.172884, 51.330015 ], [ -0.16992, 51.330248 ], [ -0.170091, 51.329476 ], [ -0.163102, 51.330266 ], [ -0.162316, 51.328891 ], [ -0.163996, 51.328585 ], [ -0.164008, 51.328189 ], [ -0.164388, 51.328128 ], [ -0.163593, 51.326215 ], [ -0.164213, 51.326042 ], [ -0.160626, 51.323243 ], [ -0.15866, 51.323978 ], [ -0.156569, 51.321511 ], [ -0.152739, 51.323005 ], [ -0.152082, 51.322271 ], [ -0.150595, 51.322173 ], [ -0.149037, 51.322788 ], [ -0.147956, 51.322685 ], [ -0.145584, 51.323504 ], [ -0.144273, 51.32591 ], [ -0.144453, 51.326477 ], [ -0.14933, 51.328766 ], [ -0.144067, 51.33067 ], [ -0.145172, 51.331543 ], [ -0.145617, 51.332431 ], [ -0.147547, 51.338782 ], [ -0.144524, 51.339498 ], [ -0.144306, 51.340222 ], [ -0.143464, 51.340562 ], [ -0.144595, 51.342091 ], [ -0.144214, 51.342293 ], [ -0.141557, 51.343414 ], [ -0.136731, 51.344757 ], [ -0.136358, 51.344792 ], [ -0.13627, 51.344409 ], [ -0.132516, 51.3443 ], [ -0.132893, 51.345437 ], [ -0.131126, 51.345472 ], [ -0.131431, 51.346023 ], [ -0.128993, 51.346588 ], [ -0.128867, 51.34727 ], [ -0.128373, 51.347451 ], [ -0.127556, 51.347445 ], [ -0.127347, 51.347188 ], [ -0.126857, 51.344857 ], [ -0.125925, 51.345239 ], [ -0.118931, 51.34551 ], [ -0.118663, 51.345796 ], [ -0.117313, 51.34568 ], [ -0.116919, 51.345755 ], [ -0.116991, 51.346657 ], [ -0.117366, 51.346648 ], [ -0.119115, 51.353143 ], [ -0.120178, 51.353045 ], [ -0.121429, 51.357731 ], [ -0.124196, 51.357431 ], [ -0.124715, 51.358866 ], [ -0.123457, 51.359152 ], [ -0.123338, 51.358918 ], [ -0.12186, 51.359064 ], [ -0.122928, 51.359918 ], [ -0.121843, 51.359986 ], [ -0.122053, 51.36098 ], [ -0.12139, 51.361064 ], [ -0.121434, 51.362341 ], [ -0.120929, 51.36331 ], [ -0.121302, 51.364733 ], [ -0.122361, 51.36453 ], [ -0.124108, 51.365395 ], [ -0.122098, 51.365808 ], [ -0.12334, 51.371189 ], [ -0.12477, 51.372943 ], [ -0.124744, 51.373661 ], [ -0.127843, 51.374749 ], [ -0.126673, 51.374909 ], [ -0.126865, 51.375482 ], [ -0.125833, 51.375604 ], [ -0.126719, 51.377065 ], [ -0.128079, 51.380499 ], [ -0.130299, 51.38222 ], [ -0.128657, 51.382495 ], [ -0.129535, 51.385287 ], [ -0.128761, 51.385652 ], [ -0.13066, 51.386266 ], [ -0.129493, 51.387185 ], [ -0.133259, 51.38955 ], [ -0.132636, 51.390127 ], [ -0.134379, 51.390886 ], [ -0.141904, 51.389356 ], [ -0.143184, 51.390402 ], [ -0.144378, 51.39068 ], [ -0.152667, 51.389771 ], [ -0.158056, 51.389259 ], [ -0.158282, 51.388839 ], [ -0.159704, 51.388594 ], [ -0.160987, 51.38782 ], [ -0.16177, 51.388132 ], [ -0.16529, 51.387979 ], [ -0.166461, 51.389695 ] ] ] } },
{ "type": "Feature", "properties": { "borough_gss": "E09000030", "borough_name": "Tower Hamlets" }, "bbox": [ -0.079487, 51.48614, 0.00893, 51.544685 ], "geometry": { "type": "Polygon", "coordinates": [ [ [ -0.029581, 51.543089 ], [ -0.03321, 51.544685 ], [ -0.037761, 51.541797 ], [ -0.037174, 51.541413 ], [ -0.037449, 51.54128 ], [ -0.040767, 51.538115 ], [ -0.041521, 51.537441 ], [ -0.044993, 51.53578 ], [ -0.047187, 51.535448 ], [ -0.049728, 51.536345 ], [ -0.05094, 51.536461 ], [ -0.052404, 51.53593 ], [ -0.052883, 51.534939 ], [ -0.054707, 51.535153 ], [ -0.057329, 51.534415 ], [ -0.058785, 51.534104 ], [ -0.0601, 51.534195 ], [ -0.06246, 51.535531 ], [ -0.062887, 51.534917 ], [ -0.062217, 51.533258 ], [ -0.065036, 51.532903 ], [ -0.065203, 51.533145 ], [ -0.06628, 51.531224 ], [ -0.072855, 51.530655 ], [ -0.074602, 51.529851 ], [ -0.075742, 51.528357 ], [ -0.0773, 51.527304 ], [ -0.076324, 51.527141 ], [ -0.076668, 51.526345 ], [ -0.076483, 51.524311 ], [ -0.075954, 51.524337 ], [ -0.075768, 51.52368 ], [ -0.076146, 51.522367 ], [ -0.076485, 51.522045 ], [ -0.078279, 51.521901 ], [ -0.07856, 51.521504 ], [ -0.079439, 51.518884 ], [ -0.078125, 51.518977 ], [ -0.0782, 51.51847 ], [ -0.076903, 51.516628 ], [ -0.07403, 51.514477 ], [ -0.073078, 51.511807 ], [ -0.072839, 51.510236 ], [ -0.074571, 51.509953 ], [ -0.075544, 51.509735 ], [ -0.076238, 51.510559 ], [ -0.077882, 51.510084 ], [ -0.078841, 51.509459 ], [ -0.079098, 51.509063 ], [ -0.078731, 51.508834 ], [ -0.079487, 51.507823 ], [ -0.079414, 51.507801 ], [ -0.074785, 51.506713 ], [ -0.073794, 51.506194 ], [ -0.071298, 51.505778 ], [ -0.071212, 51.505165 ], [ -0.0706, 51.505355 ], [ -0.068691, 51.504535 ], [ -0.068094, 51.504877 ], [ -0.068107, 51.504479 ], [ -0.065246, 51.503737 ], [ -0.065373, 51.503489 ], [ -0.065204, 51.503726 ], [ -0.062605, 51.503097 ], [ -0.061652, 51.503178 ], [ -0.06106, 51.502898 ], [ -0.06087, 51.502808 ], [ -0.059656, 51.502824 ], [ -0.059499, 51.502872 ], [ -0.05619, 51.503875 ], [ -0.050447, 51.507592 ], [ -0.049426, 51.507848 ], [ -0.049714, 51.508078 ], [ -0.049156, 51.508008 ], [ -0.046085, 51.509355 ], [ -0.042132, 51.509799 ], [ -0.04191, 51.509783 ], [ -0.037828, 51.509498 ], [ -0.03695, 51.509977 ], [ -0.037361, 51.50936 ], [ -0.035943, 51.509381 ], [ -0.035612, 51.509071 ], [ -0.033191, 51.508682 ], [ -0.032626, 51.508241 ], [ -0.031625, 51.508205 ], [ -0.029883, 51.508907 ], [ -0.031552, 51.507839 ], [ -0.030512, 51.507279 ], [ -0.030509, 51.507277 ], [ -0.030442, 51.507241 ], [ -0.030129, 51.507422 ], [ -0.028479, 51.505718 ], [ -0.028548, 51.505663 ], [ -0.028606, 51.505283 ], [ -0.028962, 51.505392 ], [ -0.028656, 51.50499 ], [ -0.028484, 51.505666 ], [ -0.026775, 51.503339 ], [ -0.027213, 51.502333 ], [ -0.027439, 51.501812 ], [ -0.0279, 51.494684 ], [ -0.027656, 51.49425 ], [ -0.026259, 51.494013 ], [ -0.026642, 51.493934 ], [ -0.027262, 51.493807 ], [ -0.027358, 51.493511 ], [ -0.025726, 51.490695 ], [ -0.02385, 51.488946 ], [ -0.021006, 51.487329 ], [ -0.016404, 51.486141 ], [ -0.011526, 51.48614 ], [ -0.006696, 51.487083 ], [ -0.004647, 51.488136 ], [ -0.005152, 51.488606 ], [ -0.004462, 51.488277 ], [ -0.003713, 51.488984 ], [ -0.003118, 51.490775 ], [ -0.003085, 51.490875 ], [ -0.003326, 51.49227 ], [ -0.004787, 51.494542 ], [ -0.005451, 51.494643 ], [ -0.006239, 51.49561 ], [ -0.005633, 51.495836 ], [ -0.006983, 51.498342 ], [ -0.007304, 51.498307 ], [ -0.007769, 51.500803 ], [ -0.008684, 51.501348 ], [ -0.00766, 51.501505 ], [ -0.007533, 51.502 ], [ -0.007246, 51.503118 ], [ -0.005617, 51.504797 ], [ -0.005801, 51.505135 ], [ -0.005418, 51.505031 ], [ -0.003461, 51.506623 ], [ -0.00176, 51.507475 ], [ 0.002963, 51.508236 ], [ 0.003443, 51.508016 ], [ 0.003649, 51.508379 ], [ 0.005774, 51.508264 ], [ 0.008763, 51.507367 ], [ 0.00893, 51.508837 ], [ 0.006324, 51.509372 ], [ 0.005556, 51.510025 ], [ 0.007366, 51.512726 ], [ 0.006667, 51.513923 ], [ 0.005913, 51.513928 ], [ 0.00551, 51.513521 ], [ 0.0043, 51.510594 ], [ 0.002781, 51.510385 ], [ 0.001731, 51.510911 ], [ 0.001748, 51.510944 ], [ 0.003534, 51.51449 ], [ 0.003562, 51.514544 ], [ 0.002645, 51.515516 ], [ -0.00262, 51.517789 ], [ -0.003481, 51.517613 ], [ -0.004402, 51.51641 ], [ -0.00516, 51.516234 ], [ -0.005998, 51.51642 ], [ -0.006751, 51.518298 ], [ -0.009193, 51.519894 ], [ -0.009378, 51.521821 ], [ -0.008664, 51.521824 ], [ -0.007891, 51.523024 ], [ -0.008118, 51.523834 ], [ -0.007847, 51.525321 ], [ -0.007832, 51.52534 ], [ -0.007561, 51.526235 ], [ -0.008669, 51.527555 ], [ -0.010295, 51.52848 ], [ -0.010716, 51.52928 ], [ -0.013707, 51.529843 ], [ -0.017175, 51.531314 ], [ -0.018037, 51.532223 ], [ -0.018099, 51.533437 ], [ -0.018976, 51.534137 ], [ -0.019691, 51.535584 ], [ -0.020981, 51.536282 ], [ -0.021296, 51.537006 ], [ -0.019471, 51.538258 ], [ -0.018914, 51.539339 ], [ -0.017886, 51.540173 ], [ -0.017727, 51.540955 ], [ -0.016623, 51.541389 ], [ -0.016119, 51.542475 ], [ -0.016577, 51.543328 ], [ -0.019881, 51.543581 ], [ -0.025612, 51.543337 ], [ -0.029019, 51.542271 ], [ -0.029581, 51.543089 ] ] ] } },
{ "type": "Feature", "properties": { "borough_gss": "E09000031", "borough_name": "Waltham Forest" }, "bbox": [ -0.062247, 51.549927, 0.025712, 51.646527 ], "geometry": { "type": "Polygon", "coordinates": [ [ [ -0.008218, 51.643607 ], [ -0.008472, 51.644497 ], [ -0.00737, 51.64616 ], [ -0.00924, 51.646527 ], [ -0.012285, 51.646233 ], [ -0.013278, 51.639847 ], [ -0.014793, 51.636738 ], [ -0.015266, 51.635505 ], [ -0.016835, 51.633528 ], [ -0.023419, 51.625277 ], [ -0.024051, 51.624643 ], [ -0.025998, 51.621763 ], [ -0.032421, 51.616622 ], [ -0.035389, 51.612981 ], [ -0.035575, 51.612004 ], [ -0.034187, 51.610302 ], [ -0.034021, 51.609487 ], [ -0.035278, 51.608232 ], [ -0.041451, 51.605631 ], [ -0.04354, 51.602813 ], [ -0.046469, 51.599789 ], [ -0.050517, 51.596646 ], [ -0.052379, 51.593544 ], [ -0.053483, 51.589911 ], [ -0.052171, 51.587747 ], [ -0.053185, 51.586914 ], [ -0.054653, 51.585984 ], [ -0.055729, 51.584276 ], [ -0.057947, 51.582442 ], [ -0.061825, 51.580153 ], [ -0.062247, 51.579168 ], [ -0.061184, 51.577784 ], [ -0.058431, 51.572525 ], [ -0.056399, 51.570794 ], [ -0.054292, 51.570197 ], [ -0.053159, 51.568573 ], [ -0.051177, 51.567724 ], [ -0.046727, 51.564379 ], [ -0.04722, 51.56266 ], [ -0.045726, 51.56225 ], [ -0.045154, 51.56179 ], [ -0.04239, 51.561367 ], [ -0.040077, 51.561778 ], [ -0.038838, 51.561161 ], [ -0.036417, 51.561504 ], [ -0.033308, 51.560621 ], [ -0.030058, 51.561364 ], [ -0.028552, 51.561072 ], [ -0.025891, 51.559923 ], [ -0.024378, 51.558656 ], [ -0.023969, 51.557373 ], [ -0.023034, 51.557271 ], [ -0.018471, 51.555176 ], [ -0.017504, 51.553392 ], [ -0.017193, 51.551674 ], [ -0.017168, 51.551575 ], [ -0.01697, 51.551404 ], [ -0.010864, 51.552624 ], [ -0.009472, 51.552216 ], [ -0.00868, 51.549927 ], [ -0.004196, 51.551041 ], [ -0.003822, 51.551149 ], [ -0.003662, 51.550919 ], [ -0.000186, 51.551738 ], [ 0.003081, 51.552098 ], [ 0.003843, 51.551806 ], [ 0.005176, 51.552133 ], [ 0.005805, 51.551666 ], [ 0.005503, 51.55066 ], [ 0.009508, 51.551238 ], [ 0.010821, 51.55226 ], [ 0.009622, 51.553433 ], [ 0.01111, 51.554398 ], [ 0.011621, 51.553917 ], [ 0.014574, 51.554955 ], [ 0.016242, 51.553224 ], [ 0.01672, 51.553391 ], [ 0.016945, 51.553183 ], [ 0.021532, 51.554878 ], [ 0.020342, 51.556267 ], [ 0.017131, 51.558796 ], [ 0.016075, 51.559292 ], [ 0.014755, 51.559438 ], [ 0.01419, 51.561324 ], [ 0.014241, 51.563507 ], [ 0.014435, 51.565602 ], [ 0.017509, 51.56564 ], [ 0.018821, 51.566309 ], [ 0.018989, 51.567018 ], [ 0.017668, 51.570002 ], [ 0.018248, 51.57013 ], [ 0.019129, 51.569849 ], [ 0.018883, 51.572348 ], [ 0.018015, 51.57202 ], [ 0.017472, 51.572592 ], [ 0.016463, 51.572888 ], [ 0.017382, 51.574411 ], [ 0.017413, 51.577456 ], [ 0.015233, 51.581706 ], [ 0.015661, 51.581859 ], [ 0.015247, 51.58251 ], [ 0.015502, 51.583383 ], [ 0.0149, 51.583395 ], [ 0.013369, 51.583786 ], [ 0.012919, 51.586961 ], [ 0.01209, 51.592148 ], [ 0.012528, 51.595357 ], [ 0.012905, 51.599054 ], [ 0.016381, 51.603939 ], [ 0.019119, 51.607789 ], [ 0.019553, 51.60761 ], [ 0.019248, 51.608236 ], [ 0.021372, 51.611142 ], [ 0.021233, 51.612272 ], [ 0.016252, 51.616851 ], [ 0.008682, 51.619074 ], [ 0.0145, 51.618902 ], [ 0.014709, 51.619752 ], [ 0.014315, 51.620303 ], [ 0.015815, 51.620911 ], [ 0.01619, 51.621777 ], [ 0.01703, 51.621979 ], [ 0.017021, 51.622343 ], [ 0.017565, 51.622308 ], [ 0.018462, 51.622799 ], [ 0.018829, 51.623235 ], [ 0.018461, 51.623534 ], [ 0.019056, 51.623682 ], [ 0.018584, 51.624155 ], [ 0.019, 51.624287 ], [ 0.020065, 51.626428 ], [ 0.019912, 51.627005 ], [ 0.020554, 51.627334 ], [ 0.020966, 51.628908 ], [ 0.021788, 51.628826 ], [ 0.023864, 51.630796 ], [ 0.024303, 51.632388 ], [ 0.025712, 51.634564 ], [ 0.025198, 51.635248 ], [ 0.024686, 51.63605 ], [ 0.025133, 51.637288 ], [ 0.023056, 51.637717 ], [ 0.022693, 51.641114 ], [ 0.020053, 51.640446 ], [ 0.017394, 51.640257 ], [ 0.009872, 51.641448 ], [ 0.001041, 51.641761 ], [ -0.000521, 51.643709 ], [ -0.00401, 51.642716 ], [ -0.004586, 51.643537 ], [ -0.006683, 51.643332 ], [ -0.008218, 51.643607 ] ] ] } },
{ "type": "Feature", "properties": { "borough_gss": "E09000032", "borough_name": "Wandsworth" }, "bbox": [ -0.259113, 51.417752, -0.126364, 51.485044 ], "geometry": { "type": "Polygon", "coordinates": [ [ [ -0.126364, 51.484466 ], [ -0.128172, 51.484736 ], [ -0.128525, 51.485044 ], [ -0.128532, 51.485042 ], [ -0.132082, 51.483735 ], [ -0.136749, 51.482792 ], [ -0.136937, 51.482437 ], [ -0.137441, 51.482728 ], [ -0.140064, 51.482734 ], [ -0.146276, 51.483559 ], [ -0.147417, 51.483579 ], [ -0.148956, 51.483607 ], [ -0.166267, 51.481329 ], [ -0.16632, 51.481318 ], [ -0.171658, 51.480263 ], [ -0.171721, 51.48023 ], [ -0.173979, 51.479079 ], [ -0.175287, 51.477753 ], [ -0.176013, 51.47644 ], [ -0.175687, 51.476183 ], [ -0.176879, 51.474881 ], [ -0.178536, 51.47077 ], [ -0.177925, 51.470625 ], [ -0.178599, 51.470654 ], [ -0.178497, 51.470179 ], [ -0.179166, 51.470005 ], [ -0.180982, 51.467581 ], [ -0.183623, 51.46546 ], [ -0.187147, 51.464227 ], [ -0.187191, 51.464216 ], [ -0.190387, 51.463405 ], [ -0.194818, 51.462911 ], [ -0.194941, 51.462614 ], [ -0.193909, 51.461489 ], [ -0.194384, 51.461378 ], [ -0.194883, 51.461762 ], [ -0.194808, 51.460625 ], [ -0.194779, 51.460184 ], [ -0.193325, 51.459797 ], [ -0.195168, 51.460018 ], [ -0.195079, 51.460614 ], [ -0.195078, 51.460621 ], [ -0.195073, 51.462274 ], [ -0.195072, 51.462348 ], [ -0.195087, 51.462564 ], [ -0.195095, 51.46257 ], [ -0.195525, 51.462888 ], [ -0.199128, 51.462709 ], [ -0.203699, 51.463195 ], [ -0.207292, 51.4639 ], [ -0.212782, 51.465545 ], [ -0.218066, 51.468192 ], [ -0.222511, 51.471508 ], [ -0.222909, 51.47172 ], [ -0.223389, 51.471517 ], [ -0.223432, 51.471496 ], [ -0.223636, 51.470761 ], [ -0.227072, 51.471447 ], [ -0.231108, 51.472833 ], [ -0.232615, 51.472614 ], [ -0.232947, 51.471678 ], [ -0.233447, 51.468145 ], [ -0.232831, 51.466634 ], [ -0.233648, 51.466036 ], [ -0.233573, 51.465345 ], [ -0.233314, 51.463991 ], [ -0.239556, 51.464839 ], [ -0.243976, 51.46523 ], [ -0.252915, 51.465216 ], [ -0.25602, 51.463041 ], [ -0.258043, 51.460269 ], [ -0.256809, 51.459856 ], [ -0.258341, 51.457333 ], [ -0.259113, 51.454932 ], [ -0.247326, 51.44918 ], [ -0.241629, 51.443133 ], [ -0.242729, 51.441918 ], [ -0.254091, 51.437291 ], [ -0.253111, 51.435299 ], [ -0.251254, 51.434168 ], [ -0.251084, 51.432566 ], [ -0.240712, 51.43522 ], [ -0.231323, 51.438139 ], [ -0.225506, 51.438743 ], [ -0.224534, 51.438589 ], [ -0.224277, 51.438861 ], [ -0.220438, 51.438449 ], [ -0.217846, 51.43868 ], [ -0.216531, 51.438346 ], [ -0.215735, 51.437746 ], [ -0.212546, 51.437832 ], [ -0.209149, 51.438302 ], [ -0.204522, 51.438968 ], [ -0.190045, 51.441474 ], [ -0.189872, 51.440279 ], [ -0.190667, 51.43892 ], [ -0.189216, 51.438547 ], [ -0.18935, 51.437629 ], [ -0.190266, 51.434805 ], [ -0.191185, 51.433462 ], [ -0.189797, 51.431352 ], [ -0.189089, 51.431608 ], [ -0.189254, 51.431831 ], [ -0.187419, 51.432097 ], [ -0.187289, 51.432986 ], [ -0.185762, 51.433164 ], [ -0.184254, 51.431276 ], [ -0.184553, 51.427623 ], [ -0.184093, 51.426379 ], [ -0.18194, 51.424736 ], [ -0.178698, 51.424314 ], [ -0.173597, 51.423182 ], [ -0.168425, 51.420911 ], [ -0.164833, 51.42034 ], [ -0.165094, 51.420093 ], [ -0.161599, 51.419864 ], [ -0.160362, 51.421918 ], [ -0.159973, 51.421928 ], [ -0.159883, 51.422628 ], [ -0.151328, 51.419852 ], [ -0.150284, 51.420081 ], [ -0.149341, 51.419856 ], [ -0.14448, 51.417752 ], [ -0.140405, 51.419249 ], [ -0.137852, 51.421106 ], [ -0.138922, 51.424573 ], [ -0.138389, 51.430486 ], [ -0.135264, 51.430335 ], [ -0.136523, 51.433915 ], [ -0.13786, 51.433778 ], [ -0.139759, 51.435665 ], [ -0.139913, 51.437021 ], [ -0.137684, 51.438582 ], [ -0.137496, 51.440154 ], [ -0.137011, 51.440253 ], [ -0.135904, 51.442006 ], [ -0.137885, 51.441696 ], [ -0.14362, 51.441837 ], [ -0.145407, 51.444917 ], [ -0.145595, 51.446017 ], [ -0.144839, 51.448437 ], [ -0.143142, 51.449709 ], [ -0.142316, 51.450983 ], [ -0.14773, 51.45234 ], [ -0.147378, 51.452963 ], [ -0.14816, 51.456405 ], [ -0.14939, 51.459362 ], [ -0.149692, 51.461297 ], [ -0.150967, 51.463836 ], [ -0.151231, 51.465885 ], [ -0.15047, 51.465978 ], [ -0.150558, 51.466297 ], [ -0.150619, 51.467615 ], [ -0.1431, 51.470519 ], [ -0.142677, 51.470064 ], [ -0.140343, 51.471593 ], [ -0.139741, 51.471367 ], [ -0.139316, 51.471516 ], [ -0.139505, 51.471794 ], [ -0.138349, 51.471962 ], [ -0.136921, 51.473087 ], [ -0.135795, 51.472714 ], [ -0.134728, 51.473307 ], [ -0.134462, 51.473966 ], [ -0.13523, 51.474288 ], [ -0.133903, 51.475673 ], [ -0.130682, 51.480172 ], [ -0.12995, 51.481178 ], [ -0.1275, 51.482022 ], [ -0.126364, 51.484466 ] ] ] } },
{ "type": "Feature", "properties": { "borough_gss": "E09000033", "borough_name": "Westminster" }, "bbox": [ -0.216029, 51.484806, -0.111101, 51.539793 ], "geometry": { "type": "Polygon", "coordinates": [ [ [ -0.174141, 51.5382 ], [ -0.173922, 51.539477 ], [ -0.175791, 51.539615 ], [ -0.178353, 51.539793 ], [ -0.180181, 51.539561 ], [ -0.183873, 51.538379 ], [ -0.187751, 51.535034 ], [ -0.188774, 51.534524 ], [ -0.191483, 51.536289 ], [ -0.193035, 51.533989 ], [ -0.192374, 51.53321 ], [ -0.192892, 51.532133 ], [ -0.196569, 51.527654 ], [ -0.197364, 51.527895 ], [ -0.197799, 51.5279 ], [ -0.198075, 51.528616 ], [ -0.19794, 51.529936 ], [ -0.198298, 51.530445 ], [ -0.201108, 51.531908 ], [ -0.201689, 51.53256 ], [ -0.203045, 51.532899 ], [ -0.203073, 51.532897 ], [ -0.207648, 51.53282 ], [ -0.211051, 51.531959 ], [ -0.215207, 51.531389 ], [ -0.215105, 51.530258 ], [ -0.215884, 51.529725 ], [ -0.216029, 51.527928 ], [ -0.215571, 51.52672 ], [ -0.212698, 51.526867 ], [ -0.20732, 51.526239 ], [ -0.205902, 51.525739 ], [ -0.203882, 51.523459 ], [ -0.201639, 51.522742 ], [ -0.200648, 51.52071 ], [ -0.202669, 51.520899 ], [ -0.203767, 51.520623 ], [ -0.201481, 51.517801 ], [ -0.200747, 51.517977 ], [ -0.199941, 51.516846 ], [ -0.199203, 51.514552 ], [ -0.195074, 51.515032 ], [ -0.194065, 51.511756 ], [ -0.192985, 51.511814 ], [ -0.192146, 51.509873 ], [ -0.189104, 51.510121 ], [ -0.187933, 51.510179 ], [ -0.184259, 51.501793 ], [ -0.180336, 51.501461 ], [ -0.179571, 51.497778 ], [ -0.173567, 51.498221 ], [ -0.168414, 51.499021 ], [ -0.167639, 51.498303 ], [ -0.165804, 51.499242 ], [ -0.165506, 51.498697 ], [ -0.162599, 51.500292 ], [ -0.161024, 51.50159 ], [ -0.158473, 51.502249 ], [ -0.157874, 51.499018 ], [ -0.156096, 51.497762 ], [ -0.155319, 51.495064 ], [ -0.155841, 51.494731 ], [ -0.156014, 51.494494 ], [ -0.155019, 51.493854 ], [ -0.156009, 51.493222 ], [ -0.154818, 51.491963 ], [ -0.155821, 51.491451 ], [ -0.155198, 51.490048 ], [ -0.155874, 51.489606 ], [ -0.150195, 51.486092 ], [ -0.150049, 51.485461 ], [ -0.150007, 51.485467 ], [ -0.14924, 51.485521 ], [ -0.149719, 51.486105 ], [ -0.149094, 51.486207 ], [ -0.149021, 51.485542 ], [ -0.147378, 51.485629 ], [ -0.146478, 51.485676 ], [ -0.140062, 51.48482 ], [ -0.138125, 51.484806 ], [ -0.132523, 51.485729 ], [ -0.128432, 51.488189 ], [ -0.128417, 51.488206 ], [ -0.1284, 51.488224 ], [ -0.12542, 51.491639 ], [ -0.124756, 51.494605 ], [ -0.124755, 51.494609 ], [ -0.124732, 51.49471 ], [ -0.123136, 51.503907 ], [ -0.123081, 51.504227 ], [ -0.122418, 51.50606 ], [ -0.121154, 51.507748 ], [ -0.119568, 51.509061 ], [ -0.116918, 51.510103 ], [ -0.11159, 51.510831 ], [ -0.111528, 51.510832 ], [ -0.111503, 51.510832 ], [ -0.11153, 51.511643 ], [ -0.112414, 51.512768 ], [ -0.111739, 51.513195 ], [ -0.111981, 51.513685 ], [ -0.111101, 51.513825 ], [ -0.111607, 51.515338 ], [ -0.113859, 51.51482 ], [ -0.114718, 51.51604 ], [ -0.119493, 51.514505 ], [ -0.121843, 51.514867 ], [ -0.122098, 51.514628 ], [ -0.122894, 51.515144 ], [ -0.127353, 51.512665 ], [ -0.129067, 51.513451 ], [ -0.129852, 51.514478 ], [ -0.130378, 51.516433 ], [ -0.130832, 51.517102 ], [ -0.132475, 51.516718 ], [ -0.132569, 51.517165 ], [ -0.133623, 51.517728 ], [ -0.13407, 51.517562 ], [ -0.135258, 51.518933 ], [ -0.135852, 51.518694 ], [ -0.136322, 51.519147 ], [ -0.137033, 51.518885 ], [ -0.142901, 51.523878 ], [ -0.14352, 51.523962 ], [ -0.143415, 51.524542 ], [ -0.14399, 51.524688 ], [ -0.144155, 51.523996 ], [ -0.145199, 51.523994 ], [ -0.145816, 51.52527 ], [ -0.147196, 51.525041 ], [ -0.152732, 51.537519 ], [ -0.159442, 51.536362 ], [ -0.160487, 51.537281 ], [ -0.164961, 51.535779 ], [ -0.169543, 51.538597 ], [ -0.17089, 51.537793 ], [ -0.171981, 51.538383 ], [ -0.173511, 51.537632 ], [ -0.174141, 51.5382 ] ] ] } }
]
}
