borough_gss,borough_name,year,metric,value,source,geography_native,notes
E09000002,Barking and Dagenham,1999,income_mean,16200,HMRC personal income by tax year (London Datastore),borough,financial year 1999-00 assigned to start year; supplementary
E09000002,Barking and Dagenham,1999,income_median,15100,HMRC personal income by tax year (London Datastore),borough,financial year 1999-00 assigned to start year; analysis metric
E09000002,Barking and Dagenham,1999,income_taxpayers,62000,HMRC personal income by tax year (London Datastore),borough,financial year 1999-00 assigned to start year; supplementary
E09000002,Barking and Dagenham,2000,income_mean,18100,HMRC personal income by tax year (London Datastore),borough,financial year 2000-01 assigned to start year; supplementary
E09000002,Barking and Dagenham,2000,income_median,15600,HMRC personal income by tax year (London Datastore),borough,financial year 2000-01 assigned to start year; analysis metric
E09000002,Barking and Dagenham,2000,income_taxpayers,71000,HMRC personal income by tax year (London Datastore),borough,financial year 2000-01 assigned to start year; supplementary
E09000002,Barking and Dagenham,2001,income_mean,18600,HMRC personal income by tax year (London Datastore),borough,financial year 2001-02 assigned to start year; supplementary
E09000002,Barking and Dagenham,2001,income_median,16200,HMRC personal income by tax year (London Datastore),borough,financial year 2001-02 assigned to start year; analysis metric
E09000002,Barking and Dagenham,2001,income_taxpayers,56000,HMRC personal income by tax year (London Datastore),borough,financial year 2001-02 assigned to start year; supplementary
E09000002,Barking and Dagenham,2002,income_mean,19100,HMRC personal income by tax year (London Datastore),borough,financial year 2002-03 assigned to start year; supplementary
E09000002,Barking and Dagenham,2002,income_median,17000,HMRC personal income by tax year (London Datastore),borough,financial year 2002-03 assigned to start year; analysis metric
E09000002,Barking and Dagenham,2002,income_taxpayers,67000,HMRC personal income by tax year (London Datastore),borough,financial year 2002-03 assigned to start year; supplementary
E09000002,Barking and Dagenham,2003,income_mean,18800,HMRC personal income by tax year (London Datastore),borough,financial year 2003-04 assigned to start year; supplementary
E09000002,Barking and Dagenham,2003,income_median,17400,HMRC personal income by tax year (London Datastore),borough,financial year 2003-04 assigned to start year; analysis metric
E09000002,Barking and Dagenham,2003,income_taxpayers,67000,HMRC personal income by tax year (London Datastore),borough,financial year 2003-04 assigned to start year; supplementary
E09000002,Barking and Dagenham,2004,income_mean,19400,HMRC personal income by tax year (London Datastore),borough,financial year 2004-05 assigned to start year; supplementary
E09000002,Barking and Dagenham,2004,income_median,16600,HMRC personal income by tax year (London Datastore),borough,financial year 2004-05 assigned to start year; analysis metric
E09000002,Barking and Dagenham,2004,income_taxpayers,77000,HMRC personal income by tax year (London Datastore),borough,financial year 2004-05 assigned to start year; supplementary
E09000002,Barking and Dagenham,2005,income_mean,20600,HMRC personal income by tax year (London Datastore),borough,financial year 2005-06 assigned to start year; supplementary
E09000002,Barking and Dagenham,2005,income_median,17900,HMRC personal income by tax year (London Datastore),borough,financial year 2005-06 assigned to start year; analysis metric
E09000002,Barking and Dagenham,2005,income_taxpayers,83000,HMRC personal income by tax year (London Datastore),borough,financial year 2005-06 assigned to start year; supplementary
E09000002,Barking and Dagenham,2006,income_mean,20600,HMRC personal income by tax year (London Datastore),borough,financial year 2006-07 assigned to start year; supplementary
E09000002,Barking and Dagenham,2006,income_median,17600,HMRC personal income by tax year (London Datastore),borough,financial year 2006-07 assigned to start year; analysis metric
E09000002,Barking and Dagenham,2006,income_taxpayers,77000,HMRC personal income by tax year (London Datastore),borough,financial year 2006-07 assigned to start year; supplementary
E09000002,Barking and Dagenham,2007,income_mean,21300,HMRC personal income by tax year (London Datastore),borough,financial year 2007-08 assigned to start year; supplementary
E09000002,Barking and Dagenham,2007,income_median,18600,HMRC personal income by tax year (London Datastore),borough,financial year 2007-08 assigned to start year; analysis metric
E09000002,Barking and Dagenham,2007,income_taxpayers,78000,HMRC personal income by tax year (London Datastore),borough,financial year 2007-08 assigned to start year; supplementary
E09000002,Barking and Dagenham,2009,income_mean,23100,HMRC personal income by tax year (London Datastore),borough,financial year 2009-10 assigned to start year; supplementary
E09000002,Barking and Dagenham,2009,income_median,19400,HMRC personal income by tax year (London Datastore),borough,financial year 2009-10 assigned to start year; analysis metric
E09000002,Barking and Dagenham,2009,income_taxpayers,76000,HMRC personal income by tax year (London Datastore),borough,financial year 2009-10 assigned to start year; supplementary
E09000002,Barking and Dagenham,2010,income_mean,22500,HMRC personal income by tax year (London Datastore),borough,financial year 2010-11 assigned to start year; supplementary
E09000002,Barking and Dagenham,2010,income_median,19400,HMRC personal income by tax year (London Datastore),borough,financial year 2010-11 assigned to start year; analysis metric
E09000002,Barking and Dagenham,2010,income_taxpayers,69000,HMRC personal income by tax year (London Datastore),borough,financial year 2010-11 assigned to start year; supplementary
E09000002,Barking and Dagenham,2011,income_mean,22800,HMRC personal income by tax year (London Datastore),borough,financial year 2011-12 assigned to start year; supplementary
E09000002,Barking and Dagenham,2011,income_median,19600,HMRC personal income by tax year (London Datastore),borough,financial year 2011-12 assigned to start year; analysis metric
E09000002,Barking and Dagenham,2011,income_taxpayers,73000,HMRC personal income by tax year (London Datastore),borough,financial year 2011-12 assigned to start year; supplementary
E09000002,Barking and Dagenham,2012,income_mean,23700,HMRC personal income by tax year (London Datastore),borough,financial year 2012-13 assigned to start year; supplementary
E09000002,Barking and Dagenham,2012,income_median,20100,HMRC personal income by tax year (London Datastore),borough,financial year 2012-13 assigned to start year; analysis metric
E09000002,Barking and Dagenham,2012,income_taxpayers,74000,HMRC personal income by tax year (London Datastore),borough,financial year 2012-13 assigned to start year; supplementary
E09000002,Barking and Dagenham,2013,income_mean,24600,HMRC personal income by tax year (London Datastore),borough,financial year 2013-14 assigned to start year; supplementary
E09000002,Barking and Dagenham,2013,income_median,21000,HMRC personal income by tax year (London Datastore),borough,financial year 2013-14 assigned to start year; analysis metric
E09000002,Barking and Dagenham,2013,income_taxpayers,77000,HMRC personal income by tax year (London Datastore),borough,financial year 2013-14 assigned to start year; supplementary
E09000002,Barking and Dagenham,2014,income_mean,25500,HMRC personal income by tax year (London Datastore),borough,financial year 2014-15 assigned to start year; supplementary
E09000002,Barking and Dagenham,2014,income_median,21800,HMRC personal income by tax year (London Datastore),borough,financial year 2014-15 assigned to start year; analysis metric
E09000002,Barking and Dagenham,2014,income_taxpayers,74000,HMRC personal income by tax year (London Datastore),borough,financial year 2014-15 assigned to start year; supplementary
E09000002,Barking and Dagenham,2015,income_mean,25900,HMRC personal income by tax year (London Datastore),borough,financial year 2015-16 assigned to start year; supplementary
E09000002,Barking and Dagenham,2015,income_median,22100,HMRC personal income by tax year (London Datastore),borough,financial year 2015-16 assigned to start year; analysis metric
E09000002,Barking and Dagenham,2015,income_taxpayers,83000,HMRC personal income by tax year (London Datastore),borough,financial year 2015-16 assigned to start year; supplementary
E09000002,Barking and Dagenham,2016,income_mean,26700,HMRC personal income by tax year (London Datastore),borough,financial year 2016-17 assigned to start year; supplementary
E09000002,Barking and Dagenham,2016,income_median,23300,HMRC personal income by tax year (London Datastore),borough,financial year 2016-17 assigned to start year; analysis metric
E09000002,Barking and Dagenham,2016,income_taxpayers,88000,HMRC personal income by tax year (London Datastore),borough,financial year 2016-17 assigned to start year; supplementary
E09000002,Barking and Dagenham,2017,income_mean,27400,HMRC personal income by tax year (London Datastore),borough,financial year 2017-18 assigned to start year; supplementary
E09000002,Barking and Dagenham,2017,income_median,23900,HMRC personal income by tax year (London Datastore),borough,financial year 2017-18 assigned to start year; analysis metric
E09000002,Barking and Dagenham,2017,income_taxpayers,85000,HMRC personal income by tax year (London Datastore),borough,financial year 2017-18 assigned to start year; supplementary
E09000002,Barking and Dagenham,2018,income_mean,28800,HMRC personal income by tax year (London Datastore),borough,financial year 2018-19 assigned to start year; supplementary
E09000002,Barking and Dagenham,2018,income_median,25200,HMRC personal income by tax year (London Datastore),borough,financial year 2018-19 assigned to start year; analysis metric
E09000002,Barking and Dagenham,2018,income_taxpayers,85000,HMRC personal income by tax year (London Datastore),borough,financial year 2018-19 assigned to start year; supplementary
E09000002,Barking and Dagenham,2019,income_mean,29400,HMRC personal income by tax year (London Datastore),borough,financial year 2019-20 assigned to start year; supplementary
E09000002,Barking and Dagenham,2019,income_median,25700,HMRC personal income by tax year (London Datastore),borough,financial year 2019-20 assigned to start year; analysis metric
E09000002,Barking and Dagenham,2019,income_taxpayers,85000,HMRC personal income by tax year (London Datastore),borough,financial year 2019-20 assigned to start year; supplementary
E09000002,Barking and Dagenham,2020,income_mean,30800,HMRC personal income by tax year (London Datastore),borough,financial year 2020-21 assigned to start year; supplementary
E09000002,Barking and Dagenham,2020,income_median,26800,HMRC personal income by tax year (London Datastore),borough,financial year 2020-21 assigned to start year; analysis metric
E09000002,Barking and Dagenham,2020,income_taxpayers,87000,HMRC personal income by tax year (London Datastore),borough,financial year 2020-21 assigned to start year; supplementary
E09000002,Barking and Dagenham,2021,income_mean,31800,HMRC personal income by tax year (London Datastore),borough,financial year 2021-22 assigned to start year; supplementary
E09000002,Barking and Dagenham,2021,income_median,28000,HMRC personal income by tax year (London Datastore),borough,financial year 2021-22 assigned to start year; analysis metric
E09000002,Barking and Dagenham,2021,income_taxpayers,90000,HMRC personal income by tax year (London Datastore),borough,financial year 2021-22 assigned to start year; supplementary
E09000002,Barking and Dagenham,2022,income_mean,33300,HMRC personal income by tax year (London Datastore),borough,financial year 2022-23 assigned to start year; supplementary
E09000002,Barking and Dagenham,2022,income_median,28600,HMRC personal income by tax year (London Datastore),borough,financial year 2022-23 assigned to start year; analysis metric
E09000002,Barking and Dagenham,2022,income_taxpayers,98000,HMRC personal income by tax year (London Datastore),borough,financial year 2022-23 assigned to start year; supplementary
E09000002,Barking and Dagenham,2023,income_mean,34600,HMRC personal income by tax year (London Datastore),borough,financial year 2023-24 assigned to start year; supplementary
E09000002,Barking and Dagenham,2023,income_median,29400,HMRC personal income by tax year (London Datastore),borough,financial year 2023-24 assigned to start year; analysis metric
E09000002,Barking and Dagenham,2023,income_taxpayers,106000,HMRC personal income by tax year (London Datastore),borough,financial year 2023-24 assigned to start year; supplementary
E09000003,Barnet,1999,income_mean,26800,HMRC personal income by tax year (London Datastore),borough,financial year 1999-00 assigned to start year; supplementary
E09000003,Barnet,1999,income_median,18700,HMRC personal income by tax year (London Datastore),borough,financial year 1999-00 assigned to start year; analysis metric
E09000003,Barnet,1999,income_taxpayers,161000,HMRC personal income by tax year (London Datastore),borough,financial year 1999-00 assigned to start year; supplementary
E09000003,Barnet,2000,income_mean,30800,HMRC personal income by tax year (London Datastore),borough,financial year 2000-01 assigned to start year; supplementary
E09000003,Barnet,2000,income_median,19400,HMRC personal income by tax year (London Datastore),borough,financial year 2000-01 assigned to start year; analysis metric
E09000003,Barnet,2000,income_taxpayers,156000,HMRC personal income by tax year (London Datastore),borough,financial year 2000-01 assigned to start year; supplementary
E09000003,Barnet,2001,income_mean,30400,HMRC personal income by tax year (London Datastore),borough,financial year 2001-02 assigned to start year; supplementary
E09000003,Barnet,2001,income_median,18700,HMRC personal income by tax year (London Datastore),borough,financial year 2001-02 assigned to start year; analysis metric
E09000003,Barnet,2001,income_taxpayers,159000,HMRC personal income by tax year (London Datastore),borough,financial year 2001-02 assigned to start year; supplementary
E09000003,Barnet,2002,income_mean,32300,HMRC personal income by tax year (London Datastore),borough,financial year 2002-03 assigned to start year; supplementary
E09000003,Barnet,2002,income_median,19700,HMRC personal income by tax year (London Datastore),borough,financial year 2002-03 assigned to start year; analysis metric
E09000003,Barnet,2002,income_taxpayers,150000,HMRC personal income by tax year (London Datastore),borough,financial year 2002-03 assigned to start year; supplementary
E09000003,Barnet,2003,income_mean,33900,HMRC personal income by tax year (London Datastore),borough,financial year 2003-04 assigned to start year; supplementary
E09000003,Barnet,2003,income_median,20000,HMRC personal income by tax year (London Datastore),borough,financial year 2003-04 assigned to start year; analysis metric
E09000003,Barnet,2003,income_taxpayers,150000,HMRC personal income by tax year (London Datastore),borough,financial year 2003-04 assigned to start year; supplementary
E09000003,Barnet,2004,income_mean,32800,HMRC personal income by tax year (London Datastore),borough,financial year 2004-05 assigned to start year; supplementary
E09000003,Barnet,2004,income_median,19900,HMRC personal income by tax year (London Datastore),borough,financial year 2004-05 assigned to start year; analysis metric
E09000003,Barnet,2004,income_taxpayers,155000,HMRC personal income by tax year (London Datastore),borough,financial year 2004-05 assigned to start year; supplementary
E09000003,Barnet,2005,income_mean,35600,HMRC personal income by tax year (London Datastore),borough,financial year 2005-06 assigned to start year; supplementary
E09000003,Barnet,2005,income_median,21200,HMRC personal income by tax year (London Datastore),borough,financial year 2005-06 assigned to start year; analysis metric
E09000003,Barnet,2005,income_taxpayers,161000,HMRC personal income by tax year (London Datastore),borough,financial year 2005-06 assigned to start year; supplementary
E09000003,Barnet,2006,income_mean,36700,HMRC personal income by tax year (London Datastore),borough,financial year 2006-07 assigned to start year; supplementary
E09000003,Barnet,2006,income_median,20400,HMRC personal income by tax year (London Datastore),borough,financial year 2006-07 assigned to start year; analysis metric
E09000003,Barnet,2006,income_taxpayers,173000,HMRC personal income by tax year (London Datastore),borough,financial year 2006-07 assigned to start year; supplementary
E09000003,Barnet,2007,income_mean,38700,HMRC personal income by tax year (London Datastore),borough,financial year 2007-08 assigned to start year; supplementary
E09000003,Barnet,2007,income_median,22000,HMRC personal income by tax year (London Datastore),borough,financial year 2007-08 assigned to start year; analysis metric
E09000003,Barnet,2007,income_taxpayers,173000,HMRC personal income by tax year (London Datastore),borough,financial year 2007-08 assigned to start year; supplementary
E09000003,Barnet,2009,income_mean,41600,HMRC personal income by tax year (London Datastore),borough,financial year 2009-10 assigned to start year; supplementary
E09000003,Barnet,2009,income_median,24300,HMRC personal income by tax year (London Datastore),borough,financial year 2009-10 assigned to start year; analysis metric
E09000003,Barnet,2009,income_taxpayers,167000,HMRC personal income by tax year (London Datastore),borough,financial year 2009-10 assigned to start year; supplementary
E09000003,Barnet,2010,income_mean,38800,HMRC personal income by tax year (London Datastore),borough,financial year 2010-11 assigned to start year; supplementary
E09000003,Barnet,2010,income_median,24100,HMRC personal income by tax year (London Datastore),borough,financial year 2010-11 assigned to start year; analysis metric
E09000003,Barnet,2010,income_taxpayers,176000,HMRC personal income by tax year (London Datastore),borough,financial year 2010-11 assigned to start year; supplementary
E09000003,Barnet,2011,income_mean,39200,HMRC personal income by tax year (London Datastore),borough,financial year 2011-12 assigned to start year; supplementary
E09000003,Barnet,2011,income_median,24200,HMRC personal income by tax year (London Datastore),borough,financial year 2011-12 assigned to start year; analysis metric
E09000003,Barnet,2011,income_taxpayers,179000,HMRC personal income by tax year (London Datastore),borough,financial year 2011-12 assigned to start year; supplementary
E09000003,Barnet,2012,income_mean,41000,HMRC personal income by tax year (London Datastore),borough,financial year 2012-13 assigned to start year; supplementary
E09000003,Barnet,2012,income_median,25800,HMRC personal income by tax year (London Datastore),borough,financial year 2012-13 assigned to start year; analysis metric
E09000003,Barnet,2012,income_taxpayers,172000,HMRC personal income by tax year (London Datastore),borough,financial year 2012-13 assigned to start year; supplementary
E09000003,Barnet,2013,income_mean,45500,HMRC personal income by tax year (London Datastore),borough,financial year 2013-14 assigned to start year; supplementary
E09000003,Barnet,2013,income_median,26800,HMRC personal income by tax year (London Datastore),borough,financial year 2013-14 assigned to start year; analysis metric
E09000003,Barnet,2013,income_taxpayers,167000,HMRC personal income by tax year (London Datastore),borough,financial year 2013-14 assigned to start year; supplementary
E09000003,Barnet,2014,income_mean,45800,HMRC personal income by tax year (London Datastore),borough,financial year 2014-15 assigned to start year; supplementary
E09000003,Barnet,2014,income_median,27100,HMRC personal income by tax year (London Datastore),borough,financial year 2014-15 assigned to start year; analysis metric
E09000003,Barnet,2014,income_taxpayers,175000,HMRC personal income by tax year (London Datastore),borough,financial year 2014-15 assigned to start year; supplementary
E09000003,Barnet,2015,income_mean,49000,HMRC personal income by tax year (London Datastore),borough,financial year 2015-16 assigned to start year; supplementary
E09000003,Barnet,2015,income_median,27700,HMRC personal income by tax year (London Datastore),borough,financial year 2015-16 assigned to start year; analysis metric
E09000003,Barnet,2015,income_taxpayers,178000,HMRC personal income by tax year (London Datastore),borough,financial year 2015-16 assigned to start year; supplementary
E09000003,Barnet,2016,income_mean,48600,HMRC personal income by tax year (London Datastore),borough,financial year 2016-17 assigned to start year; supplementary
E09000003,Barnet,2016,income_median,28800,HMRC personal income by tax year (London Datastore),borough,financial year 2016-17 assigned to start year; analysis metric
E09000003,Barnet,2016,income_taxpayers,180000,HMRC personal income by tax year (London Datastore),borough,financial year 2016-17 assigned to start year; supplementary
E09000003,Barnet,2017,income_mean,49500,HMRC personal income by tax year (London Datastore),borough,financial year 2017-18 assigned to start year; supplementary
E09000003,Barnet,2017,income_median,28700,HMRC personal income by tax year (London Datastore),borough,financial year 2017-18 assigned to start year; analysis metric
E09000003,Barnet,2017,income_taxpayers,188000,HMRC personal income by tax year (London Datastore),borough,financial year 2017-18 assigned to start year; supplementary
E09000003,Barnet,2018,income_mean,51600,HMRC personal income by tax year (London Datastore),borough,financial year 2018-19 assigned to start year; supplementary
E09000003,Barnet,2018,income_median,29900,HMRC personal income by tax year (London Datastore),borough,financial year 2018-19 assigned to start year; analysis metric
E09000003,Barnet,2018,income_taxpayers,188000,HMRC personal income by tax year (London Datastore),borough,financial year 2018-19 assigned to start year; supplementary
E09000003,Barnet,2019,income_mean,51600,HMRC personal income by tax year (London Datastore),borough,financial year 2019-20 assigned to start year; supplementary
E09000003,Barnet,2019,income_median,30700,HMRC personal income by tax year (London Datastore),borough,financial year 2019-20 assigned to start year; analysis metric
E09000003,Barnet,2019,income_taxpayers,192000,HMRC personal income by tax year (London Datastore),borough,financial year 2019-20 assigned to start year; supplementary
E09000003,Barnet,2020,income_mean,54400,HMRC personal income by tax year (London Datastore),borough,financial year 2020-21 assigned to start year; supplementary
E09000003,Barnet,2020,income_median,32200,HMRC personal income by tax year (London Datastore),borough,financial year 2020-21 assigned to start year; analysis metric
E09000003,Barnet,2020,income_taxpayers,189000,HMRC personal income by tax year (London Datastore),borough,financial year 2020-21 assigned to start year; supplementary
E09000003,Barnet,2021,income_mean,59100,HMRC personal income by tax year (London Datastore),borough,financial year 2021-22 assigned to start year; supplementary
E09000003,Barnet,2021,income_median,33500,HMRC personal income by tax year (London Datastore),borough,financial year 2021-22 assigned to start year; analysis metric
E09000003,Barnet,2021,income_taxpayers,190000,HMRC personal income by tax year (London Datastore),borough,financial year 2021-22 assigned to start year; supplementary
E09000003,Barnet,2022,income_mean,59800,HMRC personal income by tax year (London Datastore),borough,financial year 2022-23 assigned to start year; supplementary
E09000003,Barnet,2022,income_median,34400,HMRC personal income by tax year (London Datastore),borough,financial year 2022-23 assigned to start year; analysis metric
E09000003,Barnet,2022,income_taxpayers,198000,HMRC personal income by tax year (London Datastore),borough,financial year 2022-23 assigned to start year; supplementary
E09000003,Barnet,2023,income_mean,61600,HMRC personal income by tax year (London Datastore),borough,financial year 2023-24 assigned to start year; supplementary
E09000003,Barnet,2023,income_median,36100,HMRC personal income by tax year (London Datastore),borough,financial year 2023-24 assigned to start year; analysis metric
E09000003,Barnet,2023,income_taxpayers,216000,HMRC personal income by tax year (London Datastore),borough,financial year 2023-24 assigned to start year; supplementary
E09000004,Bexley,1999,income_mean,20500,HMRC personal income by tax year (London Datastore),borough,financial year 1999-00 assigned to start year; supplementary
E09000004,Bexley,1999,income_median,17200,HMRC personal income by tax year (London Datastore),borough,financial year 1999-00 assigned to start year; analysis metric
E09000004,Bexley,1999,income_taxpayers,105000,HMRC personal income by tax year (London Datastore),borough,financial year 1999-00 assigned to start year; supplementary
E09000004,Bexley,2000,income_mean,19800,HMRC personal income by tax year (London Datastore),borough,financial year 2000-01 assigned to start year; supplementary
E09000004,Bexley,2000,income_median,17300,HMRC personal income by tax year (London Datastore),borough,financial year 2000-01 assigned to start year; analysis metric
E09000004,Bexley,2000,income_taxpayers,116000,HMRC personal income by tax year (London Datastore),borough,financial year 2000-01 assigned to start year; supplementary
E09000004,Bexley,2001,income_mean,22000,HMRC personal income by tax year (London Datastore),borough,financial year 2001-02 assigned to start year; supplementary
E09000004,Bexley,2001,income_median,18300,HMRC personal income by tax year (London Datastore),borough,financial year 2001-02 assigned to start year; analysis metric
E09000004,Bexley,2001,income_taxpayers,112000,HMRC personal income by tax year (London Datastore),borough,financial year 2001-02 assigned to start year; supplementary
E09000004,Bexley,2002,income_mean,21500,HMRC personal income by tax year (London Datastore),borough,financial year 2002-03 assigned to start year; supplementary
E09000004,Bexley,2002,income_median,17800,HMRC personal income by tax year (London Datastore),borough,financial year 2002-03 assigned to start year; analysis metric
E09000004,Bexley,2002,income_taxpayers,114000,HMRC personal income by tax year (London Datastore),borough,financial year 2002-03 assigned to start year; supplementary
E09000004,Bexley,2003,income_mean,21900,HMRC personal income by tax year (London Datastore),borough,financial year 2003-04 assigned to start year; supplementary
E09000004,Bexley,2003,income_median,17700,HMRC personal income by tax year (London Datastore),borough,financial year 2003-04 assigned to start year; analysis metric
E09000004,Bexley,2003,income_taxpayers,113000,HMRC personal income by tax year (London Datastore),borough,financial year 2003-04 assigned to start year; supplementary
E09000004,Bexley,2004,income_mean,22300,HMRC personal income by tax year (London Datastore),borough,financial year 2004-05 assigned to start year; supplementary
E09000004,Bexley,2004,income_median,17700,HMRC personal income by tax year (London Datastore),borough,financial year 2004-05 assigned to start year; analysis metric
E09000004,Bexley,2004,income_taxpayers,124000,HMRC personal income by tax year (London Datastore),borough,financial year 2004-05 assigned to start year; supplementary
E09000004,Bexley,2005,income_mean,24000,HMRC personal income by tax year (London Datastore),borough,financial year 2005-06 assigned to start year; supplementary
E09000004,Bexley,2005,income_median,19400,HMRC personal income by tax year (London Datastore),borough,financial year 2005-06 assigned to start year; analysis metric
E09000004,Bexley,2005,income_taxpayers,121000,HMRC personal income by tax year (London Datastore),borough,financial year 2005-06 assigned to start year; supplementary
E09000004,Bexley,2006,income_mean,24600,HMRC personal income by tax year (London Datastore),borough,financial year 2006-07 assigned to start year; supplementary
E09000004,Bexley,2006,income_median,19600,HMRC personal income by tax year (London Datastore),borough,financial year 2006-07 assigned to start year; analysis metric
E09000004,Bexley,2006,income_taxpayers,123000,HMRC personal income by tax year (London Datastore),borough,financial year 2006-07 assigned to start year; supplementary
E09000004,Bexley,2007,income_mean,26700,HMRC personal income by tax year (London Datastore),borough,financial year 2007-08 assigned to start year; supplementary
E09000004,Bexley,2007,income_median,19800,HMRC personal income by tax year (London Datastore),borough,financial year 2007-08 assigned to start year; analysis metric
E09000004,Bexley,2007,income_taxpayers,123000,HMRC personal income by tax year (London Datastore),borough,financial year 2007-08 assigned to start year; supplementary
E09000004,Bexley,2009,income_mean,27600,HMRC personal income by tax year (London Datastore),borough,financial year 2009-10 assigned to start year; supplementary
E09000004,Bexley,2009,income_median,22100,HMRC personal income by tax year (London Datastore),borough,financial year 2009-10 assigned to start year; analysis metric
E09000004,Bexley,2009,income_taxpayers,117000,HMRC personal income by tax year (London Datastore),borough,financial year 2009-10 assigned to start year; supplementary
E09000004,Bexley,2010,income_mean,27400,HMRC personal income by tax year (London Datastore),borough,financial year 2010-11 assigned to start year; supplementary
E09000004,Bexley,2010,income_median,22600,HMRC personal income by tax year (London Datastore),borough,financial year 2010-11 assigned to start year; analysis metric
E09000004,Bexley,2010,income_taxpayers,114000,HMRC personal income by tax year (London Datastore),borough,financial year 2010-11 assigned to start year; supplementary
E09000004,Bexley,2011,income_mean,28300,HMRC personal income by tax year (London Datastore),borough,financial year 2011-12 assigned to start year; supplementary
E09000004,Bexley,2011,income_median,22300,HMRC personal income by tax year (London Datastore),borough,financial year 2011-12 assigned to start year; analysis metric
E09000004,Bexley,2011,income_taxpayers,114000,HMRC personal income by tax year (London Datastore),borough,financial year 2011-12 assigned to start year; supplementary
E09000004,Bexley,2012,income_mean,28600,HMRC personal income by tax year (London Datastore),borough,financial year 2012-13 assigned to start year; supplementary
E09000004,Bexley,2012,income_median,23100,HMRC personal income by tax year (London Datastore),borough,financial year 2012-13 assigned to start year; analysis metric
E09000004,Bexley,2012,income_taxpayers,115000,HMRC personal income by tax year (London Datastore),borough,financial year 2012-13 assigned to start year; supplementary
E09000004,Bexley,2013,income_mean,29600,HMRC personal income by tax year (London Datastore),borough,financial year 2013-14 assigned to start year; supplementary
E09000004,Bexley,2013,income_median,24400,HMRC personal income by tax year (London Datastore),borough,financial year 2013-14 assigned to start year; analysis metric
E09000004,Bexley,2013,income_taxpayers,118000,HMRC personal income by tax year (London Datastore),borough,financial year 2013-14 assigned to start year; supplementary
E09000004,Bexley,2014,income_mean,30200,HMRC personal income by tax year (London Datastore),borough,financial year 2014-15 assigned to start year; supplementary
E09000004,Bexley,2014,income_median,24400,HMRC personal income by tax year (London Datastore),borough,financial year 2014-15 assigned to start year; analysis metric
E09000004,Bexley,2014,income_taxpayers,122000,HMRC personal income by tax year (London Datastore),borough,financial year 2014-15 assigned to start year; supplementary
E09000004,Bexley,2015,income_mean,30900,HMRC personal income by tax year (London Datastore),borough,financial year 2015-16 assigned to start year; supplementary
E09000004,Bexley,2015,income_median,24500,HMRC personal income by tax year (London Datastore),borough,financial year 2015-16 assigned to start year; analysis metric
E09000004,Bexley,2015,income_taxpayers,127000,HMRC personal income by tax year (London Datastore),borough,financial year 2015-16 assigned to start year; supplementary
E09000004,Bexley,2016,income_mean,32300,HMRC personal income by tax year (London Datastore),borough,financial year 2016-17 assigned to start year; supplementary
E09000004,Bexley,2016,income_median,26100,HMRC personal income by tax year (London Datastore),borough,financial year 2016-17 assigned to start year; analysis metric
E09000004,Bexley,2016,income_taxpayers,125000,HMRC personal income by tax year (London Datastore),borough,financial year 2016-17 assigned to start year; supplementary
E09000004,Bexley,2017,income_mean,33500,HMRC personal income by tax year (London Datastore),borough,financial year 2017-18 assigned to start year; supplementary
E09000004,Bexley,2017,income_median,26900,HMRC personal income by tax year (London Datastore),borough,financial year 2017-18 assigned to start year; analysis metric
E09000004,Bexley,2017,income_taxpayers,122000,HMRC personal income by tax year (London Datastore),borough,financial year 2017-18 assigned to start year; supplementary
E09000004,Bexley,2018,income_mean,34600,HMRC personal income by tax year (London Datastore),borough,financial year 2018-19 assigned to start year; supplementary
E09000004,Bexley,2018,income_median,26900,HMRC personal income by tax year (London Datastore),borough,financial year 2018-19 assigned to start year; analysis metric
E09000004,Bexley,2018,income_taxpayers,130000,HMRC personal income by tax year (London Datastore),borough,financial year 2018-19 assigned to start year; supplementary
E09000004,Bexley,2019,income_mean,36000,HMRC personal income by tax year (London Datastore),borough,financial year 2019-20 assigned to start year; supplementary
E09000004,Bexley,2019,income_median,28000,HMRC personal income by tax year (London Datastore),borough,financial year 2019-20 assigned to start year; analysis metric
E09000004,Bexley,2019,income_taxpayers,126000,HMRC personal income by tax year (London Datastore),borough,financial year 2019-20 assigned to start year; supplementary
E09000004,Bexley,2020,income_mean,36400,HMRC personal income by tax year (London Datastore),borough,financial year 2020-21 assigned to start year; supplementary
E09000004,Bexley,2020,income_median,28800,HMRC personal income by tax year (London Datastore),borough,financial year 2020-21 assigned to start year; analysis metric
E09000004,Bexley,2020,income_taxpayers,126000,HMRC personal income by tax year (London Datastore),borough,financial year 2020-21 assigned to start year; supplementary
E09000004,Bexley,2021,income_mean,38000,HMRC personal income by tax year (London Datastore),borough,financial year 2021-22 assigned to start year; supplementary
E09000004,Bexley,2021,income_median,29300,HMRC personal income by tax year (London Datastore),borough,financial year 2021-22 assigned to start year; analysis metric
E09000004,Bexley,2021,income_taxpayers,135000,HMRC personal income by tax year (London Datastore),borough,financial year 2021-22 assigned to start year; supplementary
E09000004,Bexley,2022,income_mean,40900,HMRC personal income by tax year (London Datastore),borough,financial year 2022-23 assigned to start year; supplementary
E09000004,Bexley,2022,income_median,31800,HMRC personal income by tax year (London Datastore),borough,financial year 2022-23 assigned to start year; analysis metric
E09000004,Bexley,2022,income_taxpayers,134000,HMRC personal income by tax year (London Datastore),borough,financial year 2022-23 assigned to start year; supplementary
E09000004,Bexley,2023,income_mean,42600,HMRC personal income by tax year (London Datastore),borough,financial year 2023-24 assigned to start year; supplementary
E09000004,Bexley,2023,income_median,33200,HMRC personal income by tax year (London Datastore),borough,financial year 2023-24 assigned to start year; analysis metric
E09000004,Bexley,2023,income_taxpayers,142000,HMRC personal income by tax year (London Datastore),borough,financial year 2023-24 assigned to start year; supplementary
E09000005,Brent,1999,income_mean,20000,HMRC personal income by tax year (London Datastore),borough,financial year 1999-00 assigned to start year; supplementary
E09000005,Brent,1999,income_median,16500,HMRC personal income by tax year (London Datastore),borough,financial year 1999-00 assigned to start year; analysis metric
E09000005,Brent,1999,income_taxpayers,122000,HMRC personal income by tax year (London Datastore),borough,financial year 1999-00 assigned to start year; supplementary
E09000005,Brent,2000,income_mean,22200,HMRC personal income by tax year (London Datastore),borough,financial year 2000-01 assigned to start year; supplementary
E09000005,Brent,2000,income_median,16800,HMRC personal income by tax year (London Datastore),borough,financial year 2000-01 assigned to start year; analysis metric
E09000005,Brent,2000,income_taxpayers,130000,HMRC personal income by tax year (London Datastore),borough,financial year 2000-01 assigned to start year; supplementary
E09000005,Brent,2001,income_mean,21100,HMRC personal income by tax year (London Datastore),borough,financial year 2001-02 assigned to start year; supplementary
E09000005,Brent,2001,income_median,16500,HMRC personal income by tax year (London Datastore),borough,financial year 2001-02 assigned to start year; analysis metric
E09000005,Brent,2001,income_taxpayers,127000,HMRC personal income by tax year (London Datastore),borough,financial year 2001-02 assigned to start year; supplementary
E09000005,Brent,2002,income_mean,21700,HMRC personal income by tax year (London Datastore),borough,financial year 2002-03 assigned to start year; supplementary
E09000005,Brent,2002,income_median,16400,HMRC personal income by tax year (London Datastore),borough,financial year 2002-03 assigned to start year; analysis metric
E09000005,Brent,2002,income_taxpayers,116000,HMRC personal income by tax year (London Datastore),borough,financial year 2002-03 assigned to start year; supplementary
E09000005,Brent,2003,income_mean,22500,HMRC personal income by tax year (London Datastore),borough,financial year 2003-04 assigned to start year; supplementary
E09000005,Brent,2003,income_median,16800,HMRC personal income by tax year (London Datastore),borough,financial year 2003-04 assigned to start year; analysis metric
E09000005,Brent,2003,income_taxpayers,119000,HMRC personal income by tax year (London Datastore),borough,financial year 2003-04 assigned to start year; supplementary
E09000005,Brent,2004,income_mean,21800,HMRC personal income by tax year (London Datastore),borough,financial year 2004-05 assigned to start year; supplementary
E09000005,Brent,2004,income_median,16500,HMRC personal income by tax year (London Datastore),borough,financial year 2004-05 assigned to start year; analysis metric
E09000005,Brent,2004,income_taxpayers,137000,HMRC personal income by tax year (London Datastore),borough,financial year 2004-05 assigned to start year; supplementary
E09000005,Brent,2005,income_mean,23200,HMRC personal income by tax year (London Datastore),borough,financial year 2005-06 assigned to start year; supplementary
E09000005,Brent,2005,income_median,17600,HMRC personal income by tax year (London Datastore),borough,financial year 2005-06 assigned to start year; analysis metric
E09000005,Brent,2005,income_taxpayers,135000,HMRC personal income by tax year (London Datastore),borough,financial year 2005-06 assigned to start year; supplementary
E09000005,Brent,2006,income_mean,24600,HMRC personal income by tax year (London Datastore),borough,financial year 2006-07 assigned to start year; supplementary
E09000005,Brent,2006,income_median,18200,HMRC personal income by tax year (London Datastore),borough,financial year 2006-07 assigned to start year; analysis metric
E09000005,Brent,2006,income_taxpayers,144000,HMRC personal income by tax year (London Datastore),borough,financial year 2006-07 assigned to start year; supplementary
E09000005,Brent,2007,income_mean,24700,HMRC personal income by tax year (London Datastore),borough,financial year 2007-08 assigned to start year; supplementary
E09000005,Brent,2007,income_median,18300,HMRC personal income by tax year (London Datastore),borough,financial year 2007-08 assigned to start year; analysis metric
E09000005,Brent,2007,income_taxpayers,161000,HMRC personal income by tax year (London Datastore),borough,financial year 2007-08 assigned to start year; supplementary
E09000005,Brent,2009,income_mean,26100,HMRC personal income by tax year (London Datastore),borough,financial year 2009-10 assigned to start year; supplementary
E09000005,Brent,2009,income_median,19600,HMRC personal income by tax year (London Datastore),borough,financial year 2009-10 assigned to start year; analysis metric
E09000005,Brent,2009,income_taxpayers,145000,HMRC personal income by tax year (London Datastore),borough,financial year 2009-10 assigned to start year; supplementary
E09000005,Brent,2010,income_mean,26700,HMRC personal income by tax year (London Datastore),borough,financial year 2010-11 assigned to start year; supplementary
E09000005,Brent,2010,income_median,19700,HMRC personal income by tax year (London Datastore),borough,financial year 2010-11 assigned to start year; analysis metric
E09000005,Brent,2010,income_taxpayers,146000,HMRC personal income by tax year (London Datastore),borough,financial year 2010-11 assigned to start year; supplementary
E09000005,Brent,2011,income_mean,27400,HMRC personal income by tax year (London Datastore),borough,financial year 2011-12 assigned to start year; supplementary
E09000005,Brent,2011,income_median,20200,HMRC personal income by tax year (London Datastore),borough,financial year 2011-12 assigned to start year; analysis metric
E09000005,Brent,2011,income_taxpayers,149000,HMRC personal income by tax year (London Datastore),borough,financial year 2011-12 assigned to start year; supplementary
E09000005,Brent,2012,income_mean,28300,HMRC personal income by tax year (London Datastore),borough,financial year 2012-13 assigned to start year; supplementary
E09000005,Brent,2012,income_median,20600,HMRC personal income by tax year (London Datastore),borough,financial year 2012-13 assigned to start year; analysis metric
E09000005,Brent,2012,income_taxpayers,144000,HMRC personal income by tax year (London Datastore),borough,financial year 2012-13 assigned to start year; supplementary
E09000005,Brent,2013,income_mean,29700,HMRC personal income by tax year (London Datastore),borough,financial year 2013-14 assigned to start year; supplementary
E09000005,Brent,2013,income_median,21300,HMRC personal income by tax year (London Datastore),borough,financial year 2013-14 assigned to start year; analysis metric
E09000005,Brent,2013,income_taxpayers,150000,HMRC personal income by tax year (London Datastore),borough,financial year 2013-14 assigned to start year; supplementary
E09000005,Brent,2014,income_mean,31200,HMRC personal income by tax year (London Datastore),borough,financial year 2014-15 assigned to start year; supplementary
E09000005,Brent,2014,income_median,22700,HMRC personal income by tax year (London Datastore),borough,financial year 2014-15 assigned to start year; analysis metric
E09000005,Brent,2014,income_taxpayers,147000,HMRC personal income by tax year (London Datastore),borough,financial year 2014-15 assigned to start year; supplementary
E09000005,Brent,2015,income_mean,32600,HMRC personal income by tax year (London Datastore),borough,financial year 2015-16 assigned to start year; supplementary
E09000005,Brent,2015,income_median,23200,HMRC personal income by tax year (London Datastore),borough,financial year 2015-16 assigned to start year; analysis metric
E09000005,Brent,2015,income_taxpayers,154000,HMRC personal income by tax year (London Datastore),borough,financial year 2015-16 assigned to start year; supplementary
E09000005,Brent,2016,income_mean,34100,HMRC personal income by tax year (London Datastore),borough,financial year 2016-17 assigned to start year; supplementary
E09000005,Brent,2016,income_median,24100,HMRC personal income by tax year (London Datastore),borough,financial year 2016-17 assigned to start year; analysis metric
E09000005,Brent,2016,income_taxpayers,155000,HMRC personal income by tax year (London Datastore),borough,financial year 2016-17 assigned to start year; supplementary
E09000005,Brent,2017,income_mean,35400,HMRC personal income by tax year (London Datastore),borough,financial year 2017-18 assigned to start year; supplementary
E09000005,Brent,2017,income_median,24700,HMRC personal income by tax year (London Datastore),borough,financial year 2017-18 assigned to start year; analysis metric
E09000005,Brent,2017,income_taxpayers,155000,HMRC personal income by tax year (London Datastore),borough,financial year 2017-18 assigned to start year; supplementary
E09000005,Brent,2018,income_mean,36300,HMRC personal income by tax year (London Datastore),borough,financial year 2018-19 assigned to start year; supplementary
E09000005,Brent,2018,income_median,25600,HMRC personal income by tax year (London Datastore),borough,financial year 2018-19 assigned to start year; analysis metric
E09000005,Brent,2018,income_taxpayers,159000,HMRC personal income by tax year (London Datastore),borough,financial year 2018-19 assigned to start year; supplementary
E09000005,Brent,2019,income_mean,37800,HMRC personal income by tax year (London Datastore),borough,financial year 2019-20 assigned to start year; supplementary
E09000005,Brent,2019,income_median,26200,HMRC personal income by tax year (London Datastore),borough,financial year 2019-20 assigned to start year; analysis metric
E09000005,Brent,2019,income_taxpayers,155000,HMRC personal income by tax year (London Datastore),borough,financial year 2019-20 assigned to start year; supplementary
E09000005,Brent,2020,income_mean,40400,HMRC personal income by tax year (London Datastore),borough,financial year 2020-21 assigned to start year; supplementary
E09000005,Brent,2020,income_median,27200,HMRC personal income by tax year (London Datastore),borough,financial year 2020-21 assigned to start year; analysis metric
E09000005,Brent,2020,income_taxpayers,152000,HMRC personal income by tax year (London Datastore),borough,financial year 2020-21 assigned to start year; supplementary
E09000005,Brent,2021,income_mean,44100,HMRC personal income by tax year (London Datastore),borough,financial year 2021-22 assigned to start year; supplementary
E09000005,Brent,2021,income_median,30000,HMRC personal income by tax year (London Datastore),borough,financial year 2021-22 assigned to start year; analysis metric
E09000005,Brent,2021,income_taxpayers,149000,HMRC personal income by tax year (London Datastore),borough,financial year 2021-22 assigned to start year; supplementary
E09000005,Brent,2022,income_mean,43600,HMRC personal income by tax year (London Datastore),borough,financial year 2022-23 assigned to start year; supplementary
E09000005,Brent,2022,income_median,29400,HMRC personal income by tax year (London Datastore),borough,financial year 2022-23 assigned to start year; analysis metric
E09000005,Brent,2022,income_taxpayers,170000,HMRC personal income by tax year (London Datastore),borough,financial year 2022-23 assigned to start year; supplementary
E09000005,Brent,2023,income_mean,44900,HMRC personal income by tax year (London Datastore),borough,financial year 2023-24 assigned to start year; supplementary
E09000005,Brent,2023,income_median,30100,HMRC personal income by tax year (London Datastore),borough,financial year 2023-24 assigned to start year; analysis metric
E09000005,Brent,2023,income_taxpayers,182000,HMRC personal income by tax year (London Datastore),borough,financial year 2023-24 assigned to start year; supplementary
E09000006,Bromley,1999,income_mean,25100,HMRC personal income by tax year (London Datastore),borough,financial year 1999-00 assigned to start year; supplementary
E09000006,Bromley,1999,income_median,18500,HMRC personal income by tax year (London Datastore),borough,financial year 1999-00 assigned to start year; analysis metric
E09000006,Bromley,1999,income_taxpayers,163000,HMRC personal income by tax year (London Datastore),borough,financial year 1999-00 assigned to start year; supplementary
E09000006,Bromley,2000,income_mean,26400,HMRC personal income by tax year (London Datastore),borough,financial year 2000-01 assigned to start year; supplementary
E09000006,Bromley,2000,income_median,19500,HMRC personal income by tax year (London Datastore),borough,financial year 2000-01 assigned to start year; analysis metric
E09000006,Bromley,2000,income_taxpayers,167000,HMRC personal income by tax year (London Datastore),borough,financial year 2000-01 assigned to start year; supplementary
E09000006,Bromley,2001,income_mean,27400,HMRC personal income by tax year (London Datastore),borough,financial year 2001-02 assigned to start year; supplementary
E09000006,Bromley,2001,income_median,19100,HMRC personal income by tax year (London Datastore),borough,financial year 2001-02 assigned to start year; analysis metric
E09000006,Bromley,2001,income_taxpayers,164000,HMRC personal income by tax year (London Datastore),borough,financial year 2001-02 assigned to start year; supplementary
E09000006,Bromley,2002,income_mean,27700,HMRC personal income by tax year (London Datastore),borough,financial year 2002-03 assigned to start year; supplementary
E09000006,Bromley,2002,income_median,20100,HMRC personal income by tax year (London Datastore),borough,financial year 2002-03 assigned to start year; analysis metric
E09000006,Bromley,2002,income_taxpayers,160000,HMRC personal income by tax year (London Datastore),borough,financial year 2002-03 assigned to start year; supplementary
E09000006,Bromley,2003,income_mean,29200,HMRC personal income by tax year (London Datastore),borough,financial year 2003-04 assigned to start year; supplementary
E09000006,Bromley,2003,income_median,21400,HMRC personal income by tax year (London Datastore),borough,financial year 2003-04 assigned to start year; analysis metric
E09000006,Bromley,2003,income_taxpayers,150000,HMRC personal income by tax year (London Datastore),borough,financial year 2003-04 assigned to start year; supplementary
E09000006,Bromley,2004,income_mean,29200,HMRC personal income by tax year (London Datastore),borough,financial year 2004-05 assigned to start year; supplementary
E09000006,Bromley,2004,income_median,20900,HMRC personal income by tax year (London Datastore),borough,financial year 2004-05 assigned to start year; analysis metric
E09000006,Bromley,2004,income_taxpayers,169000,HMRC personal income by tax year (London Datastore),borough,financial year 2004-05 assigned to start year; supplementary
E09000006,Bromley,2005,income_mean,31400,HMRC personal income by tax year (London Datastore),borough,financial year 2005-06 assigned to start year; supplementary
E09000006,Bromley,2005,income_median,22400,HMRC personal income by tax year (London Datastore),borough,financial year 2005-06 assigned to start year; analysis metric
E09000006,Bromley,2005,income_taxpayers,173000,HMRC personal income by tax year (London Datastore),borough,financial year 2005-06 assigned to start year; supplementary
E09000006,Bromley,2006,income_mean,32800,HMRC personal income by tax year (London Datastore),borough,financial year 2006-07 assigned to start year; supplementary
E09000006,Bromley,2006,income_median,23000,HMRC personal income by tax year (London Datastore),borough,financial year 2006-07 assigned to start year; analysis metric
E09000006,Bromley,2006,income_taxpayers,177000,HMRC personal income by tax year (London Datastore),borough,financial year 2006-07 assigned to start year; supplementary
E09000006,Bromley,2007,income_mean,34400,HMRC personal income by tax year (London Datastore),borough,financial year 2007-08 assigned to start year; supplementary
E09000006,Bromley,2007,income_median,23200,HMRC personal income by tax year (London Datastore),borough,financial year 2007-08 assigned to start year; analysis metric
E09000006,Bromley,2007,income_taxpayers,181000,HMRC personal income by tax year (London Datastore),borough,financial year 2007-08 assigned to start year; supplementary
E09000006,Bromley,2009,income_mean,36500,HMRC personal income by tax year (London Datastore),borough,financial year 2009-10 assigned to start year; supplementary
E09000006,Bromley,2009,income_median,24900,HMRC personal income by tax year (London Datastore),borough,financial year 2009-10 assigned to start year; analysis metric
E09000006,Bromley,2009,income_taxpayers,163000,HMRC personal income by tax year (London Datastore),borough,financial year 2009-10 assigned to start year; supplementary
E09000006,Bromley,2010,income_mean,35900,HMRC personal income by tax year (London Datastore),borough,financial year 2010-11 assigned to start year; supplementary
E09000006,Bromley,2010,income_median,25800,HMRC personal income by tax year (London Datastore),borough,financial year 2010-11 assigned to start year; analysis metric
E09000006,Bromley,2010,income_taxpayers,161000,HMRC personal income by tax year (London Datastore),borough,financial year 2010-11 assigned to start year; supplementary
E09000006,Bromley,2011,income_mean,36400,HMRC personal income by tax year (London Datastore),borough,financial year 2011-12 assigned to start year; supplementary
E09000006,Bromley,2011,income_median,25100,HMRC personal income by tax year (London Datastore),borough,financial year 2011-12 assigned to start year; analysis metric
E09000006,Bromley,2011,income_taxpayers,168000,HMRC personal income by tax year (London Datastore),borough,financial year 2011-12 assigned to start year; supplementary
E09000006,Bromley,2012,income_mean,37200,HMRC personal income by tax year (London Datastore),borough,financial year 2012-13 assigned to start year; supplementary
E09000006,Bromley,2012,income_median,26900,HMRC personal income by tax year (London Datastore),borough,financial year 2012-13 assigned to start year; analysis metric
E09000006,Bromley,2012,income_taxpayers,169000,HMRC personal income by tax year (London Datastore),borough,financial year 2012-13 assigned to start year; supplementary
E09000006,Bromley,2013,income_mean,39000,HMRC personal income by tax year (London Datastore),borough,financial year 2013-14 assigned to start year; supplementary
E09000006,Bromley,2013,income_median,27200,HMRC personal income by tax year (London Datastore),borough,financial year 2013-14 assigned to start year; analysis metric
E09000006,Bromley,2013,income_taxpayers,173000,HMRC personal income by tax year (London Datastore),borough,financial year 2013-14 assigned to start year; supplementary
E09000006,Bromley,2014,income_mean,40400,HMRC personal income by tax year (London Datastore),borough,financial year 2014-15 assigned to start year; supplementary
E09000006,Bromley,2014,income_median,28100,HMRC personal income by tax year (London Datastore),borough,financial year 2014-15 assigned to start year; analysis metric
E09000006,Bromley,2014,income_taxpayers,168000,HMRC personal income by tax year (London Datastore),borough,financial year 2014-15 assigned to start year; supplementary
E09000006,Bromley,2015,income_mean,43500,HMRC personal income by tax year (London Datastore),borough,financial year 2015-16 assigned to start year; supplementary
E09000006,Bromley,2015,income_median,29800,HMRC personal income by tax year (London Datastore),borough,financial year 2015-16 assigned to start year; analysis metric
E09000006,Bromley,2015,income_taxpayers,171000,HMRC personal income by tax year (London Datastore),borough,financial year 2015-16 assigned to start year; supplementary
E09000006,Bromley,2016,income_mean,44000,HMRC personal income by tax year (London Datastore),borough,financial year 2016-17 assigned to start year; supplementary
E09000006,Bromley,2016,income_median,30400,HMRC personal income by tax year (London Datastore),borough,financial year 2016-17 assigned to start year; analysis metric
E09000006,Bromley,2016,income_taxpayers,172000,HMRC personal income by tax year (London Datastore),borough,financial year 2016-17 assigned to start year; supplementary
E09000006,Bromley,2017,income_mean,45500,HMRC personal income by tax year (London Datastore),borough,financial year 2017-18 assigned to start year; supplementary
E09000006,Bromley,2017,income_median,32000,HMRC personal income by tax year (London Datastore),borough,financial year 2017-18 assigned to start year; analysis metric
E09000006,Bromley,2017,income_taxpayers,174000,HMRC personal income by tax year (London Datastore),borough,financial year 2017-18 assigned to start year; supplementary
E09000006,Bromley,2018,income_mean,46600,HMRC personal income by tax year (London Datastore),borough,financial year 2018-19 assigned to start year; supplementary
E09000006,Bromley,2018,income_median,32800,HMRC personal income by tax year (London Datastore),borough,financial year 2018-19 assigned to start year; analysis metric
E09000006,Bromley,2018,income_taxpayers,177000,HMRC personal income by tax year (London Datastore),borough,financial year 2018-19 assigned to start year; supplementary
E09000006,Bromley,2019,income_mean,48200,HMRC personal income by tax year (London Datastore),borough,financial year 2019-20 assigned to start year; supplementary
E09000006,Bromley,2019,income_median,33700,HMRC personal income by tax year (London Datastore),borough,financial year 2019-20 assigned to start year; analysis metric
E09000006,Bromley,2019,income_taxpayers,176000,HMRC personal income by tax year (London Datastore),borough,financial year 2019-20 assigned to start year; supplementary
E09000006,Bromley,2020,income_mean,49300,HMRC personal income by tax year (London Datastore),borough,financial year 2020-21 assigned to start year; supplementary
E09000006,Bromley,2020,income_median,33800,HMRC personal income by tax year (London Datastore),borough,financial year 2020-21 assigned to start year; analysis metric
E09000006,Bromley,2020,income_taxpayers,177000,HMRC personal income by tax year (London Datastore),borough,financial year 2020-21 assigned to start year; supplementary
E09000006,Bromley,2021,income_mean,54500,HMRC personal income by tax year (London Datastore),borough,financial year 2021-22 assigned to start year; supplementary
E09000006,Bromley,2021,income_median,35800,HMRC personal income by tax year (London Datastore),borough,financial year 2021-22 assigned to start year; analysis metric
E09000006,Bromley,2021,income_taxpayers,176000,HMRC personal income by tax year (London Datastore),borough,financial year 2021-22 assigned to start year; supplementary
E09000006,Bromley,2022,income_mean,56900,HMRC personal income by tax year (London Datastore),borough,financial year 2022-23 assigned to start year; supplementary
E09000006,Bromley,2022,income_median,38100,HMRC personal income by tax year (London Datastore),borough,financial year 2022-23 assigned to start year; analysis metric
E09000006,Bromley,2022,income_taxpayers,183000,HMRC personal income by tax year (London Datastore),borough,financial year 2022-23 assigned to start year; supplementary
E09000006,Bromley,2023,income_mean,57500,HMRC personal income by tax year (London Datastore),borough,financial year 2023-24 assigned to start year; supplementary
E09000006,Bromley,2023,income_median,38800,HMRC personal income by tax year (London Datastore),borough,financial year 2023-24 assigned to start year; analysis metric
E09000006,Bromley,2023,income_taxpayers,195000,HMRC personal income by tax year (London Datastore),borough,financial year 2023-24 assigned to start year; supplementary
E09000007,Camden,1999,income_mean,39000,HMRC personal income by tax year (London Datastore),borough,financial year 1999-00 assigned to start year; supplementary
E09000007,Camden,1999,income_median,20500,HMRC personal income by tax year (London Datastore),borough,financial year 1999-00 assigned to start year; analysis metric
E09000007,Camden,1999,income_taxpayers,85000,HMRC personal income by tax year (London Datastore),borough,financial year 1999-00 assigned to start year; supplementary
E09000007,Camden,2000,income_mean,40000,HMRC personal income by tax year (London Datastore),borough,financial year 2000-01 assigned to start year; supplementary
E09000007,Camden,2000,income_median,19700,HMRC personal income by tax year (London Datastore),borough,financial year 2000-01 assigned to start year; analysis metric
E09000007,Camden,2000,income_taxpayers,107000,HMRC personal income by tax year (London Datastore),borough,financial year 2000-01 assigned to start year; supplementary
E09000007,Camden,2001,income_mean,42800,HMRC personal income by tax year (London Datastore),borough,financial year 2001-02 assigned to start year; supplementary
E09000007,Camden,2001,income_median,19800,HMRC personal income by tax year (London Datastore),borough,financial year 2001-02 assigned to start year; analysis metric
E09000007,Camden,2001,income_taxpayers,101000,HMRC personal income by tax year (London Datastore),borough,financial year 2001-02 assigned to start year; supplementary
E09000007,Camden,2002,income_mean,43000,HMRC personal income by tax year (London Datastore),borough,financial year 2002-03 assigned to start year; supplementary
E09000007,Camden,2002,income_median,21700,HMRC personal income by tax year (London Datastore),borough,financial year 2002-03 assigned to start year; analysis metric
E09000007,Camden,2002,income_taxpayers,96000,HMRC personal income by tax year (London Datastore),borough,financial year 2002-03 assigned to start year; supplementary
E09000007,Camden,2003,income_mean,45700,HMRC personal income by tax year (London Datastore),borough,financial year 2003-04 assigned to start year; supplementary
E09000007,Camden,2003,income_median,21300,HMRC personal income by tax year (London Datastore),borough,financial year 2003-04 assigned to start year; analysis metric
E09000007,Camden,2003,income_taxpayers,90000,HMRC personal income by tax year (London Datastore),borough,financial year 2003-04 assigned to start year; supplementary
E09000007,Camden,2004,income_mean,50200,HMRC personal income by tax year (London Datastore),borough,financial year 2004-05 assigned to start year; supplementary
E09000007,Camden,2004,income_median,23200,HMRC personal income by tax year (London Datastore),borough,financial year 2004-05 assigned to start year; analysis metric
E09000007,Camden,2004,income_taxpayers,97000,HMRC personal income by tax year (London Datastore),borough,financial year 2004-05 assigned to start year; supplementary
E09000007,Camden,2005,income_mean,56200,HMRC personal income by tax year (London Datastore),borough,financial year 2005-06 assigned to start year; supplementary
E09000007,Camden,2005,income_median,24200,HMRC personal income by tax year (London Datastore),borough,financial year 2005-06 assigned to start year; analysis metric
E09000007,Camden,2005,income_taxpayers,97000,HMRC personal income by tax year (London Datastore),borough,financial year 2005-06 assigned to start year; supplementary
E09000007,Camden,2006,income_mean,60200,HMRC personal income by tax year (London Datastore),borough,financial year 2006-07 assigned to start year; supplementary
E09000007,Camden,2006,income_median,25900,HMRC personal income by tax year (London Datastore),borough,financial year 2006-07 assigned to start year; analysis metric
E09000007,Camden,2006,income_taxpayers,101000,HMRC personal income by tax year (London Datastore),borough,financial year 2006-07 assigned to start year; supplementary
E09000007,Camden,2007,income_mean,69800,HMRC personal income by tax year (London Datastore),borough,financial year 2007-08 assigned to start year; supplementary
E09000007,Camden,2007,income_median,26900,HMRC personal income by tax year (London Datastore),borough,financial year 2007-08 assigned to start year; analysis metric
E09000007,Camden,2007,income_taxpayers,107000,HMRC personal income by tax year (London Datastore),borough,financial year 2007-08 assigned to start year; supplementary
E09000007,Camden,2009,income_mean,68900,HMRC personal income by tax year (London Datastore),borough,financial year 2009-10 assigned to start year; supplementary
E09000007,Camden,2009,income_median,28400,HMRC personal income by tax year (London Datastore),borough,financial year 2009-10 assigned to start year; analysis metric
E09000007,Camden,2009,income_taxpayers,103000,HMRC personal income by tax year (London Datastore),borough,financial year 2009-10 assigned to start year; supplementary
E09000007,Camden,2010,income_mean,67100,HMRC personal income by tax year (London Datastore),borough,financial year 2010-11 assigned to start year; supplementary
E09000007,Camden,2010,income_median,29400,HMRC personal income by tax year (London Datastore),borough,financial year 2010-11 assigned to start year; analysis metric
E09000007,Camden,2010,income_taxpayers,101000,HMRC personal income by tax year (London Datastore),borough,financial year 2010-11 assigned to start year; supplementary
E09000007,Camden,2011,income_mean,69300,HMRC personal income by tax year (London Datastore),borough,financial year 2011-12 assigned to start year; supplementary
E09000007,Camden,2011,income_median,30400,HMRC personal income by tax year (London Datastore),borough,financial year 2011-12 assigned to start year; analysis metric
E09000007,Camden,2011,income_taxpayers,104000,HMRC personal income by tax year (London Datastore),borough,financial year 2011-12 assigned to start year; supplementary
E09000007,Camden,2012,income_mean,71200,HMRC personal income by tax year (London Datastore),borough,financial year 2012-13 assigned to start year; supplementary
E09000007,Camden,2012,income_median,31600,HMRC personal income by tax year (London Datastore),borough,financial year 2012-13 assigned to start year; analysis metric
E09000007,Camden,2012,income_taxpayers,105000,HMRC personal income by tax year (London Datastore),borough,financial year 2012-13 assigned to start year; supplementary
E09000007,Camden,2013,income_mean,78900,HMRC personal income by tax year (London Datastore),borough,financial year 2013-14 assigned to start year; supplementary
E09000007,Camden,2013,income_median,32000,HMRC personal income by tax year (London Datastore),borough,financial year 2013-14 assigned to start year; analysis metric
E09000007,Camden,2013,income_taxpayers,99000,HMRC personal income by tax year (London Datastore),borough,financial year 2013-14 assigned to start year; supplementary
E09000007,Camden,2014,income_mean,79200,HMRC personal income by tax year (London Datastore),borough,financial year 2014-15 assigned to start year; supplementary
E09000007,Camden,2014,income_median,33100,HMRC personal income by tax year (London Datastore),borough,financial year 2014-15 assigned to start year; analysis metric
E09000007,Camden,2014,income_taxpayers,104000,HMRC personal income by tax year (London Datastore),borough,financial year 2014-15 assigned to start year; supplementary
E09000007,Camden,2015,income_mean,85000,HMRC personal income by tax year (London Datastore),borough,financial year 2015-16 assigned to start year; supplementary
E09000007,Camden,2015,income_median,34400,HMRC personal income by tax year (London Datastore),borough,financial year 2015-16 assigned to start year; analysis metric
E09000007,Camden,2015,income_taxpayers,103000,HMRC personal income by tax year (London Datastore),borough,financial year 2015-16 assigned to start year; supplementary
E09000007,Camden,2016,income_mean,88000,HMRC personal income by tax year (London Datastore),borough,financial year 2016-17 assigned to start year; supplementary
E09000007,Camden,2016,income_median,35500,HMRC personal income by tax year (London Datastore),borough,financial year 2016-17 assigned to start year; analysis metric
E09000007,Camden,2016,income_taxpayers,103000,HMRC personal income by tax year (London Datastore),borough,financial year 2016-17 assigned to start year; supplementary
E09000007,Camden,2017,income_mean,92600,HMRC personal income by tax year (London Datastore),borough,financial year 2017-18 assigned to start year; supplementary
E09000007,Camden,2017,income_median,37300,HMRC personal income by tax year (London Datastore),borough,financial year 2017-18 assigned to start year; analysis metric
E09000007,Camden,2017,income_taxpayers,101000,HMRC personal income by tax year (London Datastore),borough,financial year 2017-18 assigned to start year; supplementary
E09000007,Camden,2018,income_mean,87400,HMRC personal income by tax year (London Datastore),borough,financial year 2018-19 assigned to start year; supplementary
E09000007,Camden,2018,income_median,35600,HMRC personal income by tax year (London Datastore),borough,financial year 2018-19 assigned to start year; analysis metric
E09000007,Camden,2018,income_taxpayers,106000,HMRC personal income by tax year (London Datastore),borough,financial year 2018-19 assigned to start year; supplementary
E09000007,Camden,2019,income_mean,96900,HMRC personal income by tax year (London Datastore),borough,financial year 2019-20 assigned to start year; supplementary
E09000007,Camden,2019,income_median,38200,HMRC personal income by tax year (London Datastore),borough,financial year 2019-20 assigned to start year; analysis metric
E09000007,Camden,2019,income_taxpayers,104000,HMRC personal income by tax year (London Datastore),borough,financial year 2019-20 assigned to start year; supplementary
E09000007,Camden,2020,income_mean,107000,HMRC personal income by tax year (London Datastore),borough,financial year 2020-21 assigned to start year; supplementary
E09000007,Camden,2020,income_median,38900,HMRC personal income by tax year (London Datastore),borough,financial year 2020-21 assigned to start year; analysis metric
E09000007,Camden,2020,income_taxpayers,1e+05,HMRC personal income by tax year (London Datastore),borough,financial year 2020-21 assigned to start year; supplementary
E09000007,Camden,2021,income_mean,119000,HMRC personal income by tax year (London Datastore),borough,financial year 2021-22 assigned to start year; supplementary
E09000007,Camden,2021,income_median,38900,HMRC personal income by tax year (London Datastore),borough,financial year 2021-22 assigned to start year; analysis metric
E09000007,Camden,2021,income_taxpayers,108000,HMRC personal income by tax year (London Datastore),borough,financial year 2021-22 assigned to start year; supplementary
E09000007,Camden,2022,income_mean,112000,HMRC personal income by tax year (London Datastore),borough,financial year 2022-23 assigned to start year; supplementary
E09000007,Camden,2022,income_median,40600,HMRC personal income by tax year (London Datastore),borough,financial year 2022-23 assigned to start year; analysis metric
E09000007,Camden,2022,income_taxpayers,111000,HMRC personal income by tax year (London Datastore),borough,financial year 2022-23 assigned to start year; supplementary
E09000007,Camden,2023,income_mean,126000,HMRC personal income by tax year (London Datastore),borough,financial year 2023-24 assigned to start year; supplementary
E09000007,Camden,2023,income_median,42800,HMRC personal income by tax year (London Datastore),borough,financial year 2023-24 assigned to start year; analysis metric
E09000007,Camden,2023,income_taxpayers,119000,HMRC personal income by tax year (London Datastore),borough,financial year 2023-24 assigned to start year; supplementary
E09000001,City of London,1999,income_mean,109800,HMRC personal income by tax year (London Datastore),borough,financial year 1999-00 assigned to start year; supplementary
E09000001,City of London,1999,income_median,40400,HMRC personal income by tax year (London Datastore),borough,financial year 1999-00 assigned to start year; analysis metric
E09000001,City of London,1999,income_taxpayers,10000,HMRC personal income by tax year (London Datastore),borough,financial year 1999-00 assigned to start year; supplementary
E09000001,City of London,2000,income_mean,137000,HMRC personal income by tax year (London Datastore),borough,financial year 2000-01 assigned to start year; supplementary
E09000001,City of London,2000,income_median,65000,HMRC personal income by tax year (London Datastore),borough,financial year 2000-01 assigned to start year; analysis metric
E09000001,City of London,2000,income_taxpayers,10000,HMRC personal income by tax year (London Datastore),borough,financial year 2000-01 assigned to start year; supplementary
E09000001,City of London,2001,income_mean,92900,HMRC personal income by tax year (London Datastore),borough,financial year 2001-02 assigned to start year; supplementary
E09000001,City of London,2001,income_median,38300,HMRC personal income by tax year (London Datastore),borough,financial year 2001-02 assigned to start year; analysis metric
E09000001,City of London,2001,income_taxpayers,12000,HMRC personal income by tax year (London Datastore),borough,financial year 2001-02 assigned to start year; supplementary
E09000001,City of London,2002,income_mean,78700,HMRC personal income by tax year (London Datastore),borough,financial year 2002-03 assigned to start year; supplementary
E09000001,City of London,2002,income_median,37000,HMRC personal income by tax year (London Datastore),borough,financial year 2002-03 assigned to start year; analysis metric
E09000001,City of London,2002,income_taxpayers,11000,HMRC personal income by tax year (London Datastore),borough,financial year 2002-03 assigned to start year; supplementary
E09000001,City of London,2003,income_mean,85800,HMRC personal income by tax year (London Datastore),borough,financial year 2003-04 assigned to start year; supplementary
E09000001,City of London,2003,income_median,39200,HMRC personal income by tax year (London Datastore),borough,financial year 2003-04 assigned to start year; analysis metric
E09000001,City of London,2003,income_taxpayers,10000,HMRC personal income by tax year (London Datastore),borough,financial year 2003-04 assigned to start year; supplementary
E09000001,City of London,2004,income_mean,95600,HMRC personal income by tax year (London Datastore),borough,financial year 2004-05 assigned to start year; supplementary
E09000001,City of London,2004,income_median,44400,HMRC personal income by tax year (London Datastore),borough,financial year 2004-05 assigned to start year; analysis metric
E09000001,City of London,2004,income_taxpayers,10000,HMRC personal income by tax year (London Datastore),borough,financial year 2004-05 assigned to start year; supplementary
E09000001,City of London,2005,income_mean,90600,HMRC personal income by tax year (London Datastore),borough,financial year 2005-06 assigned to start year; supplementary
E09000001,City of London,2005,income_median,49300,HMRC personal income by tax year (London Datastore),borough,financial year 2005-06 assigned to start year; analysis metric
E09000001,City of London,2005,income_taxpayers,10000,HMRC personal income by tax year (London Datastore),borough,financial year 2005-06 assigned to start year; supplementary
E09000001,City of London,2006,income_mean,99200,HMRC personal income by tax year (London Datastore),borough,financial year 2006-07 assigned to start year; supplementary
E09000001,City of London,2006,income_median,49000,HMRC personal income by tax year (London Datastore),borough,financial year 2006-07 assigned to start year; analysis metric
E09000001,City of London,2006,income_taxpayers,10000,HMRC personal income by tax year (London Datastore),borough,financial year 2006-07 assigned to start year; supplementary
E09000001,City of London,2007,income_mean,102000,HMRC personal income by tax year (London Datastore),borough,financial year 2007-08 assigned to start year; supplementary
E09000001,City of London,2007,income_median,58500,HMRC personal income by tax year (London Datastore),borough,financial year 2007-08 assigned to start year; analysis metric
E09000001,City of London,2007,income_taxpayers,10000,HMRC personal income by tax year (London Datastore),borough,financial year 2007-08 assigned to start year; supplementary
E09000001,City of London,2009,income_mean,137000,HMRC personal income by tax year (London Datastore),borough,financial year 2009-10 assigned to start year; supplementary
E09000001,City of London,2009,income_median,61900,HMRC personal income by tax year (London Datastore),borough,financial year 2009-10 assigned to start year; analysis metric
E09000001,City of London,2009,income_taxpayers,9000,HMRC personal income by tax year (London Datastore),borough,financial year 2009-10 assigned to start year; supplementary
E09000001,City of London,2010,income_mean,127000,HMRC personal income by tax year (London Datastore),borough,financial year 2010-11 assigned to start year; supplementary
E09000001,City of London,2010,income_median,61300,HMRC personal income by tax year (London Datastore),borough,financial year 2010-11 assigned to start year; analysis metric
E09000001,City of London,2010,income_taxpayers,8000,HMRC personal income by tax year (London Datastore),borough,financial year 2010-11 assigned to start year; supplementary
E09000001,City of London,2011,income_mean,117000,HMRC personal income by tax year (London Datastore),borough,financial year 2011-12 assigned to start year; supplementary
E09000001,City of London,2011,income_median,51600,HMRC personal income by tax year (London Datastore),borough,financial year 2011-12 assigned to start year; analysis metric
E09000001,City of London,2011,income_taxpayers,8000,HMRC personal income by tax year (London Datastore),borough,financial year 2011-12 assigned to start year; supplementary
E09000001,City of London,2012,income_mean,131000,HMRC personal income by tax year (London Datastore),borough,financial year 2012-13 assigned to start year; supplementary
E09000001,City of London,2012,income_median,58300,HMRC personal income by tax year (London Datastore),borough,financial year 2012-13 assigned to start year; analysis metric
E09000001,City of London,2012,income_taxpayers,9000,HMRC personal income by tax year (London Datastore),borough,financial year 2012-13 assigned to start year; supplementary
E09000001,City of London,2013,income_mean,151000,HMRC personal income by tax year (London Datastore),borough,financial year 2013-14 assigned to start year; supplementary
E09000001,City of London,2013,income_median,65300,HMRC personal income by tax year (London Datastore),borough,financial year 2013-14 assigned to start year; analysis metric
E09000001,City of London,2013,income_taxpayers,9000,HMRC personal income by tax year (London Datastore),borough,financial year 2013-14 assigned to start year; supplementary
E09000001,City of London,2014,income_mean,144000,HMRC personal income by tax year (London Datastore),borough,financial year 2014-15 assigned to start year; supplementary
E09000001,City of London,2014,income_median,61100,HMRC personal income by tax year (London Datastore),borough,financial year 2014-15 assigned to start year; analysis metric
E09000001,City of London,2014,income_taxpayers,9000,HMRC personal income by tax year (London Datastore),borough,financial year 2014-15 assigned to start year; supplementary
E09000001,City of London,2015,income_mean,142000,HMRC personal income by tax year (London Datastore),borough,financial year 2015-16 assigned to start year; supplementary
E09000001,City of London,2015,income_median,60000,HMRC personal income by tax year (London Datastore),borough,financial year 2015-16 assigned to start year; analysis metric
E09000001,City of London,2015,income_taxpayers,10000,HMRC personal income by tax year (London Datastore),borough,financial year 2015-16 assigned to start year; supplementary
E09000001,City of London,2016,income_mean,157000,HMRC personal income by tax year (London Datastore),borough,financial year 2016-17 assigned to start year; supplementary
E09000001,City of London,2016,income_median,57300,HMRC personal income by tax year (London Datastore),borough,financial year 2016-17 assigned to start year; analysis metric
E09000001,City of London,2016,income_taxpayers,12000,HMRC personal income by tax year (London Datastore),borough,financial year 2016-17 assigned to start year; supplementary
E09000001,City of London,2017,income_mean,148000,HMRC personal income by tax year (London Datastore),borough,financial year 2017-18 assigned to start year; supplementary
E09000001,City of London,2017,income_median,60000,HMRC personal income by tax year (London Datastore),borough,financial year 2017-18 assigned to start year; analysis metric
E09000001,City of London,2017,income_taxpayers,11000,HMRC personal income by tax year (London Datastore),borough,financial year 2017-18 assigned to start year; supplementary
E09000001,City of London,2018,income_mean,142000,HMRC personal income by tax year (London Datastore),borough,financial year 2018-19 assigned to start year; supplementary
E09000001,City of London,2018,income_median,55200,HMRC personal income by tax year (London Datastore),borough,financial year 2018-19 assigned to start year; analysis metric
E09000001,City of London,2018,income_taxpayers,12000,HMRC personal income by tax year (London Datastore),borough,financial year 2018-19 assigned to start year; supplementary
E09000001,City of London,2019,income_mean,128000,HMRC personal income by tax year (London Datastore),borough,financial year 2019-20 assigned to start year; supplementary
E09000001,City of London,2019,income_median,54200,HMRC personal income by tax year (London Datastore),borough,financial year 2019-20 assigned to start year; analysis metric
E09000001,City of London,2019,income_taxpayers,12000,HMRC personal income by tax year (London Datastore),borough,financial year 2019-20 assigned to start year; supplementary
E09000001,City of London,2020,income_mean,142000,HMRC personal income by tax year (London Datastore),borough,financial year 2020-21 assigned to start year; supplementary
E09000001,City of London,2020,income_median,56700,HMRC personal income by tax year (London Datastore),borough,financial year 2020-21 assigned to start year; analysis metric
E09000001,City of London,2020,income_taxpayers,10000,HMRC personal income by tax year (London Datastore),borough,financial year 2020-21 assigned to start year; supplementary
E09000001,City of London,2021,income_mean,167000,HMRC personal income by tax year (London Datastore),borough,financial year 2021-22 assigned to start year; supplementary
E09000001,City of London,2021,income_median,62200,HMRC personal income by tax year (London Datastore),borough,financial year 2021-22 assigned to start year; analysis metric
E09000001,City of London,2021,income_taxpayers,9000,HMRC personal income by tax year (London Datastore),borough,financial year 2021-22 assigned to start year; supplementary
E09000001,City of London,2022,income_mean,147000,HMRC personal income by tax year (London Datastore),borough,financial year 2022-23 assigned to start year; supplementary
E09000001,City of London,2022,income_median,60700,HMRC personal income by tax year (London Datastore),borough,financial year 2022-23 assigned to start year; analysis metric
E09000001,City of London,2022,income_taxpayers,11000,HMRC personal income by tax year (London Datastore),borough,financial year 2022-23 assigned to start year; supplementary
E09000001,City of London,2023,income_mean,162000,HMRC personal income by tax year (London Datastore),borough,financial year 2023-24 assigned to start year; supplementary
E09000001,City of London,2023,income_median,70000,HMRC personal income by tax year (London Datastore),borough,financial year 2023-24 assigned to start year; analysis metric
E09000001,City of London,2023,income_taxpayers,11000,HMRC personal income by tax year (London Datastore),borough,financial year 2023-24 assigned to start year; supplementary
E09000008,Croydon,1999,income_mean,21500,HMRC personal income by tax year (London Datastore),borough,financial year 1999-00 assigned to start year; supplementary
E09000008,Croydon,1999,income_median,16700,HMRC personal income by tax year (London Datastore),borough,financial year 1999-00 assigned to start year; analysis metric
E09000008,Croydon,1999,income_taxpayers,152000,HMRC personal income by tax year (London Datastore),borough,financial year 1999-00 assigned to start year; supplementary
E09000008,Croydon,2000,income_mean,22100,HMRC personal income by tax year (London Datastore),borough,financial year 2000-01 assigned to start year; supplementary
E09000008,Croydon,2000,income_median,17300,HMRC personal income by tax year (London Datastore),borough,financial year 2000-01 assigned to start year; analysis metric
E09000008,Croydon,2000,income_taxpayers,162000,HMRC personal income by tax year (London Datastore),borough,financial year 2000-01 assigned to start year; supplementary
E09000008,Croydon,2001,income_mean,23500,HMRC personal income by tax year (London Datastore),borough,financial year 2001-02 assigned to start year; supplementary
E09000008,Croydon,2001,income_median,18300,HMRC personal income by tax year (London Datastore),borough,financial year 2001-02 assigned to start year; analysis metric
E09000008,Croydon,2001,income_taxpayers,153000,HMRC personal income by tax year (London Datastore),borough,financial year 2001-02 assigned to start year; supplementary
E09000008,Croydon,2002,income_mean,23400,HMRC personal income by tax year (London Datastore),borough,financial year 2002-03 assigned to start year; supplementary
E09000008,Croydon,2002,income_median,18000,HMRC personal income by tax year (London Datastore),borough,financial year 2002-03 assigned to start year; analysis metric
E09000008,Croydon,2002,income_taxpayers,166000,HMRC personal income by tax year (London Datastore),borough,financial year 2002-03 assigned to start year; supplementary
E09000008,Croydon,2003,income_mean,23300,HMRC personal income by tax year (London Datastore),borough,financial year 2003-04 assigned to start year; supplementary
E09000008,Croydon,2003,income_median,19000,HMRC personal income by tax year (London Datastore),borough,financial year 2003-04 assigned to start year; analysis metric
E09000008,Croydon,2003,income_taxpayers,165000,HMRC personal income by tax year (London Datastore),borough,financial year 2003-04 assigned to start year; supplementary
E09000008,Croydon,2004,income_mean,24300,HMRC personal income by tax year (London Datastore),borough,financial year 2004-05 assigned to start year; supplementary
E09000008,Croydon,2004,income_median,18600,HMRC personal income by tax year (London Datastore),borough,financial year 2004-05 assigned to start year; analysis metric
E09000008,Croydon,2004,income_taxpayers,175000,HMRC personal income by tax year (London Datastore),borough,financial year 2004-05 assigned to start year; supplementary
E09000008,Croydon,2005,income_mean,25800,HMRC personal income by tax year (London Datastore),borough,financial year 2005-06 assigned to start year; supplementary
E09000008,Croydon,2005,income_median,19600,HMRC personal income by tax year (London Datastore),borough,financial year 2005-06 assigned to start year; analysis metric
E09000008,Croydon,2005,income_taxpayers,173000,HMRC personal income by tax year (London Datastore),borough,financial year 2005-06 assigned to start year; supplementary
E09000008,Croydon,2006,income_mean,27200,HMRC personal income by tax year (London Datastore),borough,financial year 2006-07 assigned to start year; supplementary
E09000008,Croydon,2006,income_median,20700,HMRC personal income by tax year (London Datastore),borough,financial year 2006-07 assigned to start year; analysis metric
E09000008,Croydon,2006,income_taxpayers,171000,HMRC personal income by tax year (London Datastore),borough,financial year 2006-07 assigned to start year; supplementary
E09000008,Croydon,2007,income_mean,28100,HMRC personal income by tax year (London Datastore),borough,financial year 2007-08 assigned to start year; supplementary
E09000008,Croydon,2007,income_median,20900,HMRC personal income by tax year (London Datastore),borough,financial year 2007-08 assigned to start year; analysis metric
E09000008,Croydon,2007,income_taxpayers,179000,HMRC personal income by tax year (London Datastore),borough,financial year 2007-08 assigned to start year; supplementary
E09000008,Croydon,2009,income_mean,29700,HMRC personal income by tax year (London Datastore),borough,financial year 2009-10 assigned to start year; supplementary
E09000008,Croydon,2009,income_median,23100,HMRC personal income by tax year (London Datastore),borough,financial year 2009-10 assigned to start year; analysis metric
E09000008,Croydon,2009,income_taxpayers,166000,HMRC personal income by tax year (London Datastore),borough,financial year 2009-10 assigned to start year; supplementary
E09000008,Croydon,2010,income_mean,29000,HMRC personal income by tax year (London Datastore),borough,financial year 2010-11 assigned to start year; supplementary
E09000008,Croydon,2010,income_median,22000,HMRC personal income by tax year (London Datastore),borough,financial year 2010-11 assigned to start year; analysis metric
E09000008,Croydon,2010,income_taxpayers,173000,HMRC personal income by tax year (London Datastore),borough,financial year 2010-11 assigned to start year; supplementary
E09000008,Croydon,2011,income_mean,29700,HMRC personal income by tax year (London Datastore),borough,financial year 2011-12 assigned to start year; supplementary
E09000008,Croydon,2011,income_median,22700,HMRC personal income by tax year (London Datastore),borough,financial year 2011-12 assigned to start year; analysis metric
E09000008,Croydon,2011,income_taxpayers,171000,HMRC personal income by tax year (London Datastore),borough,financial year 2011-12 assigned to start year; supplementary
E09000008,Croydon,2012,income_mean,30700,HMRC personal income by tax year (London Datastore),borough,financial year 2012-13 assigned to start year; supplementary
E09000008,Croydon,2012,income_median,23900,HMRC personal income by tax year (London Datastore),borough,financial year 2012-13 assigned to start year; analysis metric
E09000008,Croydon,2012,income_taxpayers,174000,HMRC personal income by tax year (London Datastore),borough,financial year 2012-13 assigned to start year; supplementary
E09000008,Croydon,2013,income_mean,31800,HMRC personal income by tax year (London Datastore),borough,financial year 2013-14 assigned to start year; supplementary
E09000008,Croydon,2013,income_median,24300,HMRC personal income by tax year (London Datastore),borough,financial year 2013-14 assigned to start year; analysis metric
E09000008,Croydon,2013,income_taxpayers,173000,HMRC personal income by tax year (London Datastore),borough,financial year 2013-14 assigned to start year; supplementary
E09000008,Croydon,2014,income_mean,32600,HMRC personal income by tax year (London Datastore),borough,financial year 2014-15 assigned to start year; supplementary
E09000008,Croydon,2014,income_median,25100,HMRC personal income by tax year (London Datastore),borough,financial year 2014-15 assigned to start year; analysis metric
E09000008,Croydon,2014,income_taxpayers,176000,HMRC personal income by tax year (London Datastore),borough,financial year 2014-15 assigned to start year; supplementary
E09000008,Croydon,2015,income_mean,34200,HMRC personal income by tax year (London Datastore),borough,financial year 2015-16 assigned to start year; supplementary
E09000008,Croydon,2015,income_median,26300,HMRC personal income by tax year (London Datastore),borough,financial year 2015-16 assigned to start year; analysis metric
E09000008,Croydon,2015,income_taxpayers,178000,HMRC personal income by tax year (London Datastore),borough,financial year 2015-16 assigned to start year; supplementary
E09000008,Croydon,2016,income_mean,33800,HMRC personal income by tax year (London Datastore),borough,financial year 2016-17 assigned to start year; supplementary
E09000008,Croydon,2016,income_median,25600,HMRC personal income by tax year (London Datastore),borough,financial year 2016-17 assigned to start year; analysis metric
E09000008,Croydon,2016,income_taxpayers,186000,HMRC personal income by tax year (London Datastore),borough,financial year 2016-17 assigned to start year; supplementary
E09000008,Croydon,2017,income_mean,35600,HMRC personal income by tax year (London Datastore),borough,financial year 2017-18 assigned to start year; supplementary
E09000008,Croydon,2017,income_median,27500,HMRC personal income by tax year (London Datastore),borough,financial year 2017-18 assigned to start year; analysis metric
E09000008,Croydon,2017,income_taxpayers,183000,HMRC personal income by tax year (London Datastore),borough,financial year 2017-18 assigned to start year; supplementary
E09000008,Croydon,2018,income_mean,36500,HMRC personal income by tax year (London Datastore),borough,financial year 2018-19 assigned to start year; supplementary
E09000008,Croydon,2018,income_median,27800,HMRC personal income by tax year (London Datastore),borough,financial year 2018-19 assigned to start year; analysis metric
E09000008,Croydon,2018,income_taxpayers,187000,HMRC personal income by tax year (London Datastore),borough,financial year 2018-19 assigned to start year; supplementary
E09000008,Croydon,2019,income_mean,37800,HMRC personal income by tax year (London Datastore),borough,financial year 2019-20 assigned to start year; supplementary
E09000008,Croydon,2019,income_median,29400,HMRC personal income by tax year (London Datastore),borough,financial year 2019-20 assigned to start year; analysis metric
E09000008,Croydon,2019,income_taxpayers,184000,HMRC personal income by tax year (London Datastore),borough,financial year 2019-20 assigned to start year; supplementary
E09000008,Croydon,2020,income_mean,38300,HMRC personal income by tax year (London Datastore),borough,financial year 2020-21 assigned to start year; supplementary
E09000008,Croydon,2020,income_median,29100,HMRC personal income by tax year (London Datastore),borough,financial year 2020-21 assigned to start year; analysis metric
E09000008,Croydon,2020,income_taxpayers,189000,HMRC personal income by tax year (London Datastore),borough,financial year 2020-21 assigned to start year; supplementary
E09000008,Croydon,2021,income_mean,40900,HMRC personal income by tax year (London Datastore),borough,financial year 2021-22 assigned to start year; supplementary
E09000008,Croydon,2021,income_median,30400,HMRC personal income by tax year (London Datastore),borough,financial year 2021-22 assigned to start year; analysis metric
E09000008,Croydon,2021,income_taxpayers,192000,HMRC personal income by tax year (London Datastore),borough,financial year 2021-22 assigned to start year; supplementary
E09000008,Croydon,2022,income_mean,41900,HMRC personal income by tax year (London Datastore),borough,financial year 2022-23 assigned to start year; supplementary
E09000008,Croydon,2022,income_median,31800,HMRC personal income by tax year (London Datastore),borough,financial year 2022-23 assigned to start year; analysis metric
E09000008,Croydon,2022,income_taxpayers,203000,HMRC personal income by tax year (London Datastore),borough,financial year 2022-23 assigned to start year; supplementary
E09000008,Croydon,2023,income_mean,43500,HMRC personal income by tax year (London Datastore),borough,financial year 2023-24 assigned to start year; supplementary
E09000008,Croydon,2023,income_median,33200,HMRC personal income by tax year (London Datastore),borough,financial year 2023-24 assigned to start year; analysis metric
E09000008,Croydon,2023,income_taxpayers,220000,HMRC personal income by tax year (London Datastore),borough,financial year 2023-24 assigned to start year; supplementary
E09000009,Ealing,1999,income_mean,22800,HMRC personal income by tax year (London Datastore),borough,financial year 1999-00 assigned to start year; supplementary
E09000009,Ealing,1999,income_median,16400,HMRC personal income by tax year (London Datastore),borough,financial year 1999-00 assigned to start year; analysis metric
E09000009,Ealing,1999,income_taxpayers,130000,HMRC personal income by tax year (London Datastore),borough,financial year 1999-00 assigned to start year; supplementary
E09000009,Ealing,2000,income_mean,23800,HMRC personal income by tax year (London Datastore),borough,financial year 2000-01 assigned to start year; supplementary
E09000009,Ealing,2000,income_median,17000,HMRC personal income by tax year (London Datastore),borough,financial year 2000-01 assigned to start year; analysis metric
E09000009,Ealing,2000,income_taxpayers,149000,HMRC personal income by tax year (London Datastore),borough,financial year 2000-01 assigned to start year; supplementary
E09000009,Ealing,2001,income_mean,25200,HMRC personal income by tax year (London Datastore),borough,financial year 2001-02 assigned to start year; supplementary
E09000009,Ealing,2001,income_median,17500,HMRC personal income by tax year (London Datastore),borough,financial year 2001-02 assigned to start year; analysis metric
E09000009,Ealing,2001,income_taxpayers,141000,HMRC personal income by tax year (London Datastore),borough,financial year 2001-02 assigned to start year; supplementary
E09000009,Ealing,2002,income_mean,25400,HMRC personal income by tax year (London Datastore),borough,financial year 2002-03 assigned to start year; supplementary
E09000009,Ealing,2002,income_median,18900,HMRC personal income by tax year (London Datastore),borough,financial year 2002-03 assigned to start year; analysis metric
E09000009,Ealing,2002,income_taxpayers,141000,HMRC personal income by tax year (London Datastore),borough,financial year 2002-03 assigned to start year; supplementary
E09000009,Ealing,2003,income_mean,26100,HMRC personal income by tax year (London Datastore),borough,financial year 2003-04 assigned to start year; supplementary
E09000009,Ealing,2003,income_median,19400,HMRC personal income by tax year (London Datastore),borough,financial year 2003-04 assigned to start year; analysis metric
E09000009,Ealing,2003,income_taxpayers,135000,HMRC personal income by tax year (London Datastore),borough,financial year 2003-04 assigned to start year; supplementary
E09000009,Ealing,2004,income_mean,26500,HMRC personal income by tax year (London Datastore),borough,financial year 2004-05 assigned to start year; supplementary
E09000009,Ealing,2004,income_median,19100,HMRC personal income by tax year (London Datastore),borough,financial year 2004-05 assigned to start year; analysis metric
E09000009,Ealing,2004,income_taxpayers,154000,HMRC personal income by tax year (London Datastore),borough,financial year 2004-05 assigned to start year; supplementary
E09000009,Ealing,2005,income_mean,26900,HMRC personal income by tax year (London Datastore),borough,financial year 2005-06 assigned to start year; supplementary
E09000009,Ealing,2005,income_median,19000,HMRC personal income by tax year (London Datastore),borough,financial year 2005-06 assigned to start year; analysis metric
E09000009,Ealing,2005,income_taxpayers,165000,HMRC personal income by tax year (London Datastore),borough,financial year 2005-06 assigned to start year; supplementary
E09000009,Ealing,2006,income_mean,28700,HMRC personal income by tax year (London Datastore),borough,financial year 2006-07 assigned to start year; supplementary
E09000009,Ealing,2006,income_median,19900,HMRC personal income by tax year (London Datastore),borough,financial year 2006-07 assigned to start year; analysis metric
E09000009,Ealing,2006,income_taxpayers,159000,HMRC personal income by tax year (London Datastore),borough,financial year 2006-07 assigned to start year; supplementary
E09000009,Ealing,2007,income_mean,30000,HMRC personal income by tax year (London Datastore),borough,financial year 2007-08 assigned to start year; supplementary
E09000009,Ealing,2007,income_median,20200,HMRC personal income by tax year (London Datastore),borough,financial year 2007-08 assigned to start year; analysis metric
E09000009,Ealing,2007,income_taxpayers,169000,HMRC personal income by tax year (London Datastore),borough,financial year 2007-08 assigned to start year; supplementary
E09000009,Ealing,2009,income_mean,32400,HMRC personal income by tax year (London Datastore),borough,financial year 2009-10 assigned to start year; supplementary
E09000009,Ealing,2009,income_median,21800,HMRC personal income by tax year (London Datastore),borough,financial year 2009-10 assigned to start year; analysis metric
E09000009,Ealing,2009,income_taxpayers,156000,HMRC personal income by tax year (London Datastore),borough,financial year 2009-10 assigned to start year; supplementary
E09000009,Ealing,2010,income_mean,30700,HMRC personal income by tax year (London Datastore),borough,financial year 2010-11 assigned to start year; supplementary
E09000009,Ealing,2010,income_median,20800,HMRC personal income by tax year (London Datastore),borough,financial year 2010-11 assigned to start year; analysis metric
E09000009,Ealing,2010,income_taxpayers,166000,HMRC personal income by tax year (London Datastore),borough,financial year 2010-11 assigned to start year; supplementary
E09000009,Ealing,2011,income_mean,32000,HMRC personal income by tax year (London Datastore),borough,financial year 2011-12 assigned to start year; supplementary
E09000009,Ealing,2011,income_median,21300,HMRC personal income by tax year (London Datastore),borough,financial year 2011-12 assigned to start year; analysis metric
E09000009,Ealing,2011,income_taxpayers,162000,HMRC personal income by tax year (London Datastore),borough,financial year 2011-12 assigned to start year; supplementary
E09000009,Ealing,2012,income_mean,32600,HMRC personal income by tax year (London Datastore),borough,financial year 2012-13 assigned to start year; supplementary
E09000009,Ealing,2012,income_median,22700,HMRC personal income by tax year (London Datastore),borough,financial year 2012-13 assigned to start year; analysis metric
E09000009,Ealing,2012,income_taxpayers,163000,HMRC personal income by tax year (London Datastore),borough,financial year 2012-13 assigned to start year; supplementary
E09000009,Ealing,2013,income_mean,34500,HMRC personal income by tax year (London Datastore),borough,financial year 2013-14 assigned to start year; supplementary
E09000009,Ealing,2013,income_median,23200,HMRC personal income by tax year (London Datastore),borough,financial year 2013-14 assigned to start year; analysis metric
E09000009,Ealing,2013,income_taxpayers,166000,HMRC personal income by tax year (London Datastore),borough,financial year 2013-14 assigned to start year; supplementary
E09000009,Ealing,2014,income_mean,35300,HMRC personal income by tax year (London Datastore),borough,financial year 2014-15 assigned to start year; supplementary
E09000009,Ealing,2014,income_median,24600,HMRC personal income by tax year (London Datastore),borough,financial year 2014-15 assigned to start year; analysis metric
E09000009,Ealing,2014,income_taxpayers,167000,HMRC personal income by tax year (London Datastore),borough,financial year 2014-15 assigned to start year; supplementary
E09000009,Ealing,2015,income_mean,37000,HMRC personal income by tax year (London Datastore),borough,financial year 2015-16 assigned to start year; supplementary
E09000009,Ealing,2015,income_median,24900,HMRC personal income by tax year (London Datastore),borough,financial year 2015-16 assigned to start year; analysis metric
E09000009,Ealing,2015,income_taxpayers,175000,HMRC personal income by tax year (London Datastore),borough,financial year 2015-16 assigned to start year; supplementary
E09000009,Ealing,2016,income_mean,37300,HMRC personal income by tax year (London Datastore),borough,financial year 2016-17 assigned to start year; supplementary
E09000009,Ealing,2016,income_median,26100,HMRC personal income by tax year (London Datastore),borough,financial year 2016-17 assigned to start year; analysis metric
E09000009,Ealing,2016,income_taxpayers,177000,HMRC personal income by tax year (London Datastore),borough,financial year 2016-17 assigned to start year; supplementary
E09000009,Ealing,2017,income_mean,39700,HMRC personal income by tax year (London Datastore),borough,financial year 2017-18 assigned to start year; supplementary
E09000009,Ealing,2017,income_median,26700,HMRC personal income by tax year (London Datastore),borough,financial year 2017-18 assigned to start year; analysis metric
E09000009,Ealing,2017,income_taxpayers,170000,HMRC personal income by tax year (London Datastore),borough,financial year 2017-18 assigned to start year; supplementary
E09000009,Ealing,2018,income_mean,39800,HMRC personal income by tax year (London Datastore),borough,financial year 2018-19 assigned to start year; supplementary
E09000009,Ealing,2018,income_median,26400,HMRC personal income by tax year (London Datastore),borough,financial year 2018-19 assigned to start year; analysis metric
E09000009,Ealing,2018,income_taxpayers,173000,HMRC personal income by tax year (London Datastore),borough,financial year 2018-19 assigned to start year; supplementary
E09000009,Ealing,2019,income_mean,42700,HMRC personal income by tax year (London Datastore),borough,financial year 2019-20 assigned to start year; supplementary
E09000009,Ealing,2019,income_median,28200,HMRC personal income by tax year (London Datastore),borough,financial year 2019-20 assigned to start year; analysis metric
E09000009,Ealing,2019,income_taxpayers,170000,HMRC personal income by tax year (London Datastore),borough,financial year 2019-20 assigned to start year; supplementary
E09000009,Ealing,2020,income_mean,44100,HMRC personal income by tax year (London Datastore),borough,financial year 2020-21 assigned to start year; supplementary
E09000009,Ealing,2020,income_median,29500,HMRC personal income by tax year (London Datastore),borough,financial year 2020-21 assigned to start year; analysis metric
E09000009,Ealing,2020,income_taxpayers,172000,HMRC personal income by tax year (London Datastore),borough,financial year 2020-21 assigned to start year; supplementary
E09000009,Ealing,2021,income_mean,46800,HMRC personal income by tax year (London Datastore),borough,financial year 2021-22 assigned to start year; supplementary
E09000009,Ealing,2021,income_median,30900,HMRC personal income by tax year (London Datastore),borough,financial year 2021-22 assigned to start year; analysis metric
E09000009,Ealing,2021,income_taxpayers,178000,HMRC personal income by tax year (London Datastore),borough,financial year 2021-22 assigned to start year; supplementary
E09000009,Ealing,2022,income_mean,48700,HMRC personal income by tax year (London Datastore),borough,financial year 2022-23 assigned to start year; supplementary
E09000009,Ealing,2022,income_median,31500,HMRC personal income by tax year (London Datastore),borough,financial year 2022-23 assigned to start year; analysis metric
E09000009,Ealing,2022,income_taxpayers,190000,HMRC personal income by tax year (London Datastore),borough,financial year 2022-23 assigned to start year; supplementary
E09000009,Ealing,2023,income_mean,50400,HMRC personal income by tax year (London Datastore),borough,financial year 2023-24 assigned to start year; supplementary
E09000009,Ealing,2023,income_median,32500,HMRC personal income by tax year (London Datastore),borough,financial year 2023-24 assigned to start year; analysis metric
E09000009,Ealing,2023,income_taxpayers,198000,HMRC personal income by tax year (London Datastore),borough,financial year 2023-24 assigned to start year; supplementary
E09000010,Enfield,1999,income_mean,21500,HMRC personal income by tax year (London Datastore),borough,financial year 1999-00 assigned to start year; supplementary
E09000010,Enfield,1999,income_median,16100,HMRC personal income by tax year (London Datastore),borough,financial year 1999-00 assigned to start year; analysis metric
E09000010,Enfield,1999,income_taxpayers,124000,HMRC personal income by tax year (London Datastore),borough,financial year 1999-00 assigned to start year; supplementary
E09000010,Enfield,2000,income_mean,20800,HMRC personal income by tax year (London Datastore),borough,financial year 2000-01 assigned to start year; supplementary
E09000010,Enfield,2000,income_median,15900,HMRC personal income by tax year (London Datastore),borough,financial year 2000-01 assigned to start year; analysis metric
E09000010,Enfield,2000,income_taxpayers,123000,HMRC personal income by tax year (London Datastore),borough,financial year 2000-01 assigned to start year; supplementary
E09000010,Enfield,2001,income_mean,23100,HMRC personal income by tax year (London Datastore),borough,financial year 2001-02 assigned to start year; supplementary
E09000010,Enfield,2001,income_median,17500,HMRC personal income by tax year (London Datastore),borough,financial year 2001-02 assigned to start year; analysis metric
E09000010,Enfield,2001,income_taxpayers,128000,HMRC personal income by tax year (London Datastore),borough,financial year 2001-02 assigned to start year; supplementary
E09000010,Enfield,2002,income_mean,24100,HMRC personal income by tax year (London Datastore),borough,financial year 2002-03 assigned to start year; supplementary
E09000010,Enfield,2002,income_median,18100,HMRC personal income by tax year (London Datastore),borough,financial year 2002-03 assigned to start year; analysis metric
E09000010,Enfield,2002,income_taxpayers,121000,HMRC personal income by tax year (London Datastore),borough,financial year 2002-03 assigned to start year; supplementary
E09000010,Enfield,2003,income_mean,24200,HMRC personal income by tax year (London Datastore),borough,financial year 2003-04 assigned to start year; supplementary
E09000010,Enfield,2003,income_median,18200,HMRC personal income by tax year (London Datastore),borough,financial year 2003-04 assigned to start year; analysis metric
E09000010,Enfield,2003,income_taxpayers,119000,HMRC personal income by tax year (London Datastore),borough,financial year 2003-04 assigned to start year; supplementary
E09000010,Enfield,2004,income_mean,23900,HMRC personal income by tax year (London Datastore),borough,financial year 2004-05 assigned to start year; supplementary
E09000010,Enfield,2004,income_median,17000,HMRC personal income by tax year (London Datastore),borough,financial year 2004-05 assigned to start year; analysis metric
E09000010,Enfield,2004,income_taxpayers,132000,HMRC personal income by tax year (London Datastore),borough,financial year 2004-05 assigned to start year; supplementary
E09000010,Enfield,2005,income_mean,25800,HMRC personal income by tax year (London Datastore),borough,financial year 2005-06 assigned to start year; supplementary
E09000010,Enfield,2005,income_median,18900,HMRC personal income by tax year (London Datastore),borough,financial year 2005-06 assigned to start year; analysis metric
E09000010,Enfield,2005,income_taxpayers,132000,HMRC personal income by tax year (London Datastore),borough,financial year 2005-06 assigned to start year; supplementary
E09000010,Enfield,2006,income_mean,27100,HMRC personal income by tax year (London Datastore),borough,financial year 2006-07 assigned to start year; supplementary
E09000010,Enfield,2006,income_median,19500,HMRC personal income by tax year (London Datastore),borough,financial year 2006-07 assigned to start year; analysis metric
E09000010,Enfield,2006,income_taxpayers,139000,HMRC personal income by tax year (London Datastore),borough,financial year 2006-07 assigned to start year; supplementary
E09000010,Enfield,2007,income_mean,28100,HMRC personal income by tax year (London Datastore),borough,financial year 2007-08 assigned to start year; supplementary
E09000010,Enfield,2007,income_median,19900,HMRC personal income by tax year (London Datastore),borough,financial year 2007-08 assigned to start year; analysis metric
E09000010,Enfield,2007,income_taxpayers,145000,HMRC personal income by tax year (London Datastore),borough,financial year 2007-08 assigned to start year; supplementary
E09000010,Enfield,2009,income_mean,30600,HMRC personal income by tax year (London Datastore),borough,financial year 2009-10 assigned to start year; supplementary
E09000010,Enfield,2009,income_median,22100,HMRC personal income by tax year (London Datastore),borough,financial year 2009-10 assigned to start year; analysis metric
E09000010,Enfield,2009,income_taxpayers,134000,HMRC personal income by tax year (London Datastore),borough,financial year 2009-10 assigned to start year; supplementary
E09000010,Enfield,2010,income_mean,29000,HMRC personal income by tax year (London Datastore),borough,financial year 2010-11 assigned to start year; supplementary
E09000010,Enfield,2010,income_median,20900,HMRC personal income by tax year (London Datastore),borough,financial year 2010-11 assigned to start year; analysis metric
E09000010,Enfield,2010,income_taxpayers,135000,HMRC personal income by tax year (London Datastore),borough,financial year 2010-11 assigned to start year; supplementary
E09000010,Enfield,2011,income_mean,30400,HMRC personal income by tax year (London Datastore),borough,financial year 2011-12 assigned to start year; supplementary
E09000010,Enfield,2011,income_median,22300,HMRC personal income by tax year (London Datastore),borough,financial year 2011-12 assigned to start year; analysis metric
E09000010,Enfield,2011,income_taxpayers,135000,HMRC personal income by tax year (London Datastore),borough,financial year 2011-12 assigned to start year; supplementary
E09000010,Enfield,2012,income_mean,30800,HMRC personal income by tax year (London Datastore),borough,financial year 2012-13 assigned to start year; supplementary
E09000010,Enfield,2012,income_median,22700,HMRC personal income by tax year (London Datastore),borough,financial year 2012-13 assigned to start year; analysis metric
E09000010,Enfield,2012,income_taxpayers,143000,HMRC personal income by tax year (London Datastore),borough,financial year 2012-13 assigned to start year; supplementary
E09000010,Enfield,2013,income_mean,32900,HMRC personal income by tax year (London Datastore),borough,financial year 2013-14 assigned to start year; supplementary
E09000010,Enfield,2013,income_median,23900,HMRC personal income by tax year (London Datastore),borough,financial year 2013-14 assigned to start year; analysis metric
E09000010,Enfield,2013,income_taxpayers,136000,HMRC personal income by tax year (London Datastore),borough,financial year 2013-14 assigned to start year; supplementary
E09000010,Enfield,2014,income_mean,34400,HMRC personal income by tax year (London Datastore),borough,financial year 2014-15 assigned to start year; supplementary
E09000010,Enfield,2014,income_median,25300,HMRC personal income by tax year (London Datastore),borough,financial year 2014-15 assigned to start year; analysis metric
E09000010,Enfield,2014,income_taxpayers,137000,HMRC personal income by tax year (London Datastore),borough,financial year 2014-15 assigned to start year; supplementary
E09000010,Enfield,2015,income_mean,34600,HMRC personal income by tax year (London Datastore),borough,financial year 2015-16 assigned to start year; supplementary
E09000010,Enfield,2015,income_median,25100,HMRC personal income by tax year (London Datastore),borough,financial year 2015-16 assigned to start year; analysis metric
E09000010,Enfield,2015,income_taxpayers,139000,HMRC personal income by tax year (London Datastore),borough,financial year 2015-16 assigned to start year; supplementary
E09000010,Enfield,2016,income_mean,34600,HMRC personal income by tax year (London Datastore),borough,financial year 2016-17 assigned to start year; supplementary
E09000010,Enfield,2016,income_median,25400,HMRC personal income by tax year (London Datastore),borough,financial year 2016-17 assigned to start year; analysis metric
E09000010,Enfield,2016,income_taxpayers,144000,HMRC personal income by tax year (London Datastore),borough,financial year 2016-17 assigned to start year; supplementary
E09000010,Enfield,2017,income_mean,36200,HMRC personal income by tax year (London Datastore),borough,financial year 2017-18 assigned to start year; supplementary
E09000010,Enfield,2017,income_median,26300,HMRC personal income by tax year (London Datastore),borough,financial year 2017-18 assigned to start year; analysis metric
E09000010,Enfield,2017,income_taxpayers,144000,HMRC personal income by tax year (London Datastore),borough,financial year 2017-18 assigned to start year; supplementary
E09000010,Enfield,2018,income_mean,37200,HMRC personal income by tax year (London Datastore),borough,financial year 2018-19 assigned to start year; supplementary
E09000010,Enfield,2018,income_median,27300,HMRC personal income by tax year (London Datastore),borough,financial year 2018-19 assigned to start year; analysis metric
E09000010,Enfield,2018,income_taxpayers,143000,HMRC personal income by tax year (London Datastore),borough,financial year 2018-19 assigned to start year; supplementary
E09000010,Enfield,2019,income_mean,39500,HMRC personal income by tax year (London Datastore),borough,financial year 2019-20 assigned to start year; supplementary
E09000010,Enfield,2019,income_median,28300,HMRC personal income by tax year (London Datastore),borough,financial year 2019-20 assigned to start year; analysis metric
E09000010,Enfield,2019,income_taxpayers,145000,HMRC personal income by tax year (London Datastore),borough,financial year 2019-20 assigned to start year; supplementary
E09000010,Enfield,2020,income_mean,40700,HMRC personal income by tax year (London Datastore),borough,financial year 2020-21 assigned to start year; supplementary
E09000010,Enfield,2020,income_median,29500,HMRC personal income by tax year (London Datastore),borough,financial year 2020-21 assigned to start year; analysis metric
E09000010,Enfield,2020,income_taxpayers,137000,HMRC personal income by tax year (London Datastore),borough,financial year 2020-21 assigned to start year; supplementary
E09000010,Enfield,2021,income_mean,42800,HMRC personal income by tax year (London Datastore),borough,financial year 2021-22 assigned to start year; supplementary
E09000010,Enfield,2021,income_median,29900,HMRC personal income by tax year (London Datastore),borough,financial year 2021-22 assigned to start year; analysis metric
E09000010,Enfield,2021,income_taxpayers,142000,HMRC personal income by tax year (London Datastore),borough,financial year 2021-22 assigned to start year; supplementary
E09000010,Enfield,2022,income_mean,42800,HMRC personal income by tax year (London Datastore),borough,financial year 2022-23 assigned to start year; supplementary
E09000010,Enfield,2022,income_median,31300,HMRC personal income by tax year (London Datastore),borough,financial year 2022-23 assigned to start year; analysis metric
E09000010,Enfield,2022,income_taxpayers,149000,HMRC personal income by tax year (London Datastore),borough,financial year 2022-23 assigned to start year; supplementary
E09000010,Enfield,2023,income_mean,44100,HMRC personal income by tax year (London Datastore),borough,financial year 2023-24 assigned to start year; supplementary
E09000010,Enfield,2023,income_median,32200,HMRC personal income by tax year (London Datastore),borough,financial year 2023-24 assigned to start year; analysis metric
E09000010,Enfield,2023,income_taxpayers,159000,HMRC personal income by tax year (London Datastore),borough,financial year 2023-24 assigned to start year; supplementary
E09000011,Greenwich,1999,income_mean,20700,HMRC personal income by tax year (London Datastore),borough,financial year 1999-00 assigned to start year; supplementary
E09000011,Greenwich,1999,income_median,16600,HMRC personal income by tax year (London Datastore),borough,financial year 1999-00 assigned to start year; analysis metric
E09000011,Greenwich,1999,income_taxpayers,86000,HMRC personal income by tax year (London Datastore),borough,financial year 1999-00 assigned to start year; supplementary
E09000011,Greenwich,2000,income_mean,22400,HMRC personal income by tax year (London Datastore),borough,financial year 2000-01 assigned to start year; supplementary
E09000011,Greenwich,2000,income_median,16000,HMRC personal income by tax year (London Datastore),borough,financial year 2000-01 assigned to start year; analysis metric
E09000011,Greenwich,2000,income_taxpayers,95000,HMRC personal income by tax year (London Datastore),borough,financial year 2000-01 assigned to start year; supplementary
E09000011,Greenwich,2001,income_mean,24000,HMRC personal income by tax year (London Datastore),borough,financial year 2001-02 assigned to start year; supplementary
E09000011,Greenwich,2001,income_median,18600,HMRC personal income by tax year (London Datastore),borough,financial year 2001-02 assigned to start year; analysis metric
E09000011,Greenwich,2001,income_taxpayers,91000,HMRC personal income by tax year (London Datastore),borough,financial year 2001-02 assigned to start year; supplementary
E09000011,Greenwich,2002,income_mean,22900,HMRC personal income by tax year (London Datastore),borough,financial year 2002-03 assigned to start year; supplementary
E09000011,Greenwich,2002,income_median,17000,HMRC personal income by tax year (London Datastore),borough,financial year 2002-03 assigned to start year; analysis metric
E09000011,Greenwich,2002,income_taxpayers,95000,HMRC personal income by tax year (London Datastore),borough,financial year 2002-03 assigned to start year; supplementary
E09000011,Greenwich,2003,income_mean,23300,HMRC personal income by tax year (London Datastore),borough,financial year 2003-04 assigned to start year; supplementary
E09000011,Greenwich,2003,income_median,17800,HMRC personal income by tax year (London Datastore),borough,financial year 2003-04 assigned to start year; analysis metric
E09000011,Greenwich,2003,income_taxpayers,91000,HMRC personal income by tax year (London Datastore),borough,financial year 2003-04 assigned to start year; supplementary
E09000011,Greenwich,2004,income_mean,23100,HMRC personal income by tax year (London Datastore),borough,financial year 2004-05 assigned to start year; supplementary
E09000011,Greenwich,2004,income_median,17100,HMRC personal income by tax year (London Datastore),borough,financial year 2004-05 assigned to start year; analysis metric
E09000011,Greenwich,2004,income_taxpayers,108000,HMRC personal income by tax year (London Datastore),borough,financial year 2004-05 assigned to start year; supplementary
E09000011,Greenwich,2005,income_mean,25500,HMRC personal income by tax year (London Datastore),borough,financial year 2005-06 assigned to start year; supplementary
E09000011,Greenwich,2005,income_median,18200,HMRC personal income by tax year (London Datastore),borough,financial year 2005-06 assigned to start year; analysis metric
E09000011,Greenwich,2005,income_taxpayers,109000,HMRC personal income by tax year (London Datastore),borough,financial year 2005-06 assigned to start year; supplementary
E09000011,Greenwich,2006,income_mean,27400,HMRC personal income by tax year (London Datastore),borough,financial year 2006-07 assigned to start year; supplementary
E09000011,Greenwich,2006,income_median,19200,HMRC personal income by tax year (London Datastore),borough,financial year 2006-07 assigned to start year; analysis metric
E09000011,Greenwich,2006,income_taxpayers,118000,HMRC personal income by tax year (London Datastore),borough,financial year 2006-07 assigned to start year; supplementary
E09000011,Greenwich,2007,income_mean,29900,HMRC personal income by tax year (London Datastore),borough,financial year 2007-08 assigned to start year; supplementary
E09000011,Greenwich,2007,income_median,20500,HMRC personal income by tax year (London Datastore),borough,financial year 2007-08 assigned to start year; analysis metric
E09000011,Greenwich,2007,income_taxpayers,118000,HMRC personal income by tax year (London Datastore),borough,financial year 2007-08 assigned to start year; supplementary
E09000011,Greenwich,2009,income_mean,32800,HMRC personal income by tax year (London Datastore),borough,financial year 2009-10 assigned to start year; supplementary
E09000011,Greenwich,2009,income_median,21400,HMRC personal income by tax year (London Datastore),borough,financial year 2009-10 assigned to start year; analysis metric
E09000011,Greenwich,2009,income_taxpayers,113000,HMRC personal income by tax year (London Datastore),borough,financial year 2009-10 assigned to start year; supplementary
E09000011,Greenwich,2010,income_mean,30000,HMRC personal income by tax year (London Datastore),borough,financial year 2010-11 assigned to start year; supplementary
E09000011,Greenwich,2010,income_median,21300,HMRC personal income by tax year (London Datastore),borough,financial year 2010-11 assigned to start year; analysis metric
E09000011,Greenwich,2010,income_taxpayers,111000,HMRC personal income by tax year (London Datastore),borough,financial year 2010-11 assigned to start year; supplementary
E09000011,Greenwich,2011,income_mean,31000,HMRC personal income by tax year (London Datastore),borough,financial year 2011-12 assigned to start year; supplementary
E09000011,Greenwich,2011,income_median,21800,HMRC personal income by tax year (London Datastore),borough,financial year 2011-12 assigned to start year; analysis metric
E09000011,Greenwich,2011,income_taxpayers,117000,HMRC personal income by tax year (London Datastore),borough,financial year 2011-12 assigned to start year; supplementary
E09000011,Greenwich,2012,income_mean,31500,HMRC personal income by tax year (London Datastore),borough,financial year 2012-13 assigned to start year; supplementary
E09000011,Greenwich,2012,income_median,22600,HMRC personal income by tax year (London Datastore),borough,financial year 2012-13 assigned to start year; analysis metric
E09000011,Greenwich,2012,income_taxpayers,115000,HMRC personal income by tax year (London Datastore),borough,financial year 2012-13 assigned to start year; supplementary
E09000011,Greenwich,2013,income_mean,34200,HMRC personal income by tax year (London Datastore),borough,financial year 2013-14 assigned to start year; supplementary
E09000011,Greenwich,2013,income_median,23500,HMRC personal income by tax year (London Datastore),borough,financial year 2013-14 assigned to start year; analysis metric
E09000011,Greenwich,2013,income_taxpayers,110000,HMRC personal income by tax year (London Datastore),borough,financial year 2013-14 assigned to start year; supplementary
E09000011,Greenwich,2014,income_mean,34800,HMRC personal income by tax year (London Datastore),borough,financial year 2014-15 assigned to start year; supplementary
E09000011,Greenwich,2014,income_median,24600,HMRC personal income by tax year (London Datastore),borough,financial year 2014-15 assigned to start year; analysis metric
E09000011,Greenwich,2014,income_taxpayers,119000,HMRC personal income by tax year (London Datastore),borough,financial year 2014-15 assigned to start year; supplementary
E09000011,Greenwich,2015,income_mean,37300,HMRC personal income by tax year (London Datastore),borough,financial year 2015-16 assigned to start year; supplementary
E09000011,Greenwich,2015,income_median,25600,HMRC personal income by tax year (London Datastore),borough,financial year 2015-16 assigned to start year; analysis metric
E09000011,Greenwich,2015,income_taxpayers,121000,HMRC personal income by tax year (London Datastore),borough,financial year 2015-16 assigned to start year; supplementary
E09000011,Greenwich,2016,income_mean,37500,HMRC personal income by tax year (London Datastore),borough,financial year 2016-17 assigned to start year; supplementary
E09000011,Greenwich,2016,income_median,26000,HMRC personal income by tax year (London Datastore),borough,financial year 2016-17 assigned to start year; analysis metric
E09000011,Greenwich,2016,income_taxpayers,132000,HMRC personal income by tax year (London Datastore),borough,financial year 2016-17 assigned to start year; supplementary
E09000011,Greenwich,2017,income_mean,40200,HMRC personal income by tax year (London Datastore),borough,financial year 2017-18 assigned to start year; supplementary
E09000011,Greenwich,2017,income_median,27600,HMRC personal income by tax year (London Datastore),borough,financial year 2017-18 assigned to start year; analysis metric
E09000011,Greenwich,2017,income_taxpayers,124000,HMRC personal income by tax year (London Datastore),borough,financial year 2017-18 assigned to start year; supplementary
E09000011,Greenwich,2018,income_mean,41300,HMRC personal income by tax year (London Datastore),borough,financial year 2018-19 assigned to start year; supplementary
E09000011,Greenwich,2018,income_median,27400,HMRC personal income by tax year (London Datastore),borough,financial year 2018-19 assigned to start year; analysis metric
E09000011,Greenwich,2018,income_taxpayers,135000,HMRC personal income by tax year (London Datastore),borough,financial year 2018-19 assigned to start year; supplementary
E09000011,Greenwich,2019,income_mean,44700,HMRC personal income by tax year (London Datastore),borough,financial year 2019-20 assigned to start year; supplementary
E09000011,Greenwich,2019,income_median,30100,HMRC personal income by tax year (London Datastore),borough,financial year 2019-20 assigned to start year; analysis metric
E09000011,Greenwich,2019,income_taxpayers,127000,HMRC personal income by tax year (London Datastore),borough,financial year 2019-20 assigned to start year; supplementary
E09000011,Greenwich,2020,income_mean,46400,HMRC personal income by tax year (London Datastore),borough,financial year 2020-21 assigned to start year; supplementary
E09000011,Greenwich,2020,income_median,30600,HMRC personal income by tax year (London Datastore),borough,financial year 2020-21 assigned to start year; analysis metric
E09000011,Greenwich,2020,income_taxpayers,132000,HMRC personal income by tax year (London Datastore),borough,financial year 2020-21 assigned to start year; supplementary
E09000011,Greenwich,2021,income_mean,48900,HMRC personal income by tax year (London Datastore),borough,financial year 2021-22 assigned to start year; supplementary
E09000011,Greenwich,2021,income_median,31800,HMRC personal income by tax year (London Datastore),borough,financial year 2021-22 assigned to start year; analysis metric
E09000011,Greenwich,2021,income_taxpayers,136000,HMRC personal income by tax year (London Datastore),borough,financial year 2021-22 assigned to start year; supplementary
E09000011,Greenwich,2022,income_mean,50700,HMRC personal income by tax year (London Datastore),borough,financial year 2022-23 assigned to start year; supplementary
E09000011,Greenwich,2022,income_median,33800,HMRC personal income by tax year (London Datastore),borough,financial year 2022-23 assigned to start year; analysis metric
E09000011,Greenwich,2022,income_taxpayers,152000,HMRC personal income by tax year (London Datastore),borough,financial year 2022-23 assigned to start year; supplementary
E09000011,Greenwich,2023,income_mean,52300,HMRC personal income by tax year (London Datastore),borough,financial year 2023-24 assigned to start year; supplementary
E09000011,Greenwich,2023,income_median,35900,HMRC personal income by tax year (London Datastore),borough,financial year 2023-24 assigned to start year; analysis metric
E09000011,Greenwich,2023,income_taxpayers,163000,HMRC personal income by tax year (London Datastore),borough,financial year 2023-24 assigned to start year; supplementary
E09000012,Hackney,1999,income_mean,18700,HMRC personal income by tax year (London Datastore),borough,financial year 1999-00 assigned to start year; supplementary
E09000012,Hackney,1999,income_median,14400,HMRC personal income by tax year (London Datastore),borough,financial year 1999-00 assigned to start year; analysis metric
E09000012,Hackney,1999,income_taxpayers,79000,HMRC personal income by tax year (London Datastore),borough,financial year 1999-00 assigned to start year; supplementary
E09000012,Hackney,2000,income_mean,20000,HMRC personal income by tax year (London Datastore),borough,financial year 2000-01 assigned to start year; supplementary
E09000012,Hackney,2000,income_median,15800,HMRC personal income by tax year (London Datastore),borough,financial year 2000-01 assigned to start year; analysis metric
E09000012,Hackney,2000,income_taxpayers,78000,HMRC personal income by tax year (London Datastore),borough,financial year 2000-01 assigned to start year; supplementary
E09000012,Hackney,2001,income_mean,22400,HMRC personal income by tax year (London Datastore),borough,financial year 2001-02 assigned to start year; supplementary
E09000012,Hackney,2001,income_median,17700,HMRC personal income by tax year (London Datastore),borough,financial year 2001-02 assigned to start year; analysis metric
E09000012,Hackney,2001,income_taxpayers,72000,HMRC personal income by tax year (London Datastore),borough,financial year 2001-02 assigned to start year; supplementary
E09000012,Hackney,2002,income_mean,21300,HMRC personal income by tax year (London Datastore),borough,financial year 2002-03 assigned to start year; supplementary
E09000012,Hackney,2002,income_median,17300,HMRC personal income by tax year (London Datastore),borough,financial year 2002-03 assigned to start year; analysis metric
E09000012,Hackney,2002,income_taxpayers,76000,HMRC personal income by tax year (London Datastore),borough,financial year 2002-03 assigned to start year; supplementary
E09000012,Hackney,2003,income_mean,21500,HMRC personal income by tax year (London Datastore),borough,financial year 2003-04 assigned to start year; supplementary
E09000012,Hackney,2003,income_median,17000,HMRC personal income by tax year (London Datastore),borough,financial year 2003-04 assigned to start year; analysis metric
E09000012,Hackney,2003,income_taxpayers,73000,HMRC personal income by tax year (London Datastore),borough,financial year 2003-04 assigned to start year; supplementary
E09000012,Hackney,2004,income_mean,22900,HMRC personal income by tax year (London Datastore),borough,financial year 2004-05 assigned to start year; supplementary
E09000012,Hackney,2004,income_median,18000,HMRC personal income by tax year (London Datastore),borough,financial year 2004-05 assigned to start year; analysis metric
E09000012,Hackney,2004,income_taxpayers,86000,HMRC personal income by tax year (London Datastore),borough,financial year 2004-05 assigned to start year; supplementary
E09000012,Hackney,2005,income_mean,24600,HMRC personal income by tax year (London Datastore),borough,financial year 2005-06 assigned to start year; supplementary
E09000012,Hackney,2005,income_median,19300,HMRC personal income by tax year (London Datastore),borough,financial year 2005-06 assigned to start year; analysis metric
E09000012,Hackney,2005,income_taxpayers,92000,HMRC personal income by tax year (London Datastore),borough,financial year 2005-06 assigned to start year; supplementary
E09000012,Hackney,2006,income_mean,25300,HMRC personal income by tax year (London Datastore),borough,financial year 2006-07 assigned to start year; supplementary
E09000012,Hackney,2006,income_median,18400,HMRC personal income by tax year (London Datastore),borough,financial year 2006-07 assigned to start year; analysis metric
E09000012,Hackney,2006,income_taxpayers,99000,HMRC personal income by tax year (London Datastore),borough,financial year 2006-07 assigned to start year; supplementary
E09000012,Hackney,2007,income_mean,27900,HMRC personal income by tax year (London Datastore),borough,financial year 2007-08 assigned to start year; supplementary
E09000012,Hackney,2007,income_median,20900,HMRC personal income by tax year (London Datastore),borough,financial year 2007-08 assigned to start year; analysis metric
E09000012,Hackney,2007,income_taxpayers,93000,HMRC personal income by tax year (London Datastore),borough,financial year 2007-08 assigned to start year; supplementary
E09000012,Hackney,2009,income_mean,29800,HMRC personal income by tax year (London Datastore),borough,financial year 2009-10 assigned to start year; supplementary
E09000012,Hackney,2009,income_median,22200,HMRC personal income by tax year (London Datastore),borough,financial year 2009-10 assigned to start year; analysis metric
E09000012,Hackney,2009,income_taxpayers,102000,HMRC personal income by tax year (London Datastore),borough,financial year 2009-10 assigned to start year; supplementary
E09000012,Hackney,2010,income_mean,29500,HMRC personal income by tax year (London Datastore),borough,financial year 2010-11 assigned to start year; supplementary
E09000012,Hackney,2010,income_median,22300,HMRC personal income by tax year (London Datastore),borough,financial year 2010-11 assigned to start year; analysis metric
E09000012,Hackney,2010,income_taxpayers,99000,HMRC personal income by tax year (London Datastore),borough,financial year 2010-11 assigned to start year; supplementary
E09000012,Hackney,2011,income_mean,31200,HMRC personal income by tax year (London Datastore),borough,financial year 2011-12 assigned to start year; supplementary
E09000012,Hackney,2011,income_median,23300,HMRC personal income by tax year (London Datastore),borough,financial year 2011-12 assigned to start year; analysis metric
E09000012,Hackney,2011,income_taxpayers,101000,HMRC personal income by tax year (London Datastore),borough,financial year 2011-12 assigned to start year; supplementary
E09000012,Hackney,2012,income_mean,32700,HMRC personal income by tax year (London Datastore),borough,financial year 2012-13 assigned to start year; supplementary
E09000012,Hackney,2012,income_median,24300,HMRC personal income by tax year (London Datastore),borough,financial year 2012-13 assigned to start year; analysis metric
E09000012,Hackney,2012,income_taxpayers,101000,HMRC personal income by tax year (London Datastore),borough,financial year 2012-13 assigned to start year; supplementary
E09000012,Hackney,2013,income_mean,36300,HMRC personal income by tax year (London Datastore),borough,financial year 2013-14 assigned to start year; supplementary
E09000012,Hackney,2013,income_median,26000,HMRC personal income by tax year (London Datastore),borough,financial year 2013-14 assigned to start year; analysis metric
E09000012,Hackney,2013,income_taxpayers,1e+05,HMRC personal income by tax year (London Datastore),borough,financial year 2013-14 assigned to start year; supplementary
E09000012,Hackney,2014,income_mean,37100,HMRC personal income by tax year (London Datastore),borough,financial year 2014-15 assigned to start year; supplementary
E09000012,Hackney,2014,income_median,26000,HMRC personal income by tax year (London Datastore),borough,financial year 2014-15 assigned to start year; analysis metric
E09000012,Hackney,2014,income_taxpayers,106000,HMRC personal income by tax year (London Datastore),borough,financial year 2014-15 assigned to start year; supplementary
E09000012,Hackney,2015,income_mean,40200,HMRC personal income by tax year (London Datastore),borough,financial year 2015-16 assigned to start year; supplementary
E09000012,Hackney,2015,income_median,27800,HMRC personal income by tax year (London Datastore),borough,financial year 2015-16 assigned to start year; analysis metric
E09000012,Hackney,2015,income_taxpayers,109000,HMRC personal income by tax year (London Datastore),borough,financial year 2015-16 assigned to start year; supplementary
E09000012,Hackney,2016,income_mean,40600,HMRC personal income by tax year (London Datastore),borough,financial year 2016-17 assigned to start year; supplementary
E09000012,Hackney,2016,income_median,28000,HMRC personal income by tax year (London Datastore),borough,financial year 2016-17 assigned to start year; analysis metric
E09000012,Hackney,2016,income_taxpayers,109000,HMRC personal income by tax year (London Datastore),borough,financial year 2016-17 assigned to start year; supplementary
E09000012,Hackney,2017,income_mean,43100,HMRC personal income by tax year (London Datastore),borough,financial year 2017-18 assigned to start year; supplementary
E09000012,Hackney,2017,income_median,29400,HMRC personal income by tax year (London Datastore),borough,financial year 2017-18 assigned to start year; analysis metric
E09000012,Hackney,2017,income_taxpayers,112000,HMRC personal income by tax year (London Datastore),borough,financial year 2017-18 assigned to start year; supplementary
E09000012,Hackney,2018,income_mean,44900,HMRC personal income by tax year (London Datastore),borough,financial year 2018-19 assigned to start year; supplementary
E09000012,Hackney,2018,income_median,29600,HMRC personal income by tax year (London Datastore),borough,financial year 2018-19 assigned to start year; analysis metric
E09000012,Hackney,2018,income_taxpayers,116000,HMRC personal income by tax year (London Datastore),borough,financial year 2018-19 assigned to start year; supplementary
E09000012,Hackney,2019,income_mean,47200,HMRC personal income by tax year (London Datastore),borough,financial year 2019-20 assigned to start year; supplementary
E09000012,Hackney,2019,income_median,32400,HMRC personal income by tax year (London Datastore),borough,financial year 2019-20 assigned to start year; analysis metric
E09000012,Hackney,2019,income_taxpayers,111000,HMRC personal income by tax year (London Datastore),borough,financial year 2019-20 assigned to start year; supplementary
E09000012,Hackney,2020,income_mean,49400,HMRC personal income by tax year (London Datastore),borough,financial year 2020-21 assigned to start year; supplementary
E09000012,Hackney,2020,income_median,32800,HMRC personal income by tax year (London Datastore),borough,financial year 2020-21 assigned to start year; analysis metric
E09000012,Hackney,2020,income_taxpayers,109000,HMRC personal income by tax year (London Datastore),borough,financial year 2020-21 assigned to start year; supplementary
E09000012,Hackney,2021,income_mean,52500,HMRC personal income by tax year (London Datastore),borough,financial year 2021-22 assigned to start year; supplementary
E09000012,Hackney,2021,income_median,34300,HMRC personal income by tax year (London Datastore),borough,financial year 2021-22 assigned to start year; analysis metric
E09000012,Hackney,2021,income_taxpayers,123000,HMRC personal income by tax year (London Datastore),borough,financial year 2021-22 assigned to start year; supplementary
E09000012,Hackney,2022,income_mean,54600,HMRC personal income by tax year (London Datastore),borough,financial year 2022-23 assigned to start year; supplementary
E09000012,Hackney,2022,income_median,34300,HMRC personal income by tax year (London Datastore),borough,financial year 2022-23 assigned to start year; analysis metric
E09000012,Hackney,2022,income_taxpayers,128000,HMRC personal income by tax year (London Datastore),borough,financial year 2022-23 assigned to start year; supplementary
E09000012,Hackney,2023,income_mean,59200,HMRC personal income by tax year (London Datastore),borough,financial year 2023-24 assigned to start year; supplementary
E09000012,Hackney,2023,income_median,37600,HMRC personal income by tax year (London Datastore),borough,financial year 2023-24 assigned to start year; analysis metric
E09000012,Hackney,2023,income_taxpayers,126000,HMRC personal income by tax year (London Datastore),borough,financial year 2023-24 assigned to start year; supplementary
E09000013,Hammersmith and Fulham,1999,income_mean,34900,HMRC personal income by tax year (London Datastore),borough,financial year 1999-00 assigned to start year; supplementary
E09000013,Hammersmith and Fulham,1999,income_median,19900,HMRC personal income by tax year (London Datastore),borough,financial year 1999-00 assigned to start year; analysis metric
E09000013,Hammersmith and Fulham,1999,income_taxpayers,72000,HMRC personal income by tax year (London Datastore),borough,financial year 1999-00 assigned to start year; supplementary
E09000013,Hammersmith and Fulham,2000,income_mean,35400,HMRC personal income by tax year (London Datastore),borough,financial year 2000-01 assigned to start year; supplementary
E09000013,Hammersmith and Fulham,2000,income_median,19300,HMRC personal income by tax year (London Datastore),borough,financial year 2000-01 assigned to start year; analysis metric
E09000013,Hammersmith and Fulham,2000,income_taxpayers,87000,HMRC personal income by tax year (London Datastore),borough,financial year 2000-01 assigned to start year; supplementary
E09000013,Hammersmith and Fulham,2001,income_mean,37500,HMRC personal income by tax year (London Datastore),borough,financial year 2001-02 assigned to start year; supplementary
E09000013,Hammersmith and Fulham,2001,income_median,21000,HMRC personal income by tax year (London Datastore),borough,financial year 2001-02 assigned to start year; analysis metric
E09000013,Hammersmith and Fulham,2001,income_taxpayers,83000,HMRC personal income by tax year (London Datastore),borough,financial year 2001-02 assigned to start year; supplementary
E09000013,Hammersmith and Fulham,2002,income_mean,35800,HMRC personal income by tax year (London Datastore),borough,financial year 2002-03 assigned to start year; supplementary
E09000013,Hammersmith and Fulham,2002,income_median,20800,HMRC personal income by tax year (London Datastore),borough,financial year 2002-03 assigned to start year; analysis metric
E09000013,Hammersmith and Fulham,2002,income_taxpayers,86000,HMRC personal income by tax year (London Datastore),borough,financial year 2002-03 assigned to start year; supplementary
E09000013,Hammersmith and Fulham,2003,income_mean,36200,HMRC personal income by tax year (London Datastore),borough,financial year 2003-04 assigned to start year; supplementary
E09000013,Hammersmith and Fulham,2003,income_median,19600,HMRC personal income by tax year (London Datastore),borough,financial year 2003-04 assigned to start year; analysis metric
E09000013,Hammersmith and Fulham,2003,income_taxpayers,83000,HMRC personal income by tax year (London Datastore),borough,financial year 2003-04 assigned to start year; supplementary
E09000013,Hammersmith and Fulham,2004,income_mean,38300,HMRC personal income by tax year (London Datastore),borough,financial year 2004-05 assigned to start year; supplementary
E09000013,Hammersmith and Fulham,2004,income_median,20800,HMRC personal income by tax year (London Datastore),borough,financial year 2004-05 assigned to start year; analysis metric
E09000013,Hammersmith and Fulham,2004,income_taxpayers,95000,HMRC personal income by tax year (London Datastore),borough,financial year 2004-05 assigned to start year; supplementary
E09000013,Hammersmith and Fulham,2005,income_mean,43100,HMRC personal income by tax year (London Datastore),borough,financial year 2005-06 assigned to start year; supplementary
E09000013,Hammersmith and Fulham,2005,income_median,23000,HMRC personal income by tax year (London Datastore),borough,financial year 2005-06 assigned to start year; analysis metric
E09000013,Hammersmith and Fulham,2005,income_taxpayers,87000,HMRC personal income by tax year (London Datastore),borough,financial year 2005-06 assigned to start year; supplementary
E09000013,Hammersmith and Fulham,2006,income_mean,46200,HMRC personal income by tax year (London Datastore),borough,financial year 2006-07 assigned to start year; supplementary
E09000013,Hammersmith and Fulham,2006,income_median,22800,HMRC personal income by tax year (London Datastore),borough,financial year 2006-07 assigned to start year; analysis metric
E09000013,Hammersmith and Fulham,2006,income_taxpayers,92000,HMRC personal income by tax year (London Datastore),borough,financial year 2006-07 assigned to start year; supplementary
E09000013,Hammersmith and Fulham,2007,income_mean,48600,HMRC personal income by tax year (London Datastore),borough,financial year 2007-08 assigned to start year; supplementary
E09000013,Hammersmith and Fulham,2007,income_median,23600,HMRC personal income by tax year (London Datastore),borough,financial year 2007-08 assigned to start year; analysis metric
E09000013,Hammersmith and Fulham,2007,income_taxpayers,103000,HMRC personal income by tax year (London Datastore),borough,financial year 2007-08 assigned to start year; supplementary
E09000013,Hammersmith and Fulham,2009,income_mean,52900,HMRC personal income by tax year (London Datastore),borough,financial year 2009-10 assigned to start year; supplementary
E09000013,Hammersmith and Fulham,2009,income_median,26700,HMRC personal income by tax year (London Datastore),borough,financial year 2009-10 assigned to start year; analysis metric
E09000013,Hammersmith and Fulham,2009,income_taxpayers,93000,HMRC personal income by tax year (London Datastore),borough,financial year 2009-10 assigned to start year; supplementary
E09000013,Hammersmith and Fulham,2010,income_mean,52000,HMRC personal income by tax year (London Datastore),borough,financial year 2010-11 assigned to start year; supplementary
E09000013,Hammersmith and Fulham,2010,income_median,27100,HMRC personal income by tax year (London Datastore),borough,financial year 2010-11 assigned to start year; analysis metric
E09000013,Hammersmith and Fulham,2010,income_taxpayers,96000,HMRC personal income by tax year (London Datastore),borough,financial year 2010-11 assigned to start year; supplementary
E09000013,Hammersmith and Fulham,2011,income_mean,52700,HMRC personal income by tax year (London Datastore),borough,financial year 2011-12 assigned to start year; supplementary
E09000013,Hammersmith and Fulham,2011,income_median,27600,HMRC personal income by tax year (London Datastore),borough,financial year 2011-12 assigned to start year; analysis metric
E09000013,Hammersmith and Fulham,2011,income_taxpayers,98000,HMRC personal income by tax year (London Datastore),borough,financial year 2011-12 assigned to start year; supplementary
E09000013,Hammersmith and Fulham,2012,income_mean,54300,HMRC personal income by tax year (London Datastore),borough,financial year 2012-13 assigned to start year; supplementary
E09000013,Hammersmith and Fulham,2012,income_median,27600,HMRC personal income by tax year (London Datastore),borough,financial year 2012-13 assigned to start year; analysis metric
E09000013,Hammersmith and Fulham,2012,income_taxpayers,93000,HMRC personal income by tax year (London Datastore),borough,financial year 2012-13 assigned to start year; supplementary
E09000013,Hammersmith and Fulham,2013,income_mean,61300,HMRC personal income by tax year (London Datastore),borough,financial year 2013-14 assigned to start year; supplementary
E09000013,Hammersmith and Fulham,2013,income_median,30100,HMRC personal income by tax year (London Datastore),borough,financial year 2013-14 assigned to start year; analysis metric
E09000013,Hammersmith and Fulham,2013,income_taxpayers,93000,HMRC personal income by tax year (London Datastore),borough,financial year 2013-14 assigned to start year; supplementary
E09000013,Hammersmith and Fulham,2014,income_mean,62000,HMRC personal income by tax year (London Datastore),borough,financial year 2014-15 assigned to start year; supplementary
E09000013,Hammersmith and Fulham,2014,income_median,30100,HMRC personal income by tax year (London Datastore),borough,financial year 2014-15 assigned to start year; analysis metric
E09000013,Hammersmith and Fulham,2014,income_taxpayers,92000,HMRC personal income by tax year (London Datastore),borough,financial year 2014-15 assigned to start year; supplementary
E09000013,Hammersmith and Fulham,2015,income_mean,69700,HMRC personal income by tax year (London Datastore),borough,financial year 2015-16 assigned to start year; supplementary
E09000013,Hammersmith and Fulham,2015,income_median,32000,HMRC personal income by tax year (London Datastore),borough,financial year 2015-16 assigned to start year; analysis metric
E09000013,Hammersmith and Fulham,2015,income_taxpayers,97000,HMRC personal income by tax year (London Datastore),borough,financial year 2015-16 assigned to start year; supplementary
E09000013,Hammersmith and Fulham,2016,income_mean,66600,HMRC personal income by tax year (London Datastore),borough,financial year 2016-17 assigned to start year; supplementary
E09000013,Hammersmith and Fulham,2016,income_median,32300,HMRC personal income by tax year (London Datastore),borough,financial year 2016-17 assigned to start year; analysis metric
E09000013,Hammersmith and Fulham,2016,income_taxpayers,102000,HMRC personal income by tax year (London Datastore),borough,financial year 2016-17 assigned to start year; supplementary
E09000013,Hammersmith and Fulham,2017,income_mean,73200,HMRC personal income by tax year (London Datastore),borough,financial year 2017-18 assigned to start year; supplementary
E09000013,Hammersmith and Fulham,2017,income_median,33200,HMRC personal income by tax year (London Datastore),borough,financial year 2017-18 assigned to start year; analysis metric
E09000013,Hammersmith and Fulham,2017,income_taxpayers,94000,HMRC personal income by tax year (London Datastore),borough,financial year 2017-18 assigned to start year; supplementary
E09000013,Hammersmith and Fulham,2018,income_mean,72600,HMRC personal income by tax year (London Datastore),borough,financial year 2018-19 assigned to start year; supplementary
E09000013,Hammersmith and Fulham,2018,income_median,34100,HMRC personal income by tax year (London Datastore),borough,financial year 2018-19 assigned to start year; analysis metric
E09000013,Hammersmith and Fulham,2018,income_taxpayers,99000,HMRC personal income by tax year (London Datastore),borough,financial year 2018-19 assigned to start year; supplementary
E09000013,Hammersmith and Fulham,2019,income_mean,75900,HMRC personal income by tax year (London Datastore),borough,financial year 2019-20 assigned to start year; supplementary
E09000013,Hammersmith and Fulham,2019,income_median,35800,HMRC personal income by tax year (London Datastore),borough,financial year 2019-20 assigned to start year; analysis metric
E09000013,Hammersmith and Fulham,2019,income_taxpayers,95000,HMRC personal income by tax year (London Datastore),borough,financial year 2019-20 assigned to start year; supplementary
E09000013,Hammersmith and Fulham,2020,income_mean,77800,HMRC personal income by tax year (London Datastore),borough,financial year 2020-21 assigned to start year; supplementary
E09000013,Hammersmith and Fulham,2020,income_median,36200,HMRC personal income by tax year (London Datastore),borough,financial year 2020-21 assigned to start year; analysis metric
E09000013,Hammersmith and Fulham,2020,income_taxpayers,93000,HMRC personal income by tax year (London Datastore),borough,financial year 2020-21 assigned to start year; supplementary
E09000013,Hammersmith and Fulham,2021,income_mean,83600,HMRC personal income by tax year (London Datastore),borough,financial year 2021-22 assigned to start year; supplementary
E09000013,Hammersmith and Fulham,2021,income_median,37000,HMRC personal income by tax year (London Datastore),borough,financial year 2021-22 assigned to start year; analysis metric
E09000013,Hammersmith and Fulham,2021,income_taxpayers,98000,HMRC personal income by tax year (London Datastore),borough,financial year 2021-22 assigned to start year; supplementary
E09000013,Hammersmith and Fulham,2022,income_mean,86700,HMRC personal income by tax year (London Datastore),borough,financial year 2022-23 assigned to start year; supplementary
E09000013,Hammersmith and Fulham,2022,income_median,38300,HMRC personal income by tax year (London Datastore),borough,financial year 2022-23 assigned to start year; analysis metric
E09000013,Hammersmith and Fulham,2022,income_taxpayers,104000,HMRC personal income by tax year (London Datastore),borough,financial year 2022-23 assigned to start year; supplementary
E09000013,Hammersmith and Fulham,2023,income_mean,91100,HMRC personal income by tax year (London Datastore),borough,financial year 2023-24 assigned to start year; supplementary
E09000013,Hammersmith and Fulham,2023,income_median,41600,HMRC personal income by tax year (London Datastore),borough,financial year 2023-24 assigned to start year; analysis metric
E09000013,Hammersmith and Fulham,2023,income_taxpayers,107000,HMRC personal income by tax year (London Datastore),borough,financial year 2023-24 assigned to start year; supplementary
E09000014,Haringey,1999,income_mean,20600,HMRC personal income by tax year (London Datastore),borough,financial year 1999-00 assigned to start year; supplementary
E09000014,Haringey,1999,income_median,15000,HMRC personal income by tax year (London Datastore),borough,financial year 1999-00 assigned to start year; analysis metric
E09000014,Haringey,1999,income_taxpayers,124000,HMRC personal income by tax year (London Datastore),borough,financial year 1999-00 assigned to start year; supplementary
E09000014,Haringey,2000,income_mean,24500,HMRC personal income by tax year (London Datastore),borough,financial year 2000-01 assigned to start year; supplementary
E09000014,Haringey,2000,income_median,16600,HMRC personal income by tax year (London Datastore),borough,financial year 2000-01 assigned to start year; analysis metric
E09000014,Haringey,2000,income_taxpayers,116000,HMRC personal income by tax year (London Datastore),borough,financial year 2000-01 assigned to start year; supplementary
E09000014,Haringey,2001,income_mean,28000,HMRC personal income by tax year (London Datastore),borough,financial year 2001-02 assigned to start year; supplementary
E09000014,Haringey,2001,income_median,19100,HMRC personal income by tax year (London Datastore),borough,financial year 2001-02 assigned to start year; analysis metric
E09000014,Haringey,2001,income_taxpayers,90000,HMRC personal income by tax year (London Datastore),borough,financial year 2001-02 assigned to start year; supplementary
E09000014,Haringey,2002,income_mean,26000,HMRC personal income by tax year (London Datastore),borough,financial year 2002-03 assigned to start year; supplementary
E09000014,Haringey,2002,income_median,17100,HMRC personal income by tax year (London Datastore),borough,financial year 2002-03 assigned to start year; analysis metric
E09000014,Haringey,2002,income_taxpayers,95000,HMRC personal income by tax year (London Datastore),borough,financial year 2002-03 assigned to start year; supplementary
E09000014,Haringey,2003,income_mean,26100,HMRC personal income by tax year (London Datastore),borough,financial year 2003-04 assigned to start year; supplementary
E09000014,Haringey,2003,income_median,18800,HMRC personal income by tax year (London Datastore),borough,financial year 2003-04 assigned to start year; analysis metric
E09000014,Haringey,2003,income_taxpayers,102000,HMRC personal income by tax year (London Datastore),borough,financial year 2003-04 assigned to start year; supplementary
E09000014,Haringey,2004,income_mean,27900,HMRC personal income by tax year (London Datastore),borough,financial year 2004-05 assigned to start year; supplementary
E09000014,Haringey,2004,income_median,18300,HMRC personal income by tax year (London Datastore),borough,financial year 2004-05 assigned to start year; analysis metric
E09000014,Haringey,2004,income_taxpayers,104000,HMRC personal income by tax year (London Datastore),borough,financial year 2004-05 assigned to start year; supplementary
E09000014,Haringey,2005,income_mean,29500,HMRC personal income by tax year (London Datastore),borough,financial year 2005-06 assigned to start year; supplementary
E09000014,Haringey,2005,income_median,18800,HMRC personal income by tax year (London Datastore),borough,financial year 2005-06 assigned to start year; analysis metric
E09000014,Haringey,2005,income_taxpayers,117000,HMRC personal income by tax year (London Datastore),borough,financial year 2005-06 assigned to start year; supplementary
E09000014,Haringey,2006,income_mean,32500,HMRC personal income by tax year (London Datastore),borough,financial year 2006-07 assigned to start year; supplementary
E09000014,Haringey,2006,income_median,19000,HMRC personal income by tax year (London Datastore),borough,financial year 2006-07 assigned to start year; analysis metric
E09000014,Haringey,2006,income_taxpayers,114000,HMRC personal income by tax year (London Datastore),borough,financial year 2006-07 assigned to start year; supplementary
E09000014,Haringey,2007,income_mean,31900,HMRC personal income by tax year (London Datastore),borough,financial year 2007-08 assigned to start year; supplementary
E09000014,Haringey,2007,income_median,19800,HMRC personal income by tax year (London Datastore),borough,financial year 2007-08 assigned to start year; analysis metric
E09000014,Haringey,2007,income_taxpayers,124000,HMRC personal income by tax year (London Datastore),borough,financial year 2007-08 assigned to start year; supplementary
E09000014,Haringey,2009,income_mean,35100,HMRC personal income by tax year (London Datastore),borough,financial year 2009-10 assigned to start year; supplementary
E09000014,Haringey,2009,income_median,21800,HMRC personal income by tax year (London Datastore),borough,financial year 2009-10 assigned to start year; analysis metric
E09000014,Haringey,2009,income_taxpayers,118000,HMRC personal income by tax year (London Datastore),borough,financial year 2009-10 assigned to start year; supplementary
E09000014,Haringey,2010,income_mean,32900,HMRC personal income by tax year (London Datastore),borough,financial year 2010-11 assigned to start year; supplementary
E09000014,Haringey,2010,income_median,21500,HMRC personal income by tax year (London Datastore),borough,financial year 2010-11 assigned to start year; analysis metric
E09000014,Haringey,2010,income_taxpayers,123000,HMRC personal income by tax year (London Datastore),borough,financial year 2010-11 assigned to start year; supplementary
E09000014,Haringey,2011,income_mean,34600,HMRC personal income by tax year (London Datastore),borough,financial year 2011-12 assigned to start year; supplementary
E09000014,Haringey,2011,income_median,22200,HMRC personal income by tax year (London Datastore),borough,financial year 2011-12 assigned to start year; analysis metric
E09000014,Haringey,2011,income_taxpayers,116000,HMRC personal income by tax year (London Datastore),borough,financial year 2011-12 assigned to start year; supplementary
E09000014,Haringey,2012,income_mean,35400,HMRC personal income by tax year (London Datastore),borough,financial year 2012-13 assigned to start year; supplementary
E09000014,Haringey,2012,income_median,23300,HMRC personal income by tax year (London Datastore),borough,financial year 2012-13 assigned to start year; analysis metric
E09000014,Haringey,2012,income_taxpayers,124000,HMRC personal income by tax year (London Datastore),borough,financial year 2012-13 assigned to start year; supplementary
E09000014,Haringey,2013,income_mean,39100,HMRC personal income by tax year (London Datastore),borough,financial year 2013-14 assigned to start year; supplementary
E09000014,Haringey,2013,income_median,24400,HMRC personal income by tax year (London Datastore),borough,financial year 2013-14 assigned to start year; analysis metric
E09000014,Haringey,2013,income_taxpayers,122000,HMRC personal income by tax year (London Datastore),borough,financial year 2013-14 assigned to start year; supplementary
E09000014,Haringey,2014,income_mean,39500,HMRC personal income by tax year (London Datastore),borough,financial year 2014-15 assigned to start year; supplementary
E09000014,Haringey,2014,income_median,25800,HMRC personal income by tax year (London Datastore),borough,financial year 2014-15 assigned to start year; analysis metric
E09000014,Haringey,2014,income_taxpayers,126000,HMRC personal income by tax year (London Datastore),borough,financial year 2014-15 assigned to start year; supplementary
E09000014,Haringey,2015,income_mean,41700,HMRC personal income by tax year (London Datastore),borough,financial year 2015-16 assigned to start year; supplementary
E09000014,Haringey,2015,income_median,25600,HMRC personal income by tax year (London Datastore),borough,financial year 2015-16 assigned to start year; analysis metric
E09000014,Haringey,2015,income_taxpayers,131000,HMRC personal income by tax year (London Datastore),borough,financial year 2015-16 assigned to start year; supplementary
E09000014,Haringey,2016,income_mean,39900,HMRC personal income by tax year (London Datastore),borough,financial year 2016-17 assigned to start year; supplementary
E09000014,Haringey,2016,income_median,25100,HMRC personal income by tax year (London Datastore),borough,financial year 2016-17 assigned to start year; analysis metric
E09000014,Haringey,2016,income_taxpayers,138000,HMRC personal income by tax year (London Datastore),borough,financial year 2016-17 assigned to start year; supplementary
E09000014,Haringey,2017,income_mean,43800,HMRC personal income by tax year (London Datastore),borough,financial year 2017-18 assigned to start year; supplementary
E09000014,Haringey,2017,income_median,27100,HMRC personal income by tax year (London Datastore),borough,financial year 2017-18 assigned to start year; analysis metric
E09000014,Haringey,2017,income_taxpayers,138000,HMRC personal income by tax year (London Datastore),borough,financial year 2017-18 assigned to start year; supplementary
E09000014,Haringey,2018,income_mean,46300,HMRC personal income by tax year (London Datastore),borough,financial year 2018-19 assigned to start year; supplementary
E09000014,Haringey,2018,income_median,27400,HMRC personal income by tax year (London Datastore),borough,financial year 2018-19 assigned to start year; analysis metric
E09000014,Haringey,2018,income_taxpayers,130000,HMRC personal income by tax year (London Datastore),borough,financial year 2018-19 assigned to start year; supplementary
E09000014,Haringey,2019,income_mean,48600,HMRC personal income by tax year (London Datastore),borough,financial year 2019-20 assigned to start year; supplementary
E09000014,Haringey,2019,income_median,28300,HMRC personal income by tax year (London Datastore),borough,financial year 2019-20 assigned to start year; analysis metric
E09000014,Haringey,2019,income_taxpayers,129000,HMRC personal income by tax year (London Datastore),borough,financial year 2019-20 assigned to start year; supplementary
E09000014,Haringey,2020,income_mean,50200,HMRC personal income by tax year (London Datastore),borough,financial year 2020-21 assigned to start year; supplementary
E09000014,Haringey,2020,income_median,30000,HMRC personal income by tax year (London Datastore),borough,financial year 2020-21 assigned to start year; analysis metric
E09000014,Haringey,2020,income_taxpayers,122000,HMRC personal income by tax year (London Datastore),borough,financial year 2020-21 assigned to start year; supplementary
E09000014,Haringey,2021,income_mean,57100,HMRC personal income by tax year (London Datastore),borough,financial year 2021-22 assigned to start year; supplementary
E09000014,Haringey,2021,income_median,31300,HMRC personal income by tax year (London Datastore),borough,financial year 2021-22 assigned to start year; analysis metric
E09000014,Haringey,2021,income_taxpayers,128000,HMRC personal income by tax year (London Datastore),borough,financial year 2021-22 assigned to start year; supplementary
E09000014,Haringey,2022,income_mean,54900,HMRC personal income by tax year (London Datastore),borough,financial year 2022-23 assigned to start year; supplementary
E09000014,Haringey,2022,income_median,31800,HMRC personal income by tax year (London Datastore),borough,financial year 2022-23 assigned to start year; analysis metric
E09000014,Haringey,2022,income_taxpayers,134000,HMRC personal income by tax year (London Datastore),borough,financial year 2022-23 assigned to start year; supplementary
E09000014,Haringey,2023,income_mean,57500,HMRC personal income by tax year (London Datastore),borough,financial year 2023-24 assigned to start year; supplementary
E09000014,Haringey,2023,income_median,34500,HMRC personal income by tax year (London Datastore),borough,financial year 2023-24 assigned to start year; analysis metric
E09000014,Haringey,2023,income_taxpayers,140000,HMRC personal income by tax year (London Datastore),borough,financial year 2023-24 assigned to start year; supplementary
E09000015,Harrow,1999,income_mean,23300,HMRC personal income by tax year (London Datastore),borough,financial year 1999-00 assigned to start year; supplementary
E09000015,Harrow,1999,income_median,16600,HMRC personal income by tax year (London Datastore),borough,financial year 1999-00 assigned to start year; analysis metric
E09000015,Harrow,1999,income_taxpayers,96000,HMRC personal income by tax year (London Datastore),borough,financial year 1999-00 assigned to start year; supplementary
E09000015,Harrow,2000,income_mean,25700,HMRC personal income by tax year (London Datastore),borough,financial year 2000-01 assigned to start year; supplementary
E09000015,Harrow,2000,income_median,19300,HMRC personal income by tax year (London Datastore),borough,financial year 2000-01 assigned to start year; analysis metric
E09000015,Harrow,2000,income_taxpayers,99000,HMRC personal income by tax year (London Datastore),borough,financial year 2000-01 assigned to start year; supplementary
E09000015,Harrow,2001,income_mean,26500,HMRC personal income by tax year (London Datastore),borough,financial year 2001-02 assigned to start year; supplementary
E09000015,Harrow,2001,income_median,19300,HMRC personal income by tax year (London Datastore),borough,financial year 2001-02 assigned to start year; analysis metric
E09000015,Harrow,2001,income_taxpayers,1e+05,HMRC personal income by tax year (London Datastore),borough,financial year 2001-02 assigned to start year; supplementary
E09000015,Harrow,2002,income_mean,26900,HMRC personal income by tax year (London Datastore),borough,financial year 2002-03 assigned to start year; supplementary
E09000015,Harrow,2002,income_median,19400,HMRC personal income by tax year (London Datastore),borough,financial year 2002-03 assigned to start year; analysis metric
E09000015,Harrow,2002,income_taxpayers,106000,HMRC personal income by tax year (London Datastore),borough,financial year 2002-03 assigned to start year; supplementary
E09000015,Harrow,2003,income_mean,26300,HMRC personal income by tax year (London Datastore),borough,financial year 2003-04 assigned to start year; supplementary
E09000015,Harrow,2003,income_median,19600,HMRC personal income by tax year (London Datastore),borough,financial year 2003-04 assigned to start year; analysis metric
E09000015,Harrow,2003,income_taxpayers,103000,HMRC personal income by tax year (London Datastore),borough,financial year 2003-04 assigned to start year; supplementary
E09000015,Harrow,2004,income_mean,26800,HMRC personal income by tax year (London Datastore),borough,financial year 2004-05 assigned to start year; supplementary
E09000015,Harrow,2004,income_median,19600,HMRC personal income by tax year (London Datastore),borough,financial year 2004-05 assigned to start year; analysis metric
E09000015,Harrow,2004,income_taxpayers,114000,HMRC personal income by tax year (London Datastore),borough,financial year 2004-05 assigned to start year; supplementary
E09000015,Harrow,2005,income_mean,29200,HMRC personal income by tax year (London Datastore),borough,financial year 2005-06 assigned to start year; supplementary
E09000015,Harrow,2005,income_median,20700,HMRC personal income by tax year (London Datastore),borough,financial year 2005-06 assigned to start year; analysis metric
E09000015,Harrow,2005,income_taxpayers,116000,HMRC personal income by tax year (London Datastore),borough,financial year 2005-06 assigned to start year; supplementary
E09000015,Harrow,2006,income_mean,30800,HMRC personal income by tax year (London Datastore),borough,financial year 2006-07 assigned to start year; supplementary
E09000015,Harrow,2006,income_median,21400,HMRC personal income by tax year (London Datastore),borough,financial year 2006-07 assigned to start year; analysis metric
E09000015,Harrow,2006,income_taxpayers,119000,HMRC personal income by tax year (London Datastore),borough,financial year 2006-07 assigned to start year; supplementary
E09000015,Harrow,2007,income_mean,32400,HMRC personal income by tax year (London Datastore),borough,financial year 2007-08 assigned to start year; supplementary
E09000015,Harrow,2007,income_median,22100,HMRC personal income by tax year (London Datastore),borough,financial year 2007-08 assigned to start year; analysis metric
E09000015,Harrow,2007,income_taxpayers,120000,HMRC personal income by tax year (London Datastore),borough,financial year 2007-08 assigned to start year; supplementary
E09000015,Harrow,2009,income_mean,33300,HMRC personal income by tax year (London Datastore),borough,financial year 2009-10 assigned to start year; supplementary
E09000015,Harrow,2009,income_median,22800,HMRC personal income by tax year (London Datastore),borough,financial year 2009-10 assigned to start year; analysis metric
E09000015,Harrow,2009,income_taxpayers,119000,HMRC personal income by tax year (London Datastore),borough,financial year 2009-10 assigned to start year; supplementary
E09000015,Harrow,2010,income_mean,31100,HMRC personal income by tax year (London Datastore),borough,financial year 2010-11 assigned to start year; supplementary
E09000015,Harrow,2010,income_median,22300,HMRC personal income by tax year (London Datastore),borough,financial year 2010-11 assigned to start year; analysis metric
E09000015,Harrow,2010,income_taxpayers,125000,HMRC personal income by tax year (London Datastore),borough,financial year 2010-11 assigned to start year; supplementary
E09000015,Harrow,2011,income_mean,32400,HMRC personal income by tax year (London Datastore),borough,financial year 2011-12 assigned to start year; supplementary
E09000015,Harrow,2011,income_median,23000,HMRC personal income by tax year (London Datastore),borough,financial year 2011-12 assigned to start year; analysis metric
E09000015,Harrow,2011,income_taxpayers,122000,HMRC personal income by tax year (London Datastore),borough,financial year 2011-12 assigned to start year; supplementary
E09000015,Harrow,2012,income_mean,33300,HMRC personal income by tax year (London Datastore),borough,financial year 2012-13 assigned to start year; supplementary
E09000015,Harrow,2012,income_median,24000,HMRC personal income by tax year (London Datastore),borough,financial year 2012-13 assigned to start year; analysis metric
E09000015,Harrow,2012,income_taxpayers,124000,HMRC personal income by tax year (London Datastore),borough,financial year 2012-13 assigned to start year; supplementary
E09000015,Harrow,2013,income_mean,36000,HMRC personal income by tax year (London Datastore),borough,financial year 2013-14 assigned to start year; supplementary
E09000015,Harrow,2013,income_median,25200,HMRC personal income by tax year (London Datastore),borough,financial year 2013-14 assigned to start year; analysis metric
E09000015,Harrow,2013,income_taxpayers,122000,HMRC personal income by tax year (London Datastore),borough,financial year 2013-14 assigned to start year; supplementary
E09000015,Harrow,2014,income_mean,37000,HMRC personal income by tax year (London Datastore),borough,financial year 2014-15 assigned to start year; supplementary
E09000015,Harrow,2014,income_median,26100,HMRC personal income by tax year (London Datastore),borough,financial year 2014-15 assigned to start year; analysis metric
E09000015,Harrow,2014,income_taxpayers,120000,HMRC personal income by tax year (London Datastore),borough,financial year 2014-15 assigned to start year; supplementary
E09000015,Harrow,2015,income_mean,38500,HMRC personal income by tax year (London Datastore),borough,financial year 2015-16 assigned to start year; supplementary
E09000015,Harrow,2015,income_median,26300,HMRC personal income by tax year (London Datastore),borough,financial year 2015-16 assigned to start year; analysis metric
E09000015,Harrow,2015,income_taxpayers,130000,HMRC personal income by tax year (London Datastore),borough,financial year 2015-16 assigned to start year; supplementary
E09000015,Harrow,2016,income_mean,38400,HMRC personal income by tax year (London Datastore),borough,financial year 2016-17 assigned to start year; supplementary
E09000015,Harrow,2016,income_median,27300,HMRC personal income by tax year (London Datastore),borough,financial year 2016-17 assigned to start year; analysis metric
E09000015,Harrow,2016,income_taxpayers,128000,HMRC personal income by tax year (London Datastore),borough,financial year 2016-17 assigned to start year; supplementary
E09000015,Harrow,2017,income_mean,39000,HMRC personal income by tax year (London Datastore),borough,financial year 2017-18 assigned to start year; supplementary
E09000015,Harrow,2017,income_median,27600,HMRC personal income by tax year (London Datastore),borough,financial year 2017-18 assigned to start year; analysis metric
E09000015,Harrow,2017,income_taxpayers,129000,HMRC personal income by tax year (London Datastore),borough,financial year 2017-18 assigned to start year; supplementary
E09000015,Harrow,2018,income_mean,39300,HMRC personal income by tax year (London Datastore),borough,financial year 2018-19 assigned to start year; supplementary
E09000015,Harrow,2018,income_median,27600,HMRC personal income by tax year (London Datastore),borough,financial year 2018-19 assigned to start year; analysis metric
E09000015,Harrow,2018,income_taxpayers,131000,HMRC personal income by tax year (London Datastore),borough,financial year 2018-19 assigned to start year; supplementary
E09000015,Harrow,2019,income_mean,41500,HMRC personal income by tax year (London Datastore),borough,financial year 2019-20 assigned to start year; supplementary
E09000015,Harrow,2019,income_median,29500,HMRC personal income by tax year (London Datastore),borough,financial year 2019-20 assigned to start year; analysis metric
E09000015,Harrow,2019,income_taxpayers,130000,HMRC personal income by tax year (London Datastore),borough,financial year 2019-20 assigned to start year; supplementary
E09000015,Harrow,2020,income_mean,42800,HMRC personal income by tax year (London Datastore),borough,financial year 2020-21 assigned to start year; supplementary
E09000015,Harrow,2020,income_median,30200,HMRC personal income by tax year (London Datastore),borough,financial year 2020-21 assigned to start year; analysis metric
E09000015,Harrow,2020,income_taxpayers,123000,HMRC personal income by tax year (London Datastore),borough,financial year 2020-21 assigned to start year; supplementary
E09000015,Harrow,2021,income_mean,46500,HMRC personal income by tax year (London Datastore),borough,financial year 2021-22 assigned to start year; supplementary
E09000015,Harrow,2021,income_median,32300,HMRC personal income by tax year (London Datastore),borough,financial year 2021-22 assigned to start year; analysis metric
E09000015,Harrow,2021,income_taxpayers,125000,HMRC personal income by tax year (London Datastore),borough,financial year 2021-22 assigned to start year; supplementary
E09000015,Harrow,2022,income_mean,47100,HMRC personal income by tax year (London Datastore),borough,financial year 2022-23 assigned to start year; supplementary
E09000015,Harrow,2022,income_median,33200,HMRC personal income by tax year (London Datastore),borough,financial year 2022-23 assigned to start year; analysis metric
E09000015,Harrow,2022,income_taxpayers,134000,HMRC personal income by tax year (London Datastore),borough,financial year 2022-23 assigned to start year; supplementary
E09000015,Harrow,2023,income_mean,47800,HMRC personal income by tax year (London Datastore),borough,financial year 2023-24 assigned to start year; supplementary
E09000015,Harrow,2023,income_median,33700,HMRC personal income by tax year (London Datastore),borough,financial year 2023-24 assigned to start year; analysis metric
E09000015,Harrow,2023,income_taxpayers,147000,HMRC personal income by tax year (London Datastore),borough,financial year 2023-24 assigned to start year; supplementary
E09000016,Havering,1999,income_mean,20400,HMRC personal income by tax year (London Datastore),borough,financial year 1999-00 assigned to start year; supplementary
E09000016,Havering,1999,income_median,14800,HMRC personal income by tax year (London Datastore),borough,financial year 1999-00 assigned to start year; analysis metric
E09000016,Havering,1999,income_taxpayers,105000,HMRC personal income by tax year (London Datastore),borough,financial year 1999-00 assigned to start year; supplementary
E09000016,Havering,2000,income_mean,21400,HMRC personal income by tax year (London Datastore),borough,financial year 2000-01 assigned to start year; supplementary
E09000016,Havering,2000,income_median,17000,HMRC personal income by tax year (London Datastore),borough,financial year 2000-01 assigned to start year; analysis metric
E09000016,Havering,2000,income_taxpayers,129000,HMRC personal income by tax year (London Datastore),borough,financial year 2000-01 assigned to start year; supplementary
E09000016,Havering,2001,income_mean,22200,HMRC personal income by tax year (London Datastore),borough,financial year 2001-02 assigned to start year; supplementary
E09000016,Havering,2001,income_median,17400,HMRC personal income by tax year (London Datastore),borough,financial year 2001-02 assigned to start year; analysis metric
E09000016,Havering,2001,income_taxpayers,114000,HMRC personal income by tax year (London Datastore),borough,financial year 2001-02 assigned to start year; supplementary
E09000016,Havering,2002,income_mean,22700,HMRC personal income by tax year (London Datastore),borough,financial year 2002-03 assigned to start year; supplementary
E09000016,Havering,2002,income_median,18300,HMRC personal income by tax year (London Datastore),borough,financial year 2002-03 assigned to start year; analysis metric
E09000016,Havering,2002,income_taxpayers,124000,HMRC personal income by tax year (London Datastore),borough,financial year 2002-03 assigned to start year; supplementary
E09000016,Havering,2003,income_mean,22800,HMRC personal income by tax year (London Datastore),borough,financial year 2003-04 assigned to start year; supplementary
E09000016,Havering,2003,income_median,18100,HMRC personal income by tax year (London Datastore),borough,financial year 2003-04 assigned to start year; analysis metric
E09000016,Havering,2003,income_taxpayers,121000,HMRC personal income by tax year (London Datastore),borough,financial year 2003-04 assigned to start year; supplementary
E09000016,Havering,2004,income_mean,23100,HMRC personal income by tax year (London Datastore),borough,financial year 2004-05 assigned to start year; supplementary
E09000016,Havering,2004,income_median,18600,HMRC personal income by tax year (London Datastore),borough,financial year 2004-05 assigned to start year; analysis metric
E09000016,Havering,2004,income_taxpayers,125000,HMRC personal income by tax year (London Datastore),borough,financial year 2004-05 assigned to start year; supplementary
E09000016,Havering,2005,income_mean,25000,HMRC personal income by tax year (London Datastore),borough,financial year 2005-06 assigned to start year; supplementary
E09000016,Havering,2005,income_median,20200,HMRC personal income by tax year (London Datastore),borough,financial year 2005-06 assigned to start year; analysis metric
E09000016,Havering,2005,income_taxpayers,135000,HMRC personal income by tax year (London Datastore),borough,financial year 2005-06 assigned to start year; supplementary
E09000016,Havering,2006,income_mean,26100,HMRC personal income by tax year (London Datastore),borough,financial year 2006-07 assigned to start year; supplementary
E09000016,Havering,2006,income_median,20400,HMRC personal income by tax year (London Datastore),borough,financial year 2006-07 assigned to start year; analysis metric
E09000016,Havering,2006,income_taxpayers,132000,HMRC personal income by tax year (London Datastore),borough,financial year 2006-07 assigned to start year; supplementary
E09000016,Havering,2007,income_mean,27100,HMRC personal income by tax year (London Datastore),borough,financial year 2007-08 assigned to start year; supplementary
E09000016,Havering,2007,income_median,20800,HMRC personal income by tax year (London Datastore),borough,financial year 2007-08 assigned to start year; analysis metric
E09000016,Havering,2007,income_taxpayers,133000,HMRC personal income by tax year (London Datastore),borough,financial year 2007-08 assigned to start year; supplementary
E09000016,Havering,2009,income_mean,29700,HMRC personal income by tax year (London Datastore),borough,financial year 2009-10 assigned to start year; supplementary
E09000016,Havering,2009,income_median,22000,HMRC personal income by tax year (London Datastore),borough,financial year 2009-10 assigned to start year; analysis metric
E09000016,Havering,2009,income_taxpayers,123000,HMRC personal income by tax year (London Datastore),borough,financial year 2009-10 assigned to start year; supplementary
E09000016,Havering,2010,income_mean,29000,HMRC personal income by tax year (London Datastore),borough,financial year 2010-11 assigned to start year; supplementary
E09000016,Havering,2010,income_median,22500,HMRC personal income by tax year (London Datastore),borough,financial year 2010-11 assigned to start year; analysis metric
E09000016,Havering,2010,income_taxpayers,123000,HMRC personal income by tax year (London Datastore),borough,financial year 2010-11 assigned to start year; supplementary
E09000016,Havering,2011,income_mean,30400,HMRC personal income by tax year (London Datastore),borough,financial year 2011-12 assigned to start year; supplementary
E09000016,Havering,2011,income_median,22700,HMRC personal income by tax year (London Datastore),borough,financial year 2011-12 assigned to start year; analysis metric
E09000016,Havering,2011,income_taxpayers,125000,HMRC personal income by tax year (London Datastore),borough,financial year 2011-12 assigned to start year; supplementary
E09000016,Havering,2012,income_mean,30600,HMRC personal income by tax year (London Datastore),borough,financial year 2012-13 assigned to start year; supplementary
E09000016,Havering,2012,income_median,23500,HMRC personal income by tax year (London Datastore),borough,financial year 2012-13 assigned to start year; analysis metric
E09000016,Havering,2012,income_taxpayers,128000,HMRC personal income by tax year (London Datastore),borough,financial year 2012-13 assigned to start year; supplementary
E09000016,Havering,2013,income_mean,31300,HMRC personal income by tax year (London Datastore),borough,financial year 2013-14 assigned to start year; supplementary
E09000016,Havering,2013,income_median,24700,HMRC personal income by tax year (London Datastore),borough,financial year 2013-14 assigned to start year; analysis metric
E09000016,Havering,2013,income_taxpayers,122000,HMRC personal income by tax year (London Datastore),borough,financial year 2013-14 assigned to start year; supplementary
E09000016,Havering,2014,income_mean,32100,HMRC personal income by tax year (London Datastore),borough,financial year 2014-15 assigned to start year; supplementary
E09000016,Havering,2014,income_median,24900,HMRC personal income by tax year (London Datastore),borough,financial year 2014-15 assigned to start year; analysis metric
E09000016,Havering,2014,income_taxpayers,124000,HMRC personal income by tax year (London Datastore),borough,financial year 2014-15 assigned to start year; supplementary
E09000016,Havering,2015,income_mean,33600,HMRC personal income by tax year (London Datastore),borough,financial year 2015-16 assigned to start year; supplementary
E09000016,Havering,2015,income_median,26000,HMRC personal income by tax year (London Datastore),borough,financial year 2015-16 assigned to start year; analysis metric
E09000016,Havering,2015,income_taxpayers,128000,HMRC personal income by tax year (London Datastore),borough,financial year 2015-16 assigned to start year; supplementary
E09000016,Havering,2016,income_mean,33900,HMRC personal income by tax year (London Datastore),borough,financial year 2016-17 assigned to start year; supplementary
E09000016,Havering,2016,income_median,26100,HMRC personal income by tax year (London Datastore),borough,financial year 2016-17 assigned to start year; analysis metric
E09000016,Havering,2016,income_taxpayers,128000,HMRC personal income by tax year (London Datastore),borough,financial year 2016-17 assigned to start year; supplementary
E09000016,Havering,2017,income_mean,35700,HMRC personal income by tax year (London Datastore),borough,financial year 2017-18 assigned to start year; supplementary
E09000016,Havering,2017,income_median,27900,HMRC personal income by tax year (London Datastore),borough,financial year 2017-18 assigned to start year; analysis metric
E09000016,Havering,2017,income_taxpayers,130000,HMRC personal income by tax year (London Datastore),borough,financial year 2017-18 assigned to start year; supplementary
E09000016,Havering,2018,income_mean,37100,HMRC personal income by tax year (London Datastore),borough,financial year 2018-19 assigned to start year; supplementary
E09000016,Havering,2018,income_median,29700,HMRC personal income by tax year (London Datastore),borough,financial year 2018-19 assigned to start year; analysis metric
E09000016,Havering,2018,income_taxpayers,131000,HMRC personal income by tax year (London Datastore),borough,financial year 2018-19 assigned to start year; supplementary
E09000016,Havering,2019,income_mean,38100,HMRC personal income by tax year (London Datastore),borough,financial year 2019-20 assigned to start year; supplementary
E09000016,Havering,2019,income_median,29800,HMRC personal income by tax year (London Datastore),borough,financial year 2019-20 assigned to start year; analysis metric
E09000016,Havering,2019,income_taxpayers,130000,HMRC personal income by tax year (London Datastore),borough,financial year 2019-20 assigned to start year; supplementary
E09000016,Havering,2020,income_mean,38000,HMRC personal income by tax year (London Datastore),borough,financial year 2020-21 assigned to start year; supplementary
E09000016,Havering,2020,income_median,29000,HMRC personal income by tax year (London Datastore),borough,financial year 2020-21 assigned to start year; analysis metric
E09000016,Havering,2020,income_taxpayers,136000,HMRC personal income by tax year (London Datastore),borough,financial year 2020-21 assigned to start year; supplementary
E09000016,Havering,2021,income_mean,40000,HMRC personal income by tax year (London Datastore),borough,financial year 2021-22 assigned to start year; supplementary
E09000016,Havering,2021,income_median,29800,HMRC personal income by tax year (London Datastore),borough,financial year 2021-22 assigned to start year; analysis metric
E09000016,Havering,2021,income_taxpayers,135000,HMRC personal income by tax year (London Datastore),borough,financial year 2021-22 assigned to start year; supplementary
E09000016,Havering,2022,income_mean,41900,HMRC personal income by tax year (London Datastore),borough,financial year 2022-23 assigned to start year; supplementary
E09000016,Havering,2022,income_median,32000,HMRC personal income by tax year (London Datastore),borough,financial year 2022-23 assigned to start year; analysis metric
E09000016,Havering,2022,income_taxpayers,138000,HMRC personal income by tax year (London Datastore),borough,financial year 2022-23 assigned to start year; supplementary
E09000016,Havering,2023,income_mean,44500,HMRC personal income by tax year (London Datastore),borough,financial year 2023-24 assigned to start year; supplementary
E09000016,Havering,2023,income_median,34000,HMRC personal income by tax year (London Datastore),borough,financial year 2023-24 assigned to start year; analysis metric
E09000016,Havering,2023,income_taxpayers,143000,HMRC personal income by tax year (London Datastore),borough,financial year 2023-24 assigned to start year; supplementary
E09000017,Hillingdon,1999,income_mean,21700,HMRC personal income by tax year (London Datastore),borough,financial year 1999-00 assigned to start year; supplementary
E09000017,Hillingdon,1999,income_median,16100,HMRC personal income by tax year (London Datastore),borough,financial year 1999-00 assigned to start year; analysis metric
E09000017,Hillingdon,1999,income_taxpayers,111000,HMRC personal income by tax year (London Datastore),borough,financial year 1999-00 assigned to start year; supplementary
E09000017,Hillingdon,2000,income_mean,20900,HMRC personal income by tax year (London Datastore),borough,financial year 2000-01 assigned to start year; supplementary
E09000017,Hillingdon,2000,income_median,17100,HMRC personal income by tax year (London Datastore),borough,financial year 2000-01 assigned to start year; analysis metric
E09000017,Hillingdon,2000,income_taxpayers,130000,HMRC personal income by tax year (London Datastore),borough,financial year 2000-01 assigned to start year; supplementary
E09000017,Hillingdon,2001,income_mean,23600,HMRC personal income by tax year (London Datastore),borough,financial year 2001-02 assigned to start year; supplementary
E09000017,Hillingdon,2001,income_median,17600,HMRC personal income by tax year (London Datastore),borough,financial year 2001-02 assigned to start year; analysis metric
E09000017,Hillingdon,2001,income_taxpayers,113000,HMRC personal income by tax year (London Datastore),borough,financial year 2001-02 assigned to start year; supplementary
E09000017,Hillingdon,2002,income_mean,24000,HMRC personal income by tax year (London Datastore),borough,financial year 2002-03 assigned to start year; supplementary
E09000017,Hillingdon,2002,income_median,18800,HMRC personal income by tax year (London Datastore),borough,financial year 2002-03 assigned to start year; analysis metric
E09000017,Hillingdon,2002,income_taxpayers,118000,HMRC personal income by tax year (London Datastore),borough,financial year 2002-03 assigned to start year; supplementary
E09000017,Hillingdon,2003,income_mean,23800,HMRC personal income by tax year (London Datastore),borough,financial year 2003-04 assigned to start year; supplementary
E09000017,Hillingdon,2003,income_median,18900,HMRC personal income by tax year (London Datastore),borough,financial year 2003-04 assigned to start year; analysis metric
E09000017,Hillingdon,2003,income_taxpayers,117000,HMRC personal income by tax year (London Datastore),borough,financial year 2003-04 assigned to start year; supplementary
E09000017,Hillingdon,2004,income_mean,25200,HMRC personal income by tax year (London Datastore),borough,financial year 2004-05 assigned to start year; supplementary
E09000017,Hillingdon,2004,income_median,20400,HMRC personal income by tax year (London Datastore),borough,financial year 2004-05 assigned to start year; analysis metric
E09000017,Hillingdon,2004,income_taxpayers,123000,HMRC personal income by tax year (London Datastore),borough,financial year 2004-05 assigned to start year; supplementary
E09000017,Hillingdon,2005,income_mean,26300,HMRC personal income by tax year (London Datastore),borough,financial year 2005-06 assigned to start year; supplementary
E09000017,Hillingdon,2005,income_median,20200,HMRC personal income by tax year (London Datastore),borough,financial year 2005-06 assigned to start year; analysis metric
E09000017,Hillingdon,2005,income_taxpayers,126000,HMRC personal income by tax year (London Datastore),borough,financial year 2005-06 assigned to start year; supplementary
E09000017,Hillingdon,2006,income_mean,27600,HMRC personal income by tax year (London Datastore),borough,financial year 2006-07 assigned to start year; supplementary
E09000017,Hillingdon,2006,income_median,21200,HMRC personal income by tax year (London Datastore),borough,financial year 2006-07 assigned to start year; analysis metric
E09000017,Hillingdon,2006,income_taxpayers,128000,HMRC personal income by tax year (London Datastore),borough,financial year 2006-07 assigned to start year; supplementary
E09000017,Hillingdon,2007,income_mean,27900,HMRC personal income by tax year (London Datastore),borough,financial year 2007-08 assigned to start year; supplementary
E09000017,Hillingdon,2007,income_median,21800,HMRC personal income by tax year (London Datastore),borough,financial year 2007-08 assigned to start year; analysis metric
E09000017,Hillingdon,2007,income_taxpayers,133000,HMRC personal income by tax year (London Datastore),borough,financial year 2007-08 assigned to start year; supplementary
E09000017,Hillingdon,2009,income_mean,29300,HMRC personal income by tax year (London Datastore),borough,financial year 2009-10 assigned to start year; supplementary
E09000017,Hillingdon,2009,income_median,23000,HMRC personal income by tax year (London Datastore),borough,financial year 2009-10 assigned to start year; analysis metric
E09000017,Hillingdon,2009,income_taxpayers,131000,HMRC personal income by tax year (London Datastore),borough,financial year 2009-10 assigned to start year; supplementary
E09000017,Hillingdon,2010,income_mean,28400,HMRC personal income by tax year (London Datastore),borough,financial year 2010-11 assigned to start year; supplementary
E09000017,Hillingdon,2010,income_median,21900,HMRC personal income by tax year (London Datastore),borough,financial year 2010-11 assigned to start year; analysis metric
E09000017,Hillingdon,2010,income_taxpayers,134000,HMRC personal income by tax year (London Datastore),borough,financial year 2010-11 assigned to start year; supplementary
E09000017,Hillingdon,2011,income_mean,30000,HMRC personal income by tax year (London Datastore),borough,financial year 2011-12 assigned to start year; supplementary
E09000017,Hillingdon,2011,income_median,23500,HMRC personal income by tax year (London Datastore),borough,financial year 2011-12 assigned to start year; analysis metric
E09000017,Hillingdon,2011,income_taxpayers,139000,HMRC personal income by tax year (London Datastore),borough,financial year 2011-12 assigned to start year; supplementary
E09000017,Hillingdon,2012,income_mean,30100,HMRC personal income by tax year (London Datastore),borough,financial year 2012-13 assigned to start year; supplementary
E09000017,Hillingdon,2012,income_median,23200,HMRC personal income by tax year (London Datastore),borough,financial year 2012-13 assigned to start year; analysis metric
E09000017,Hillingdon,2012,income_taxpayers,136000,HMRC personal income by tax year (London Datastore),borough,financial year 2012-13 assigned to start year; supplementary
E09000017,Hillingdon,2013,income_mean,31300,HMRC personal income by tax year (London Datastore),borough,financial year 2013-14 assigned to start year; supplementary
E09000017,Hillingdon,2013,income_median,23600,HMRC personal income by tax year (London Datastore),borough,financial year 2013-14 assigned to start year; analysis metric
E09000017,Hillingdon,2013,income_taxpayers,139000,HMRC personal income by tax year (London Datastore),borough,financial year 2013-14 assigned to start year; supplementary
E09000017,Hillingdon,2014,income_mean,32300,HMRC personal income by tax year (London Datastore),borough,financial year 2014-15 assigned to start year; supplementary
E09000017,Hillingdon,2014,income_median,25300,HMRC personal income by tax year (London Datastore),borough,financial year 2014-15 assigned to start year; analysis metric
E09000017,Hillingdon,2014,income_taxpayers,139000,HMRC personal income by tax year (London Datastore),borough,financial year 2014-15 assigned to start year; supplementary
E09000017,Hillingdon,2015,income_mean,33900,HMRC personal income by tax year (London Datastore),borough,financial year 2015-16 assigned to start year; supplementary
E09000017,Hillingdon,2015,income_median,25900,HMRC personal income by tax year (London Datastore),borough,financial year 2015-16 assigned to start year; analysis metric
E09000017,Hillingdon,2015,income_taxpayers,145000,HMRC personal income by tax year (London Datastore),borough,financial year 2015-16 assigned to start year; supplementary
E09000017,Hillingdon,2016,income_mean,34300,HMRC personal income by tax year (London Datastore),borough,financial year 2016-17 assigned to start year; supplementary
E09000017,Hillingdon,2016,income_median,26200,HMRC personal income by tax year (London Datastore),borough,financial year 2016-17 assigned to start year; analysis metric
E09000017,Hillingdon,2016,income_taxpayers,145000,HMRC personal income by tax year (London Datastore),borough,financial year 2016-17 assigned to start year; supplementary
E09000017,Hillingdon,2017,income_mean,35900,HMRC personal income by tax year (London Datastore),borough,financial year 2017-18 assigned to start year; supplementary
E09000017,Hillingdon,2017,income_median,27100,HMRC personal income by tax year (London Datastore),borough,financial year 2017-18 assigned to start year; analysis metric
E09000017,Hillingdon,2017,income_taxpayers,142000,HMRC personal income by tax year (London Datastore),borough,financial year 2017-18 assigned to start year; supplementary
E09000017,Hillingdon,2018,income_mean,36800,HMRC personal income by tax year (London Datastore),borough,financial year 2018-19 assigned to start year; supplementary
E09000017,Hillingdon,2018,income_median,28100,HMRC personal income by tax year (London Datastore),borough,financial year 2018-19 assigned to start year; analysis metric
E09000017,Hillingdon,2018,income_taxpayers,141000,HMRC personal income by tax year (London Datastore),borough,financial year 2018-19 assigned to start year; supplementary
E09000017,Hillingdon,2019,income_mean,37300,HMRC personal income by tax year (London Datastore),borough,financial year 2019-20 assigned to start year; supplementary
E09000017,Hillingdon,2019,income_median,28100,HMRC personal income by tax year (London Datastore),borough,financial year 2019-20 assigned to start year; analysis metric
E09000017,Hillingdon,2019,income_taxpayers,145000,HMRC personal income by tax year (London Datastore),borough,financial year 2019-20 assigned to start year; supplementary
E09000017,Hillingdon,2020,income_mean,38200,HMRC personal income by tax year (London Datastore),borough,financial year 2020-21 assigned to start year; supplementary
E09000017,Hillingdon,2020,income_median,28400,HMRC personal income by tax year (London Datastore),borough,financial year 2020-21 assigned to start year; analysis metric
E09000017,Hillingdon,2020,income_taxpayers,142000,HMRC personal income by tax year (London Datastore),borough,financial year 2020-21 assigned to start year; supplementary
E09000017,Hillingdon,2021,income_mean,41600,HMRC personal income by tax year (London Datastore),borough,financial year 2021-22 assigned to start year; supplementary
E09000017,Hillingdon,2021,income_median,30600,HMRC personal income by tax year (London Datastore),borough,financial year 2021-22 assigned to start year; analysis metric
E09000017,Hillingdon,2021,income_taxpayers,144000,HMRC personal income by tax year (London Datastore),borough,financial year 2021-22 assigned to start year; supplementary
E09000017,Hillingdon,2022,income_mean,42200,HMRC personal income by tax year (London Datastore),borough,financial year 2022-23 assigned to start year; supplementary
E09000017,Hillingdon,2022,income_median,31900,HMRC personal income by tax year (London Datastore),borough,financial year 2022-23 assigned to start year; analysis metric
E09000017,Hillingdon,2022,income_taxpayers,162000,HMRC personal income by tax year (London Datastore),borough,financial year 2022-23 assigned to start year; supplementary
E09000017,Hillingdon,2023,income_mean,45000,HMRC personal income by tax year (London Datastore),borough,financial year 2023-24 assigned to start year; supplementary
E09000017,Hillingdon,2023,income_median,34700,HMRC personal income by tax year (London Datastore),borough,financial year 2023-24 assigned to start year; analysis metric
E09000017,Hillingdon,2023,income_taxpayers,171000,HMRC personal income by tax year (London Datastore),borough,financial year 2023-24 assigned to start year; supplementary
E09000018,Hounslow,1999,income_mean,20900,HMRC personal income by tax year (London Datastore),borough,financial year 1999-00 assigned to start year; supplementary
E09000018,Hounslow,1999,income_median,15200,HMRC personal income by tax year (London Datastore),borough,financial year 1999-00 assigned to start year; analysis metric
E09000018,Hounslow,1999,income_taxpayers,106000,HMRC personal income by tax year (London Datastore),borough,financial year 1999-00 assigned to start year; supplementary
E09000018,Hounslow,2000,income_mean,22400,HMRC personal income by tax year (London Datastore),borough,financial year 2000-01 assigned to start year; supplementary
E09000018,Hounslow,2000,income_median,16600,HMRC personal income by tax year (London Datastore),borough,financial year 2000-01 assigned to start year; analysis metric
E09000018,Hounslow,2000,income_taxpayers,121000,HMRC personal income by tax year (London Datastore),borough,financial year 2000-01 assigned to start year; supplementary
E09000018,Hounslow,2001,income_mean,23800,HMRC personal income by tax year (London Datastore),borough,financial year 2001-02 assigned to start year; supplementary
E09000018,Hounslow,2001,income_median,16500,HMRC personal income by tax year (London Datastore),borough,financial year 2001-02 assigned to start year; analysis metric
E09000018,Hounslow,2001,income_taxpayers,101000,HMRC personal income by tax year (London Datastore),borough,financial year 2001-02 assigned to start year; supplementary
E09000018,Hounslow,2002,income_mean,24500,HMRC personal income by tax year (London Datastore),borough,financial year 2002-03 assigned to start year; supplementary
E09000018,Hounslow,2002,income_median,18600,HMRC personal income by tax year (London Datastore),borough,financial year 2002-03 assigned to start year; analysis metric
E09000018,Hounslow,2002,income_taxpayers,105000,HMRC personal income by tax year (London Datastore),borough,financial year 2002-03 assigned to start year; supplementary
E09000018,Hounslow,2003,income_mean,24800,HMRC personal income by tax year (London Datastore),borough,financial year 2003-04 assigned to start year; supplementary
E09000018,Hounslow,2003,income_median,18900,HMRC personal income by tax year (London Datastore),borough,financial year 2003-04 assigned to start year; analysis metric
E09000018,Hounslow,2003,income_taxpayers,104000,HMRC personal income by tax year (London Datastore),borough,financial year 2003-04 assigned to start year; supplementary
E09000018,Hounslow,2004,income_mean,25500,HMRC personal income by tax year (London Datastore),borough,financial year 2004-05 assigned to start year; supplementary
E09000018,Hounslow,2004,income_median,18400,HMRC personal income by tax year (London Datastore),borough,financial year 2004-05 assigned to start year; analysis metric
E09000018,Hounslow,2004,income_taxpayers,118000,HMRC personal income by tax year (London Datastore),borough,financial year 2004-05 assigned to start year; supplementary
E09000018,Hounslow,2005,income_mean,26900,HMRC personal income by tax year (London Datastore),borough,financial year 2005-06 assigned to start year; supplementary
E09000018,Hounslow,2005,income_median,18800,HMRC personal income by tax year (London Datastore),borough,financial year 2005-06 assigned to start year; analysis metric
E09000018,Hounslow,2005,income_taxpayers,117000,HMRC personal income by tax year (London Datastore),borough,financial year 2005-06 assigned to start year; supplementary
E09000018,Hounslow,2006,income_mean,27800,HMRC personal income by tax year (London Datastore),borough,financial year 2006-07 assigned to start year; supplementary
E09000018,Hounslow,2006,income_median,19100,HMRC personal income by tax year (London Datastore),borough,financial year 2006-07 assigned to start year; analysis metric
E09000018,Hounslow,2006,income_taxpayers,124000,HMRC personal income by tax year (London Datastore),borough,financial year 2006-07 assigned to start year; supplementary
E09000018,Hounslow,2007,income_mean,29000,HMRC personal income by tax year (London Datastore),borough,financial year 2007-08 assigned to start year; supplementary
E09000018,Hounslow,2007,income_median,20400,HMRC personal income by tax year (London Datastore),borough,financial year 2007-08 assigned to start year; analysis metric
E09000018,Hounslow,2007,income_taxpayers,129000,HMRC personal income by tax year (London Datastore),borough,financial year 2007-08 assigned to start year; supplementary
E09000018,Hounslow,2009,income_mean,31800,HMRC personal income by tax year (London Datastore),borough,financial year 2009-10 assigned to start year; supplementary
E09000018,Hounslow,2009,income_median,22000,HMRC personal income by tax year (London Datastore),borough,financial year 2009-10 assigned to start year; analysis metric
E09000018,Hounslow,2009,income_taxpayers,124000,HMRC personal income by tax year (London Datastore),borough,financial year 2009-10 assigned to start year; supplementary
E09000018,Hounslow,2010,income_mean,30800,HMRC personal income by tax year (London Datastore),borough,financial year 2010-11 assigned to start year; supplementary
E09000018,Hounslow,2010,income_median,21600,HMRC personal income by tax year (London Datastore),borough,financial year 2010-11 assigned to start year; analysis metric
E09000018,Hounslow,2010,income_taxpayers,136000,HMRC personal income by tax year (London Datastore),borough,financial year 2010-11 assigned to start year; supplementary
E09000018,Hounslow,2011,income_mean,32400,HMRC personal income by tax year (London Datastore),borough,financial year 2011-12 assigned to start year; supplementary
E09000018,Hounslow,2011,income_median,21800,HMRC personal income by tax year (London Datastore),borough,financial year 2011-12 assigned to start year; analysis metric
E09000018,Hounslow,2011,income_taxpayers,133000,HMRC personal income by tax year (London Datastore),borough,financial year 2011-12 assigned to start year; supplementary
E09000018,Hounslow,2012,income_mean,32200,HMRC personal income by tax year (London Datastore),borough,financial year 2012-13 assigned to start year; supplementary
E09000018,Hounslow,2012,income_median,22400,HMRC personal income by tax year (London Datastore),borough,financial year 2012-13 assigned to start year; analysis metric
E09000018,Hounslow,2012,income_taxpayers,133000,HMRC personal income by tax year (London Datastore),borough,financial year 2012-13 assigned to start year; supplementary
E09000018,Hounslow,2013,income_mean,35800,HMRC personal income by tax year (London Datastore),borough,financial year 2013-14 assigned to start year; supplementary
E09000018,Hounslow,2013,income_median,23700,HMRC personal income by tax year (London Datastore),borough,financial year 2013-14 assigned to start year; analysis metric
E09000018,Hounslow,2013,income_taxpayers,130000,HMRC personal income by tax year (London Datastore),borough,financial year 2013-14 assigned to start year; supplementary
E09000018,Hounslow,2014,income_mean,36800,HMRC personal income by tax year (London Datastore),borough,financial year 2014-15 assigned to start year; supplementary
E09000018,Hounslow,2014,income_median,24700,HMRC personal income by tax year (London Datastore),borough,financial year 2014-15 assigned to start year; analysis metric
E09000018,Hounslow,2014,income_taxpayers,129000,HMRC personal income by tax year (London Datastore),borough,financial year 2014-15 assigned to start year; supplementary
E09000018,Hounslow,2015,income_mean,38400,HMRC personal income by tax year (London Datastore),borough,financial year 2015-16 assigned to start year; supplementary
E09000018,Hounslow,2015,income_median,25000,HMRC personal income by tax year (London Datastore),borough,financial year 2015-16 assigned to start year; analysis metric
E09000018,Hounslow,2015,income_taxpayers,135000,HMRC personal income by tax year (London Datastore),borough,financial year 2015-16 assigned to start year; supplementary
E09000018,Hounslow,2016,income_mean,39900,HMRC personal income by tax year (London Datastore),borough,financial year 2016-17 assigned to start year; supplementary
E09000018,Hounslow,2016,income_median,26100,HMRC personal income by tax year (London Datastore),borough,financial year 2016-17 assigned to start year; analysis metric
E09000018,Hounslow,2016,income_taxpayers,140000,HMRC personal income by tax year (London Datastore),borough,financial year 2016-17 assigned to start year; supplementary
E09000018,Hounslow,2017,income_mean,40300,HMRC personal income by tax year (London Datastore),borough,financial year 2017-18 assigned to start year; supplementary
E09000018,Hounslow,2017,income_median,26400,HMRC personal income by tax year (London Datastore),borough,financial year 2017-18 assigned to start year; analysis metric
E09000018,Hounslow,2017,income_taxpayers,135000,HMRC personal income by tax year (London Datastore),borough,financial year 2017-18 assigned to start year; supplementary
E09000018,Hounslow,2018,income_mean,42000,HMRC personal income by tax year (London Datastore),borough,financial year 2018-19 assigned to start year; supplementary
E09000018,Hounslow,2018,income_median,27800,HMRC personal income by tax year (London Datastore),borough,financial year 2018-19 assigned to start year; analysis metric
E09000018,Hounslow,2018,income_taxpayers,140000,HMRC personal income by tax year (London Datastore),borough,financial year 2018-19 assigned to start year; supplementary
E09000018,Hounslow,2019,income_mean,41700,HMRC personal income by tax year (London Datastore),borough,financial year 2019-20 assigned to start year; supplementary
E09000018,Hounslow,2019,income_median,27500,HMRC personal income by tax year (London Datastore),borough,financial year 2019-20 assigned to start year; analysis metric
E09000018,Hounslow,2019,income_taxpayers,136000,HMRC personal income by tax year (London Datastore),borough,financial year 2019-20 assigned to start year; supplementary
E09000018,Hounslow,2020,income_mean,43000,HMRC personal income by tax year (London Datastore),borough,financial year 2020-21 assigned to start year; supplementary
E09000018,Hounslow,2020,income_median,28500,HMRC personal income by tax year (London Datastore),borough,financial year 2020-21 assigned to start year; analysis metric
E09000018,Hounslow,2020,income_taxpayers,135000,HMRC personal income by tax year (London Datastore),borough,financial year 2020-21 assigned to start year; supplementary
E09000018,Hounslow,2021,income_mean,45400,HMRC personal income by tax year (London Datastore),borough,financial year 2021-22 assigned to start year; supplementary
E09000018,Hounslow,2021,income_median,29300,HMRC personal income by tax year (London Datastore),borough,financial year 2021-22 assigned to start year; analysis metric
E09000018,Hounslow,2021,income_taxpayers,140000,HMRC personal income by tax year (London Datastore),borough,financial year 2021-22 assigned to start year; supplementary
E09000018,Hounslow,2022,income_mean,46000,HMRC personal income by tax year (London Datastore),borough,financial year 2022-23 assigned to start year; supplementary
E09000018,Hounslow,2022,income_median,30600,HMRC personal income by tax year (London Datastore),borough,financial year 2022-23 assigned to start year; analysis metric
E09000018,Hounslow,2022,income_taxpayers,149000,HMRC personal income by tax year (London Datastore),borough,financial year 2022-23 assigned to start year; supplementary
E09000018,Hounslow,2023,income_mean,47100,HMRC personal income by tax year (London Datastore),borough,financial year 2023-24 assigned to start year; supplementary
E09000018,Hounslow,2023,income_median,31900,HMRC personal income by tax year (London Datastore),borough,financial year 2023-24 assigned to start year; analysis metric
E09000018,Hounslow,2023,income_taxpayers,159000,HMRC personal income by tax year (London Datastore),borough,financial year 2023-24 assigned to start year; supplementary
E09000019,Islington,1999,income_mean,31100,HMRC personal income by tax year (London Datastore),borough,financial year 1999-00 assigned to start year; supplementary
E09000019,Islington,1999,income_median,19900,HMRC personal income by tax year (London Datastore),borough,financial year 1999-00 assigned to start year; analysis metric
E09000019,Islington,1999,income_taxpayers,69000,HMRC personal income by tax year (London Datastore),borough,financial year 1999-00 assigned to start year; supplementary
E09000019,Islington,2000,income_mean,30000,HMRC personal income by tax year (London Datastore),borough,financial year 2000-01 assigned to start year; supplementary
E09000019,Islington,2000,income_median,17600,HMRC personal income by tax year (London Datastore),borough,financial year 2000-01 assigned to start year; analysis metric
E09000019,Islington,2000,income_taxpayers,93000,HMRC personal income by tax year (London Datastore),borough,financial year 2000-01 assigned to start year; supplementary
E09000019,Islington,2001,income_mean,33500,HMRC personal income by tax year (London Datastore),borough,financial year 2001-02 assigned to start year; supplementary
E09000019,Islington,2001,income_median,18700,HMRC personal income by tax year (London Datastore),borough,financial year 2001-02 assigned to start year; analysis metric
E09000019,Islington,2001,income_taxpayers,82000,HMRC personal income by tax year (London Datastore),borough,financial year 2001-02 assigned to start year; supplementary
E09000019,Islington,2002,income_mean,36300,HMRC personal income by tax year (London Datastore),borough,financial year 2002-03 assigned to start year; supplementary
E09000019,Islington,2002,income_median,19100,HMRC personal income by tax year (London Datastore),borough,financial year 2002-03 assigned to start year; analysis metric
E09000019,Islington,2002,income_taxpayers,86000,HMRC personal income by tax year (London Datastore),borough,financial year 2002-03 assigned to start year; supplementary
E09000019,Islington,2003,income_mean,36800,HMRC personal income by tax year (London Datastore),borough,financial year 2003-04 assigned to start year; supplementary
E09000019,Islington,2003,income_median,21500,HMRC personal income by tax year (London Datastore),borough,financial year 2003-04 assigned to start year; analysis metric
E09000019,Islington,2003,income_taxpayers,80000,HMRC personal income by tax year (London Datastore),borough,financial year 2003-04 assigned to start year; supplementary
E09000019,Islington,2004,income_mean,35400,HMRC personal income by tax year (London Datastore),borough,financial year 2004-05 assigned to start year; supplementary
E09000019,Islington,2004,income_median,20800,HMRC personal income by tax year (London Datastore),borough,financial year 2004-05 assigned to start year; analysis metric
E09000019,Islington,2004,income_taxpayers,92000,HMRC personal income by tax year (London Datastore),borough,financial year 2004-05 assigned to start year; supplementary
E09000019,Islington,2005,income_mean,39000,HMRC personal income by tax year (London Datastore),borough,financial year 2005-06 assigned to start year; supplementary
E09000019,Islington,2005,income_median,22800,HMRC personal income by tax year (London Datastore),borough,financial year 2005-06 assigned to start year; analysis metric
E09000019,Islington,2005,income_taxpayers,92000,HMRC personal income by tax year (London Datastore),borough,financial year 2005-06 assigned to start year; supplementary
E09000019,Islington,2006,income_mean,41400,HMRC personal income by tax year (London Datastore),borough,financial year 2006-07 assigned to start year; supplementary
E09000019,Islington,2006,income_median,23100,HMRC personal income by tax year (London Datastore),borough,financial year 2006-07 assigned to start year; analysis metric
E09000019,Islington,2006,income_taxpayers,96000,HMRC personal income by tax year (London Datastore),borough,financial year 2006-07 assigned to start year; supplementary
E09000019,Islington,2007,income_mean,43300,HMRC personal income by tax year (London Datastore),borough,financial year 2007-08 assigned to start year; supplementary
E09000019,Islington,2007,income_median,24400,HMRC personal income by tax year (London Datastore),borough,financial year 2007-08 assigned to start year; analysis metric
E09000019,Islington,2007,income_taxpayers,105000,HMRC personal income by tax year (London Datastore),borough,financial year 2007-08 assigned to start year; supplementary
E09000019,Islington,2009,income_mean,48400,HMRC personal income by tax year (London Datastore),borough,financial year 2009-10 assigned to start year; supplementary
E09000019,Islington,2009,income_median,27100,HMRC personal income by tax year (London Datastore),borough,financial year 2009-10 assigned to start year; analysis metric
E09000019,Islington,2009,income_taxpayers,98000,HMRC personal income by tax year (London Datastore),borough,financial year 2009-10 assigned to start year; supplementary
E09000019,Islington,2010,income_mean,47600,HMRC personal income by tax year (London Datastore),borough,financial year 2010-11 assigned to start year; supplementary
E09000019,Islington,2010,income_median,26100,HMRC personal income by tax year (London Datastore),borough,financial year 2010-11 assigned to start year; analysis metric
E09000019,Islington,2010,income_taxpayers,101000,HMRC personal income by tax year (London Datastore),borough,financial year 2010-11 assigned to start year; supplementary
E09000019,Islington,2011,income_mean,47200,HMRC personal income by tax year (London Datastore),borough,financial year 2011-12 assigned to start year; supplementary
E09000019,Islington,2011,income_median,28100,HMRC personal income by tax year (London Datastore),borough,financial year 2011-12 assigned to start year; analysis metric
E09000019,Islington,2011,income_taxpayers,105000,HMRC personal income by tax year (London Datastore),borough,financial year 2011-12 assigned to start year; supplementary
E09000019,Islington,2012,income_mean,48400,HMRC personal income by tax year (London Datastore),borough,financial year 2012-13 assigned to start year; supplementary
E09000019,Islington,2012,income_median,28500,HMRC personal income by tax year (London Datastore),borough,financial year 2012-13 assigned to start year; analysis metric
E09000019,Islington,2012,income_taxpayers,105000,HMRC personal income by tax year (London Datastore),borough,financial year 2012-13 assigned to start year; supplementary
E09000019,Islington,2013,income_mean,51900,HMRC personal income by tax year (London Datastore),borough,financial year 2013-14 assigned to start year; supplementary
E09000019,Islington,2013,income_median,28700,HMRC personal income by tax year (London Datastore),borough,financial year 2013-14 assigned to start year; analysis metric
E09000019,Islington,2013,income_taxpayers,104000,HMRC personal income by tax year (London Datastore),borough,financial year 2013-14 assigned to start year; supplementary
E09000019,Islington,2014,income_mean,56800,HMRC personal income by tax year (London Datastore),borough,financial year 2014-15 assigned to start year; supplementary
E09000019,Islington,2014,income_median,31000,HMRC personal income by tax year (London Datastore),borough,financial year 2014-15 assigned to start year; analysis metric
E09000019,Islington,2014,income_taxpayers,102000,HMRC personal income by tax year (London Datastore),borough,financial year 2014-15 assigned to start year; supplementary
E09000019,Islington,2015,income_mean,58900,HMRC personal income by tax year (London Datastore),borough,financial year 2015-16 assigned to start year; supplementary
E09000019,Islington,2015,income_median,31100,HMRC personal income by tax year (London Datastore),borough,financial year 2015-16 assigned to start year; analysis metric
E09000019,Islington,2015,income_taxpayers,109000,HMRC personal income by tax year (London Datastore),borough,financial year 2015-16 assigned to start year; supplementary
E09000019,Islington,2016,income_mean,59500,HMRC personal income by tax year (London Datastore),borough,financial year 2016-17 assigned to start year; supplementary
E09000019,Islington,2016,income_median,32900,HMRC personal income by tax year (London Datastore),borough,financial year 2016-17 assigned to start year; analysis metric
E09000019,Islington,2016,income_taxpayers,114000,HMRC personal income by tax year (London Datastore),borough,financial year 2016-17 assigned to start year; supplementary
E09000019,Islington,2017,income_mean,62100,HMRC personal income by tax year (London Datastore),borough,financial year 2017-18 assigned to start year; supplementary
E09000019,Islington,2017,income_median,33400,HMRC personal income by tax year (London Datastore),borough,financial year 2017-18 assigned to start year; analysis metric
E09000019,Islington,2017,income_taxpayers,106000,HMRC personal income by tax year (London Datastore),borough,financial year 2017-18 assigned to start year; supplementary
E09000019,Islington,2018,income_mean,63900,HMRC personal income by tax year (London Datastore),borough,financial year 2018-19 assigned to start year; supplementary
E09000019,Islington,2018,income_median,35100,HMRC personal income by tax year (London Datastore),borough,financial year 2018-19 assigned to start year; analysis metric
E09000019,Islington,2018,income_taxpayers,113000,HMRC personal income by tax year (London Datastore),borough,financial year 2018-19 assigned to start year; supplementary
E09000019,Islington,2019,income_mean,66100,HMRC personal income by tax year (London Datastore),borough,financial year 2019-20 assigned to start year; supplementary
E09000019,Islington,2019,income_median,36400,HMRC personal income by tax year (London Datastore),borough,financial year 2019-20 assigned to start year; analysis metric
E09000019,Islington,2019,income_taxpayers,109000,HMRC personal income by tax year (London Datastore),borough,financial year 2019-20 assigned to start year; supplementary
E09000019,Islington,2020,income_mean,70100,HMRC personal income by tax year (London Datastore),borough,financial year 2020-21 assigned to start year; supplementary
E09000019,Islington,2020,income_median,35600,HMRC personal income by tax year (London Datastore),borough,financial year 2020-21 assigned to start year; analysis metric
E09000019,Islington,2020,income_taxpayers,107000,HMRC personal income by tax year (London Datastore),borough,financial year 2020-21 assigned to start year; supplementary
E09000019,Islington,2021,income_mean,76600,HMRC personal income by tax year (London Datastore),borough,financial year 2021-22 assigned to start year; supplementary
E09000019,Islington,2021,income_median,38200,HMRC personal income by tax year (London Datastore),borough,financial year 2021-22 assigned to start year; analysis metric
E09000019,Islington,2021,income_taxpayers,110000,HMRC personal income by tax year (London Datastore),borough,financial year 2021-22 assigned to start year; supplementary
E09000019,Islington,2022,income_mean,76000,HMRC personal income by tax year (London Datastore),borough,financial year 2022-23 assigned to start year; supplementary
E09000019,Islington,2022,income_median,40300,HMRC personal income by tax year (London Datastore),borough,financial year 2022-23 assigned to start year; analysis metric
E09000019,Islington,2022,income_taxpayers,116000,HMRC personal income by tax year (London Datastore),borough,financial year 2022-23 assigned to start year; supplementary
E09000019,Islington,2023,income_mean,79000,HMRC personal income by tax year (London Datastore),borough,financial year 2023-24 assigned to start year; supplementary
E09000019,Islington,2023,income_median,40800,HMRC personal income by tax year (London Datastore),borough,financial year 2023-24 assigned to start year; analysis metric
E09000019,Islington,2023,income_taxpayers,121000,HMRC personal income by tax year (London Datastore),borough,financial year 2023-24 assigned to start year; supplementary
E09000020,Kensington and Chelsea,1999,income_mean,58200,HMRC personal income by tax year (London Datastore),borough,financial year 1999-00 assigned to start year; supplementary
E09000020,Kensington and Chelsea,1999,income_median,18200,HMRC personal income by tax year (London Datastore),borough,financial year 1999-00 assigned to start year; analysis metric
E09000020,Kensington and Chelsea,1999,income_taxpayers,73000,HMRC personal income by tax year (London Datastore),borough,financial year 1999-00 assigned to start year; supplementary
E09000020,Kensington and Chelsea,2000,income_mean,86500,HMRC personal income by tax year (London Datastore),borough,financial year 2000-01 assigned to start year; supplementary
E09000020,Kensington and Chelsea,2000,income_median,25200,HMRC personal income by tax year (London Datastore),borough,financial year 2000-01 assigned to start year; analysis metric
E09000020,Kensington and Chelsea,2000,income_taxpayers,74000,HMRC personal income by tax year (London Datastore),borough,financial year 2000-01 assigned to start year; supplementary
E09000020,Kensington and Chelsea,2001,income_mean,78900,HMRC personal income by tax year (London Datastore),borough,financial year 2001-02 assigned to start year; supplementary
E09000020,Kensington and Chelsea,2001,income_median,25900,HMRC personal income by tax year (London Datastore),borough,financial year 2001-02 assigned to start year; analysis metric
E09000020,Kensington and Chelsea,2001,income_taxpayers,75000,HMRC personal income by tax year (London Datastore),borough,financial year 2001-02 assigned to start year; supplementary
E09000020,Kensington and Chelsea,2002,income_mean,72900,HMRC personal income by tax year (London Datastore),borough,financial year 2002-03 assigned to start year; supplementary
E09000020,Kensington and Chelsea,2002,income_median,25400,HMRC personal income by tax year (London Datastore),borough,financial year 2002-03 assigned to start year; analysis metric
E09000020,Kensington and Chelsea,2002,income_taxpayers,68000,HMRC personal income by tax year (London Datastore),borough,financial year 2002-03 assigned to start year; supplementary
E09000020,Kensington and Chelsea,2003,income_mean,84900,HMRC personal income by tax year (London Datastore),borough,financial year 2003-04 assigned to start year; supplementary
E09000020,Kensington and Chelsea,2003,income_median,24000,HMRC personal income by tax year (London Datastore),borough,financial year 2003-04 assigned to start year; analysis metric
E09000020,Kensington and Chelsea,2003,income_taxpayers,64000,HMRC personal income by tax year (London Datastore),borough,financial year 2003-04 assigned to start year; supplementary
E09000020,Kensington and Chelsea,2004,income_mean,86600,HMRC personal income by tax year (London Datastore),borough,financial year 2004-05 assigned to start year; supplementary
E09000020,Kensington and Chelsea,2004,income_median,22400,HMRC personal income by tax year (London Datastore),borough,financial year 2004-05 assigned to start year; analysis metric
E09000020,Kensington and Chelsea,2004,income_taxpayers,74000,HMRC personal income by tax year (London Datastore),borough,financial year 2004-05 assigned to start year; supplementary
E09000020,Kensington and Chelsea,2005,income_mean,109000,HMRC personal income by tax year (London Datastore),borough,financial year 2005-06 assigned to start year; supplementary
E09000020,Kensington and Chelsea,2005,income_median,27300,HMRC personal income by tax year (London Datastore),borough,financial year 2005-06 assigned to start year; analysis metric
E09000020,Kensington and Chelsea,2005,income_taxpayers,74000,HMRC personal income by tax year (London Datastore),borough,financial year 2005-06 assigned to start year; supplementary
E09000020,Kensington and Chelsea,2006,income_mean,122000,HMRC personal income by tax year (London Datastore),borough,financial year 2006-07 assigned to start year; supplementary
E09000020,Kensington and Chelsea,2006,income_median,27500,HMRC personal income by tax year (London Datastore),borough,financial year 2006-07 assigned to start year; analysis metric
E09000020,Kensington and Chelsea,2006,income_taxpayers,73000,HMRC personal income by tax year (London Datastore),borough,financial year 2006-07 assigned to start year; supplementary
E09000020,Kensington and Chelsea,2007,income_mean,151000,HMRC personal income by tax year (London Datastore),borough,financial year 2007-08 assigned to start year; supplementary
E09000020,Kensington and Chelsea,2007,income_median,31900,HMRC personal income by tax year (London Datastore),borough,financial year 2007-08 assigned to start year; analysis metric
E09000020,Kensington and Chelsea,2007,income_taxpayers,74000,HMRC personal income by tax year (London Datastore),borough,financial year 2007-08 assigned to start year; supplementary
E09000020,Kensington and Chelsea,2009,income_mean,161000,HMRC personal income by tax year (London Datastore),borough,financial year 2009-10 assigned to start year; supplementary
E09000020,Kensington and Chelsea,2009,income_median,34100,HMRC personal income by tax year (London Datastore),borough,financial year 2009-10 assigned to start year; analysis metric
E09000020,Kensington and Chelsea,2009,income_taxpayers,70000,HMRC personal income by tax year (London Datastore),borough,financial year 2009-10 assigned to start year; supplementary
E09000020,Kensington and Chelsea,2010,income_mean,128000,HMRC personal income by tax year (London Datastore),borough,financial year 2010-11 assigned to start year; supplementary
E09000020,Kensington and Chelsea,2010,income_median,31700,HMRC personal income by tax year (London Datastore),borough,financial year 2010-11 assigned to start year; analysis metric
E09000020,Kensington and Chelsea,2010,income_taxpayers,72000,HMRC personal income by tax year (London Datastore),borough,financial year 2010-11 assigned to start year; supplementary
E09000020,Kensington and Chelsea,2011,income_mean,137000,HMRC personal income by tax year (London Datastore),borough,financial year 2011-12 assigned to start year; supplementary
E09000020,Kensington and Chelsea,2011,income_median,37200,HMRC personal income by tax year (London Datastore),borough,financial year 2011-12 assigned to start year; analysis metric
E09000020,Kensington and Chelsea,2011,income_taxpayers,70000,HMRC personal income by tax year (London Datastore),borough,financial year 2011-12 assigned to start year; supplementary
E09000020,Kensington and Chelsea,2012,income_mean,131000,HMRC personal income by tax year (London Datastore),borough,financial year 2012-13 assigned to start year; supplementary
E09000020,Kensington and Chelsea,2012,income_median,37800,HMRC personal income by tax year (London Datastore),borough,financial year 2012-13 assigned to start year; analysis metric
E09000020,Kensington and Chelsea,2012,income_taxpayers,70000,HMRC personal income by tax year (London Datastore),borough,financial year 2012-13 assigned to start year; supplementary
E09000020,Kensington and Chelsea,2013,income_mean,156000,HMRC personal income by tax year (London Datastore),borough,financial year 2013-14 assigned to start year; supplementary
E09000020,Kensington and Chelsea,2013,income_median,37600,HMRC personal income by tax year (London Datastore),borough,financial year 2013-14 assigned to start year; analysis metric
E09000020,Kensington and Chelsea,2013,income_taxpayers,71000,HMRC personal income by tax year (London Datastore),borough,financial year 2013-14 assigned to start year; supplementary
E09000020,Kensington and Chelsea,2014,income_mean,158000,HMRC personal income by tax year (London Datastore),borough,financial year 2014-15 assigned to start year; supplementary
E09000020,Kensington and Chelsea,2014,income_median,38700,HMRC personal income by tax year (London Datastore),borough,financial year 2014-15 assigned to start year; analysis metric
E09000020,Kensington and Chelsea,2014,income_taxpayers,71000,HMRC personal income by tax year (London Datastore),borough,financial year 2014-15 assigned to start year; supplementary
E09000020,Kensington and Chelsea,2015,income_mean,178000,HMRC personal income by tax year (London Datastore),borough,financial year 2015-16 assigned to start year; supplementary
E09000020,Kensington and Chelsea,2015,income_median,37500,HMRC personal income by tax year (London Datastore),borough,financial year 2015-16 assigned to start year; analysis metric
E09000020,Kensington and Chelsea,2015,income_taxpayers,74000,HMRC personal income by tax year (London Datastore),borough,financial year 2015-16 assigned to start year; supplementary
E09000020,Kensington and Chelsea,2016,income_mean,171000,HMRC personal income by tax year (London Datastore),borough,financial year 2016-17 assigned to start year; supplementary
E09000020,Kensington and Chelsea,2016,income_median,39500,HMRC personal income by tax year (London Datastore),borough,financial year 2016-17 assigned to start year; analysis metric
E09000020,Kensington and Chelsea,2016,income_taxpayers,72000,HMRC personal income by tax year (London Datastore),borough,financial year 2016-17 assigned to start year; supplementary
E09000020,Kensington and Chelsea,2017,income_mean,177000,HMRC personal income by tax year (London Datastore),borough,financial year 2017-18 assigned to start year; supplementary
E09000020,Kensington and Chelsea,2017,income_median,40400,HMRC personal income by tax year (London Datastore),borough,financial year 2017-18 assigned to start year; analysis metric
E09000020,Kensington and Chelsea,2017,income_taxpayers,68000,HMRC personal income by tax year (London Datastore),borough,financial year 2017-18 assigned to start year; supplementary
E09000020,Kensington and Chelsea,2018,income_mean,173000,HMRC personal income by tax year (London Datastore),borough,financial year 2018-19 assigned to start year; supplementary
E09000020,Kensington and Chelsea,2018,income_median,39300,HMRC personal income by tax year (London Datastore),borough,financial year 2018-19 assigned to start year; analysis metric
E09000020,Kensington and Chelsea,2018,income_taxpayers,72000,HMRC personal income by tax year (London Datastore),borough,financial year 2018-19 assigned to start year; supplementary
E09000020,Kensington and Chelsea,2019,income_mean,185000,HMRC personal income by tax year (London Datastore),borough,financial year 2019-20 assigned to start year; supplementary
E09000020,Kensington and Chelsea,2019,income_median,42100,HMRC personal income by tax year (London Datastore),borough,financial year 2019-20 assigned to start year; analysis metric
E09000020,Kensington and Chelsea,2019,income_taxpayers,67000,HMRC personal income by tax year (London Datastore),borough,financial year 2019-20 assigned to start year; supplementary
E09000020,Kensington and Chelsea,2020,income_mean,198000,HMRC personal income by tax year (London Datastore),borough,financial year 2020-21 assigned to start year; supplementary
E09000020,Kensington and Chelsea,2020,income_median,43300,HMRC personal income by tax year (London Datastore),borough,financial year 2020-21 assigned to start year; analysis metric
E09000020,Kensington and Chelsea,2020,income_taxpayers,69000,HMRC personal income by tax year (London Datastore),borough,financial year 2020-21 assigned to start year; supplementary
E09000020,Kensington and Chelsea,2021,income_mean,208000,HMRC personal income by tax year (London Datastore),borough,financial year 2021-22 assigned to start year; supplementary
E09000020,Kensington and Chelsea,2021,income_median,43900,HMRC personal income by tax year (London Datastore),borough,financial year 2021-22 assigned to start year; analysis metric
E09000020,Kensington and Chelsea,2021,income_taxpayers,68000,HMRC personal income by tax year (London Datastore),borough,financial year 2021-22 assigned to start year; supplementary
E09000020,Kensington and Chelsea,2022,income_mean,209000,HMRC personal income by tax year (London Datastore),borough,financial year 2022-23 assigned to start year; supplementary
E09000020,Kensington and Chelsea,2022,income_median,47700,HMRC personal income by tax year (London Datastore),borough,financial year 2022-23 assigned to start year; analysis metric
E09000020,Kensington and Chelsea,2022,income_taxpayers,70000,HMRC personal income by tax year (London Datastore),borough,financial year 2022-23 assigned to start year; supplementary
E09000020,Kensington and Chelsea,2023,income_mean,209000,HMRC personal income by tax year (London Datastore),borough,financial year 2023-24 assigned to start year; supplementary
E09000020,Kensington and Chelsea,2023,income_median,47800,HMRC personal income by tax year (London Datastore),borough,financial year 2023-24 assigned to start year; analysis metric
E09000020,Kensington and Chelsea,2023,income_taxpayers,74000,HMRC personal income by tax year (London Datastore),borough,financial year 2023-24 assigned to start year; supplementary
E09000021,Kingston upon Thames,1999,income_mean,28400,HMRC personal income by tax year (London Datastore),borough,financial year 1999-00 assigned to start year; supplementary
E09000021,Kingston upon Thames,1999,income_median,20900,HMRC personal income by tax year (London Datastore),borough,financial year 1999-00 assigned to start year; analysis metric
E09000021,Kingston upon Thames,1999,income_taxpayers,71000,HMRC personal income by tax year (London Datastore),borough,financial year 1999-00 assigned to start year; supplementary
E09000021,Kingston upon Thames,2000,income_mean,26400,HMRC personal income by tax year (London Datastore),borough,financial year 2000-01 assigned to start year; supplementary
E09000021,Kingston upon Thames,2000,income_median,18800,HMRC personal income by tax year (London Datastore),borough,financial year 2000-01 assigned to start year; analysis metric
E09000021,Kingston upon Thames,2000,income_taxpayers,77000,HMRC personal income by tax year (London Datastore),borough,financial year 2000-01 assigned to start year; supplementary
E09000021,Kingston upon Thames,2001,income_mean,28400,HMRC personal income by tax year (London Datastore),borough,financial year 2001-02 assigned to start year; supplementary
E09000021,Kingston upon Thames,2001,income_median,19500,HMRC personal income by tax year (London Datastore),borough,financial year 2001-02 assigned to start year; analysis metric
E09000021,Kingston upon Thames,2001,income_taxpayers,77000,HMRC personal income by tax year (London Datastore),borough,financial year 2001-02 assigned to start year; supplementary
E09000021,Kingston upon Thames,2002,income_mean,27900,HMRC personal income by tax year (London Datastore),borough,financial year 2002-03 assigned to start year; supplementary
E09000021,Kingston upon Thames,2002,income_median,20700,HMRC personal income by tax year (London Datastore),borough,financial year 2002-03 assigned to start year; analysis metric
E09000021,Kingston upon Thames,2002,income_taxpayers,79000,HMRC personal income by tax year (London Datastore),borough,financial year 2002-03 assigned to start year; supplementary
E09000021,Kingston upon Thames,2003,income_mean,28300,HMRC personal income by tax year (London Datastore),borough,financial year 2003-04 assigned to start year; supplementary
E09000021,Kingston upon Thames,2003,income_median,20100,HMRC personal income by tax year (London Datastore),borough,financial year 2003-04 assigned to start year; analysis metric
E09000021,Kingston upon Thames,2003,income_taxpayers,78000,HMRC personal income by tax year (London Datastore),borough,financial year 2003-04 assigned to start year; supplementary
E09000021,Kingston upon Thames,2004,income_mean,30500,HMRC personal income by tax year (London Datastore),borough,financial year 2004-05 assigned to start year; supplementary
E09000021,Kingston upon Thames,2004,income_median,20400,HMRC personal income by tax year (London Datastore),borough,financial year 2004-05 assigned to start year; analysis metric
E09000021,Kingston upon Thames,2004,income_taxpayers,82000,HMRC personal income by tax year (London Datastore),borough,financial year 2004-05 assigned to start year; supplementary
E09000021,Kingston upon Thames,2005,income_mean,33400,HMRC personal income by tax year (London Datastore),borough,financial year 2005-06 assigned to start year; supplementary
E09000021,Kingston upon Thames,2005,income_median,22400,HMRC personal income by tax year (London Datastore),borough,financial year 2005-06 assigned to start year; analysis metric
E09000021,Kingston upon Thames,2005,income_taxpayers,86000,HMRC personal income by tax year (London Datastore),borough,financial year 2005-06 assigned to start year; supplementary
E09000021,Kingston upon Thames,2006,income_mean,34300,HMRC personal income by tax year (London Datastore),borough,financial year 2006-07 assigned to start year; supplementary
E09000021,Kingston upon Thames,2006,income_median,22900,HMRC personal income by tax year (London Datastore),borough,financial year 2006-07 assigned to start year; analysis metric
E09000021,Kingston upon Thames,2006,income_taxpayers,85000,HMRC personal income by tax year (London Datastore),borough,financial year 2006-07 assigned to start year; supplementary
E09000021,Kingston upon Thames,2007,income_mean,38200,HMRC personal income by tax year (London Datastore),borough,financial year 2007-08 assigned to start year; supplementary
E09000021,Kingston upon Thames,2007,income_median,25200,HMRC personal income by tax year (London Datastore),borough,financial year 2007-08 assigned to start year; analysis metric
E09000021,Kingston upon Thames,2007,income_taxpayers,82000,HMRC personal income by tax year (London Datastore),borough,financial year 2007-08 assigned to start year; supplementary
E09000021,Kingston upon Thames,2009,income_mean,39200,HMRC personal income by tax year (London Datastore),borough,financial year 2009-10 assigned to start year; supplementary
E09000021,Kingston upon Thames,2009,income_median,25600,HMRC personal income by tax year (London Datastore),borough,financial year 2009-10 assigned to start year; analysis metric
E09000021,Kingston upon Thames,2009,income_taxpayers,78000,HMRC personal income by tax year (London Datastore),borough,financial year 2009-10 assigned to start year; supplementary
E09000021,Kingston upon Thames,2010,income_mean,35500,HMRC personal income by tax year (London Datastore),borough,financial year 2010-11 assigned to start year; supplementary
E09000021,Kingston upon Thames,2010,income_median,24800,HMRC personal income by tax year (London Datastore),borough,financial year 2010-11 assigned to start year; analysis metric
E09000021,Kingston upon Thames,2010,income_taxpayers,88000,HMRC personal income by tax year (London Datastore),borough,financial year 2010-11 assigned to start year; supplementary
E09000021,Kingston upon Thames,2011,income_mean,38700,HMRC personal income by tax year (London Datastore),borough,financial year 2011-12 assigned to start year; supplementary
E09000021,Kingston upon Thames,2011,income_median,26000,HMRC personal income by tax year (London Datastore),borough,financial year 2011-12 assigned to start year; analysis metric
E09000021,Kingston upon Thames,2011,income_taxpayers,82000,HMRC personal income by tax year (London Datastore),borough,financial year 2011-12 assigned to start year; supplementary
E09000021,Kingston upon Thames,2012,income_mean,39900,HMRC personal income by tax year (London Datastore),borough,financial year 2012-13 assigned to start year; supplementary
E09000021,Kingston upon Thames,2012,income_median,26500,HMRC personal income by tax year (London Datastore),borough,financial year 2012-13 assigned to start year; analysis metric
E09000021,Kingston upon Thames,2012,income_taxpayers,83000,HMRC personal income by tax year (London Datastore),borough,financial year 2012-13 assigned to start year; supplementary
E09000021,Kingston upon Thames,2013,income_mean,41900,HMRC personal income by tax year (London Datastore),borough,financial year 2013-14 assigned to start year; supplementary
E09000021,Kingston upon Thames,2013,income_median,26100,HMRC personal income by tax year (London Datastore),borough,financial year 2013-14 assigned to start year; analysis metric
E09000021,Kingston upon Thames,2013,income_taxpayers,84000,HMRC personal income by tax year (London Datastore),borough,financial year 2013-14 assigned to start year; supplementary
E09000021,Kingston upon Thames,2014,income_mean,43600,HMRC personal income by tax year (London Datastore),borough,financial year 2014-15 assigned to start year; supplementary
E09000021,Kingston upon Thames,2014,income_median,29100,HMRC personal income by tax year (London Datastore),borough,financial year 2014-15 assigned to start year; analysis metric
E09000021,Kingston upon Thames,2014,income_taxpayers,79000,HMRC personal income by tax year (London Datastore),borough,financial year 2014-15 assigned to start year; supplementary
E09000021,Kingston upon Thames,2015,income_mean,45800,HMRC personal income by tax year (London Datastore),borough,financial year 2015-16 assigned to start year; supplementary
E09000021,Kingston upon Thames,2015,income_median,30300,HMRC personal income by tax year (London Datastore),borough,financial year 2015-16 assigned to start year; analysis metric
E09000021,Kingston upon Thames,2015,income_taxpayers,80000,HMRC personal income by tax year (London Datastore),borough,financial year 2015-16 assigned to start year; supplementary
E09000021,Kingston upon Thames,2016,income_mean,44500,HMRC personal income by tax year (London Datastore),borough,financial year 2016-17 assigned to start year; supplementary
E09000021,Kingston upon Thames,2016,income_median,30200,HMRC personal income by tax year (London Datastore),borough,financial year 2016-17 assigned to start year; analysis metric
E09000021,Kingston upon Thames,2016,income_taxpayers,86000,HMRC personal income by tax year (London Datastore),borough,financial year 2016-17 assigned to start year; supplementary
E09000021,Kingston upon Thames,2017,income_mean,48700,HMRC personal income by tax year (London Datastore),borough,financial year 2017-18 assigned to start year; supplementary
E09000021,Kingston upon Thames,2017,income_median,32400,HMRC personal income by tax year (London Datastore),borough,financial year 2017-18 assigned to start year; analysis metric
E09000021,Kingston upon Thames,2017,income_taxpayers,79000,HMRC personal income by tax year (London Datastore),borough,financial year 2017-18 assigned to start year; supplementary
E09000021,Kingston upon Thames,2018,income_mean,50300,HMRC personal income by tax year (London Datastore),borough,financial year 2018-19 assigned to start year; supplementary
E09000021,Kingston upon Thames,2018,income_median,33300,HMRC personal income by tax year (London Datastore),borough,financial year 2018-19 assigned to start year; analysis metric
E09000021,Kingston upon Thames,2018,income_taxpayers,84000,HMRC personal income by tax year (London Datastore),borough,financial year 2018-19 assigned to start year; supplementary
E09000021,Kingston upon Thames,2019,income_mean,50500,HMRC personal income by tax year (London Datastore),borough,financial year 2019-20 assigned to start year; supplementary
E09000021,Kingston upon Thames,2019,income_median,33500,HMRC personal income by tax year (London Datastore),borough,financial year 2019-20 assigned to start year; analysis metric
E09000021,Kingston upon Thames,2019,income_taxpayers,84000,HMRC personal income by tax year (London Datastore),borough,financial year 2019-20 assigned to start year; supplementary
E09000021,Kingston upon Thames,2020,income_mean,54000,HMRC personal income by tax year (London Datastore),borough,financial year 2020-21 assigned to start year; supplementary
E09000021,Kingston upon Thames,2020,income_median,34700,HMRC personal income by tax year (London Datastore),borough,financial year 2020-21 assigned to start year; analysis metric
E09000021,Kingston upon Thames,2020,income_taxpayers,81000,HMRC personal income by tax year (London Datastore),borough,financial year 2020-21 assigned to start year; supplementary
E09000021,Kingston upon Thames,2021,income_mean,56500,HMRC personal income by tax year (London Datastore),borough,financial year 2021-22 assigned to start year; supplementary
E09000021,Kingston upon Thames,2021,income_median,35900,HMRC personal income by tax year (London Datastore),borough,financial year 2021-22 assigned to start year; analysis metric
E09000021,Kingston upon Thames,2021,income_taxpayers,82000,HMRC personal income by tax year (London Datastore),borough,financial year 2021-22 assigned to start year; supplementary
E09000021,Kingston upon Thames,2022,income_mean,57300,HMRC personal income by tax year (London Datastore),borough,financial year 2022-23 assigned to start year; supplementary
E09000021,Kingston upon Thames,2022,income_median,37300,HMRC personal income by tax year (London Datastore),borough,financial year 2022-23 assigned to start year; analysis metric
E09000021,Kingston upon Thames,2022,income_taxpayers,91000,HMRC personal income by tax year (London Datastore),borough,financial year 2022-23 assigned to start year; supplementary
E09000021,Kingston upon Thames,2023,income_mean,61000,HMRC personal income by tax year (London Datastore),borough,financial year 2023-24 assigned to start year; supplementary
E09000021,Kingston upon Thames,2023,income_median,40800,HMRC personal income by tax year (London Datastore),borough,financial year 2023-24 assigned to start year; analysis metric
E09000021,Kingston upon Thames,2023,income_taxpayers,90000,HMRC personal income by tax year (London Datastore),borough,financial year 2023-24 assigned to start year; supplementary
E09000022,Lambeth,1999,income_mean,20700,HMRC personal income by tax year (London Datastore),borough,financial year 1999-00 assigned to start year; supplementary
E09000022,Lambeth,1999,income_median,15400,HMRC personal income by tax year (London Datastore),borough,financial year 1999-00 assigned to start year; analysis metric
E09000022,Lambeth,1999,income_taxpayers,131000,HMRC personal income by tax year (London Datastore),borough,financial year 1999-00 assigned to start year; supplementary
E09000022,Lambeth,2000,income_mean,21900,HMRC personal income by tax year (London Datastore),borough,financial year 2000-01 assigned to start year; supplementary
E09000022,Lambeth,2000,income_median,15300,HMRC personal income by tax year (London Datastore),borough,financial year 2000-01 assigned to start year; analysis metric
E09000022,Lambeth,2000,income_taxpayers,126000,HMRC personal income by tax year (London Datastore),borough,financial year 2000-01 assigned to start year; supplementary
E09000022,Lambeth,2001,income_mean,25600,HMRC personal income by tax year (London Datastore),borough,financial year 2001-02 assigned to start year; supplementary
E09000022,Lambeth,2001,income_median,18200,HMRC personal income by tax year (London Datastore),borough,financial year 2001-02 assigned to start year; analysis metric
E09000022,Lambeth,2001,income_taxpayers,119000,HMRC personal income by tax year (London Datastore),borough,financial year 2001-02 assigned to start year; supplementary
E09000022,Lambeth,2002,income_mean,25900,HMRC personal income by tax year (London Datastore),borough,financial year 2002-03 assigned to start year; supplementary
E09000022,Lambeth,2002,income_median,18800,HMRC personal income by tax year (London Datastore),borough,financial year 2002-03 assigned to start year; analysis metric
E09000022,Lambeth,2002,income_taxpayers,119000,HMRC personal income by tax year (London Datastore),borough,financial year 2002-03 assigned to start year; supplementary
E09000022,Lambeth,2003,income_mean,26600,HMRC personal income by tax year (London Datastore),borough,financial year 2003-04 assigned to start year; supplementary
E09000022,Lambeth,2003,income_median,20000,HMRC personal income by tax year (London Datastore),borough,financial year 2003-04 assigned to start year; analysis metric
E09000022,Lambeth,2003,income_taxpayers,119000,HMRC personal income by tax year (London Datastore),borough,financial year 2003-04 assigned to start year; supplementary
E09000022,Lambeth,2004,income_mean,26800,HMRC personal income by tax year (London Datastore),borough,financial year 2004-05 assigned to start year; supplementary
E09000022,Lambeth,2004,income_median,19900,HMRC personal income by tax year (London Datastore),borough,financial year 2004-05 assigned to start year; analysis metric
E09000022,Lambeth,2004,income_taxpayers,137000,HMRC personal income by tax year (London Datastore),borough,financial year 2004-05 assigned to start year; supplementary
E09000022,Lambeth,2005,income_mean,28700,HMRC personal income by tax year (London Datastore),borough,financial year 2005-06 assigned to start year; supplementary
E09000022,Lambeth,2005,income_median,20700,HMRC personal income by tax year (London Datastore),borough,financial year 2005-06 assigned to start year; analysis metric
E09000022,Lambeth,2005,income_taxpayers,134000,HMRC personal income by tax year (London Datastore),borough,financial year 2005-06 assigned to start year; supplementary
E09000022,Lambeth,2006,income_mean,30900,HMRC personal income by tax year (London Datastore),borough,financial year 2006-07 assigned to start year; supplementary
E09000022,Lambeth,2006,income_median,21600,HMRC personal income by tax year (London Datastore),borough,financial year 2006-07 assigned to start year; analysis metric
E09000022,Lambeth,2006,income_taxpayers,145000,HMRC personal income by tax year (London Datastore),borough,financial year 2006-07 assigned to start year; supplementary
E09000022,Lambeth,2007,income_mean,33300,HMRC personal income by tax year (London Datastore),borough,financial year 2007-08 assigned to start year; supplementary
E09000022,Lambeth,2007,income_median,22200,HMRC personal income by tax year (London Datastore),borough,financial year 2007-08 assigned to start year; analysis metric
E09000022,Lambeth,2007,income_taxpayers,147000,HMRC personal income by tax year (London Datastore),borough,financial year 2007-08 assigned to start year; supplementary
E09000022,Lambeth,2009,income_mean,35400,HMRC personal income by tax year (London Datastore),borough,financial year 2009-10 assigned to start year; supplementary
E09000022,Lambeth,2009,income_median,24000,HMRC personal income by tax year (London Datastore),borough,financial year 2009-10 assigned to start year; analysis metric
E09000022,Lambeth,2009,income_taxpayers,149000,HMRC personal income by tax year (London Datastore),borough,financial year 2009-10 assigned to start year; supplementary
E09000022,Lambeth,2010,income_mean,34200,HMRC personal income by tax year (London Datastore),borough,financial year 2010-11 assigned to start year; supplementary
E09000022,Lambeth,2010,income_median,24000,HMRC personal income by tax year (London Datastore),borough,financial year 2010-11 assigned to start year; analysis metric
E09000022,Lambeth,2010,income_taxpayers,153000,HMRC personal income by tax year (London Datastore),borough,financial year 2010-11 assigned to start year; supplementary
E09000022,Lambeth,2011,income_mean,35700,HMRC personal income by tax year (London Datastore),borough,financial year 2011-12 assigned to start year; supplementary
E09000022,Lambeth,2011,income_median,24600,HMRC personal income by tax year (London Datastore),borough,financial year 2011-12 assigned to start year; analysis metric
E09000022,Lambeth,2011,income_taxpayers,148000,HMRC personal income by tax year (London Datastore),borough,financial year 2011-12 assigned to start year; supplementary
E09000022,Lambeth,2012,income_mean,37600,HMRC personal income by tax year (London Datastore),borough,financial year 2012-13 assigned to start year; supplementary
E09000022,Lambeth,2012,income_median,26000,HMRC personal income by tax year (London Datastore),borough,financial year 2012-13 assigned to start year; analysis metric
E09000022,Lambeth,2012,income_taxpayers,148000,HMRC personal income by tax year (London Datastore),borough,financial year 2012-13 assigned to start year; supplementary
E09000022,Lambeth,2013,income_mean,40600,HMRC personal income by tax year (London Datastore),borough,financial year 2013-14 assigned to start year; supplementary
E09000022,Lambeth,2013,income_median,26800,HMRC personal income by tax year (London Datastore),borough,financial year 2013-14 assigned to start year; analysis metric
E09000022,Lambeth,2013,income_taxpayers,151000,HMRC personal income by tax year (London Datastore),borough,financial year 2013-14 assigned to start year; supplementary
E09000022,Lambeth,2014,income_mean,41100,HMRC personal income by tax year (London Datastore),borough,financial year 2014-15 assigned to start year; supplementary
E09000022,Lambeth,2014,income_median,27300,HMRC personal income by tax year (London Datastore),borough,financial year 2014-15 assigned to start year; analysis metric
E09000022,Lambeth,2014,income_taxpayers,161000,HMRC personal income by tax year (London Datastore),borough,financial year 2014-15 assigned to start year; supplementary
E09000022,Lambeth,2015,income_mean,43700,HMRC personal income by tax year (London Datastore),borough,financial year 2015-16 assigned to start year; supplementary
E09000022,Lambeth,2015,income_median,28400,HMRC personal income by tax year (London Datastore),borough,financial year 2015-16 assigned to start year; analysis metric
E09000022,Lambeth,2015,income_taxpayers,161000,HMRC personal income by tax year (London Datastore),borough,financial year 2015-16 assigned to start year; supplementary
E09000022,Lambeth,2016,income_mean,43900,HMRC personal income by tax year (London Datastore),borough,financial year 2016-17 assigned to start year; supplementary
E09000022,Lambeth,2016,income_median,29200,HMRC personal income by tax year (London Datastore),borough,financial year 2016-17 assigned to start year; analysis metric
E09000022,Lambeth,2016,income_taxpayers,165000,HMRC personal income by tax year (London Datastore),borough,financial year 2016-17 assigned to start year; supplementary
E09000022,Lambeth,2017,income_mean,45600,HMRC personal income by tax year (London Datastore),borough,financial year 2017-18 assigned to start year; supplementary
E09000022,Lambeth,2017,income_median,29900,HMRC personal income by tax year (London Datastore),borough,financial year 2017-18 assigned to start year; analysis metric
E09000022,Lambeth,2017,income_taxpayers,162000,HMRC personal income by tax year (London Datastore),borough,financial year 2017-18 assigned to start year; supplementary
E09000022,Lambeth,2018,income_mean,47500,HMRC personal income by tax year (London Datastore),borough,financial year 2018-19 assigned to start year; supplementary
E09000022,Lambeth,2018,income_median,31900,HMRC personal income by tax year (London Datastore),borough,financial year 2018-19 assigned to start year; analysis metric
E09000022,Lambeth,2018,income_taxpayers,170000,HMRC personal income by tax year (London Datastore),borough,financial year 2018-19 assigned to start year; supplementary
E09000022,Lambeth,2019,income_mean,49100,HMRC personal income by tax year (London Datastore),borough,financial year 2019-20 assigned to start year; supplementary
E09000022,Lambeth,2019,income_median,31900,HMRC personal income by tax year (London Datastore),borough,financial year 2019-20 assigned to start year; analysis metric
E09000022,Lambeth,2019,income_taxpayers,168000,HMRC personal income by tax year (London Datastore),borough,financial year 2019-20 assigned to start year; supplementary
E09000022,Lambeth,2020,income_mean,51900,HMRC personal income by tax year (London Datastore),borough,financial year 2020-21 assigned to start year; supplementary
E09000022,Lambeth,2020,income_median,32800,HMRC personal income by tax year (London Datastore),borough,financial year 2020-21 assigned to start year; analysis metric
E09000022,Lambeth,2020,income_taxpayers,167000,HMRC personal income by tax year (London Datastore),borough,financial year 2020-21 assigned to start year; supplementary
E09000022,Lambeth,2021,income_mean,56100,HMRC personal income by tax year (London Datastore),borough,financial year 2021-22 assigned to start year; supplementary
E09000022,Lambeth,2021,income_median,34500,HMRC personal income by tax year (London Datastore),borough,financial year 2021-22 assigned to start year; analysis metric
E09000022,Lambeth,2021,income_taxpayers,169000,HMRC personal income by tax year (London Datastore),borough,financial year 2021-22 assigned to start year; supplementary
E09000022,Lambeth,2022,income_mean,57900,HMRC personal income by tax year (London Datastore),borough,financial year 2022-23 assigned to start year; supplementary
E09000022,Lambeth,2022,income_median,35800,HMRC personal income by tax year (London Datastore),borough,financial year 2022-23 assigned to start year; analysis metric
E09000022,Lambeth,2022,income_taxpayers,179000,HMRC personal income by tax year (London Datastore),borough,financial year 2022-23 assigned to start year; supplementary
E09000022,Lambeth,2023,income_mean,61300,HMRC personal income by tax year (London Datastore),borough,financial year 2023-24 assigned to start year; supplementary
E09000022,Lambeth,2023,income_median,39300,HMRC personal income by tax year (London Datastore),borough,financial year 2023-24 assigned to start year; analysis metric
E09000022,Lambeth,2023,income_taxpayers,186000,HMRC personal income by tax year (London Datastore),borough,financial year 2023-24 assigned to start year; supplementary
E09000023,Lewisham,1999,income_mean,18200,HMRC personal income by tax year (London Datastore),borough,financial year 1999-00 assigned to start year; supplementary
E09000023,Lewisham,1999,income_median,14900,HMRC personal income by tax year (London Datastore),borough,financial year 1999-00 assigned to start year; analysis metric
E09000023,Lewisham,1999,income_taxpayers,106000,HMRC personal income by tax year (London Datastore),borough,financial year 1999-00 assigned to start year; supplementary
E09000023,Lewisham,2000,income_mean,19400,HMRC personal income by tax year (London Datastore),borough,financial year 2000-01 assigned to start year; supplementary
E09000023,Lewisham,2000,income_median,15300,HMRC personal income by tax year (London Datastore),borough,financial year 2000-01 assigned to start year; analysis metric
E09000023,Lewisham,2000,income_taxpayers,129000,HMRC personal income by tax year (London Datastore),borough,financial year 2000-01 assigned to start year; supplementary
E09000023,Lewisham,2001,income_mean,21600,HMRC personal income by tax year (London Datastore),borough,financial year 2001-02 assigned to start year; supplementary
E09000023,Lewisham,2001,income_median,18000,HMRC personal income by tax year (London Datastore),borough,financial year 2001-02 assigned to start year; analysis metric
E09000023,Lewisham,2001,income_taxpayers,113000,HMRC personal income by tax year (London Datastore),borough,financial year 2001-02 assigned to start year; supplementary
E09000023,Lewisham,2002,income_mean,21400,HMRC personal income by tax year (London Datastore),borough,financial year 2002-03 assigned to start year; supplementary
E09000023,Lewisham,2002,income_median,17300,HMRC personal income by tax year (London Datastore),borough,financial year 2002-03 assigned to start year; analysis metric
E09000023,Lewisham,2002,income_taxpayers,113000,HMRC personal income by tax year (London Datastore),borough,financial year 2002-03 assigned to start year; supplementary
E09000023,Lewisham,2003,income_mean,21500,HMRC personal income by tax year (London Datastore),borough,financial year 2003-04 assigned to start year; supplementary
E09000023,Lewisham,2003,income_median,17000,HMRC personal income by tax year (London Datastore),borough,financial year 2003-04 assigned to start year; analysis metric
E09000023,Lewisham,2003,income_taxpayers,114000,HMRC personal income by tax year (London Datastore),borough,financial year 2003-04 assigned to start year; supplementary
E09000023,Lewisham,2004,income_mean,23100,HMRC personal income by tax year (London Datastore),borough,financial year 2004-05 assigned to start year; supplementary
E09000023,Lewisham,2004,income_median,18100,HMRC personal income by tax year (London Datastore),borough,financial year 2004-05 assigned to start year; analysis metric
E09000023,Lewisham,2004,income_taxpayers,130000,HMRC personal income by tax year (London Datastore),borough,financial year 2004-05 assigned to start year; supplementary
E09000023,Lewisham,2005,income_mean,25200,HMRC personal income by tax year (London Datastore),borough,financial year 2005-06 assigned to start year; supplementary
E09000023,Lewisham,2005,income_median,20000,HMRC personal income by tax year (London Datastore),borough,financial year 2005-06 assigned to start year; analysis metric
E09000023,Lewisham,2005,income_taxpayers,124000,HMRC personal income by tax year (London Datastore),borough,financial year 2005-06 assigned to start year; supplementary
E09000023,Lewisham,2006,income_mean,25800,HMRC personal income by tax year (London Datastore),borough,financial year 2006-07 assigned to start year; supplementary
E09000023,Lewisham,2006,income_median,20900,HMRC personal income by tax year (London Datastore),borough,financial year 2006-07 assigned to start year; analysis metric
E09000023,Lewisham,2006,income_taxpayers,124000,HMRC personal income by tax year (London Datastore),borough,financial year 2006-07 assigned to start year; supplementary
E09000023,Lewisham,2007,income_mean,27100,HMRC personal income by tax year (London Datastore),borough,financial year 2007-08 assigned to start year; supplementary
E09000023,Lewisham,2007,income_median,21000,HMRC personal income by tax year (London Datastore),borough,financial year 2007-08 assigned to start year; analysis metric
E09000023,Lewisham,2007,income_taxpayers,137000,HMRC personal income by tax year (London Datastore),borough,financial year 2007-08 assigned to start year; supplementary
E09000023,Lewisham,2009,income_mean,28700,HMRC personal income by tax year (London Datastore),borough,financial year 2009-10 assigned to start year; supplementary
E09000023,Lewisham,2009,income_median,22300,HMRC personal income by tax year (London Datastore),borough,financial year 2009-10 assigned to start year; analysis metric
E09000023,Lewisham,2009,income_taxpayers,117000,HMRC personal income by tax year (London Datastore),borough,financial year 2009-10 assigned to start year; supplementary
E09000023,Lewisham,2010,income_mean,29300,HMRC personal income by tax year (London Datastore),borough,financial year 2010-11 assigned to start year; supplementary
E09000023,Lewisham,2010,income_median,23200,HMRC personal income by tax year (London Datastore),borough,financial year 2010-11 assigned to start year; analysis metric
E09000023,Lewisham,2010,income_taxpayers,121000,HMRC personal income by tax year (London Datastore),borough,financial year 2010-11 assigned to start year; supplementary
E09000023,Lewisham,2011,income_mean,29800,HMRC personal income by tax year (London Datastore),borough,financial year 2011-12 assigned to start year; supplementary
E09000023,Lewisham,2011,income_median,22900,HMRC personal income by tax year (London Datastore),borough,financial year 2011-12 assigned to start year; analysis metric
E09000023,Lewisham,2011,income_taxpayers,126000,HMRC personal income by tax year (London Datastore),borough,financial year 2011-12 assigned to start year; supplementary
E09000023,Lewisham,2012,income_mean,30400,HMRC personal income by tax year (London Datastore),borough,financial year 2012-13 assigned to start year; supplementary
E09000023,Lewisham,2012,income_median,23000,HMRC personal income by tax year (London Datastore),borough,financial year 2012-13 assigned to start year; analysis metric
E09000023,Lewisham,2012,income_taxpayers,121000,HMRC personal income by tax year (London Datastore),borough,financial year 2012-13 assigned to start year; supplementary
E09000023,Lewisham,2013,income_mean,31500,HMRC personal income by tax year (London Datastore),borough,financial year 2013-14 assigned to start year; supplementary
E09000023,Lewisham,2013,income_median,24000,HMRC personal income by tax year (London Datastore),borough,financial year 2013-14 assigned to start year; analysis metric
E09000023,Lewisham,2013,income_taxpayers,126000,HMRC personal income by tax year (London Datastore),borough,financial year 2013-14 assigned to start year; supplementary
E09000023,Lewisham,2014,income_mean,32400,HMRC personal income by tax year (London Datastore),borough,financial year 2014-15 assigned to start year; supplementary
E09000023,Lewisham,2014,income_median,24900,HMRC personal income by tax year (London Datastore),borough,financial year 2014-15 assigned to start year; analysis metric
E09000023,Lewisham,2014,income_taxpayers,135000,HMRC personal income by tax year (London Datastore),borough,financial year 2014-15 assigned to start year; supplementary
E09000023,Lewisham,2015,income_mean,34500,HMRC personal income by tax year (London Datastore),borough,financial year 2015-16 assigned to start year; supplementary
E09000023,Lewisham,2015,income_median,25800,HMRC personal income by tax year (London Datastore),borough,financial year 2015-16 assigned to start year; analysis metric
E09000023,Lewisham,2015,income_taxpayers,131000,HMRC personal income by tax year (London Datastore),borough,financial year 2015-16 assigned to start year; supplementary
E09000023,Lewisham,2016,income_mean,35900,HMRC personal income by tax year (London Datastore),borough,financial year 2016-17 assigned to start year; supplementary
E09000023,Lewisham,2016,income_median,26700,HMRC personal income by tax year (London Datastore),borough,financial year 2016-17 assigned to start year; analysis metric
E09000023,Lewisham,2016,income_taxpayers,138000,HMRC personal income by tax year (London Datastore),borough,financial year 2016-17 assigned to start year; supplementary
E09000023,Lewisham,2017,income_mean,36800,HMRC personal income by tax year (London Datastore),borough,financial year 2017-18 assigned to start year; supplementary
E09000023,Lewisham,2017,income_median,27300,HMRC personal income by tax year (London Datastore),borough,financial year 2017-18 assigned to start year; analysis metric
E09000023,Lewisham,2017,income_taxpayers,140000,HMRC personal income by tax year (London Datastore),borough,financial year 2017-18 assigned to start year; supplementary
E09000023,Lewisham,2018,income_mean,38000,HMRC personal income by tax year (London Datastore),borough,financial year 2018-19 assigned to start year; supplementary
E09000023,Lewisham,2018,income_median,27900,HMRC personal income by tax year (London Datastore),borough,financial year 2018-19 assigned to start year; analysis metric
E09000023,Lewisham,2018,income_taxpayers,140000,HMRC personal income by tax year (London Datastore),borough,financial year 2018-19 assigned to start year; supplementary
E09000023,Lewisham,2019,income_mean,41100,HMRC personal income by tax year (London Datastore),borough,financial year 2019-20 assigned to start year; supplementary
E09000023,Lewisham,2019,income_median,30100,HMRC personal income by tax year (London Datastore),borough,financial year 2019-20 assigned to start year; analysis metric
E09000023,Lewisham,2019,income_taxpayers,139000,HMRC personal income by tax year (London Datastore),borough,financial year 2019-20 assigned to start year; supplementary
E09000023,Lewisham,2020,income_mean,42600,HMRC personal income by tax year (London Datastore),borough,financial year 2020-21 assigned to start year; supplementary
E09000023,Lewisham,2020,income_median,30900,HMRC personal income by tax year (London Datastore),borough,financial year 2020-21 assigned to start year; analysis metric
E09000023,Lewisham,2020,income_taxpayers,141000,HMRC personal income by tax year (London Datastore),borough,financial year 2020-21 assigned to start year; supplementary
E09000023,Lewisham,2021,income_mean,44800,HMRC personal income by tax year (London Datastore),borough,financial year 2021-22 assigned to start year; supplementary
E09000023,Lewisham,2021,income_median,32000,HMRC personal income by tax year (London Datastore),borough,financial year 2021-22 assigned to start year; analysis metric
E09000023,Lewisham,2021,income_taxpayers,149000,HMRC personal income by tax year (London Datastore),borough,financial year 2021-22 assigned to start year; supplementary
E09000023,Lewisham,2022,income_mean,48300,HMRC personal income by tax year (London Datastore),borough,financial year 2022-23 assigned to start year; supplementary
E09000023,Lewisham,2022,income_median,34500,HMRC personal income by tax year (London Datastore),borough,financial year 2022-23 assigned to start year; analysis metric
E09000023,Lewisham,2022,income_taxpayers,152000,HMRC personal income by tax year (London Datastore),borough,financial year 2022-23 assigned to start year; supplementary
E09000023,Lewisham,2023,income_mean,49500,HMRC personal income by tax year (London Datastore),borough,financial year 2023-24 assigned to start year; supplementary
E09000023,Lewisham,2023,income_median,34600,HMRC personal income by tax year (London Datastore),borough,financial year 2023-24 assigned to start year; analysis metric
E09000023,Lewisham,2023,income_taxpayers,158000,HMRC personal income by tax year (London Datastore),borough,financial year 2023-24 assigned to start year; supplementary
E09000024,Merton,1999,income_mean,27900,HMRC personal income by tax year (London Datastore),borough,financial year 1999-00 assigned to start year; supplementary
E09000024,Merton,1999,income_median,19100,HMRC personal income by tax year (London Datastore),borough,financial year 1999-00 assigned to start year; analysis metric
E09000024,Merton,1999,income_taxpayers,92000,HMRC personal income by tax year (London Datastore),borough,financial year 1999-00 assigned to start year; supplementary
E09000024,Merton,2000,income_mean,27900,HMRC personal income by tax year (London Datastore),borough,financial year 2000-01 assigned to start year; supplementary
E09000024,Merton,2000,income_median,18400,HMRC personal income by tax year (London Datastore),borough,financial year 2000-01 assigned to start year; analysis metric
E09000024,Merton,2000,income_taxpayers,109000,HMRC personal income by tax year (London Datastore),borough,financial year 2000-01 assigned to start year; supplementary
E09000024,Merton,2001,income_mean,28900,HMRC personal income by tax year (London Datastore),borough,financial year 2001-02 assigned to start year; supplementary
E09000024,Merton,2001,income_median,18500,HMRC personal income by tax year (London Datastore),borough,financial year 2001-02 assigned to start year; analysis metric
E09000024,Merton,2001,income_taxpayers,96000,HMRC personal income by tax year (London Datastore),borough,financial year 2001-02 assigned to start year; supplementary
E09000024,Merton,2002,income_mean,31600,HMRC personal income by tax year (London Datastore),borough,financial year 2002-03 assigned to start year; supplementary
E09000024,Merton,2002,income_median,21200,HMRC personal income by tax year (London Datastore),borough,financial year 2002-03 assigned to start year; analysis metric
E09000024,Merton,2002,income_taxpayers,94000,HMRC personal income by tax year (London Datastore),borough,financial year 2002-03 assigned to start year; supplementary
E09000024,Merton,2003,income_mean,31300,HMRC personal income by tax year (London Datastore),borough,financial year 2003-04 assigned to start year; supplementary
E09000024,Merton,2003,income_median,19700,HMRC personal income by tax year (London Datastore),borough,financial year 2003-04 assigned to start year; analysis metric
E09000024,Merton,2003,income_taxpayers,86000,HMRC personal income by tax year (London Datastore),borough,financial year 2003-04 assigned to start year; supplementary
E09000024,Merton,2004,income_mean,31600,HMRC personal income by tax year (London Datastore),borough,financial year 2004-05 assigned to start year; supplementary
E09000024,Merton,2004,income_median,19400,HMRC personal income by tax year (London Datastore),borough,financial year 2004-05 assigned to start year; analysis metric
E09000024,Merton,2004,income_taxpayers,105000,HMRC personal income by tax year (London Datastore),borough,financial year 2004-05 assigned to start year; supplementary
E09000024,Merton,2005,income_mean,34800,HMRC personal income by tax year (London Datastore),borough,financial year 2005-06 assigned to start year; supplementary
E09000024,Merton,2005,income_median,20500,HMRC personal income by tax year (London Datastore),borough,financial year 2005-06 assigned to start year; analysis metric
E09000024,Merton,2005,income_taxpayers,103000,HMRC personal income by tax year (London Datastore),borough,financial year 2005-06 assigned to start year; supplementary
E09000024,Merton,2006,income_mean,37200,HMRC personal income by tax year (London Datastore),borough,financial year 2006-07 assigned to start year; supplementary
E09000024,Merton,2006,income_median,21600,HMRC personal income by tax year (London Datastore),borough,financial year 2006-07 assigned to start year; analysis metric
E09000024,Merton,2006,income_taxpayers,104000,HMRC personal income by tax year (London Datastore),borough,financial year 2006-07 assigned to start year; supplementary
E09000024,Merton,2007,income_mean,39400,HMRC personal income by tax year (London Datastore),borough,financial year 2007-08 assigned to start year; supplementary
E09000024,Merton,2007,income_median,22300,HMRC personal income by tax year (London Datastore),borough,financial year 2007-08 assigned to start year; analysis metric
E09000024,Merton,2007,income_taxpayers,113000,HMRC personal income by tax year (London Datastore),borough,financial year 2007-08 assigned to start year; supplementary
E09000024,Merton,2009,income_mean,44000,HMRC personal income by tax year (London Datastore),borough,financial year 2009-10 assigned to start year; supplementary
E09000024,Merton,2009,income_median,24100,HMRC personal income by tax year (London Datastore),borough,financial year 2009-10 assigned to start year; analysis metric
E09000024,Merton,2009,income_taxpayers,106000,HMRC personal income by tax year (London Datastore),borough,financial year 2009-10 assigned to start year; supplementary
E09000024,Merton,2010,income_mean,43100,HMRC personal income by tax year (London Datastore),borough,financial year 2010-11 assigned to start year; supplementary
E09000024,Merton,2010,income_median,24700,HMRC personal income by tax year (London Datastore),borough,financial year 2010-11 assigned to start year; analysis metric
E09000024,Merton,2010,income_taxpayers,105000,HMRC personal income by tax year (London Datastore),borough,financial year 2010-11 assigned to start year; supplementary
E09000024,Merton,2011,income_mean,43700,HMRC personal income by tax year (London Datastore),borough,financial year 2011-12 assigned to start year; supplementary
E09000024,Merton,2011,income_median,25200,HMRC personal income by tax year (London Datastore),borough,financial year 2011-12 assigned to start year; analysis metric
E09000024,Merton,2011,income_taxpayers,106000,HMRC personal income by tax year (London Datastore),borough,financial year 2011-12 assigned to start year; supplementary
E09000024,Merton,2012,income_mean,44400,HMRC personal income by tax year (London Datastore),borough,financial year 2012-13 assigned to start year; supplementary
E09000024,Merton,2012,income_median,25800,HMRC personal income by tax year (London Datastore),borough,financial year 2012-13 assigned to start year; analysis metric
E09000024,Merton,2012,income_taxpayers,105000,HMRC personal income by tax year (London Datastore),borough,financial year 2012-13 assigned to start year; supplementary
E09000024,Merton,2013,income_mean,48700,HMRC personal income by tax year (London Datastore),borough,financial year 2013-14 assigned to start year; supplementary
E09000024,Merton,2013,income_median,27800,HMRC personal income by tax year (London Datastore),borough,financial year 2013-14 assigned to start year; analysis metric
E09000024,Merton,2013,income_taxpayers,105000,HMRC personal income by tax year (London Datastore),borough,financial year 2013-14 assigned to start year; supplementary
E09000024,Merton,2014,income_mean,46900,HMRC personal income by tax year (London Datastore),borough,financial year 2014-15 assigned to start year; supplementary
E09000024,Merton,2014,income_median,27600,HMRC personal income by tax year (London Datastore),borough,financial year 2014-15 assigned to start year; analysis metric
E09000024,Merton,2014,income_taxpayers,106000,HMRC personal income by tax year (London Datastore),borough,financial year 2014-15 assigned to start year; supplementary
E09000024,Merton,2015,income_mean,50800,HMRC personal income by tax year (London Datastore),borough,financial year 2015-16 assigned to start year; supplementary
E09000024,Merton,2015,income_median,28500,HMRC personal income by tax year (London Datastore),borough,financial year 2015-16 assigned to start year; analysis metric
E09000024,Merton,2015,income_taxpayers,108000,HMRC personal income by tax year (London Datastore),borough,financial year 2015-16 assigned to start year; supplementary
E09000024,Merton,2016,income_mean,53200,HMRC personal income by tax year (London Datastore),borough,financial year 2016-17 assigned to start year; supplementary
E09000024,Merton,2016,income_median,29500,HMRC personal income by tax year (London Datastore),borough,financial year 2016-17 assigned to start year; analysis metric
E09000024,Merton,2016,income_taxpayers,111000,HMRC personal income by tax year (London Datastore),borough,financial year 2016-17 assigned to start year; supplementary
E09000024,Merton,2017,income_mean,54600,HMRC personal income by tax year (London Datastore),borough,financial year 2017-18 assigned to start year; supplementary
E09000024,Merton,2017,income_median,30200,HMRC personal income by tax year (London Datastore),borough,financial year 2017-18 assigned to start year; analysis metric
E09000024,Merton,2017,income_taxpayers,111000,HMRC personal income by tax year (London Datastore),borough,financial year 2017-18 assigned to start year; supplementary
E09000024,Merton,2018,income_mean,56300,HMRC personal income by tax year (London Datastore),borough,financial year 2018-19 assigned to start year; supplementary
E09000024,Merton,2018,income_median,30300,HMRC personal income by tax year (London Datastore),borough,financial year 2018-19 assigned to start year; analysis metric
E09000024,Merton,2018,income_taxpayers,108000,HMRC personal income by tax year (London Datastore),borough,financial year 2018-19 assigned to start year; supplementary
E09000024,Merton,2019,income_mean,55300,HMRC personal income by tax year (London Datastore),borough,financial year 2019-20 assigned to start year; supplementary
E09000024,Merton,2019,income_median,30300,HMRC personal income by tax year (London Datastore),borough,financial year 2019-20 assigned to start year; analysis metric
E09000024,Merton,2019,income_taxpayers,112000,HMRC personal income by tax year (London Datastore),borough,financial year 2019-20 assigned to start year; supplementary
E09000024,Merton,2020,income_mean,58500,HMRC personal income by tax year (London Datastore),borough,financial year 2020-21 assigned to start year; supplementary
E09000024,Merton,2020,income_median,32600,HMRC personal income by tax year (London Datastore),borough,financial year 2020-21 assigned to start year; analysis metric
E09000024,Merton,2020,income_taxpayers,112000,HMRC personal income by tax year (London Datastore),borough,financial year 2020-21 assigned to start year; supplementary
E09000024,Merton,2021,income_mean,63000,HMRC personal income by tax year (London Datastore),borough,financial year 2021-22 assigned to start year; supplementary
E09000024,Merton,2021,income_median,33900,HMRC personal income by tax year (London Datastore),borough,financial year 2021-22 assigned to start year; analysis metric
E09000024,Merton,2021,income_taxpayers,114000,HMRC personal income by tax year (London Datastore),borough,financial year 2021-22 assigned to start year; supplementary
E09000024,Merton,2022,income_mean,65600,HMRC personal income by tax year (London Datastore),borough,financial year 2022-23 assigned to start year; supplementary
E09000024,Merton,2022,income_median,36400,HMRC personal income by tax year (London Datastore),borough,financial year 2022-23 assigned to start year; analysis metric
E09000024,Merton,2022,income_taxpayers,122000,HMRC personal income by tax year (London Datastore),borough,financial year 2022-23 assigned to start year; supplementary
E09000024,Merton,2023,income_mean,65700,HMRC personal income by tax year (London Datastore),borough,financial year 2023-24 assigned to start year; supplementary
E09000024,Merton,2023,income_median,37000,HMRC personal income by tax year (London Datastore),borough,financial year 2023-24 assigned to start year; analysis metric
E09000024,Merton,2023,income_taxpayers,127000,HMRC personal income by tax year (London Datastore),borough,financial year 2023-24 assigned to start year; supplementary
E09000025,Newham,1999,income_mean,15800,HMRC personal income by tax year (London Datastore),borough,financial year 1999-00 assigned to start year; supplementary
E09000025,Newham,1999,income_median,13300,HMRC personal income by tax year (London Datastore),borough,financial year 1999-00 assigned to start year; analysis metric
E09000025,Newham,1999,income_taxpayers,80000,HMRC personal income by tax year (London Datastore),borough,financial year 1999-00 assigned to start year; supplementary
E09000025,Newham,2000,income_mean,17000,HMRC personal income by tax year (London Datastore),borough,financial year 2000-01 assigned to start year; supplementary
E09000025,Newham,2000,income_median,14700,HMRC personal income by tax year (London Datastore),borough,financial year 2000-01 assigned to start year; analysis metric
E09000025,Newham,2000,income_taxpayers,95000,HMRC personal income by tax year (London Datastore),borough,financial year 2000-01 assigned to start year; supplementary
E09000025,Newham,2001,income_mean,17700,HMRC personal income by tax year (London Datastore),borough,financial year 2001-02 assigned to start year; supplementary
E09000025,Newham,2001,income_median,15300,HMRC personal income by tax year (London Datastore),borough,financial year 2001-02 assigned to start year; analysis metric
E09000025,Newham,2001,income_taxpayers,88000,HMRC personal income by tax year (London Datastore),borough,financial year 2001-02 assigned to start year; supplementary
E09000025,Newham,2002,income_mean,17300,HMRC personal income by tax year (London Datastore),borough,financial year 2002-03 assigned to start year; supplementary
E09000025,Newham,2002,income_median,15000,HMRC personal income by tax year (London Datastore),borough,financial year 2002-03 assigned to start year; analysis metric
E09000025,Newham,2002,income_taxpayers,96000,HMRC personal income by tax year (London Datastore),borough,financial year 2002-03 assigned to start year; supplementary
E09000025,Newham,2003,income_mean,17400,HMRC personal income by tax year (London Datastore),borough,financial year 2003-04 assigned to start year; supplementary
E09000025,Newham,2003,income_median,14500,HMRC personal income by tax year (London Datastore),borough,financial year 2003-04 assigned to start year; analysis metric
E09000025,Newham,2003,income_taxpayers,96000,HMRC personal income by tax year (London Datastore),borough,financial year 2003-04 assigned to start year; supplementary
E09000025,Newham,2004,income_mean,18500,HMRC personal income by tax year (London Datastore),borough,financial year 2004-05 assigned to start year; supplementary
E09000025,Newham,2004,income_median,15100,HMRC personal income by tax year (London Datastore),borough,financial year 2004-05 assigned to start year; analysis metric
E09000025,Newham,2004,income_taxpayers,112000,HMRC personal income by tax year (London Datastore),borough,financial year 2004-05 assigned to start year; supplementary
E09000025,Newham,2005,income_mean,19200,HMRC personal income by tax year (London Datastore),borough,financial year 2005-06 assigned to start year; supplementary
E09000025,Newham,2005,income_median,15200,HMRC personal income by tax year (London Datastore),borough,financial year 2005-06 assigned to start year; analysis metric
E09000025,Newham,2005,income_taxpayers,109000,HMRC personal income by tax year (London Datastore),borough,financial year 2005-06 assigned to start year; supplementary
E09000025,Newham,2006,income_mean,19600,HMRC personal income by tax year (London Datastore),borough,financial year 2006-07 assigned to start year; supplementary
E09000025,Newham,2006,income_median,15800,HMRC personal income by tax year (London Datastore),borough,financial year 2006-07 assigned to start year; analysis metric
E09000025,Newham,2006,income_taxpayers,115000,HMRC personal income by tax year (London Datastore),borough,financial year 2006-07 assigned to start year; supplementary
E09000025,Newham,2007,income_mean,21000,HMRC personal income by tax year (London Datastore),borough,financial year 2007-08 assigned to start year; supplementary
E09000025,Newham,2007,income_median,16500,HMRC personal income by tax year (London Datastore),borough,financial year 2007-08 assigned to start year; analysis metric
E09000025,Newham,2007,income_taxpayers,122000,HMRC personal income by tax year (London Datastore),borough,financial year 2007-08 assigned to start year; supplementary
E09000025,Newham,2009,income_mean,21900,HMRC personal income by tax year (London Datastore),borough,financial year 2009-10 assigned to start year; supplementary
E09000025,Newham,2009,income_median,17600,HMRC personal income by tax year (London Datastore),borough,financial year 2009-10 assigned to start year; analysis metric
E09000025,Newham,2009,income_taxpayers,118000,HMRC personal income by tax year (London Datastore),borough,financial year 2009-10 assigned to start year; supplementary
E09000025,Newham,2010,income_mean,21700,HMRC personal income by tax year (London Datastore),borough,financial year 2010-11 assigned to start year; supplementary
E09000025,Newham,2010,income_median,17400,HMRC personal income by tax year (London Datastore),borough,financial year 2010-11 assigned to start year; analysis metric
E09000025,Newham,2010,income_taxpayers,123000,HMRC personal income by tax year (London Datastore),borough,financial year 2010-11 assigned to start year; supplementary
E09000025,Newham,2011,income_mean,22000,HMRC personal income by tax year (London Datastore),borough,financial year 2011-12 assigned to start year; supplementary
E09000025,Newham,2011,income_median,17600,HMRC personal income by tax year (London Datastore),borough,financial year 2011-12 assigned to start year; analysis metric
E09000025,Newham,2011,income_taxpayers,127000,HMRC personal income by tax year (London Datastore),borough,financial year 2011-12 assigned to start year; supplementary
E09000025,Newham,2012,income_mean,23100,HMRC personal income by tax year (London Datastore),borough,financial year 2012-13 assigned to start year; supplementary
E09000025,Newham,2012,income_median,18500,HMRC personal income by tax year (London Datastore),borough,financial year 2012-13 assigned to start year; analysis metric
E09000025,Newham,2012,income_taxpayers,130000,HMRC personal income by tax year (London Datastore),borough,financial year 2012-13 assigned to start year; supplementary
E09000025,Newham,2013,income_mean,24800,HMRC personal income by tax year (London Datastore),borough,financial year 2013-14 assigned to start year; supplementary
E09000025,Newham,2013,income_median,20100,HMRC personal income by tax year (London Datastore),borough,financial year 2013-14 assigned to start year; analysis metric
E09000025,Newham,2013,income_taxpayers,124000,HMRC personal income by tax year (London Datastore),borough,financial year 2013-14 assigned to start year; supplementary
E09000025,Newham,2014,income_mean,25400,HMRC personal income by tax year (London Datastore),borough,financial year 2014-15 assigned to start year; supplementary
E09000025,Newham,2014,income_median,20200,HMRC personal income by tax year (London Datastore),borough,financial year 2014-15 assigned to start year; analysis metric
E09000025,Newham,2014,income_taxpayers,130000,HMRC personal income by tax year (London Datastore),borough,financial year 2014-15 assigned to start year; supplementary
E09000025,Newham,2015,income_mean,27300,HMRC personal income by tax year (London Datastore),borough,financial year 2015-16 assigned to start year; supplementary
E09000025,Newham,2015,income_median,22100,HMRC personal income by tax year (London Datastore),borough,financial year 2015-16 assigned to start year; analysis metric
E09000025,Newham,2015,income_taxpayers,136000,HMRC personal income by tax year (London Datastore),borough,financial year 2015-16 assigned to start year; supplementary
E09000025,Newham,2016,income_mean,28200,HMRC personal income by tax year (London Datastore),borough,financial year 2016-17 assigned to start year; supplementary
E09000025,Newham,2016,income_median,22500,HMRC personal income by tax year (London Datastore),borough,financial year 2016-17 assigned to start year; analysis metric
E09000025,Newham,2016,income_taxpayers,134000,HMRC personal income by tax year (London Datastore),borough,financial year 2016-17 assigned to start year; supplementary
E09000025,Newham,2017,income_mean,30000,HMRC personal income by tax year (London Datastore),borough,financial year 2017-18 assigned to start year; supplementary
E09000025,Newham,2017,income_median,24100,HMRC personal income by tax year (London Datastore),borough,financial year 2017-18 assigned to start year; analysis metric
E09000025,Newham,2017,income_taxpayers,141000,HMRC personal income by tax year (London Datastore),borough,financial year 2017-18 assigned to start year; supplementary
E09000025,Newham,2018,income_mean,31000,HMRC personal income by tax year (London Datastore),borough,financial year 2018-19 assigned to start year; supplementary
E09000025,Newham,2018,income_median,24300,HMRC personal income by tax year (London Datastore),borough,financial year 2018-19 assigned to start year; analysis metric
E09000025,Newham,2018,income_taxpayers,154000,HMRC personal income by tax year (London Datastore),borough,financial year 2018-19 assigned to start year; supplementary
E09000025,Newham,2019,income_mean,31700,HMRC personal income by tax year (London Datastore),borough,financial year 2019-20 assigned to start year; supplementary
E09000025,Newham,2019,income_median,24600,HMRC personal income by tax year (London Datastore),borough,financial year 2019-20 assigned to start year; analysis metric
E09000025,Newham,2019,income_taxpayers,158000,HMRC personal income by tax year (London Datastore),borough,financial year 2019-20 assigned to start year; supplementary
E09000025,Newham,2020,income_mean,34300,HMRC personal income by tax year (London Datastore),borough,financial year 2020-21 assigned to start year; supplementary
E09000025,Newham,2020,income_median,26600,HMRC personal income by tax year (London Datastore),borough,financial year 2020-21 assigned to start year; analysis metric
E09000025,Newham,2020,income_taxpayers,144000,HMRC personal income by tax year (London Datastore),borough,financial year 2020-21 assigned to start year; supplementary
E09000025,Newham,2021,income_mean,36100,HMRC personal income by tax year (London Datastore),borough,financial year 2021-22 assigned to start year; supplementary
E09000025,Newham,2021,income_median,28300,HMRC personal income by tax year (London Datastore),borough,financial year 2021-22 assigned to start year; analysis metric
E09000025,Newham,2021,income_taxpayers,146000,HMRC personal income by tax year (London Datastore),borough,financial year 2021-22 assigned to start year; supplementary
E09000025,Newham,2022,income_mean,37200,HMRC personal income by tax year (London Datastore),borough,financial year 2022-23 assigned to start year; supplementary
E09000025,Newham,2022,income_median,28900,HMRC personal income by tax year (London Datastore),borough,financial year 2022-23 assigned to start year; analysis metric
E09000025,Newham,2022,income_taxpayers,165000,HMRC personal income by tax year (London Datastore),borough,financial year 2022-23 assigned to start year; supplementary
E09000025,Newham,2023,income_mean,38800,HMRC personal income by tax year (London Datastore),borough,financial year 2023-24 assigned to start year; supplementary
E09000025,Newham,2023,income_median,29800,HMRC personal income by tax year (London Datastore),borough,financial year 2023-24 assigned to start year; analysis metric
E09000025,Newham,2023,income_taxpayers,179000,HMRC personal income by tax year (London Datastore),borough,financial year 2023-24 assigned to start year; supplementary
E09000026,Redbridge,1999,income_mean,21700,HMRC personal income by tax year (London Datastore),borough,financial year 1999-00 assigned to start year; supplementary
E09000026,Redbridge,1999,income_median,17100,HMRC personal income by tax year (London Datastore),borough,financial year 1999-00 assigned to start year; analysis metric
E09000026,Redbridge,1999,income_taxpayers,96000,HMRC personal income by tax year (London Datastore),borough,financial year 1999-00 assigned to start year; supplementary
E09000026,Redbridge,2000,income_mean,21700,HMRC personal income by tax year (London Datastore),borough,financial year 2000-01 assigned to start year; supplementary
E09000026,Redbridge,2000,income_median,16900,HMRC personal income by tax year (London Datastore),borough,financial year 2000-01 assigned to start year; analysis metric
E09000026,Redbridge,2000,income_taxpayers,98000,HMRC personal income by tax year (London Datastore),borough,financial year 2000-01 assigned to start year; supplementary
E09000026,Redbridge,2001,income_mean,23800,HMRC personal income by tax year (London Datastore),borough,financial year 2001-02 assigned to start year; supplementary
E09000026,Redbridge,2001,income_median,17200,HMRC personal income by tax year (London Datastore),borough,financial year 2001-02 assigned to start year; analysis metric
E09000026,Redbridge,2001,income_taxpayers,118000,HMRC personal income by tax year (London Datastore),borough,financial year 2001-02 assigned to start year; supplementary
E09000026,Redbridge,2002,income_mean,24000,HMRC personal income by tax year (London Datastore),borough,financial year 2002-03 assigned to start year; supplementary
E09000026,Redbridge,2002,income_median,18700,HMRC personal income by tax year (London Datastore),borough,financial year 2002-03 assigned to start year; analysis metric
E09000026,Redbridge,2002,income_taxpayers,111000,HMRC personal income by tax year (London Datastore),borough,financial year 2002-03 assigned to start year; supplementary
E09000026,Redbridge,2003,income_mean,24100,HMRC personal income by tax year (London Datastore),borough,financial year 2003-04 assigned to start year; supplementary
E09000026,Redbridge,2003,income_median,19000,HMRC personal income by tax year (London Datastore),borough,financial year 2003-04 assigned to start year; analysis metric
E09000026,Redbridge,2003,income_taxpayers,111000,HMRC personal income by tax year (London Datastore),borough,financial year 2003-04 assigned to start year; supplementary
E09000026,Redbridge,2004,income_mean,24500,HMRC personal income by tax year (London Datastore),borough,financial year 2004-05 assigned to start year; supplementary
E09000026,Redbridge,2004,income_median,17800,HMRC personal income by tax year (London Datastore),borough,financial year 2004-05 assigned to start year; analysis metric
E09000026,Redbridge,2004,income_taxpayers,120000,HMRC personal income by tax year (London Datastore),borough,financial year 2004-05 assigned to start year; supplementary
E09000026,Redbridge,2005,income_mean,26500,HMRC personal income by tax year (London Datastore),borough,financial year 2005-06 assigned to start year; supplementary
E09000026,Redbridge,2005,income_median,20000,HMRC personal income by tax year (London Datastore),borough,financial year 2005-06 assigned to start year; analysis metric
E09000026,Redbridge,2005,income_taxpayers,122000,HMRC personal income by tax year (London Datastore),borough,financial year 2005-06 assigned to start year; supplementary
E09000026,Redbridge,2006,income_mean,28300,HMRC personal income by tax year (London Datastore),borough,financial year 2006-07 assigned to start year; supplementary
E09000026,Redbridge,2006,income_median,20700,HMRC personal income by tax year (London Datastore),borough,financial year 2006-07 assigned to start year; analysis metric
E09000026,Redbridge,2006,income_taxpayers,126000,HMRC personal income by tax year (London Datastore),borough,financial year 2006-07 assigned to start year; supplementary
E09000026,Redbridge,2007,income_mean,29100,HMRC personal income by tax year (London Datastore),borough,financial year 2007-08 assigned to start year; supplementary
E09000026,Redbridge,2007,income_median,21600,HMRC personal income by tax year (London Datastore),borough,financial year 2007-08 assigned to start year; analysis metric
E09000026,Redbridge,2007,income_taxpayers,128000,HMRC personal income by tax year (London Datastore),borough,financial year 2007-08 assigned to start year; supplementary
E09000026,Redbridge,2009,income_mean,30200,HMRC personal income by tax year (London Datastore),borough,financial year 2009-10 assigned to start year; supplementary
E09000026,Redbridge,2009,income_median,22300,HMRC personal income by tax year (London Datastore),borough,financial year 2009-10 assigned to start year; analysis metric
E09000026,Redbridge,2009,income_taxpayers,124000,HMRC personal income by tax year (London Datastore),borough,financial year 2009-10 assigned to start year; supplementary
E09000026,Redbridge,2010,income_mean,29400,HMRC personal income by tax year (London Datastore),borough,financial year 2010-11 assigned to start year; supplementary
E09000026,Redbridge,2010,income_median,22200,HMRC personal income by tax year (London Datastore),borough,financial year 2010-11 assigned to start year; analysis metric
E09000026,Redbridge,2010,income_taxpayers,128000,HMRC personal income by tax year (London Datastore),borough,financial year 2010-11 assigned to start year; supplementary
E09000026,Redbridge,2011,income_mean,30900,HMRC personal income by tax year (London Datastore),borough,financial year 2011-12 assigned to start year; supplementary
E09000026,Redbridge,2011,income_median,22900,HMRC personal income by tax year (London Datastore),borough,financial year 2011-12 assigned to start year; analysis metric
E09000026,Redbridge,2011,income_taxpayers,127000,HMRC personal income by tax year (London Datastore),borough,financial year 2011-12 assigned to start year; supplementary
E09000026,Redbridge,2012,income_mean,31800,HMRC personal income by tax year (London Datastore),borough,financial year 2012-13 assigned to start year; supplementary
E09000026,Redbridge,2012,income_median,23800,HMRC personal income by tax year (London Datastore),borough,financial year 2012-13 assigned to start year; analysis metric
E09000026,Redbridge,2012,income_taxpayers,128000,HMRC personal income by tax year (London Datastore),borough,financial year 2012-13 assigned to start year; supplementary
E09000026,Redbridge,2013,income_mean,33100,HMRC personal income by tax year (London Datastore),borough,financial year 2013-14 assigned to start year; supplementary
E09000026,Redbridge,2013,income_median,25100,HMRC personal income by tax year (London Datastore),borough,financial year 2013-14 assigned to start year; analysis metric
E09000026,Redbridge,2013,income_taxpayers,130000,HMRC personal income by tax year (London Datastore),borough,financial year 2013-14 assigned to start year; supplementary
E09000026,Redbridge,2014,income_mean,33900,HMRC personal income by tax year (London Datastore),borough,financial year 2014-15 assigned to start year; supplementary
E09000026,Redbridge,2014,income_median,25700,HMRC personal income by tax year (London Datastore),borough,financial year 2014-15 assigned to start year; analysis metric
E09000026,Redbridge,2014,income_taxpayers,131000,HMRC personal income by tax year (London Datastore),borough,financial year 2014-15 assigned to start year; supplementary
E09000026,Redbridge,2015,income_mean,35300,HMRC personal income by tax year (London Datastore),borough,financial year 2015-16 assigned to start year; supplementary
E09000026,Redbridge,2015,income_median,26400,HMRC personal income by tax year (London Datastore),borough,financial year 2015-16 assigned to start year; analysis metric
E09000026,Redbridge,2015,income_taxpayers,140000,HMRC personal income by tax year (London Datastore),borough,financial year 2015-16 assigned to start year; supplementary
E09000026,Redbridge,2016,income_mean,35500,HMRC personal income by tax year (London Datastore),borough,financial year 2016-17 assigned to start year; supplementary
E09000026,Redbridge,2016,income_median,27400,HMRC personal income by tax year (London Datastore),borough,financial year 2016-17 assigned to start year; analysis metric
E09000026,Redbridge,2016,income_taxpayers,137000,HMRC personal income by tax year (London Datastore),borough,financial year 2016-17 assigned to start year; supplementary
E09000026,Redbridge,2017,income_mean,37100,HMRC personal income by tax year (London Datastore),borough,financial year 2017-18 assigned to start year; supplementary
E09000026,Redbridge,2017,income_median,28000,HMRC personal income by tax year (London Datastore),borough,financial year 2017-18 assigned to start year; analysis metric
E09000026,Redbridge,2017,income_taxpayers,136000,HMRC personal income by tax year (London Datastore),borough,financial year 2017-18 assigned to start year; supplementary
E09000026,Redbridge,2018,income_mean,37100,HMRC personal income by tax year (London Datastore),borough,financial year 2018-19 assigned to start year; supplementary
E09000026,Redbridge,2018,income_median,27300,HMRC personal income by tax year (London Datastore),borough,financial year 2018-19 assigned to start year; analysis metric
E09000026,Redbridge,2018,income_taxpayers,138000,HMRC personal income by tax year (London Datastore),borough,financial year 2018-19 assigned to start year; supplementary
E09000026,Redbridge,2019,income_mean,38500,HMRC personal income by tax year (London Datastore),borough,financial year 2019-20 assigned to start year; supplementary
E09000026,Redbridge,2019,income_median,28900,HMRC personal income by tax year (London Datastore),borough,financial year 2019-20 assigned to start year; analysis metric
E09000026,Redbridge,2019,income_taxpayers,138000,HMRC personal income by tax year (London Datastore),borough,financial year 2019-20 assigned to start year; supplementary
E09000026,Redbridge,2020,income_mean,40300,HMRC personal income by tax year (London Datastore),borough,financial year 2020-21 assigned to start year; supplementary
E09000026,Redbridge,2020,income_median,30400,HMRC personal income by tax year (London Datastore),borough,financial year 2020-21 assigned to start year; analysis metric
E09000026,Redbridge,2020,income_taxpayers,139000,HMRC personal income by tax year (London Datastore),borough,financial year 2020-21 assigned to start year; supplementary
E09000026,Redbridge,2021,income_mean,42700,HMRC personal income by tax year (London Datastore),borough,financial year 2021-22 assigned to start year; supplementary
E09000026,Redbridge,2021,income_median,31200,HMRC personal income by tax year (London Datastore),borough,financial year 2021-22 assigned to start year; analysis metric
E09000026,Redbridge,2021,income_taxpayers,138000,HMRC personal income by tax year (London Datastore),borough,financial year 2021-22 assigned to start year; supplementary
E09000026,Redbridge,2022,income_mean,44200,HMRC personal income by tax year (London Datastore),borough,financial year 2022-23 assigned to start year; supplementary
E09000026,Redbridge,2022,income_median,31200,HMRC personal income by tax year (London Datastore),borough,financial year 2022-23 assigned to start year; analysis metric
E09000026,Redbridge,2022,income_taxpayers,145000,HMRC personal income by tax year (London Datastore),borough,financial year 2022-23 assigned to start year; supplementary
E09000026,Redbridge,2023,income_mean,44600,HMRC personal income by tax year (London Datastore),borough,financial year 2023-24 assigned to start year; supplementary
E09000026,Redbridge,2023,income_median,32100,HMRC personal income by tax year (London Datastore),borough,financial year 2023-24 assigned to start year; analysis metric
E09000026,Redbridge,2023,income_taxpayers,160000,HMRC personal income by tax year (London Datastore),borough,financial year 2023-24 assigned to start year; supplementary
E09000027,Richmond upon Thames,1999,income_mean,37300,HMRC personal income by tax year (London Datastore),borough,financial year 1999-00 assigned to start year; supplementary
E09000027,Richmond upon Thames,1999,income_median,20900,HMRC personal income by tax year (London Datastore),borough,financial year 1999-00 assigned to start year; analysis metric
E09000027,Richmond upon Thames,1999,income_taxpayers,86000,HMRC personal income by tax year (London Datastore),borough,financial year 1999-00 assigned to start year; supplementary
E09000027,Richmond upon Thames,2000,income_mean,36700,HMRC personal income by tax year (London Datastore),borough,financial year 2000-01 assigned to start year; supplementary
E09000027,Richmond upon Thames,2000,income_median,21100,HMRC personal income by tax year (London Datastore),borough,financial year 2000-01 assigned to start year; analysis metric
E09000027,Richmond upon Thames,2000,income_taxpayers,113000,HMRC personal income by tax year (London Datastore),borough,financial year 2000-01 assigned to start year; supplementary
E09000027,Richmond upon Thames,2001,income_mean,41500,HMRC personal income by tax year (London Datastore),borough,financial year 2001-02 assigned to start year; supplementary
E09000027,Richmond upon Thames,2001,income_median,23400,HMRC personal income by tax year (London Datastore),borough,financial year 2001-02 assigned to start year; analysis metric
E09000027,Richmond upon Thames,2001,income_taxpayers,94000,HMRC personal income by tax year (London Datastore),borough,financial year 2001-02 assigned to start year; supplementary
E09000027,Richmond upon Thames,2002,income_mean,39500,HMRC personal income by tax year (London Datastore),borough,financial year 2002-03 assigned to start year; supplementary
E09000027,Richmond upon Thames,2002,income_median,23100,HMRC personal income by tax year (London Datastore),borough,financial year 2002-03 assigned to start year; analysis metric
E09000027,Richmond upon Thames,2002,income_taxpayers,93000,HMRC personal income by tax year (London Datastore),borough,financial year 2002-03 assigned to start year; supplementary
E09000027,Richmond upon Thames,2003,income_mean,42700,HMRC personal income by tax year (London Datastore),borough,financial year 2003-04 assigned to start year; supplementary
E09000027,Richmond upon Thames,2003,income_median,25600,HMRC personal income by tax year (London Datastore),borough,financial year 2003-04 assigned to start year; analysis metric
E09000027,Richmond upon Thames,2003,income_taxpayers,84000,HMRC personal income by tax year (London Datastore),borough,financial year 2003-04 assigned to start year; supplementary
E09000027,Richmond upon Thames,2004,income_mean,41800,HMRC personal income by tax year (London Datastore),borough,financial year 2004-05 assigned to start year; supplementary
E09000027,Richmond upon Thames,2004,income_median,24500,HMRC personal income by tax year (London Datastore),borough,financial year 2004-05 assigned to start year; analysis metric
E09000027,Richmond upon Thames,2004,income_taxpayers,102000,HMRC personal income by tax year (London Datastore),borough,financial year 2004-05 assigned to start year; supplementary
E09000027,Richmond upon Thames,2005,income_mean,47500,HMRC personal income by tax year (London Datastore),borough,financial year 2005-06 assigned to start year; supplementary
E09000027,Richmond upon Thames,2005,income_median,25800,HMRC personal income by tax year (London Datastore),borough,financial year 2005-06 assigned to start year; analysis metric
E09000027,Richmond upon Thames,2005,income_taxpayers,102000,HMRC personal income by tax year (London Datastore),borough,financial year 2005-06 assigned to start year; supplementary
E09000027,Richmond upon Thames,2006,income_mean,52500,HMRC personal income by tax year (London Datastore),borough,financial year 2006-07 assigned to start year; supplementary
E09000027,Richmond upon Thames,2006,income_median,27300,HMRC personal income by tax year (London Datastore),borough,financial year 2006-07 assigned to start year; analysis metric
E09000027,Richmond upon Thames,2006,income_taxpayers,99000,HMRC personal income by tax year (London Datastore),borough,financial year 2006-07 assigned to start year; supplementary
E09000027,Richmond upon Thames,2007,income_mean,56900,HMRC personal income by tax year (London Datastore),borough,financial year 2007-08 assigned to start year; supplementary
E09000027,Richmond upon Thames,2007,income_median,29100,HMRC personal income by tax year (London Datastore),borough,financial year 2007-08 assigned to start year; analysis metric
E09000027,Richmond upon Thames,2007,income_taxpayers,104000,HMRC personal income by tax year (London Datastore),borough,financial year 2007-08 assigned to start year; supplementary
E09000027,Richmond upon Thames,2009,income_mean,58900,HMRC personal income by tax year (London Datastore),borough,financial year 2009-10 assigned to start year; supplementary
E09000027,Richmond upon Thames,2009,income_median,30800,HMRC personal income by tax year (London Datastore),borough,financial year 2009-10 assigned to start year; analysis metric
E09000027,Richmond upon Thames,2009,income_taxpayers,101000,HMRC personal income by tax year (London Datastore),borough,financial year 2009-10 assigned to start year; supplementary
E09000027,Richmond upon Thames,2010,income_mean,56300,HMRC personal income by tax year (London Datastore),borough,financial year 2010-11 assigned to start year; supplementary
E09000027,Richmond upon Thames,2010,income_median,30600,HMRC personal income by tax year (London Datastore),borough,financial year 2010-11 assigned to start year; analysis metric
E09000027,Richmond upon Thames,2010,income_taxpayers,101000,HMRC personal income by tax year (London Datastore),borough,financial year 2010-11 assigned to start year; supplementary
E09000027,Richmond upon Thames,2011,income_mean,57400,HMRC personal income by tax year (London Datastore),borough,financial year 2011-12 assigned to start year; supplementary
E09000027,Richmond upon Thames,2011,income_median,31500,HMRC personal income by tax year (London Datastore),borough,financial year 2011-12 assigned to start year; analysis metric
E09000027,Richmond upon Thames,2011,income_taxpayers,104000,HMRC personal income by tax year (London Datastore),borough,financial year 2011-12 assigned to start year; supplementary
E09000027,Richmond upon Thames,2012,income_mean,58800,HMRC personal income by tax year (London Datastore),borough,financial year 2012-13 assigned to start year; supplementary
E09000027,Richmond upon Thames,2012,income_median,33400,HMRC personal income by tax year (London Datastore),borough,financial year 2012-13 assigned to start year; analysis metric
E09000027,Richmond upon Thames,2012,income_taxpayers,102000,HMRC personal income by tax year (London Datastore),borough,financial year 2012-13 assigned to start year; supplementary
E09000027,Richmond upon Thames,2013,income_mean,64000,HMRC personal income by tax year (London Datastore),borough,financial year 2013-14 assigned to start year; supplementary
E09000027,Richmond upon Thames,2013,income_median,33700,HMRC personal income by tax year (London Datastore),borough,financial year 2013-14 assigned to start year; analysis metric
E09000027,Richmond upon Thames,2013,income_taxpayers,107000,HMRC personal income by tax year (London Datastore),borough,financial year 2013-14 assigned to start year; supplementary
E09000027,Richmond upon Thames,2014,income_mean,64600,HMRC personal income by tax year (London Datastore),borough,financial year 2014-15 assigned to start year; supplementary
E09000027,Richmond upon Thames,2014,income_median,35800,HMRC personal income by tax year (London Datastore),borough,financial year 2014-15 assigned to start year; analysis metric
E09000027,Richmond upon Thames,2014,income_taxpayers,104000,HMRC personal income by tax year (London Datastore),borough,financial year 2014-15 assigned to start year; supplementary
E09000027,Richmond upon Thames,2015,income_mean,67300,HMRC personal income by tax year (London Datastore),borough,financial year 2015-16 assigned to start year; supplementary
E09000027,Richmond upon Thames,2015,income_median,35500,HMRC personal income by tax year (London Datastore),borough,financial year 2015-16 assigned to start year; analysis metric
E09000027,Richmond upon Thames,2015,income_taxpayers,104000,HMRC personal income by tax year (London Datastore),borough,financial year 2015-16 assigned to start year; supplementary
E09000027,Richmond upon Thames,2016,income_mean,67000,HMRC personal income by tax year (London Datastore),borough,financial year 2016-17 assigned to start year; supplementary
E09000027,Richmond upon Thames,2016,income_median,36600,HMRC personal income by tax year (London Datastore),borough,financial year 2016-17 assigned to start year; analysis metric
E09000027,Richmond upon Thames,2016,income_taxpayers,103000,HMRC personal income by tax year (London Datastore),borough,financial year 2016-17 assigned to start year; supplementary
E09000027,Richmond upon Thames,2017,income_mean,69000,HMRC personal income by tax year (London Datastore),borough,financial year 2017-18 assigned to start year; supplementary
E09000027,Richmond upon Thames,2017,income_median,36100,HMRC personal income by tax year (London Datastore),borough,financial year 2017-18 assigned to start year; analysis metric
E09000027,Richmond upon Thames,2017,income_taxpayers,108000,HMRC personal income by tax year (London Datastore),borough,financial year 2017-18 assigned to start year; supplementary
E09000027,Richmond upon Thames,2018,income_mean,73800,HMRC personal income by tax year (London Datastore),borough,financial year 2018-19 assigned to start year; supplementary
E09000027,Richmond upon Thames,2018,income_median,37600,HMRC personal income by tax year (London Datastore),borough,financial year 2018-19 assigned to start year; analysis metric
E09000027,Richmond upon Thames,2018,income_taxpayers,105000,HMRC personal income by tax year (London Datastore),borough,financial year 2018-19 assigned to start year; supplementary
E09000027,Richmond upon Thames,2019,income_mean,77400,HMRC personal income by tax year (London Datastore),borough,financial year 2019-20 assigned to start year; supplementary
E09000027,Richmond upon Thames,2019,income_median,38900,HMRC personal income by tax year (London Datastore),borough,financial year 2019-20 assigned to start year; analysis metric
E09000027,Richmond upon Thames,2019,income_taxpayers,104000,HMRC personal income by tax year (London Datastore),borough,financial year 2019-20 assigned to start year; supplementary
E09000027,Richmond upon Thames,2020,income_mean,77900,HMRC personal income by tax year (London Datastore),borough,financial year 2020-21 assigned to start year; supplementary
E09000027,Richmond upon Thames,2020,income_median,39500,HMRC personal income by tax year (London Datastore),borough,financial year 2020-21 assigned to start year; analysis metric
E09000027,Richmond upon Thames,2020,income_taxpayers,106000,HMRC personal income by tax year (London Datastore),borough,financial year 2020-21 assigned to start year; supplementary
E09000027,Richmond upon Thames,2021,income_mean,90400,HMRC personal income by tax year (London Datastore),borough,financial year 2021-22 assigned to start year; supplementary
E09000027,Richmond upon Thames,2021,income_median,44000,HMRC personal income by tax year (London Datastore),borough,financial year 2021-22 assigned to start year; analysis metric
E09000027,Richmond upon Thames,2021,income_taxpayers,104000,HMRC personal income by tax year (London Datastore),borough,financial year 2021-22 assigned to start year; supplementary
E09000027,Richmond upon Thames,2022,income_mean,92200,HMRC personal income by tax year (London Datastore),borough,financial year 2022-23 assigned to start year; supplementary
E09000027,Richmond upon Thames,2022,income_median,45300,HMRC personal income by tax year (London Datastore),borough,financial year 2022-23 assigned to start year; analysis metric
E09000027,Richmond upon Thames,2022,income_taxpayers,106000,HMRC personal income by tax year (London Datastore),borough,financial year 2022-23 assigned to start year; supplementary
E09000027,Richmond upon Thames,2023,income_mean,96000,HMRC personal income by tax year (London Datastore),borough,financial year 2023-24 assigned to start year; supplementary
E09000027,Richmond upon Thames,2023,income_median,48100,HMRC personal income by tax year (London Datastore),borough,financial year 2023-24 assigned to start year; analysis metric
E09000027,Richmond upon Thames,2023,income_taxpayers,110000,HMRC personal income by tax year (London Datastore),borough,financial year 2023-24 assigned to start year; supplementary
E09000028,Southwark,1999,income_mean,20400,HMRC personal income by tax year (London Datastore),borough,financial year 1999-00 assigned to start year; supplementary
E09000028,Southwark,1999,income_median,14600,HMRC personal income by tax year (London Datastore),borough,financial year 1999-00 assigned to start year; analysis metric
E09000028,Southwark,1999,income_taxpayers,114000,HMRC personal income by tax year (London Datastore),borough,financial year 1999-00 assigned to start year; supplementary
E09000028,Southwark,2000,income_mean,22500,HMRC personal income by tax year (London Datastore),borough,financial year 2000-01 assigned to start year; supplementary
E09000028,Southwark,2000,income_median,15400,HMRC personal income by tax year (London Datastore),borough,financial year 2000-01 assigned to start year; analysis metric
E09000028,Southwark,2000,income_taxpayers,120000,HMRC personal income by tax year (London Datastore),borough,financial year 2000-01 assigned to start year; supplementary
E09000028,Southwark,2001,income_mean,25900,HMRC personal income by tax year (London Datastore),borough,financial year 2001-02 assigned to start year; supplementary
E09000028,Southwark,2001,income_median,16900,HMRC personal income by tax year (London Datastore),borough,financial year 2001-02 assigned to start year; analysis metric
E09000028,Southwark,2001,income_taxpayers,97000,HMRC personal income by tax year (London Datastore),borough,financial year 2001-02 assigned to start year; supplementary
E09000028,Southwark,2002,income_mean,24600,HMRC personal income by tax year (London Datastore),borough,financial year 2002-03 assigned to start year; supplementary
E09000028,Southwark,2002,income_median,17900,HMRC personal income by tax year (London Datastore),borough,financial year 2002-03 assigned to start year; analysis metric
E09000028,Southwark,2002,income_taxpayers,111000,HMRC personal income by tax year (London Datastore),borough,financial year 2002-03 assigned to start year; supplementary
E09000028,Southwark,2003,income_mean,25400,HMRC personal income by tax year (London Datastore),borough,financial year 2003-04 assigned to start year; supplementary
E09000028,Southwark,2003,income_median,18200,HMRC personal income by tax year (London Datastore),borough,financial year 2003-04 assigned to start year; analysis metric
E09000028,Southwark,2003,income_taxpayers,115000,HMRC personal income by tax year (London Datastore),borough,financial year 2003-04 assigned to start year; supplementary
E09000028,Southwark,2004,income_mean,26300,HMRC personal income by tax year (London Datastore),borough,financial year 2004-05 assigned to start year; supplementary
E09000028,Southwark,2004,income_median,17800,HMRC personal income by tax year (London Datastore),borough,financial year 2004-05 assigned to start year; analysis metric
E09000028,Southwark,2004,income_taxpayers,124000,HMRC personal income by tax year (London Datastore),borough,financial year 2004-05 assigned to start year; supplementary
E09000028,Southwark,2005,income_mean,29500,HMRC personal income by tax year (London Datastore),borough,financial year 2005-06 assigned to start year; supplementary
E09000028,Southwark,2005,income_median,20000,HMRC personal income by tax year (London Datastore),borough,financial year 2005-06 assigned to start year; analysis metric
E09000028,Southwark,2005,income_taxpayers,133000,HMRC personal income by tax year (London Datastore),borough,financial year 2005-06 assigned to start year; supplementary
E09000028,Southwark,2006,income_mean,31800,HMRC personal income by tax year (London Datastore),borough,financial year 2006-07 assigned to start year; supplementary
E09000028,Southwark,2006,income_median,20400,HMRC personal income by tax year (London Datastore),borough,financial year 2006-07 assigned to start year; analysis metric
E09000028,Southwark,2006,income_taxpayers,136000,HMRC personal income by tax year (London Datastore),borough,financial year 2006-07 assigned to start year; supplementary
E09000028,Southwark,2007,income_mean,36000,HMRC personal income by tax year (London Datastore),borough,financial year 2007-08 assigned to start year; supplementary
E09000028,Southwark,2007,income_median,21900,HMRC personal income by tax year (London Datastore),borough,financial year 2007-08 assigned to start year; analysis metric
E09000028,Southwark,2007,income_taxpayers,136000,HMRC personal income by tax year (London Datastore),borough,financial year 2007-08 assigned to start year; supplementary
E09000028,Southwark,2009,income_mean,36800,HMRC personal income by tax year (London Datastore),borough,financial year 2009-10 assigned to start year; supplementary
E09000028,Southwark,2009,income_median,23300,HMRC personal income by tax year (London Datastore),borough,financial year 2009-10 assigned to start year; analysis metric
E09000028,Southwark,2009,income_taxpayers,127000,HMRC personal income by tax year (London Datastore),borough,financial year 2009-10 assigned to start year; supplementary
E09000028,Southwark,2010,income_mean,35400,HMRC personal income by tax year (London Datastore),borough,financial year 2010-11 assigned to start year; supplementary
E09000028,Southwark,2010,income_median,23800,HMRC personal income by tax year (London Datastore),borough,financial year 2010-11 assigned to start year; analysis metric
E09000028,Southwark,2010,income_taxpayers,136000,HMRC personal income by tax year (London Datastore),borough,financial year 2010-11 assigned to start year; supplementary
E09000028,Southwark,2011,income_mean,36500,HMRC personal income by tax year (London Datastore),borough,financial year 2011-12 assigned to start year; supplementary
E09000028,Southwark,2011,income_median,24300,HMRC personal income by tax year (London Datastore),borough,financial year 2011-12 assigned to start year; analysis metric
E09000028,Southwark,2011,income_taxpayers,138000,HMRC personal income by tax year (London Datastore),borough,financial year 2011-12 assigned to start year; supplementary
E09000028,Southwark,2012,income_mean,37500,HMRC personal income by tax year (London Datastore),borough,financial year 2012-13 assigned to start year; supplementary
E09000028,Southwark,2012,income_median,25000,HMRC personal income by tax year (London Datastore),borough,financial year 2012-13 assigned to start year; analysis metric
E09000028,Southwark,2012,income_taxpayers,135000,HMRC personal income by tax year (London Datastore),borough,financial year 2012-13 assigned to start year; supplementary
E09000028,Southwark,2013,income_mean,40500,HMRC personal income by tax year (London Datastore),borough,financial year 2013-14 assigned to start year; supplementary
E09000028,Southwark,2013,income_median,26200,HMRC personal income by tax year (London Datastore),borough,financial year 2013-14 assigned to start year; analysis metric
E09000028,Southwark,2013,income_taxpayers,136000,HMRC personal income by tax year (London Datastore),borough,financial year 2013-14 assigned to start year; supplementary
E09000028,Southwark,2014,income_mean,41600,HMRC personal income by tax year (London Datastore),borough,financial year 2014-15 assigned to start year; supplementary
E09000028,Southwark,2014,income_median,27700,HMRC personal income by tax year (London Datastore),borough,financial year 2014-15 assigned to start year; analysis metric
E09000028,Southwark,2014,income_taxpayers,140000,HMRC personal income by tax year (London Datastore),borough,financial year 2014-15 assigned to start year; supplementary
E09000028,Southwark,2015,income_mean,44200,HMRC personal income by tax year (London Datastore),borough,financial year 2015-16 assigned to start year; supplementary
E09000028,Southwark,2015,income_median,27100,HMRC personal income by tax year (London Datastore),borough,financial year 2015-16 assigned to start year; analysis metric
E09000028,Southwark,2015,income_taxpayers,144000,HMRC personal income by tax year (London Datastore),borough,financial year 2015-16 assigned to start year; supplementary
E09000028,Southwark,2016,income_mean,45400,HMRC personal income by tax year (London Datastore),borough,financial year 2016-17 assigned to start year; supplementary
E09000028,Southwark,2016,income_median,29400,HMRC personal income by tax year (London Datastore),borough,financial year 2016-17 assigned to start year; analysis metric
E09000028,Southwark,2016,income_taxpayers,148000,HMRC personal income by tax year (London Datastore),borough,financial year 2016-17 assigned to start year; supplementary
E09000028,Southwark,2017,income_mean,48600,HMRC personal income by tax year (London Datastore),borough,financial year 2017-18 assigned to start year; supplementary
E09000028,Southwark,2017,income_median,29400,HMRC personal income by tax year (London Datastore),borough,financial year 2017-18 assigned to start year; analysis metric
E09000028,Southwark,2017,income_taxpayers,146000,HMRC personal income by tax year (London Datastore),borough,financial year 2017-18 assigned to start year; supplementary
E09000028,Southwark,2018,income_mean,49400,HMRC personal income by tax year (London Datastore),borough,financial year 2018-19 assigned to start year; supplementary
E09000028,Southwark,2018,income_median,31400,HMRC personal income by tax year (London Datastore),borough,financial year 2018-19 assigned to start year; analysis metric
E09000028,Southwark,2018,income_taxpayers,158000,HMRC personal income by tax year (London Datastore),borough,financial year 2018-19 assigned to start year; supplementary
E09000028,Southwark,2019,income_mean,53400,HMRC personal income by tax year (London Datastore),borough,financial year 2019-20 assigned to start year; supplementary
E09000028,Southwark,2019,income_median,33500,HMRC personal income by tax year (London Datastore),borough,financial year 2019-20 assigned to start year; analysis metric
E09000028,Southwark,2019,income_taxpayers,152000,HMRC personal income by tax year (London Datastore),borough,financial year 2019-20 assigned to start year; supplementary
E09000028,Southwark,2020,income_mean,55300,HMRC personal income by tax year (London Datastore),borough,financial year 2020-21 assigned to start year; supplementary
E09000028,Southwark,2020,income_median,33900,HMRC personal income by tax year (London Datastore),borough,financial year 2020-21 assigned to start year; analysis metric
E09000028,Southwark,2020,income_taxpayers,146000,HMRC personal income by tax year (London Datastore),borough,financial year 2020-21 assigned to start year; supplementary
E09000028,Southwark,2021,income_mean,57800,HMRC personal income by tax year (London Datastore),borough,financial year 2021-22 assigned to start year; supplementary
E09000028,Southwark,2021,income_median,34400,HMRC personal income by tax year (London Datastore),borough,financial year 2021-22 assigned to start year; analysis metric
E09000028,Southwark,2021,income_taxpayers,156000,HMRC personal income by tax year (London Datastore),borough,financial year 2021-22 assigned to start year; supplementary
E09000028,Southwark,2022,income_mean,59400,HMRC personal income by tax year (London Datastore),borough,financial year 2022-23 assigned to start year; supplementary
E09000028,Southwark,2022,income_median,36200,HMRC personal income by tax year (London Datastore),borough,financial year 2022-23 assigned to start year; analysis metric
E09000028,Southwark,2022,income_taxpayers,166000,HMRC personal income by tax year (London Datastore),borough,financial year 2022-23 assigned to start year; supplementary
E09000028,Southwark,2023,income_mean,63000,HMRC personal income by tax year (London Datastore),borough,financial year 2023-24 assigned to start year; supplementary
E09000028,Southwark,2023,income_median,38300,HMRC personal income by tax year (London Datastore),borough,financial year 2023-24 assigned to start year; analysis metric
E09000028,Southwark,2023,income_taxpayers,172000,HMRC personal income by tax year (London Datastore),borough,financial year 2023-24 assigned to start year; supplementary
E09000029,Sutton,1999,income_mean,21000,HMRC personal income by tax year (London Datastore),borough,financial year 1999-00 assigned to start year; supplementary
E09000029,Sutton,1999,income_median,16400,HMRC personal income by tax year (London Datastore),borough,financial year 1999-00 assigned to start year; analysis metric
E09000029,Sutton,1999,income_taxpayers,93000,HMRC personal income by tax year (London Datastore),borough,financial year 1999-00 assigned to start year; supplementary
E09000029,Sutton,2000,income_mean,21900,HMRC personal income by tax year (London Datastore),borough,financial year 2000-01 assigned to start year; supplementary
E09000029,Sutton,2000,income_median,17000,HMRC personal income by tax year (London Datastore),borough,financial year 2000-01 assigned to start year; analysis metric
E09000029,Sutton,2000,income_taxpayers,82000,HMRC personal income by tax year (London Datastore),borough,financial year 2000-01 assigned to start year; supplementary
E09000029,Sutton,2001,income_mean,23100,HMRC personal income by tax year (London Datastore),borough,financial year 2001-02 assigned to start year; supplementary
E09000029,Sutton,2001,income_median,17600,HMRC personal income by tax year (London Datastore),borough,financial year 2001-02 assigned to start year; analysis metric
E09000029,Sutton,2001,income_taxpayers,98000,HMRC personal income by tax year (London Datastore),borough,financial year 2001-02 assigned to start year; supplementary
E09000029,Sutton,2002,income_mean,23700,HMRC personal income by tax year (London Datastore),borough,financial year 2002-03 assigned to start year; supplementary
E09000029,Sutton,2002,income_median,17800,HMRC personal income by tax year (London Datastore),borough,financial year 2002-03 assigned to start year; analysis metric
E09000029,Sutton,2002,income_taxpayers,93000,HMRC personal income by tax year (London Datastore),borough,financial year 2002-03 assigned to start year; supplementary
E09000029,Sutton,2003,income_mean,24600,HMRC personal income by tax year (London Datastore),borough,financial year 2003-04 assigned to start year; supplementary
E09000029,Sutton,2003,income_median,18400,HMRC personal income by tax year (London Datastore),borough,financial year 2003-04 assigned to start year; analysis metric
E09000029,Sutton,2003,income_taxpayers,90000,HMRC personal income by tax year (London Datastore),borough,financial year 2003-04 assigned to start year; supplementary
E09000029,Sutton,2004,income_mean,25600,HMRC personal income by tax year (London Datastore),borough,financial year 2004-05 assigned to start year; supplementary
E09000029,Sutton,2004,income_median,18900,HMRC personal income by tax year (London Datastore),borough,financial year 2004-05 assigned to start year; analysis metric
E09000029,Sutton,2004,income_taxpayers,95000,HMRC personal income by tax year (London Datastore),borough,financial year 2004-05 assigned to start year; supplementary
E09000029,Sutton,2005,income_mean,26300,HMRC personal income by tax year (London Datastore),borough,financial year 2005-06 assigned to start year; supplementary
E09000029,Sutton,2005,income_median,20200,HMRC personal income by tax year (London Datastore),borough,financial year 2005-06 assigned to start year; analysis metric
E09000029,Sutton,2005,income_taxpayers,101000,HMRC personal income by tax year (London Datastore),borough,financial year 2005-06 assigned to start year; supplementary
E09000029,Sutton,2006,income_mean,28400,HMRC personal income by tax year (London Datastore),borough,financial year 2006-07 assigned to start year; supplementary
E09000029,Sutton,2006,income_median,21400,HMRC personal income by tax year (London Datastore),borough,financial year 2006-07 assigned to start year; analysis metric
E09000029,Sutton,2006,income_taxpayers,99000,HMRC personal income by tax year (London Datastore),borough,financial year 2006-07 assigned to start year; supplementary
E09000029,Sutton,2007,income_mean,30000,HMRC personal income by tax year (London Datastore),borough,financial year 2007-08 assigned to start year; supplementary
E09000029,Sutton,2007,income_median,22500,HMRC personal income by tax year (London Datastore),borough,financial year 2007-08 assigned to start year; analysis metric
E09000029,Sutton,2007,income_taxpayers,1e+05,HMRC personal income by tax year (London Datastore),borough,financial year 2007-08 assigned to start year; supplementary
E09000029,Sutton,2009,income_mean,30000,HMRC personal income by tax year (London Datastore),borough,financial year 2009-10 assigned to start year; supplementary
E09000029,Sutton,2009,income_median,23200,HMRC personal income by tax year (London Datastore),borough,financial year 2009-10 assigned to start year; analysis metric
E09000029,Sutton,2009,income_taxpayers,98000,HMRC personal income by tax year (London Datastore),borough,financial year 2009-10 assigned to start year; supplementary
E09000029,Sutton,2010,income_mean,29100,HMRC personal income by tax year (London Datastore),borough,financial year 2010-11 assigned to start year; supplementary
E09000029,Sutton,2010,income_median,22300,HMRC personal income by tax year (London Datastore),borough,financial year 2010-11 assigned to start year; analysis metric
E09000029,Sutton,2010,income_taxpayers,103000,HMRC personal income by tax year (London Datastore),borough,financial year 2010-11 assigned to start year; supplementary
E09000029,Sutton,2011,income_mean,31400,HMRC personal income by tax year (London Datastore),borough,financial year 2011-12 assigned to start year; supplementary
E09000029,Sutton,2011,income_median,25300,HMRC personal income by tax year (London Datastore),borough,financial year 2011-12 assigned to start year; analysis metric
E09000029,Sutton,2011,income_taxpayers,99000,HMRC personal income by tax year (London Datastore),borough,financial year 2011-12 assigned to start year; supplementary
E09000029,Sutton,2012,income_mean,32400,HMRC personal income by tax year (London Datastore),borough,financial year 2012-13 assigned to start year; supplementary
E09000029,Sutton,2012,income_median,25000,HMRC personal income by tax year (London Datastore),borough,financial year 2012-13 assigned to start year; analysis metric
E09000029,Sutton,2012,income_taxpayers,97000,HMRC personal income by tax year (London Datastore),borough,financial year 2012-13 assigned to start year; supplementary
E09000029,Sutton,2013,income_mean,32800,HMRC personal income by tax year (London Datastore),borough,financial year 2013-14 assigned to start year; supplementary
E09000029,Sutton,2013,income_median,25100,HMRC personal income by tax year (London Datastore),borough,financial year 2013-14 assigned to start year; analysis metric
E09000029,Sutton,2013,income_taxpayers,103000,HMRC personal income by tax year (London Datastore),borough,financial year 2013-14 assigned to start year; supplementary
E09000029,Sutton,2014,income_mean,33600,HMRC personal income by tax year (London Datastore),borough,financial year 2014-15 assigned to start year; supplementary
E09000029,Sutton,2014,income_median,25900,HMRC personal income by tax year (London Datastore),borough,financial year 2014-15 assigned to start year; analysis metric
E09000029,Sutton,2014,income_taxpayers,102000,HMRC personal income by tax year (London Datastore),borough,financial year 2014-15 assigned to start year; supplementary
E09000029,Sutton,2015,income_mean,35400,HMRC personal income by tax year (London Datastore),borough,financial year 2015-16 assigned to start year; supplementary
E09000029,Sutton,2015,income_median,27400,HMRC personal income by tax year (London Datastore),borough,financial year 2015-16 assigned to start year; analysis metric
E09000029,Sutton,2015,income_taxpayers,102000,HMRC personal income by tax year (London Datastore),borough,financial year 2015-16 assigned to start year; supplementary
E09000029,Sutton,2016,income_mean,35500,HMRC personal income by tax year (London Datastore),borough,financial year 2016-17 assigned to start year; supplementary
E09000029,Sutton,2016,income_median,27300,HMRC personal income by tax year (London Datastore),borough,financial year 2016-17 assigned to start year; analysis metric
E09000029,Sutton,2016,income_taxpayers,103000,HMRC personal income by tax year (London Datastore),borough,financial year 2016-17 assigned to start year; supplementary
E09000029,Sutton,2017,income_mean,36900,HMRC personal income by tax year (London Datastore),borough,financial year 2017-18 assigned to start year; supplementary
E09000029,Sutton,2017,income_median,28200,HMRC personal income by tax year (London Datastore),borough,financial year 2017-18 assigned to start year; analysis metric
E09000029,Sutton,2017,income_taxpayers,103000,HMRC personal income by tax year (London Datastore),borough,financial year 2017-18 assigned to start year; supplementary
E09000029,Sutton,2018,income_mean,38500,HMRC personal income by tax year (London Datastore),borough,financial year 2018-19 assigned to start year; supplementary
E09000029,Sutton,2018,income_median,29700,HMRC personal income by tax year (London Datastore),borough,financial year 2018-19 assigned to start year; analysis metric
E09000029,Sutton,2018,income_taxpayers,101000,HMRC personal income by tax year (London Datastore),borough,financial year 2018-19 assigned to start year; supplementary
E09000029,Sutton,2019,income_mean,40200,HMRC personal income by tax year (London Datastore),borough,financial year 2019-20 assigned to start year; supplementary
E09000029,Sutton,2019,income_median,30200,HMRC personal income by tax year (London Datastore),borough,financial year 2019-20 assigned to start year; analysis metric
E09000029,Sutton,2019,income_taxpayers,102000,HMRC personal income by tax year (London Datastore),borough,financial year 2019-20 assigned to start year; supplementary
E09000029,Sutton,2020,income_mean,41400,HMRC personal income by tax year (London Datastore),borough,financial year 2020-21 assigned to start year; supplementary
E09000029,Sutton,2020,income_median,31400,HMRC personal income by tax year (London Datastore),borough,financial year 2020-21 assigned to start year; analysis metric
E09000029,Sutton,2020,income_taxpayers,1e+05,HMRC personal income by tax year (London Datastore),borough,financial year 2020-21 assigned to start year; supplementary
E09000029,Sutton,2021,income_mean,45200,HMRC personal income by tax year (London Datastore),borough,financial year 2021-22 assigned to start year; supplementary
E09000029,Sutton,2021,income_median,33300,HMRC personal income by tax year (London Datastore),borough,financial year 2021-22 assigned to start year; analysis metric
E09000029,Sutton,2021,income_taxpayers,102000,HMRC personal income by tax year (London Datastore),borough,financial year 2021-22 assigned to start year; supplementary
E09000029,Sutton,2022,income_mean,44400,HMRC personal income by tax year (London Datastore),borough,financial year 2022-23 assigned to start year; supplementary
E09000029,Sutton,2022,income_median,33400,HMRC personal income by tax year (London Datastore),borough,financial year 2022-23 assigned to start year; analysis metric
E09000029,Sutton,2022,income_taxpayers,110000,HMRC personal income by tax year (London Datastore),borough,financial year 2022-23 assigned to start year; supplementary
E09000029,Sutton,2023,income_mean,46300,HMRC personal income by tax year (London Datastore),borough,financial year 2023-24 assigned to start year; supplementary
E09000029,Sutton,2023,income_median,34400,HMRC personal income by tax year (London Datastore),borough,financial year 2023-24 assigned to start year; analysis metric
E09000029,Sutton,2023,income_taxpayers,112000,HMRC personal income by tax year (London Datastore),borough,financial year 2023-24 assigned to start year; supplementary
E09000030,Tower Hamlets,1999,income_mean,22900,HMRC personal income by tax year (London Datastore),borough,financial year 1999-00 assigned to start year; supplementary
E09000030,Tower Hamlets,1999,income_median,14200,HMRC personal income by tax year (London Datastore),borough,financial year 1999-00 assigned to start year; analysis metric
E09000030,Tower Hamlets,1999,income_taxpayers,59000,HMRC personal income by tax year (London Datastore),borough,financial year 1999-00 assigned to start year; supplementary
E09000030,Tower Hamlets,2000,income_mean,25000,HMRC personal income by tax year (London Datastore),borough,financial year 2000-01 assigned to start year; supplementary
E09000030,Tower Hamlets,2000,income_median,16500,HMRC personal income by tax year (London Datastore),borough,financial year 2000-01 assigned to start year; analysis metric
E09000030,Tower Hamlets,2000,income_taxpayers,81000,HMRC personal income by tax year (London Datastore),borough,financial year 2000-01 assigned to start year; supplementary
E09000030,Tower Hamlets,2001,income_mean,29900,HMRC personal income by tax year (London Datastore),borough,financial year 2001-02 assigned to start year; supplementary
E09000030,Tower Hamlets,2001,income_median,19100,HMRC personal income by tax year (London Datastore),borough,financial year 2001-02 assigned to start year; analysis metric
E09000030,Tower Hamlets,2001,income_taxpayers,76000,HMRC personal income by tax year (London Datastore),borough,financial year 2001-02 assigned to start year; supplementary
E09000030,Tower Hamlets,2002,income_mean,28500,HMRC personal income by tax year (London Datastore),borough,financial year 2002-03 assigned to start year; supplementary
E09000030,Tower Hamlets,2002,income_median,19300,HMRC personal income by tax year (London Datastore),borough,financial year 2002-03 assigned to start year; analysis metric
E09000030,Tower Hamlets,2002,income_taxpayers,76000,HMRC personal income by tax year (London Datastore),borough,financial year 2002-03 assigned to start year; supplementary
E09000030,Tower Hamlets,2003,income_mean,28300,HMRC personal income by tax year (London Datastore),borough,financial year 2003-04 assigned to start year; supplementary
E09000030,Tower Hamlets,2003,income_median,18300,HMRC personal income by tax year (London Datastore),borough,financial year 2003-04 assigned to start year; analysis metric
E09000030,Tower Hamlets,2003,income_taxpayers,69000,HMRC personal income by tax year (London Datastore),borough,financial year 2003-04 assigned to start year; supplementary
E09000030,Tower Hamlets,2004,income_mean,29600,HMRC personal income by tax year (London Datastore),borough,financial year 2004-05 assigned to start year; supplementary
E09000030,Tower Hamlets,2004,income_median,19200,HMRC personal income by tax year (London Datastore),borough,financial year 2004-05 assigned to start year; analysis metric
E09000030,Tower Hamlets,2004,income_taxpayers,90000,HMRC personal income by tax year (London Datastore),borough,financial year 2004-05 assigned to start year; supplementary
E09000030,Tower Hamlets,2005,income_mean,31500,HMRC personal income by tax year (London Datastore),borough,financial year 2005-06 assigned to start year; supplementary
E09000030,Tower Hamlets,2005,income_median,19800,HMRC personal income by tax year (London Datastore),borough,financial year 2005-06 assigned to start year; analysis metric
E09000030,Tower Hamlets,2005,income_taxpayers,89000,HMRC personal income by tax year (London Datastore),borough,financial year 2005-06 assigned to start year; supplementary
E09000030,Tower Hamlets,2006,income_mean,33500,HMRC personal income by tax year (London Datastore),borough,financial year 2006-07 assigned to start year; supplementary
E09000030,Tower Hamlets,2006,income_median,19400,HMRC personal income by tax year (London Datastore),borough,financial year 2006-07 assigned to start year; analysis metric
E09000030,Tower Hamlets,2006,income_taxpayers,103000,HMRC personal income by tax year (London Datastore),borough,financial year 2006-07 assigned to start year; supplementary
E09000030,Tower Hamlets,2007,income_mean,37400,HMRC personal income by tax year (London Datastore),borough,financial year 2007-08 assigned to start year; supplementary
E09000030,Tower Hamlets,2007,income_median,21200,HMRC personal income by tax year (London Datastore),borough,financial year 2007-08 assigned to start year; analysis metric
E09000030,Tower Hamlets,2007,income_taxpayers,103000,HMRC personal income by tax year (London Datastore),borough,financial year 2007-08 assigned to start year; supplementary
E09000030,Tower Hamlets,2009,income_mean,38300,HMRC personal income by tax year (London Datastore),borough,financial year 2009-10 assigned to start year; supplementary
E09000030,Tower Hamlets,2009,income_median,24500,HMRC personal income by tax year (London Datastore),borough,financial year 2009-10 assigned to start year; analysis metric
E09000030,Tower Hamlets,2009,income_taxpayers,110000,HMRC personal income by tax year (London Datastore),borough,financial year 2009-10 assigned to start year; supplementary
E09000030,Tower Hamlets,2010,income_mean,37400,HMRC personal income by tax year (London Datastore),borough,financial year 2010-11 assigned to start year; supplementary
E09000030,Tower Hamlets,2010,income_median,24000,HMRC personal income by tax year (London Datastore),borough,financial year 2010-11 assigned to start year; analysis metric
E09000030,Tower Hamlets,2010,income_taxpayers,107000,HMRC personal income by tax year (London Datastore),borough,financial year 2010-11 assigned to start year; supplementary
E09000030,Tower Hamlets,2011,income_mean,38200,HMRC personal income by tax year (London Datastore),borough,financial year 2011-12 assigned to start year; supplementary
E09000030,Tower Hamlets,2011,income_median,24700,HMRC personal income by tax year (London Datastore),borough,financial year 2011-12 assigned to start year; analysis metric
E09000030,Tower Hamlets,2011,income_taxpayers,112000,HMRC personal income by tax year (London Datastore),borough,financial year 2011-12 assigned to start year; supplementary
E09000030,Tower Hamlets,2012,income_mean,39000,HMRC personal income by tax year (London Datastore),borough,financial year 2012-13 assigned to start year; supplementary
E09000030,Tower Hamlets,2012,income_median,25800,HMRC personal income by tax year (London Datastore),borough,financial year 2012-13 assigned to start year; analysis metric
E09000030,Tower Hamlets,2012,income_taxpayers,115000,HMRC personal income by tax year (London Datastore),borough,financial year 2012-13 assigned to start year; supplementary
E09000030,Tower Hamlets,2013,income_mean,40800,HMRC personal income by tax year (London Datastore),borough,financial year 2013-14 assigned to start year; supplementary
E09000030,Tower Hamlets,2013,income_median,27000,HMRC personal income by tax year (London Datastore),borough,financial year 2013-14 assigned to start year; analysis metric
E09000030,Tower Hamlets,2013,income_taxpayers,119000,HMRC personal income by tax year (London Datastore),borough,financial year 2013-14 assigned to start year; supplementary
E09000030,Tower Hamlets,2014,income_mean,41800,HMRC personal income by tax year (London Datastore),borough,financial year 2014-15 assigned to start year; supplementary
E09000030,Tower Hamlets,2014,income_median,26600,HMRC personal income by tax year (London Datastore),borough,financial year 2014-15 assigned to start year; analysis metric
E09000030,Tower Hamlets,2014,income_taxpayers,121000,HMRC personal income by tax year (London Datastore),borough,financial year 2014-15 assigned to start year; supplementary
E09000030,Tower Hamlets,2015,income_mean,45000,HMRC personal income by tax year (London Datastore),borough,financial year 2015-16 assigned to start year; supplementary
E09000030,Tower Hamlets,2015,income_median,28900,HMRC personal income by tax year (London Datastore),borough,financial year 2015-16 assigned to start year; analysis metric
E09000030,Tower Hamlets,2015,income_taxpayers,122000,HMRC personal income by tax year (London Datastore),borough,financial year 2015-16 assigned to start year; supplementary
E09000030,Tower Hamlets,2016,income_mean,46600,HMRC personal income by tax year (London Datastore),borough,financial year 2016-17 assigned to start year; supplementary
E09000030,Tower Hamlets,2016,income_median,30500,HMRC personal income by tax year (London Datastore),borough,financial year 2016-17 assigned to start year; analysis metric
E09000030,Tower Hamlets,2016,income_taxpayers,130000,HMRC personal income by tax year (London Datastore),borough,financial year 2016-17 assigned to start year; supplementary
E09000030,Tower Hamlets,2017,income_mean,46600,HMRC personal income by tax year (London Datastore),borough,financial year 2017-18 assigned to start year; supplementary
E09000030,Tower Hamlets,2017,income_median,30200,HMRC personal income by tax year (London Datastore),borough,financial year 2017-18 assigned to start year; analysis metric
E09000030,Tower Hamlets,2017,income_taxpayers,136000,HMRC personal income by tax year (London Datastore),borough,financial year 2017-18 assigned to start year; supplementary
E09000030,Tower Hamlets,2018,income_mean,49300,HMRC personal income by tax year (London Datastore),borough,financial year 2018-19 assigned to start year; supplementary
E09000030,Tower Hamlets,2018,income_median,31100,HMRC personal income by tax year (London Datastore),borough,financial year 2018-19 assigned to start year; analysis metric
E09000030,Tower Hamlets,2018,income_taxpayers,136000,HMRC personal income by tax year (London Datastore),borough,financial year 2018-19 assigned to start year; supplementary
E09000030,Tower Hamlets,2019,income_mean,50100,HMRC personal income by tax year (London Datastore),borough,financial year 2019-20 assigned to start year; supplementary
E09000030,Tower Hamlets,2019,income_median,32700,HMRC personal income by tax year (London Datastore),borough,financial year 2019-20 assigned to start year; analysis metric
E09000030,Tower Hamlets,2019,income_taxpayers,140000,HMRC personal income by tax year (London Datastore),borough,financial year 2019-20 assigned to start year; supplementary
E09000030,Tower Hamlets,2020,income_mean,52700,HMRC personal income by tax year (London Datastore),borough,financial year 2020-21 assigned to start year; supplementary
E09000030,Tower Hamlets,2020,income_median,34100,HMRC personal income by tax year (London Datastore),borough,financial year 2020-21 assigned to start year; analysis metric
E09000030,Tower Hamlets,2020,income_taxpayers,139000,HMRC personal income by tax year (London Datastore),borough,financial year 2020-21 assigned to start year; supplementary
E09000030,Tower Hamlets,2021,income_mean,55500,HMRC personal income by tax year (London Datastore),borough,financial year 2021-22 assigned to start year; supplementary
E09000030,Tower Hamlets,2021,income_median,35500,HMRC personal income by tax year (London Datastore),borough,financial year 2021-22 assigned to start year; analysis metric
E09000030,Tower Hamlets,2021,income_taxpayers,147000,HMRC personal income by tax year (London Datastore),borough,financial year 2021-22 assigned to start year; supplementary
E09000030,Tower Hamlets,2022,income_mean,57100,HMRC personal income by tax year (London Datastore),borough,financial year 2022-23 assigned to start year; supplementary
E09000030,Tower Hamlets,2022,income_median,37300,HMRC personal income by tax year (London Datastore),borough,financial year 2022-23 assigned to start year; analysis metric
E09000030,Tower Hamlets,2022,income_taxpayers,158000,HMRC personal income by tax year (London Datastore),borough,financial year 2022-23 assigned to start year; supplementary
E09000030,Tower Hamlets,2023,income_mean,59300,HMRC personal income by tax year (London Datastore),borough,financial year 2023-24 assigned to start year; supplementary
E09000030,Tower Hamlets,2023,income_median,38700,HMRC personal income by tax year (London Datastore),borough,financial year 2023-24 assigned to start year; analysis metric
E09000030,Tower Hamlets,2023,income_taxpayers,166000,HMRC personal income by tax year (London Datastore),borough,financial year 2023-24 assigned to start year; supplementary
E09000031,Waltham Forest,1999,income_mean,18500,HMRC personal income by tax year (London Datastore),borough,financial year 1999-00 assigned to start year; supplementary
E09000031,Waltham Forest,1999,income_median,15000,HMRC personal income by tax year (London Datastore),borough,financial year 1999-00 assigned to start year; analysis metric
E09000031,Waltham Forest,1999,income_taxpayers,91000,HMRC personal income by tax year (London Datastore),borough,financial year 1999-00 assigned to start year; supplementary
E09000031,Waltham Forest,2000,income_mean,19600,HMRC personal income by tax year (London Datastore),borough,financial year 2000-01 assigned to start year; supplementary
E09000031,Waltham Forest,2000,income_median,15100,HMRC personal income by tax year (London Datastore),borough,financial year 2000-01 assigned to start year; analysis metric
E09000031,Waltham Forest,2000,income_taxpayers,114000,HMRC personal income by tax year (London Datastore),borough,financial year 2000-01 assigned to start year; supplementary
E09000031,Waltham Forest,2001,income_mean,20300,HMRC personal income by tax year (London Datastore),borough,financial year 2001-02 assigned to start year; supplementary
E09000031,Waltham Forest,2001,income_median,16600,HMRC personal income by tax year (London Datastore),borough,financial year 2001-02 assigned to start year; analysis metric
E09000031,Waltham Forest,2001,income_taxpayers,99000,HMRC personal income by tax year (London Datastore),borough,financial year 2001-02 assigned to start year; supplementary
E09000031,Waltham Forest,2002,income_mean,20100,HMRC personal income by tax year (London Datastore),borough,financial year 2002-03 assigned to start year; supplementary
E09000031,Waltham Forest,2002,income_median,17200,HMRC personal income by tax year (London Datastore),borough,financial year 2002-03 assigned to start year; analysis metric
E09000031,Waltham Forest,2002,income_taxpayers,102000,HMRC personal income by tax year (London Datastore),borough,financial year 2002-03 assigned to start year; supplementary
E09000031,Waltham Forest,2003,income_mean,20100,HMRC personal income by tax year (London Datastore),borough,financial year 2003-04 assigned to start year; supplementary
E09000031,Waltham Forest,2003,income_median,16800,HMRC personal income by tax year (London Datastore),borough,financial year 2003-04 assigned to start year; analysis metric
E09000031,Waltham Forest,2003,income_taxpayers,94000,HMRC personal income by tax year (London Datastore),borough,financial year 2003-04 assigned to start year; supplementary
E09000031,Waltham Forest,2004,income_mean,20800,HMRC personal income by tax year (London Datastore),borough,financial year 2004-05 assigned to start year; supplementary
E09000031,Waltham Forest,2004,income_median,16600,HMRC personal income by tax year (London Datastore),borough,financial year 2004-05 assigned to start year; analysis metric
E09000031,Waltham Forest,2004,income_taxpayers,111000,HMRC personal income by tax year (London Datastore),borough,financial year 2004-05 assigned to start year; supplementary
E09000031,Waltham Forest,2005,income_mean,22000,HMRC personal income by tax year (London Datastore),borough,financial year 2005-06 assigned to start year; supplementary
E09000031,Waltham Forest,2005,income_median,17700,HMRC personal income by tax year (London Datastore),borough,financial year 2005-06 assigned to start year; analysis metric
E09000031,Waltham Forest,2005,income_taxpayers,114000,HMRC personal income by tax year (London Datastore),borough,financial year 2005-06 assigned to start year; supplementary
E09000031,Waltham Forest,2006,income_mean,23100,HMRC personal income by tax year (London Datastore),borough,financial year 2006-07 assigned to start year; supplementary
E09000031,Waltham Forest,2006,income_median,17900,HMRC personal income by tax year (London Datastore),borough,financial year 2006-07 assigned to start year; analysis metric
E09000031,Waltham Forest,2006,income_taxpayers,115000,HMRC personal income by tax year (London Datastore),borough,financial year 2006-07 assigned to start year; supplementary
E09000031,Waltham Forest,2007,income_mean,23200,HMRC personal income by tax year (London Datastore),borough,financial year 2007-08 assigned to start year; supplementary
E09000031,Waltham Forest,2007,income_median,18200,HMRC personal income by tax year (London Datastore),borough,financial year 2007-08 assigned to start year; analysis metric
E09000031,Waltham Forest,2007,income_taxpayers,121000,HMRC personal income by tax year (London Datastore),borough,financial year 2007-08 assigned to start year; supplementary
E09000031,Waltham Forest,2009,income_mean,24800,HMRC personal income by tax year (London Datastore),borough,financial year 2009-10 assigned to start year; supplementary
E09000031,Waltham Forest,2009,income_median,20600,HMRC personal income by tax year (London Datastore),borough,financial year 2009-10 assigned to start year; analysis metric
E09000031,Waltham Forest,2009,income_taxpayers,119000,HMRC personal income by tax year (London Datastore),borough,financial year 2009-10 assigned to start year; supplementary
E09000031,Waltham Forest,2010,income_mean,24400,HMRC personal income by tax year (London Datastore),borough,financial year 2010-11 assigned to start year; supplementary
E09000031,Waltham Forest,2010,income_median,19700,HMRC personal income by tax year (London Datastore),borough,financial year 2010-11 assigned to start year; analysis metric
E09000031,Waltham Forest,2010,income_taxpayers,129000,HMRC personal income by tax year (London Datastore),borough,financial year 2010-11 assigned to start year; supplementary
E09000031,Waltham Forest,2011,income_mean,25300,HMRC personal income by tax year (London Datastore),borough,financial year 2011-12 assigned to start year; supplementary
E09000031,Waltham Forest,2011,income_median,20300,HMRC personal income by tax year (London Datastore),borough,financial year 2011-12 assigned to start year; analysis metric
E09000031,Waltham Forest,2011,income_taxpayers,123000,HMRC personal income by tax year (London Datastore),borough,financial year 2011-12 assigned to start year; supplementary
E09000031,Waltham Forest,2012,income_mean,26200,HMRC personal income by tax year (London Datastore),borough,financial year 2012-13 assigned to start year; supplementary
E09000031,Waltham Forest,2012,income_median,21400,HMRC personal income by tax year (London Datastore),borough,financial year 2012-13 assigned to start year; analysis metric
E09000031,Waltham Forest,2012,income_taxpayers,121000,HMRC personal income by tax year (London Datastore),borough,financial year 2012-13 assigned to start year; supplementary
E09000031,Waltham Forest,2013,income_mean,27000,HMRC personal income by tax year (London Datastore),borough,financial year 2013-14 assigned to start year; supplementary
E09000031,Waltham Forest,2013,income_median,21900,HMRC personal income by tax year (London Datastore),borough,financial year 2013-14 assigned to start year; analysis metric
E09000031,Waltham Forest,2013,income_taxpayers,124000,HMRC personal income by tax year (London Datastore),borough,financial year 2013-14 assigned to start year; supplementary
E09000031,Waltham Forest,2014,income_mean,28200,HMRC personal income by tax year (London Datastore),borough,financial year 2014-15 assigned to start year; supplementary
E09000031,Waltham Forest,2014,income_median,22700,HMRC personal income by tax year (London Datastore),borough,financial year 2014-15 assigned to start year; analysis metric
E09000031,Waltham Forest,2014,income_taxpayers,128000,HMRC personal income by tax year (London Datastore),borough,financial year 2014-15 assigned to start year; supplementary
E09000031,Waltham Forest,2015,income_mean,29400,HMRC personal income by tax year (London Datastore),borough,financial year 2015-16 assigned to start year; supplementary
E09000031,Waltham Forest,2015,income_median,23900,HMRC personal income by tax year (London Datastore),borough,financial year 2015-16 assigned to start year; analysis metric
E09000031,Waltham Forest,2015,income_taxpayers,135000,HMRC personal income by tax year (London Datastore),borough,financial year 2015-16 assigned to start year; supplementary
E09000031,Waltham Forest,2016,income_mean,30300,HMRC personal income by tax year (London Datastore),borough,financial year 2016-17 assigned to start year; supplementary
E09000031,Waltham Forest,2016,income_median,24500,HMRC personal income by tax year (London Datastore),borough,financial year 2016-17 assigned to start year; analysis metric
E09000031,Waltham Forest,2016,income_taxpayers,135000,HMRC personal income by tax year (London Datastore),borough,financial year 2016-17 assigned to start year; supplementary
E09000031,Waltham Forest,2017,income_mean,31900,HMRC personal income by tax year (London Datastore),borough,financial year 2017-18 assigned to start year; supplementary
E09000031,Waltham Forest,2017,income_median,25500,HMRC personal income by tax year (London Datastore),borough,financial year 2017-18 assigned to start year; analysis metric
E09000031,Waltham Forest,2017,income_taxpayers,138000,HMRC personal income by tax year (London Datastore),borough,financial year 2017-18 assigned to start year; supplementary
E09000031,Waltham Forest,2018,income_mean,33700,HMRC personal income by tax year (London Datastore),borough,financial year 2018-19 assigned to start year; supplementary
E09000031,Waltham Forest,2018,income_median,26800,HMRC personal income by tax year (London Datastore),borough,financial year 2018-19 assigned to start year; analysis metric
E09000031,Waltham Forest,2018,income_taxpayers,134000,HMRC personal income by tax year (London Datastore),borough,financial year 2018-19 assigned to start year; supplementary
E09000031,Waltham Forest,2019,income_mean,34900,HMRC personal income by tax year (London Datastore),borough,financial year 2019-20 assigned to start year; supplementary
E09000031,Waltham Forest,2019,income_median,27700,HMRC personal income by tax year (London Datastore),borough,financial year 2019-20 assigned to start year; analysis metric
E09000031,Waltham Forest,2019,income_taxpayers,139000,HMRC personal income by tax year (London Datastore),borough,financial year 2019-20 assigned to start year; supplementary
E09000031,Waltham Forest,2020,income_mean,37100,HMRC personal income by tax year (London Datastore),borough,financial year 2020-21 assigned to start year; supplementary
E09000031,Waltham Forest,2020,income_median,28900,HMRC personal income by tax year (London Datastore),borough,financial year 2020-21 assigned to start year; analysis metric
E09000031,Waltham Forest,2020,income_taxpayers,133000,HMRC personal income by tax year (London Datastore),borough,financial year 2020-21 assigned to start year; supplementary
E09000031,Waltham Forest,2021,income_mean,40100,HMRC personal income by tax year (London Datastore),borough,financial year 2021-22 assigned to start year; supplementary
E09000031,Waltham Forest,2021,income_median,30900,HMRC personal income by tax year (London Datastore),borough,financial year 2021-22 assigned to start year; analysis metric
E09000031,Waltham Forest,2021,income_taxpayers,140000,HMRC personal income by tax year (London Datastore),borough,financial year 2021-22 assigned to start year; supplementary
E09000031,Waltham Forest,2022,income_mean,41400,HMRC personal income by tax year (London Datastore),borough,financial year 2022-23 assigned to start year; supplementary
E09000031,Waltham Forest,2022,income_median,32500,HMRC personal income by tax year (London Datastore),borough,financial year 2022-23 assigned to start year; analysis metric
E09000031,Waltham Forest,2022,income_taxpayers,140000,HMRC personal income by tax year (London Datastore),borough,financial year 2022-23 assigned to start year; supplementary
E09000031,Waltham Forest,2023,income_mean,43400,HMRC personal income by tax year (London Datastore),borough,financial year 2023-24 assigned to start year; supplementary
E09000031,Waltham Forest,2023,income_median,33700,HMRC personal income by tax year (London Datastore),borough,financial year 2023-24 assigned to start year; analysis metric
E09000031,Waltham Forest,2023,income_taxpayers,152000,HMRC personal income by tax year (London Datastore),borough,financial year 2023-24 assigned to start year; supplementary
E09000032,Wandsworth,1999,income_mean,29300,HMRC personal income by tax year (London Datastore),borough,financial year 1999-00 assigned to start year; supplementary
E09000032,Wandsworth,1999,income_median,18100,HMRC personal income by tax year (London Datastore),borough,financial year 1999-00 assigned to start year; analysis metric
E09000032,Wandsworth,1999,income_taxpayers,144000,HMRC personal income by tax year (London Datastore),borough,financial year 1999-00 assigned to start year; supplementary
E09000032,Wandsworth,2000,income_mean,36300,HMRC personal income by tax year (London Datastore),borough,financial year 2000-01 assigned to start year; supplementary
E09000032,Wandsworth,2000,income_median,21000,HMRC personal income by tax year (London Datastore),borough,financial year 2000-01 assigned to start year; analysis metric
E09000032,Wandsworth,2000,income_taxpayers,144000,HMRC personal income by tax year (London Datastore),borough,financial year 2000-01 assigned to start year; supplementary
E09000032,Wandsworth,2001,income_mean,36000,HMRC personal income by tax year (London Datastore),borough,financial year 2001-02 assigned to start year; supplementary
E09000032,Wandsworth,2001,income_median,21700,HMRC personal income by tax year (London Datastore),borough,financial year 2001-02 assigned to start year; analysis metric
E09000032,Wandsworth,2001,income_taxpayers,143000,HMRC personal income by tax year (London Datastore),borough,financial year 2001-02 assigned to start year; supplementary
E09000032,Wandsworth,2002,income_mean,35700,HMRC personal income by tax year (London Datastore),borough,financial year 2002-03 assigned to start year; supplementary
E09000032,Wandsworth,2002,income_median,22000,HMRC personal income by tax year (London Datastore),borough,financial year 2002-03 assigned to start year; analysis metric
E09000032,Wandsworth,2002,income_taxpayers,143000,HMRC personal income by tax year (London Datastore),borough,financial year 2002-03 assigned to start year; supplementary
E09000032,Wandsworth,2003,income_mean,37800,HMRC personal income by tax year (London Datastore),borough,financial year 2003-04 assigned to start year; supplementary
E09000032,Wandsworth,2003,income_median,22600,HMRC personal income by tax year (London Datastore),borough,financial year 2003-04 assigned to start year; analysis metric
E09000032,Wandsworth,2003,income_taxpayers,134000,HMRC personal income by tax year (London Datastore),borough,financial year 2003-04 assigned to start year; supplementary
E09000032,Wandsworth,2004,income_mean,38200,HMRC personal income by tax year (London Datastore),borough,financial year 2004-05 assigned to start year; supplementary
E09000032,Wandsworth,2004,income_median,22000,HMRC personal income by tax year (London Datastore),borough,financial year 2004-05 assigned to start year; analysis metric
E09000032,Wandsworth,2004,income_taxpayers,154000,HMRC personal income by tax year (London Datastore),borough,financial year 2004-05 assigned to start year; supplementary
E09000032,Wandsworth,2005,income_mean,44100,HMRC personal income by tax year (London Datastore),borough,financial year 2005-06 assigned to start year; supplementary
E09000032,Wandsworth,2005,income_median,24500,HMRC personal income by tax year (London Datastore),borough,financial year 2005-06 assigned to start year; analysis metric
E09000032,Wandsworth,2005,income_taxpayers,155000,HMRC personal income by tax year (London Datastore),borough,financial year 2005-06 assigned to start year; supplementary
E09000032,Wandsworth,2006,income_mean,45400,HMRC personal income by tax year (London Datastore),borough,financial year 2006-07 assigned to start year; supplementary
E09000032,Wandsworth,2006,income_median,25300,HMRC personal income by tax year (London Datastore),borough,financial year 2006-07 assigned to start year; analysis metric
E09000032,Wandsworth,2006,income_taxpayers,162000,HMRC personal income by tax year (London Datastore),borough,financial year 2006-07 assigned to start year; supplementary
E09000032,Wandsworth,2007,income_mean,49500,HMRC personal income by tax year (London Datastore),borough,financial year 2007-08 assigned to start year; supplementary
E09000032,Wandsworth,2007,income_median,26100,HMRC personal income by tax year (London Datastore),borough,financial year 2007-08 assigned to start year; analysis metric
E09000032,Wandsworth,2007,income_taxpayers,167000,HMRC personal income by tax year (London Datastore),borough,financial year 2007-08 assigned to start year; supplementary
E09000032,Wandsworth,2009,income_mean,52800,HMRC personal income by tax year (London Datastore),borough,financial year 2009-10 assigned to start year; supplementary
E09000032,Wandsworth,2009,income_median,29200,HMRC personal income by tax year (London Datastore),borough,financial year 2009-10 assigned to start year; analysis metric
E09000032,Wandsworth,2009,income_taxpayers,157000,HMRC personal income by tax year (London Datastore),borough,financial year 2009-10 assigned to start year; supplementary
E09000032,Wandsworth,2010,income_mean,50700,HMRC personal income by tax year (London Datastore),borough,financial year 2010-11 assigned to start year; supplementary
E09000032,Wandsworth,2010,income_median,29000,HMRC personal income by tax year (London Datastore),borough,financial year 2010-11 assigned to start year; analysis metric
E09000032,Wandsworth,2010,income_taxpayers,159000,HMRC personal income by tax year (London Datastore),borough,financial year 2010-11 assigned to start year; supplementary
E09000032,Wandsworth,2011,income_mean,53400,HMRC personal income by tax year (London Datastore),borough,financial year 2011-12 assigned to start year; supplementary
E09000032,Wandsworth,2011,income_median,29400,HMRC personal income by tax year (London Datastore),borough,financial year 2011-12 assigned to start year; analysis metric
E09000032,Wandsworth,2011,income_taxpayers,161000,HMRC personal income by tax year (London Datastore),borough,financial year 2011-12 assigned to start year; supplementary
E09000032,Wandsworth,2012,income_mean,54700,HMRC personal income by tax year (London Datastore),borough,financial year 2012-13 assigned to start year; supplementary
E09000032,Wandsworth,2012,income_median,31000,HMRC personal income by tax year (London Datastore),borough,financial year 2012-13 assigned to start year; analysis metric
E09000032,Wandsworth,2012,income_taxpayers,155000,HMRC personal income by tax year (London Datastore),borough,financial year 2012-13 assigned to start year; supplementary
E09000032,Wandsworth,2013,income_mean,59900,HMRC personal income by tax year (London Datastore),borough,financial year 2013-14 assigned to start year; supplementary
E09000032,Wandsworth,2013,income_median,31900,HMRC personal income by tax year (London Datastore),borough,financial year 2013-14 assigned to start year; analysis metric
E09000032,Wandsworth,2013,income_taxpayers,164000,HMRC personal income by tax year (London Datastore),borough,financial year 2013-14 assigned to start year; supplementary
E09000032,Wandsworth,2014,income_mean,59200,HMRC personal income by tax year (London Datastore),borough,financial year 2014-15 assigned to start year; supplementary
E09000032,Wandsworth,2014,income_median,32900,HMRC personal income by tax year (London Datastore),borough,financial year 2014-15 assigned to start year; analysis metric
E09000032,Wandsworth,2014,income_taxpayers,168000,HMRC personal income by tax year (London Datastore),borough,financial year 2014-15 assigned to start year; supplementary
E09000032,Wandsworth,2015,income_mean,63600,HMRC personal income by tax year (London Datastore),borough,financial year 2015-16 assigned to start year; supplementary
E09000032,Wandsworth,2015,income_median,34200,HMRC personal income by tax year (London Datastore),borough,financial year 2015-16 assigned to start year; analysis metric
E09000032,Wandsworth,2015,income_taxpayers,171000,HMRC personal income by tax year (London Datastore),borough,financial year 2015-16 assigned to start year; supplementary
E09000032,Wandsworth,2016,income_mean,64900,HMRC personal income by tax year (London Datastore),borough,financial year 2016-17 assigned to start year; supplementary
E09000032,Wandsworth,2016,income_median,35000,HMRC personal income by tax year (London Datastore),borough,financial year 2016-17 assigned to start year; analysis metric
E09000032,Wandsworth,2016,income_taxpayers,169000,HMRC personal income by tax year (London Datastore),borough,financial year 2016-17 assigned to start year; supplementary
E09000032,Wandsworth,2017,income_mean,67900,HMRC personal income by tax year (London Datastore),borough,financial year 2017-18 assigned to start year; supplementary
E09000032,Wandsworth,2017,income_median,34500,HMRC personal income by tax year (London Datastore),borough,financial year 2017-18 assigned to start year; analysis metric
E09000032,Wandsworth,2017,income_taxpayers,171000,HMRC personal income by tax year (London Datastore),borough,financial year 2017-18 assigned to start year; supplementary
E09000032,Wandsworth,2018,income_mean,70400,HMRC personal income by tax year (London Datastore),borough,financial year 2018-19 assigned to start year; supplementary
E09000032,Wandsworth,2018,income_median,37100,HMRC personal income by tax year (London Datastore),borough,financial year 2018-19 assigned to start year; analysis metric
E09000032,Wandsworth,2018,income_taxpayers,168000,HMRC personal income by tax year (London Datastore),borough,financial year 2018-19 assigned to start year; supplementary
E09000032,Wandsworth,2019,income_mean,72400,HMRC personal income by tax year (London Datastore),borough,financial year 2019-20 assigned to start year; supplementary
E09000032,Wandsworth,2019,income_median,38900,HMRC personal income by tax year (London Datastore),borough,financial year 2019-20 assigned to start year; analysis metric
E09000032,Wandsworth,2019,income_taxpayers,172000,HMRC personal income by tax year (London Datastore),borough,financial year 2019-20 assigned to start year; supplementary
E09000032,Wandsworth,2020,income_mean,75300,HMRC personal income by tax year (London Datastore),borough,financial year 2020-21 assigned to start year; supplementary
E09000032,Wandsworth,2020,income_median,39000,HMRC personal income by tax year (London Datastore),borough,financial year 2020-21 assigned to start year; analysis metric
E09000032,Wandsworth,2020,income_taxpayers,168000,HMRC personal income by tax year (London Datastore),borough,financial year 2020-21 assigned to start year; supplementary
E09000032,Wandsworth,2021,income_mean,79700,HMRC personal income by tax year (London Datastore),borough,financial year 2021-22 assigned to start year; supplementary
E09000032,Wandsworth,2021,income_median,40200,HMRC personal income by tax year (London Datastore),borough,financial year 2021-22 assigned to start year; analysis metric
E09000032,Wandsworth,2021,income_taxpayers,182000,HMRC personal income by tax year (London Datastore),borough,financial year 2021-22 assigned to start year; supplementary
E09000032,Wandsworth,2022,income_mean,81500,HMRC personal income by tax year (London Datastore),borough,financial year 2022-23 assigned to start year; supplementary
E09000032,Wandsworth,2022,income_median,42200,HMRC personal income by tax year (London Datastore),borough,financial year 2022-23 assigned to start year; analysis metric
E09000032,Wandsworth,2022,income_taxpayers,190000,HMRC personal income by tax year (London Datastore),borough,financial year 2022-23 assigned to start year; supplementary
E09000032,Wandsworth,2023,income_mean,83700,HMRC personal income by tax year (London Datastore),borough,financial year 2023-24 assigned to start year; supplementary
E09000032,Wandsworth,2023,income_median,43100,HMRC personal income by tax year (London Datastore),borough,financial year 2023-24 assigned to start year; analysis metric
E09000032,Wandsworth,2023,income_taxpayers,202000,HMRC personal income by tax year (London Datastore),borough,financial year 2023-24 assigned to start year; supplementary
E09000033,Westminster,1999,income_mean,46400,HMRC personal income by tax year (London Datastore),borough,financial year 1999-00 assigned to start year; supplementary
E09000033,Westminster,1999,income_median,17300,HMRC personal income by tax year (London Datastore),borough,financial year 1999-00 assigned to start year; analysis metric
E09000033,Westminster,1999,income_taxpayers,96000,HMRC personal income by tax year (London Datastore),borough,financial year 1999-00 assigned to start year; supplementary
E09000033,Westminster,2000,income_mean,49100,HMRC personal income by tax year (London Datastore),borough,financial year 2000-01 assigned to start year; supplementary
E09000033,Westminster,2000,income_median,23000,HMRC personal income by tax year (London Datastore),borough,financial year 2000-01 assigned to start year; analysis metric
E09000033,Westminster,2000,income_taxpayers,113000,HMRC personal income by tax year (London Datastore),borough,financial year 2000-01 assigned to start year; supplementary
E09000033,Westminster,2001,income_mean,55600,HMRC personal income by tax year (London Datastore),borough,financial year 2001-02 assigned to start year; supplementary
E09000033,Westminster,2001,income_median,21900,HMRC personal income by tax year (London Datastore),borough,financial year 2001-02 assigned to start year; analysis metric
E09000033,Westminster,2001,income_taxpayers,95000,HMRC personal income by tax year (London Datastore),borough,financial year 2001-02 assigned to start year; supplementary
E09000033,Westminster,2002,income_mean,56600,HMRC personal income by tax year (London Datastore),borough,financial year 2002-03 assigned to start year; supplementary
E09000033,Westminster,2002,income_median,22800,HMRC personal income by tax year (London Datastore),borough,financial year 2002-03 assigned to start year; analysis metric
E09000033,Westminster,2002,income_taxpayers,88000,HMRC personal income by tax year (London Datastore),borough,financial year 2002-03 assigned to start year; supplementary
E09000033,Westminster,2003,income_mean,57500,HMRC personal income by tax year (London Datastore),borough,financial year 2003-04 assigned to start year; supplementary
E09000033,Westminster,2003,income_median,23500,HMRC personal income by tax year (London Datastore),borough,financial year 2003-04 assigned to start year; analysis metric
E09000033,Westminster,2003,income_taxpayers,85000,HMRC personal income by tax year (London Datastore),borough,financial year 2003-04 assigned to start year; supplementary
E09000033,Westminster,2004,income_mean,56500,HMRC personal income by tax year (London Datastore),borough,financial year 2004-05 assigned to start year; supplementary
E09000033,Westminster,2004,income_median,23100,HMRC personal income by tax year (London Datastore),borough,financial year 2004-05 assigned to start year; analysis metric
E09000033,Westminster,2004,income_taxpayers,105000,HMRC personal income by tax year (London Datastore),borough,financial year 2004-05 assigned to start year; supplementary
E09000033,Westminster,2005,income_mean,68100,HMRC personal income by tax year (London Datastore),borough,financial year 2005-06 assigned to start year; supplementary
E09000033,Westminster,2005,income_median,27100,HMRC personal income by tax year (London Datastore),borough,financial year 2005-06 assigned to start year; analysis metric
E09000033,Westminster,2005,income_taxpayers,105000,HMRC personal income by tax year (London Datastore),borough,financial year 2005-06 assigned to start year; supplementary
E09000033,Westminster,2006,income_mean,73600,HMRC personal income by tax year (London Datastore),borough,financial year 2006-07 assigned to start year; supplementary
E09000033,Westminster,2006,income_median,27000,HMRC personal income by tax year (London Datastore),borough,financial year 2006-07 assigned to start year; analysis metric
E09000033,Westminster,2006,income_taxpayers,108000,HMRC personal income by tax year (London Datastore),borough,financial year 2006-07 assigned to start year; supplementary
E09000033,Westminster,2007,income_mean,82600,HMRC personal income by tax year (London Datastore),borough,financial year 2007-08 assigned to start year; supplementary
E09000033,Westminster,2007,income_median,29200,HMRC personal income by tax year (London Datastore),borough,financial year 2007-08 assigned to start year; analysis metric
E09000033,Westminster,2007,income_taxpayers,111000,HMRC personal income by tax year (London Datastore),borough,financial year 2007-08 assigned to start year; supplementary
E09000033,Westminster,2009,income_mean,93500,HMRC personal income by tax year (London Datastore),borough,financial year 2009-10 assigned to start year; supplementary
E09000033,Westminster,2009,income_median,31900,HMRC personal income by tax year (London Datastore),borough,financial year 2009-10 assigned to start year; analysis metric
E09000033,Westminster,2009,income_taxpayers,103000,HMRC personal income by tax year (London Datastore),borough,financial year 2009-10 assigned to start year; supplementary
E09000033,Westminster,2010,income_mean,83400,HMRC personal income by tax year (London Datastore),borough,financial year 2010-11 assigned to start year; supplementary
E09000033,Westminster,2010,income_median,31400,HMRC personal income by tax year (London Datastore),borough,financial year 2010-11 assigned to start year; analysis metric
E09000033,Westminster,2010,income_taxpayers,107000,HMRC personal income by tax year (London Datastore),borough,financial year 2010-11 assigned to start year; supplementary
E09000033,Westminster,2011,income_mean,88200,HMRC personal income by tax year (London Datastore),borough,financial year 2011-12 assigned to start year; supplementary
E09000033,Westminster,2011,income_median,32400,HMRC personal income by tax year (London Datastore),borough,financial year 2011-12 assigned to start year; analysis metric
E09000033,Westminster,2011,income_taxpayers,104000,HMRC personal income by tax year (London Datastore),borough,financial year 2011-12 assigned to start year; supplementary
E09000033,Westminster,2012,income_mean,92200,HMRC personal income by tax year (London Datastore),borough,financial year 2012-13 assigned to start year; supplementary
E09000033,Westminster,2012,income_median,35200,HMRC personal income by tax year (London Datastore),borough,financial year 2012-13 assigned to start year; analysis metric
E09000033,Westminster,2012,income_taxpayers,99000,HMRC personal income by tax year (London Datastore),borough,financial year 2012-13 assigned to start year; supplementary
E09000033,Westminster,2013,income_mean,107000,HMRC personal income by tax year (London Datastore),borough,financial year 2013-14 assigned to start year; supplementary
E09000033,Westminster,2013,income_median,36400,HMRC personal income by tax year (London Datastore),borough,financial year 2013-14 assigned to start year; analysis metric
E09000033,Westminster,2013,income_taxpayers,1e+05,HMRC personal income by tax year (London Datastore),borough,financial year 2013-14 assigned to start year; supplementary
E09000033,Westminster,2014,income_mean,104000,HMRC personal income by tax year (London Datastore),borough,financial year 2014-15 assigned to start year; supplementary
E09000033,Westminster,2014,income_median,35100,HMRC personal income by tax year (London Datastore),borough,financial year 2014-15 assigned to start year; analysis metric
E09000033,Westminster,2014,income_taxpayers,102000,HMRC personal income by tax year (London Datastore),borough,financial year 2014-15 assigned to start year; supplementary
E09000033,Westminster,2015,income_mean,109000,HMRC personal income by tax year (London Datastore),borough,financial year 2015-16 assigned to start year; supplementary
E09000033,Westminster,2015,income_median,37800,HMRC personal income by tax year (London Datastore),borough,financial year 2015-16 assigned to start year; analysis metric
E09000033,Westminster,2015,income_taxpayers,105000,HMRC personal income by tax year (London Datastore),borough,financial year 2015-16 assigned to start year; supplementary
E09000033,Westminster,2016,income_mean,107000,HMRC personal income by tax year (London Datastore),borough,financial year 2016-17 assigned to start year; supplementary
E09000033,Westminster,2016,income_median,36100,HMRC personal income by tax year (London Datastore),borough,financial year 2016-17 assigned to start year; analysis metric
E09000033,Westminster,2016,income_taxpayers,106000,HMRC personal income by tax year (London Datastore),borough,financial year 2016-17 assigned to start year; supplementary
E09000033,Westminster,2017,income_mean,124000,HMRC personal income by tax year (London Datastore),borough,financial year 2017-18 assigned to start year; supplementary
E09000033,Westminster,2017,income_median,39700,HMRC personal income by tax year (London Datastore),borough,financial year 2017-18 assigned to start year; analysis metric
E09000033,Westminster,2017,income_taxpayers,98000,HMRC personal income by tax year (London Datastore),borough,financial year 2017-18 assigned to start year; supplementary
E09000033,Westminster,2018,income_mean,120000,HMRC personal income by tax year (London Datastore),borough,financial year 2018-19 assigned to start year; supplementary
E09000033,Westminster,2018,income_median,39200,HMRC personal income by tax year (London Datastore),borough,financial year 2018-19 assigned to start year; analysis metric
E09000033,Westminster,2018,income_taxpayers,102000,HMRC personal income by tax year (London Datastore),borough,financial year 2018-19 assigned to start year; supplementary
E09000033,Westminster,2019,income_mean,118000,HMRC personal income by tax year (London Datastore),borough,financial year 2019-20 assigned to start year; supplementary
E09000033,Westminster,2019,income_median,39900,HMRC personal income by tax year (London Datastore),borough,financial year 2019-20 assigned to start year; analysis metric
E09000033,Westminster,2019,income_taxpayers,98000,HMRC personal income by tax year (London Datastore),borough,financial year 2019-20 assigned to start year; supplementary
E09000033,Westminster,2020,income_mean,123000,HMRC personal income by tax year (London Datastore),borough,financial year 2020-21 assigned to start year; supplementary
E09000033,Westminster,2020,income_median,42100,HMRC personal income by tax year (London Datastore),borough,financial year 2020-21 assigned to start year; analysis metric
E09000033,Westminster,2020,income_taxpayers,1e+05,HMRC personal income by tax year (London Datastore),borough,financial year 2020-21 assigned to start year; supplementary
E09000033,Westminster,2021,income_mean,133000,HMRC personal income by tax year (London Datastore),borough,financial year 2021-22 assigned to start year; supplementary
E09000033,Westminster,2021,income_median,41200,HMRC personal income by tax year (London Datastore),borough,financial year 2021-22 assigned to start year; analysis metric
E09000033,Westminster,2021,income_taxpayers,102000,HMRC personal income by tax year (London Datastore),borough,financial year 2021-22 assigned to start year; supplementary
E09000033,Westminster,2022,income_mean,133000,HMRC personal income by tax year (London Datastore),borough,financial year 2022-23 assigned to start year; supplementary
E09000033,Westminster,2022,income_median,42600,HMRC personal income by tax year (London Datastore),borough,financial year 2022-23 assigned to start year; analysis metric
E09000033,Westminster,2022,income_taxpayers,106000,HMRC personal income by tax year (London Datastore),borough,financial year 2022-23 assigned to start year; supplementary
E09000033,Westminster,2023,income_mean,138000,HMRC personal income by tax year (London Datastore),borough,financial year 2023-24 assigned to start year; supplementary
E09000033,Westminster,2023,income_median,47400,HMRC personal income by tax year (London Datastore),borough,financial year 2023-24 assigned to start year; analysis metric
E09000033,Westminster,2023,income_taxpayers,110000,HMRC personal income by tax year (London Datastore),borough,financial year 2023-24 assigned to start year; supplementary
