borough_gss,borough_name,year,metric,value,source,geography_native,notes
E09000002,Barking and Dagenham,2011,wellbeing_anxiety,3.23,ONS personal well-being estimates by local authority (time series v4),borough,"Anxiety, mean rating 0-10, financial year 2011-12 assigned to start year; higher_is_worse; 95% CI 2.93-3.52"
E09000002,Barking and Dagenham,2011,wellbeing_happiness,6.91,ONS personal well-being estimates by local authority (time series v4),borough,"Happiness, mean rating 0-10, financial year 2011-12 assigned to start year; higher_is_better; 95% CI 6.64-7.18"
E09000002,Barking and Dagenham,2011,wellbeing_life_satisfaction,7.05,ONS personal well-being estimates by local authority (time series v4),borough,"Life satisfaction, mean rating 0-10, financial year 2011-12 assigned to start year; higher_is_better; 95% CI 6.83-7.27"
E09000002,Barking and Dagenham,2011,wellbeing_worthwhile,7.49,ONS personal well-being estimates by local authority (time series v4),borough,"Worthwhile, mean rating 0-10, financial year 2011-12 assigned to start year; higher_is_better; 95% CI 7.29-7.7"
E09000002,Barking and Dagenham,2012,wellbeing_anxiety,3.27,ONS personal well-being estimates by local authority (time series v4),borough,"Anxiety, mean rating 0-10, financial year 2012-13 assigned to start year; higher_is_worse; 95% CI 2.94-3.6"
E09000002,Barking and Dagenham,2012,wellbeing_happiness,7.05,ONS personal well-being estimates by local authority (time series v4),borough,"Happiness, mean rating 0-10, financial year 2012-13 assigned to start year; higher_is_better; 95% CI 6.79-7.3"
E09000002,Barking and Dagenham,2012,wellbeing_life_satisfaction,7.09,ONS personal well-being estimates by local authority (time series v4),borough,"Life satisfaction, mean rating 0-10, financial year 2012-13 assigned to start year; higher_is_better; 95% CI 6.88-7.29"
E09000002,Barking and Dagenham,2012,wellbeing_worthwhile,7.6,ONS personal well-being estimates by local authority (time series v4),borough,"Worthwhile, mean rating 0-10, financial year 2012-13 assigned to start year; higher_is_better; 95% CI 7.41-7.78"
E09000002,Barking and Dagenham,2013,wellbeing_anxiety,3.39,ONS personal well-being estimates by local authority (time series v4),borough,"Anxiety, mean rating 0-10, financial year 2013-14 assigned to start year; higher_is_worse; 95% CI 3.07-3.71"
E09000002,Barking and Dagenham,2013,wellbeing_happiness,7.16,ONS personal well-being estimates by local authority (time series v4),borough,"Happiness, mean rating 0-10, financial year 2013-14 assigned to start year; higher_is_better; 95% CI 6.91-7.42"
E09000002,Barking and Dagenham,2013,wellbeing_life_satisfaction,7.01,ONS personal well-being estimates by local authority (time series v4),borough,"Life satisfaction, mean rating 0-10, financial year 2013-14 assigned to start year; higher_is_better; 95% CI 6.79-7.22"
E09000002,Barking and Dagenham,2013,wellbeing_worthwhile,7.39,ONS personal well-being estimates by local authority (time series v4),borough,"Worthwhile, mean rating 0-10, financial year 2013-14 assigned to start year; higher_is_better; 95% CI 7.18-7.6"
E09000002,Barking and Dagenham,2014,wellbeing_anxiety,3.15,ONS personal well-being estimates by local authority (time series v4),borough,"Anxiety, mean rating 0-10, financial year 2014-15 assigned to start year; higher_is_worse; 95% CI 2.83-3.47"
E09000002,Barking and Dagenham,2014,wellbeing_happiness,7.26,ONS personal well-being estimates by local authority (time series v4),borough,"Happiness, mean rating 0-10, financial year 2014-15 assigned to start year; higher_is_better; 95% CI 6.99-7.53"
E09000002,Barking and Dagenham,2014,wellbeing_life_satisfaction,7.32,ONS personal well-being estimates by local authority (time series v4),borough,"Life satisfaction, mean rating 0-10, financial year 2014-15 assigned to start year; higher_is_better; 95% CI 7.1-7.55"
E09000002,Barking and Dagenham,2014,wellbeing_worthwhile,7.57,ONS personal well-being estimates by local authority (time series v4),borough,"Worthwhile, mean rating 0-10, financial year 2014-15 assigned to start year; higher_is_better; 95% CI 7.33-7.81"
E09000002,Barking and Dagenham,2015,wellbeing_anxiety,2.84,ONS personal well-being estimates by local authority (time series v4),borough,"Anxiety, mean rating 0-10, financial year 2015-16 assigned to start year; higher_is_worse; 95% CI 2.47-3.2"
E09000002,Barking and Dagenham,2015,wellbeing_happiness,7.45,ONS personal well-being estimates by local authority (time series v4),borough,"Happiness, mean rating 0-10, financial year 2015-16 assigned to start year; higher_is_better; 95% CI 7.22-7.67"
E09000002,Barking and Dagenham,2015,wellbeing_life_satisfaction,7.45,ONS personal well-being estimates by local authority (time series v4),borough,"Life satisfaction, mean rating 0-10, financial year 2015-16 assigned to start year; higher_is_better; 95% CI 7.23-7.67"
E09000002,Barking and Dagenham,2015,wellbeing_worthwhile,7.81,ONS personal well-being estimates by local authority (time series v4),borough,"Worthwhile, mean rating 0-10, financial year 2015-16 assigned to start year; higher_is_better; 95% CI 7.64-7.99"
E09000002,Barking and Dagenham,2016,wellbeing_anxiety,3.02,ONS personal well-being estimates by local authority (time series v4),borough,"Anxiety, mean rating 0-10, financial year 2016-17 assigned to start year; higher_is_worse; 95% CI 2.71-3.34"
E09000002,Barking and Dagenham,2016,wellbeing_happiness,7.38,ONS personal well-being estimates by local authority (time series v4),borough,"Happiness, mean rating 0-10, financial year 2016-17 assigned to start year; higher_is_better; 95% CI 7.14-7.62"
E09000002,Barking and Dagenham,2016,wellbeing_life_satisfaction,7.49,ONS personal well-being estimates by local authority (time series v4),borough,"Life satisfaction, mean rating 0-10, financial year 2016-17 assigned to start year; higher_is_better; 95% CI 7.29-7.7"
E09000002,Barking and Dagenham,2016,wellbeing_worthwhile,7.74,ONS personal well-being estimates by local authority (time series v4),borough,"Worthwhile, mean rating 0-10, financial year 2016-17 assigned to start year; higher_is_better; 95% CI 7.54-7.94"
E09000002,Barking and Dagenham,2017,wellbeing_anxiety,2.84,ONS personal well-being estimates by local authority (time series v4),borough,"Anxiety, mean rating 0-10, financial year 2017-18 assigned to start year; higher_is_worse; 95% CI 2.49-3.2"
E09000002,Barking and Dagenham,2017,wellbeing_happiness,7.61,ONS personal well-being estimates by local authority (time series v4),borough,"Happiness, mean rating 0-10, financial year 2017-18 assigned to start year; higher_is_better; 95% CI 7.36-7.86"
E09000002,Barking and Dagenham,2017,wellbeing_life_satisfaction,7.66,ONS personal well-being estimates by local authority (time series v4),borough,"Life satisfaction, mean rating 0-10, financial year 2017-18 assigned to start year; higher_is_better; 95% CI 7.42-7.9"
E09000002,Barking and Dagenham,2017,wellbeing_worthwhile,7.95,ONS personal well-being estimates by local authority (time series v4),borough,"Worthwhile, mean rating 0-10, financial year 2017-18 assigned to start year; higher_is_better; 95% CI 7.74-8.17"
E09000002,Barking and Dagenham,2018,wellbeing_anxiety,2.82,ONS personal well-being estimates by local authority (time series v4),borough,"Anxiety, mean rating 0-10, financial year 2018-19 assigned to start year; higher_is_worse; 95% CI 2.49-3.14"
E09000002,Barking and Dagenham,2018,wellbeing_happiness,7.67,ONS personal well-being estimates by local authority (time series v4),borough,"Happiness, mean rating 0-10, financial year 2018-19 assigned to start year; higher_is_better; 95% CI 7.42-7.91"
E09000002,Barking and Dagenham,2018,wellbeing_life_satisfaction,7.52,ONS personal well-being estimates by local authority (time series v4),borough,"Life satisfaction, mean rating 0-10, financial year 2018-19 assigned to start year; higher_is_better; 95% CI 7.29-7.74"
E09000002,Barking and Dagenham,2018,wellbeing_worthwhile,7.88,ONS personal well-being estimates by local authority (time series v4),borough,"Worthwhile, mean rating 0-10, financial year 2018-19 assigned to start year; higher_is_better; 95% CI 7.68-8.08"
E09000002,Barking and Dagenham,2019,wellbeing_anxiety,2.93,ONS personal well-being estimates by local authority (time series v4),borough,"Anxiety, mean rating 0-10, financial year 2019-20 assigned to start year; higher_is_worse; 95% CI 2.54-3.33"
E09000002,Barking and Dagenham,2019,wellbeing_happiness,7.41,ONS personal well-being estimates by local authority (time series v4),borough,"Happiness, mean rating 0-10, financial year 2019-20 assigned to start year; higher_is_better; 95% CI 7.11-7.72"
E09000002,Barking and Dagenham,2019,wellbeing_life_satisfaction,7.31,ONS personal well-being estimates by local authority (time series v4),borough,"Life satisfaction, mean rating 0-10, financial year 2019-20 assigned to start year; higher_is_better; 95% CI 7.03-7.58"
E09000002,Barking and Dagenham,2019,wellbeing_worthwhile,7.72,ONS personal well-being estimates by local authority (time series v4),borough,"Worthwhile, mean rating 0-10, financial year 2019-20 assigned to start year; higher_is_better; 95% CI 7.47-7.96"
E09000002,Barking and Dagenham,2020,wellbeing_anxiety,3.17,ONS personal well-being estimates by local authority (time series v4),borough,"Anxiety, mean rating 0-10, financial year 2020-21 assigned to start year; higher_is_worse; 95% CI 2.64-3.7"
E09000002,Barking and Dagenham,2020,wellbeing_happiness,7.87,ONS personal well-being estimates by local authority (time series v4),borough,"Happiness, mean rating 0-10, financial year 2020-21 assigned to start year; higher_is_better; 95% CI 7.53-8.2"
E09000002,Barking and Dagenham,2020,wellbeing_life_satisfaction,7.35,ONS personal well-being estimates by local authority (time series v4),borough,"Life satisfaction, mean rating 0-10, financial year 2020-21 assigned to start year; higher_is_better; 95% CI 6.98-7.72"
E09000002,Barking and Dagenham,2020,wellbeing_worthwhile,7.84,ONS personal well-being estimates by local authority (time series v4),borough,"Worthwhile, mean rating 0-10, financial year 2020-21 assigned to start year; higher_is_better; 95% CI 7.54-8.14"
E09000002,Barking and Dagenham,2021,wellbeing_anxiety,2.5,ONS personal well-being estimates by local authority (time series v4),borough,"Anxiety, mean rating 0-10, financial year 2021-22 assigned to start year; higher_is_worse; 95% CI 1.99-3.02"
E09000002,Barking and Dagenham,2021,wellbeing_happiness,7.77,ONS personal well-being estimates by local authority (time series v4),borough,"Happiness, mean rating 0-10, financial year 2021-22 assigned to start year; higher_is_better; 95% CI 7.37-8.16"
E09000002,Barking and Dagenham,2021,wellbeing_life_satisfaction,7.6,ONS personal well-being estimates by local authority (time series v4),borough,"Life satisfaction, mean rating 0-10, financial year 2021-22 assigned to start year; higher_is_better; 95% CI 7.3-7.9"
E09000002,Barking and Dagenham,2021,wellbeing_worthwhile,7.82,ONS personal well-being estimates by local authority (time series v4),borough,"Worthwhile, mean rating 0-10, financial year 2021-22 assigned to start year; higher_is_better; 95% CI 7.52-8.11"
E09000002,Barking and Dagenham,2022,wellbeing_anxiety,2.98,ONS personal well-being estimates by local authority (time series v4),borough,"Anxiety, mean rating 0-10, financial year 2022-23 assigned to start year; higher_is_worse; 95% CI 2.35-3.6"
E09000002,Barking and Dagenham,2022,wellbeing_happiness,7.48,ONS personal well-being estimates by local authority (time series v4),borough,"Happiness, mean rating 0-10, financial year 2022-23 assigned to start year; higher_is_better; 95% CI 7.15-7.81"
E09000002,Barking and Dagenham,2022,wellbeing_life_satisfaction,7.48,ONS personal well-being estimates by local authority (time series v4),borough,"Life satisfaction, mean rating 0-10, financial year 2022-23 assigned to start year; higher_is_better; 95% CI 7.21-7.75"
E09000002,Barking and Dagenham,2022,wellbeing_worthwhile,7.9,ONS personal well-being estimates by local authority (time series v4),borough,"Worthwhile, mean rating 0-10, financial year 2022-23 assigned to start year; higher_is_better; 95% CI 7.52-8.29"
E09000003,Barnet,2011,wellbeing_anxiety,3.41,ONS personal well-being estimates by local authority (time series v4),borough,"Anxiety, mean rating 0-10, financial year 2011-12 assigned to start year; higher_is_worse; 95% CI 3.03-3.8"
E09000003,Barnet,2011,wellbeing_happiness,7.26,ONS personal well-being estimates by local authority (time series v4),borough,"Happiness, mean rating 0-10, financial year 2011-12 assigned to start year; higher_is_better; 95% CI 6.99-7.52"
E09000003,Barnet,2011,wellbeing_life_satisfaction,7.43,ONS personal well-being estimates by local authority (time series v4),borough,"Life satisfaction, mean rating 0-10, financial year 2011-12 assigned to start year; higher_is_better; 95% CI 7.18-7.68"
E09000003,Barnet,2011,wellbeing_worthwhile,7.7,ONS personal well-being estimates by local authority (time series v4),borough,"Worthwhile, mean rating 0-10, financial year 2011-12 assigned to start year; higher_is_better; 95% CI 7.48-7.92"
E09000003,Barnet,2012,wellbeing_anxiety,2.74,ONS personal well-being estimates by local authority (time series v4),borough,"Anxiety, mean rating 0-10, financial year 2012-13 assigned to start year; higher_is_worse; 95% CI 2.44-3.04"
E09000003,Barnet,2012,wellbeing_happiness,7.23,ONS personal well-being estimates by local authority (time series v4),borough,"Happiness, mean rating 0-10, financial year 2012-13 assigned to start year; higher_is_better; 95% CI 7.03-7.44"
E09000003,Barnet,2012,wellbeing_life_satisfaction,7.28,ONS personal well-being estimates by local authority (time series v4),borough,"Life satisfaction, mean rating 0-10, financial year 2012-13 assigned to start year; higher_is_better; 95% CI 7.12-7.45"
E09000003,Barnet,2012,wellbeing_worthwhile,7.74,ONS personal well-being estimates by local authority (time series v4),borough,"Worthwhile, mean rating 0-10, financial year 2012-13 assigned to start year; higher_is_better; 95% CI 7.58-7.9"
E09000003,Barnet,2013,wellbeing_anxiety,2.6,ONS personal well-being estimates by local authority (time series v4),borough,"Anxiety, mean rating 0-10, financial year 2013-14 assigned to start year; higher_is_worse; 95% CI 2.32-2.89"
E09000003,Barnet,2013,wellbeing_happiness,7.53,ONS personal well-being estimates by local authority (time series v4),borough,"Happiness, mean rating 0-10, financial year 2013-14 assigned to start year; higher_is_better; 95% CI 7.32-7.74"
E09000003,Barnet,2013,wellbeing_life_satisfaction,7.4,ONS personal well-being estimates by local authority (time series v4),borough,"Life satisfaction, mean rating 0-10, financial year 2013-14 assigned to start year; higher_is_better; 95% CI 7.22-7.58"
E09000003,Barnet,2013,wellbeing_worthwhile,7.7,ONS personal well-being estimates by local authority (time series v4),borough,"Worthwhile, mean rating 0-10, financial year 2013-14 assigned to start year; higher_is_better; 95% CI 7.51-7.89"
E09000003,Barnet,2014,wellbeing_anxiety,2.37,ONS personal well-being estimates by local authority (time series v4),borough,"Anxiety, mean rating 0-10, financial year 2014-15 assigned to start year; higher_is_worse; 95% CI 2.08-2.65"
E09000003,Barnet,2014,wellbeing_happiness,7.44,ONS personal well-being estimates by local authority (time series v4),borough,"Happiness, mean rating 0-10, financial year 2014-15 assigned to start year; higher_is_better; 95% CI 7.22-7.66"
E09000003,Barnet,2014,wellbeing_life_satisfaction,7.54,ONS personal well-being estimates by local authority (time series v4),borough,"Life satisfaction, mean rating 0-10, financial year 2014-15 assigned to start year; higher_is_better; 95% CI 7.37-7.71"
E09000003,Barnet,2014,wellbeing_worthwhile,7.92,ONS personal well-being estimates by local authority (time series v4),borough,"Worthwhile, mean rating 0-10, financial year 2014-15 assigned to start year; higher_is_better; 95% CI 7.76-8.09"
E09000003,Barnet,2015,wellbeing_anxiety,2.49,ONS personal well-being estimates by local authority (time series v4),borough,"Anxiety, mean rating 0-10, financial year 2015-16 assigned to start year; higher_is_worse; 95% CI 2.21-2.78"
E09000003,Barnet,2015,wellbeing_happiness,7.62,ONS personal well-being estimates by local authority (time series v4),borough,"Happiness, mean rating 0-10, financial year 2015-16 assigned to start year; higher_is_better; 95% CI 7.42-7.82"
E09000003,Barnet,2015,wellbeing_life_satisfaction,7.53,ONS personal well-being estimates by local authority (time series v4),borough,"Life satisfaction, mean rating 0-10, financial year 2015-16 assigned to start year; higher_is_better; 95% CI 7.35-7.72"
E09000003,Barnet,2015,wellbeing_worthwhile,7.92,ONS personal well-being estimates by local authority (time series v4),borough,"Worthwhile, mean rating 0-10, financial year 2015-16 assigned to start year; higher_is_better; 95% CI 7.75-8.08"
E09000003,Barnet,2016,wellbeing_anxiety,3.09,ONS personal well-being estimates by local authority (time series v4),borough,"Anxiety, mean rating 0-10, financial year 2016-17 assigned to start year; higher_is_worse; 95% CI 2.78-3.41"
E09000003,Barnet,2016,wellbeing_happiness,7.62,ONS personal well-being estimates by local authority (time series v4),borough,"Happiness, mean rating 0-10, financial year 2016-17 assigned to start year; higher_is_better; 95% CI 7.41-7.83"
E09000003,Barnet,2016,wellbeing_life_satisfaction,7.47,ONS personal well-being estimates by local authority (time series v4),borough,"Life satisfaction, mean rating 0-10, financial year 2016-17 assigned to start year; higher_is_better; 95% CI 7.24-7.7"
E09000003,Barnet,2016,wellbeing_worthwhile,7.83,ONS personal well-being estimates by local authority (time series v4),borough,"Worthwhile, mean rating 0-10, financial year 2016-17 assigned to start year; higher_is_better; 95% CI 7.63-8.04"
E09000003,Barnet,2017,wellbeing_anxiety,2.78,ONS personal well-being estimates by local authority (time series v4),borough,"Anxiety, mean rating 0-10, financial year 2017-18 assigned to start year; higher_is_worse; 95% CI 2.47-3.09"
E09000003,Barnet,2017,wellbeing_happiness,7.38,ONS personal well-being estimates by local authority (time series v4),borough,"Happiness, mean rating 0-10, financial year 2017-18 assigned to start year; higher_is_better; 95% CI 7.12-7.65"
E09000003,Barnet,2017,wellbeing_life_satisfaction,7.63,ONS personal well-being estimates by local authority (time series v4),borough,"Life satisfaction, mean rating 0-10, financial year 2017-18 assigned to start year; higher_is_better; 95% CI 7.4-7.87"
E09000003,Barnet,2017,wellbeing_worthwhile,7.86,ONS personal well-being estimates by local authority (time series v4),borough,"Worthwhile, mean rating 0-10, financial year 2017-18 assigned to start year; higher_is_better; 95% CI 7.61-8.1"
E09000003,Barnet,2018,wellbeing_anxiety,3.19,ONS personal well-being estimates by local authority (time series v4),borough,"Anxiety, mean rating 0-10, financial year 2018-19 assigned to start year; higher_is_worse; 95% CI 2.83-3.55"
E09000003,Barnet,2018,wellbeing_happiness,7.44,ONS personal well-being estimates by local authority (time series v4),borough,"Happiness, mean rating 0-10, financial year 2018-19 assigned to start year; higher_is_better; 95% CI 7.2-7.68"
E09000003,Barnet,2018,wellbeing_life_satisfaction,7.55,ONS personal well-being estimates by local authority (time series v4),borough,"Life satisfaction, mean rating 0-10, financial year 2018-19 assigned to start year; higher_is_better; 95% CI 7.33-7.78"
E09000003,Barnet,2018,wellbeing_worthwhile,7.68,ONS personal well-being estimates by local authority (time series v4),borough,"Worthwhile, mean rating 0-10, financial year 2018-19 assigned to start year; higher_is_better; 95% CI 7.45-7.9"
E09000003,Barnet,2019,wellbeing_anxiety,3.19,ONS personal well-being estimates by local authority (time series v4),borough,"Anxiety, mean rating 0-10, financial year 2019-20 assigned to start year; higher_is_worse; 95% CI 2.85-3.54"
E09000003,Barnet,2019,wellbeing_happiness,7.43,ONS personal well-being estimates by local authority (time series v4),borough,"Happiness, mean rating 0-10, financial year 2019-20 assigned to start year; higher_is_better; 95% CI 7.16-7.71"
E09000003,Barnet,2019,wellbeing_life_satisfaction,7.58,ONS personal well-being estimates by local authority (time series v4),borough,"Life satisfaction, mean rating 0-10, financial year 2019-20 assigned to start year; higher_is_better; 95% CI 7.36-7.8"
E09000003,Barnet,2019,wellbeing_worthwhile,7.84,ONS personal well-being estimates by local authority (time series v4),borough,"Worthwhile, mean rating 0-10, financial year 2019-20 assigned to start year; higher_is_better; 95% CI 7.62-8.06"
E09000003,Barnet,2020,wellbeing_anxiety,3.2,ONS personal well-being estimates by local authority (time series v4),borough,"Anxiety, mean rating 0-10, financial year 2020-21 assigned to start year; higher_is_worse; 95% CI 2.84-3.56"
E09000003,Barnet,2020,wellbeing_happiness,7.23,ONS personal well-being estimates by local authority (time series v4),borough,"Happiness, mean rating 0-10, financial year 2020-21 assigned to start year; higher_is_better; 95% CI 6.93-7.53"
E09000003,Barnet,2020,wellbeing_life_satisfaction,7.3,ONS personal well-being estimates by local authority (time series v4),borough,"Life satisfaction, mean rating 0-10, financial year 2020-21 assigned to start year; higher_is_better; 95% CI 7.07-7.53"
E09000003,Barnet,2020,wellbeing_worthwhile,7.58,ONS personal well-being estimates by local authority (time series v4),borough,"Worthwhile, mean rating 0-10, financial year 2020-21 assigned to start year; higher_is_better; 95% CI 7.34-7.82"
E09000003,Barnet,2021,wellbeing_anxiety,3.07,ONS personal well-being estimates by local authority (time series v4),borough,"Anxiety, mean rating 0-10, financial year 2021-22 assigned to start year; higher_is_worse; 95% CI 2.69-3.46"
E09000003,Barnet,2021,wellbeing_happiness,7.47,ONS personal well-being estimates by local authority (time series v4),borough,"Happiness, mean rating 0-10, financial year 2021-22 assigned to start year; higher_is_better; 95% CI 7.19-7.75"
E09000003,Barnet,2021,wellbeing_life_satisfaction,7.36,ONS personal well-being estimates by local authority (time series v4),borough,"Life satisfaction, mean rating 0-10, financial year 2021-22 assigned to start year; higher_is_better; 95% CI 7.12-7.6"
E09000003,Barnet,2021,wellbeing_worthwhile,7.7,ONS personal well-being estimates by local authority (time series v4),borough,"Worthwhile, mean rating 0-10, financial year 2021-22 assigned to start year; higher_is_better; 95% CI 7.45-7.94"
E09000003,Barnet,2022,wellbeing_anxiety,3.33,ONS personal well-being estimates by local authority (time series v4),borough,"Anxiety, mean rating 0-10, financial year 2022-23 assigned to start year; higher_is_worse; 95% CI 2.78-3.89"
E09000003,Barnet,2022,wellbeing_happiness,6.95,ONS personal well-being estimates by local authority (time series v4),borough,"Happiness, mean rating 0-10, financial year 2022-23 assigned to start year; higher_is_better; 95% CI 6.6-7.31"
E09000003,Barnet,2022,wellbeing_life_satisfaction,6.95,ONS personal well-being estimates by local authority (time series v4),borough,"Life satisfaction, mean rating 0-10, financial year 2022-23 assigned to start year; higher_is_better; 95% CI 6.54-7.35"
E09000003,Barnet,2022,wellbeing_worthwhile,7.44,ONS personal well-being estimates by local authority (time series v4),borough,"Worthwhile, mean rating 0-10, financial year 2022-23 assigned to start year; higher_is_better; 95% CI 6.99-7.89"
E09000004,Bexley,2011,wellbeing_anxiety,3.07,ONS personal well-being estimates by local authority (time series v4),borough,"Anxiety, mean rating 0-10, financial year 2011-12 assigned to start year; higher_is_worse; 95% CI 2.77-3.36"
E09000004,Bexley,2011,wellbeing_happiness,7.22,ONS personal well-being estimates by local authority (time series v4),borough,"Happiness, mean rating 0-10, financial year 2011-12 assigned to start year; higher_is_better; 95% CI 6.99-7.44"
E09000004,Bexley,2011,wellbeing_life_satisfaction,7.42,ONS personal well-being estimates by local authority (time series v4),borough,"Life satisfaction, mean rating 0-10, financial year 2011-12 assigned to start year; higher_is_better; 95% CI 7.24-7.61"
E09000004,Bexley,2011,wellbeing_worthwhile,7.68,ONS personal well-being estimates by local authority (time series v4),borough,"Worthwhile, mean rating 0-10, financial year 2011-12 assigned to start year; higher_is_better; 95% CI 7.51-7.85"
E09000004,Bexley,2012,wellbeing_anxiety,3.24,ONS personal well-being estimates by local authority (time series v4),borough,"Anxiety, mean rating 0-10, financial year 2012-13 assigned to start year; higher_is_worse; 95% CI 2.94-3.54"
E09000004,Bexley,2012,wellbeing_happiness,7.18,ONS personal well-being estimates by local authority (time series v4),borough,"Happiness, mean rating 0-10, financial year 2012-13 assigned to start year; higher_is_better; 95% CI 6.94-7.42"
E09000004,Bexley,2012,wellbeing_life_satisfaction,7.42,ONS personal well-being estimates by local authority (time series v4),borough,"Life satisfaction, mean rating 0-10, financial year 2012-13 assigned to start year; higher_is_better; 95% CI 7.22-7.61"
E09000004,Bexley,2012,wellbeing_worthwhile,7.75,ONS personal well-being estimates by local authority (time series v4),borough,"Worthwhile, mean rating 0-10, financial year 2012-13 assigned to start year; higher_is_better; 95% CI 7.57-7.92"
E09000004,Bexley,2013,wellbeing_anxiety,3.46,ONS personal well-being estimates by local authority (time series v4),borough,"Anxiety, mean rating 0-10, financial year 2013-14 assigned to start year; higher_is_worse; 95% CI 3.14-3.79"
E09000004,Bexley,2013,wellbeing_happiness,7.3,ONS personal well-being estimates by local authority (time series v4),borough,"Happiness, mean rating 0-10, financial year 2013-14 assigned to start year; higher_is_better; 95% CI 7.08-7.52"
E09000004,Bexley,2013,wellbeing_life_satisfaction,7.28,ONS personal well-being estimates by local authority (time series v4),borough,"Life satisfaction, mean rating 0-10, financial year 2013-14 assigned to start year; higher_is_better; 95% CI 7.08-7.48"
E09000004,Bexley,2013,wellbeing_worthwhile,7.79,ONS personal well-being estimates by local authority (time series v4),borough,"Worthwhile, mean rating 0-10, financial year 2013-14 assigned to start year; higher_is_better; 95% CI 7.62-7.95"
E09000004,Bexley,2014,wellbeing_anxiety,3.16,ONS personal well-being estimates by local authority (time series v4),borough,"Anxiety, mean rating 0-10, financial year 2014-15 assigned to start year; higher_is_worse; 95% CI 2.86-3.47"
E09000004,Bexley,2014,wellbeing_happiness,7.38,ONS personal well-being estimates by local authority (time series v4),borough,"Happiness, mean rating 0-10, financial year 2014-15 assigned to start year; higher_is_better; 95% CI 7.16-7.6"
E09000004,Bexley,2014,wellbeing_life_satisfaction,7.52,ONS personal well-being estimates by local authority (time series v4),borough,"Life satisfaction, mean rating 0-10, financial year 2014-15 assigned to start year; higher_is_better; 95% CI 7.32-7.72"
E09000004,Bexley,2014,wellbeing_worthwhile,7.8,ONS personal well-being estimates by local authority (time series v4),borough,"Worthwhile, mean rating 0-10, financial year 2014-15 assigned to start year; higher_is_better; 95% CI 7.62-7.97"
E09000004,Bexley,2015,wellbeing_anxiety,3.06,ONS personal well-being estimates by local authority (time series v4),borough,"Anxiety, mean rating 0-10, financial year 2015-16 assigned to start year; higher_is_worse; 95% CI 2.73-3.38"
E09000004,Bexley,2015,wellbeing_happiness,7.29,ONS personal well-being estimates by local authority (time series v4),borough,"Happiness, mean rating 0-10, financial year 2015-16 assigned to start year; higher_is_better; 95% CI 7.03-7.56"
E09000004,Bexley,2015,wellbeing_life_satisfaction,7.41,ONS personal well-being estimates by local authority (time series v4),borough,"Life satisfaction, mean rating 0-10, financial year 2015-16 assigned to start year; higher_is_better; 95% CI 7.21-7.61"
E09000004,Bexley,2015,wellbeing_worthwhile,7.79,ONS personal well-being estimates by local authority (time series v4),borough,"Worthwhile, mean rating 0-10, financial year 2015-16 assigned to start year; higher_is_better; 95% CI 7.61-7.97"
E09000004,Bexley,2016,wellbeing_anxiety,3.16,ONS personal well-being estimates by local authority (time series v4),borough,"Anxiety, mean rating 0-10, financial year 2016-17 assigned to start year; higher_is_worse; 95% CI 2.83-3.49"
E09000004,Bexley,2016,wellbeing_happiness,7.46,ONS personal well-being estimates by local authority (time series v4),borough,"Happiness, mean rating 0-10, financial year 2016-17 assigned to start year; higher_is_better; 95% CI 7.22-7.69"
E09000004,Bexley,2016,wellbeing_life_satisfaction,7.45,ONS personal well-being estimates by local authority (time series v4),borough,"Life satisfaction, mean rating 0-10, financial year 2016-17 assigned to start year; higher_is_better; 95% CI 7.26-7.65"
E09000004,Bexley,2016,wellbeing_worthwhile,7.83,ONS personal well-being estimates by local authority (time series v4),borough,"Worthwhile, mean rating 0-10, financial year 2016-17 assigned to start year; higher_is_better; 95% CI 7.64-8.01"
E09000004,Bexley,2017,wellbeing_anxiety,3.04,ONS personal well-being estimates by local authority (time series v4),borough,"Anxiety, mean rating 0-10, financial year 2017-18 assigned to start year; higher_is_worse; 95% CI 2.72-3.36"
E09000004,Bexley,2017,wellbeing_happiness,7.45,ONS personal well-being estimates by local authority (time series v4),borough,"Happiness, mean rating 0-10, financial year 2017-18 assigned to start year; higher_is_better; 95% CI 7.19-7.71"
E09000004,Bexley,2017,wellbeing_life_satisfaction,7.42,ONS personal well-being estimates by local authority (time series v4),borough,"Life satisfaction, mean rating 0-10, financial year 2017-18 assigned to start year; higher_is_better; 95% CI 7.2-7.64"
E09000004,Bexley,2017,wellbeing_worthwhile,7.79,ONS personal well-being estimates by local authority (time series v4),borough,"Worthwhile, mean rating 0-10, financial year 2017-18 assigned to start year; higher_is_better; 95% CI 7.62-7.96"
E09000004,Bexley,2018,wellbeing_anxiety,3.21,ONS personal well-being estimates by local authority (time series v4),borough,"Anxiety, mean rating 0-10, financial year 2018-19 assigned to start year; higher_is_worse; 95% CI 2.86-3.56"
E09000004,Bexley,2018,wellbeing_happiness,7.55,ONS personal well-being estimates by local authority (time series v4),borough,"Happiness, mean rating 0-10, financial year 2018-19 assigned to start year; higher_is_better; 95% CI 7.33-7.77"
E09000004,Bexley,2018,wellbeing_life_satisfaction,7.54,ONS personal well-being estimates by local authority (time series v4),borough,"Life satisfaction, mean rating 0-10, financial year 2018-19 assigned to start year; higher_is_better; 95% CI 7.36-7.73"
E09000004,Bexley,2018,wellbeing_worthwhile,7.83,ONS personal well-being estimates by local authority (time series v4),borough,"Worthwhile, mean rating 0-10, financial year 2018-19 assigned to start year; higher_is_better; 95% CI 7.66-8"
E09000004,Bexley,2019,wellbeing_anxiety,3.1,ONS personal well-being estimates by local authority (time series v4),borough,"Anxiety, mean rating 0-10, financial year 2019-20 assigned to start year; higher_is_worse; 95% CI 2.77-3.43"
E09000004,Bexley,2019,wellbeing_happiness,7.59,ONS personal well-being estimates by local authority (time series v4),borough,"Happiness, mean rating 0-10, financial year 2019-20 assigned to start year; higher_is_better; 95% CI 7.32-7.86"
E09000004,Bexley,2019,wellbeing_life_satisfaction,7.73,ONS personal well-being estimates by local authority (time series v4),borough,"Life satisfaction, mean rating 0-10, financial year 2019-20 assigned to start year; higher_is_better; 95% CI 7.52-7.94"
E09000004,Bexley,2019,wellbeing_worthwhile,7.97,ONS personal well-being estimates by local authority (time series v4),borough,"Worthwhile, mean rating 0-10, financial year 2019-20 assigned to start year; higher_is_better; 95% CI 7.78-8.17"
E09000004,Bexley,2020,wellbeing_anxiety,3.05,ONS personal well-being estimates by local authority (time series v4),borough,"Anxiety, mean rating 0-10, financial year 2020-21 assigned to start year; higher_is_worse; 95% CI 2.64-3.47"
E09000004,Bexley,2020,wellbeing_happiness,7.42,ONS personal well-being estimates by local authority (time series v4),borough,"Happiness, mean rating 0-10, financial year 2020-21 assigned to start year; higher_is_better; 95% CI 7.14-7.7"
E09000004,Bexley,2020,wellbeing_life_satisfaction,7.53,ONS personal well-being estimates by local authority (time series v4),borough,"Life satisfaction, mean rating 0-10, financial year 2020-21 assigned to start year; higher_is_better; 95% CI 7.31-7.76"
E09000004,Bexley,2020,wellbeing_worthwhile,7.81,ONS personal well-being estimates by local authority (time series v4),borough,"Worthwhile, mean rating 0-10, financial year 2020-21 assigned to start year; higher_is_better; 95% CI 7.54-8.07"
E09000004,Bexley,2021,wellbeing_anxiety,3,ONS personal well-being estimates by local authority (time series v4),borough,"Anxiety, mean rating 0-10, financial year 2021-22 assigned to start year; higher_is_worse; 95% CI 2.61-3.4"
E09000004,Bexley,2021,wellbeing_happiness,7.26,ONS personal well-being estimates by local authority (time series v4),borough,"Happiness, mean rating 0-10, financial year 2021-22 assigned to start year; higher_is_better; 95% CI 6.93-7.59"
E09000004,Bexley,2021,wellbeing_life_satisfaction,7.43,ONS personal well-being estimates by local authority (time series v4),borough,"Life satisfaction, mean rating 0-10, financial year 2021-22 assigned to start year; higher_is_better; 95% CI 7.19-7.68"
E09000004,Bexley,2021,wellbeing_worthwhile,7.72,ONS personal well-being estimates by local authority (time series v4),borough,"Worthwhile, mean rating 0-10, financial year 2021-22 assigned to start year; higher_is_better; 95% CI 7.48-7.97"
E09000004,Bexley,2022,wellbeing_anxiety,3.08,ONS personal well-being estimates by local authority (time series v4),borough,"Anxiety, mean rating 0-10, financial year 2022-23 assigned to start year; higher_is_worse; 95% CI 2.63-3.53"
E09000004,Bexley,2022,wellbeing_happiness,7.39,ONS personal well-being estimates by local authority (time series v4),borough,"Happiness, mean rating 0-10, financial year 2022-23 assigned to start year; higher_is_better; 95% CI 7.07-7.72"
E09000004,Bexley,2022,wellbeing_life_satisfaction,7.29,ONS personal well-being estimates by local authority (time series v4),borough,"Life satisfaction, mean rating 0-10, financial year 2022-23 assigned to start year; higher_is_better; 95% CI 7.04-7.54"
E09000004,Bexley,2022,wellbeing_worthwhile,7.65,ONS personal well-being estimates by local authority (time series v4),borough,"Worthwhile, mean rating 0-10, financial year 2022-23 assigned to start year; higher_is_better; 95% CI 7.37-7.93"
E09000005,Brent,2011,wellbeing_anxiety,2.77,ONS personal well-being estimates by local authority (time series v4),borough,"Anxiety, mean rating 0-10, financial year 2011-12 assigned to start year; higher_is_worse; 95% CI 2.41-3.13"
E09000005,Brent,2011,wellbeing_happiness,7.07,ONS personal well-being estimates by local authority (time series v4),borough,"Happiness, mean rating 0-10, financial year 2011-12 assigned to start year; higher_is_better; 95% CI 6.78-7.36"
E09000005,Brent,2011,wellbeing_life_satisfaction,7.11,ONS personal well-being estimates by local authority (time series v4),borough,"Life satisfaction, mean rating 0-10, financial year 2011-12 assigned to start year; higher_is_better; 95% CI 6.89-7.34"
E09000005,Brent,2011,wellbeing_worthwhile,7.2,ONS personal well-being estimates by local authority (time series v4),borough,"Worthwhile, mean rating 0-10, financial year 2011-12 assigned to start year; higher_is_better; 95% CI 6.97-7.42"
E09000005,Brent,2012,wellbeing_anxiety,3.29,ONS personal well-being estimates by local authority (time series v4),borough,"Anxiety, mean rating 0-10, financial year 2012-13 assigned to start year; higher_is_worse; 95% CI 2.98-3.61"
E09000005,Brent,2012,wellbeing_happiness,7.19,ONS personal well-being estimates by local authority (time series v4),borough,"Happiness, mean rating 0-10, financial year 2012-13 assigned to start year; higher_is_better; 95% CI 6.95-7.43"
E09000005,Brent,2012,wellbeing_life_satisfaction,7.28,ONS personal well-being estimates by local authority (time series v4),borough,"Life satisfaction, mean rating 0-10, financial year 2012-13 assigned to start year; higher_is_better; 95% CI 7.1-7.46"
E09000005,Brent,2012,wellbeing_worthwhile,7.35,ONS personal well-being estimates by local authority (time series v4),borough,"Worthwhile, mean rating 0-10, financial year 2012-13 assigned to start year; higher_is_better; 95% CI 7.18-7.53"
E09000005,Brent,2013,wellbeing_anxiety,3.07,ONS personal well-being estimates by local authority (time series v4),borough,"Anxiety, mean rating 0-10, financial year 2013-14 assigned to start year; higher_is_worse; 95% CI 2.86-3.29"
E09000005,Brent,2013,wellbeing_happiness,7.31,ONS personal well-being estimates by local authority (time series v4),borough,"Happiness, mean rating 0-10, financial year 2013-14 assigned to start year; higher_is_better; 95% CI 7.14-7.49"
E09000005,Brent,2013,wellbeing_life_satisfaction,7.41,ONS personal well-being estimates by local authority (time series v4),borough,"Life satisfaction, mean rating 0-10, financial year 2013-14 assigned to start year; higher_is_better; 95% CI 7.25-7.56"
E09000005,Brent,2013,wellbeing_worthwhile,7.6,ONS personal well-being estimates by local authority (time series v4),borough,"Worthwhile, mean rating 0-10, financial year 2013-14 assigned to start year; higher_is_better; 95% CI 7.46-7.75"
E09000005,Brent,2014,wellbeing_anxiety,2.5,ONS personal well-being estimates by local authority (time series v4),borough,"Anxiety, mean rating 0-10, financial year 2014-15 assigned to start year; higher_is_worse; 95% CI 2.25-2.75"
E09000005,Brent,2014,wellbeing_happiness,7.32,ONS personal well-being estimates by local authority (time series v4),borough,"Happiness, mean rating 0-10, financial year 2014-15 assigned to start year; higher_is_better; 95% CI 7.12-7.53"
E09000005,Brent,2014,wellbeing_life_satisfaction,7.24,ONS personal well-being estimates by local authority (time series v4),borough,"Life satisfaction, mean rating 0-10, financial year 2014-15 assigned to start year; higher_is_better; 95% CI 7.05-7.44"
E09000005,Brent,2014,wellbeing_worthwhile,7.45,ONS personal well-being estimates by local authority (time series v4),borough,"Worthwhile, mean rating 0-10, financial year 2014-15 assigned to start year; higher_is_better; 95% CI 7.27-7.63"
E09000005,Brent,2015,wellbeing_anxiety,2.57,ONS personal well-being estimates by local authority (time series v4),borough,"Anxiety, mean rating 0-10, financial year 2015-16 assigned to start year; higher_is_worse; 95% CI 2.33-2.82"
E09000005,Brent,2015,wellbeing_happiness,7.53,ONS personal well-being estimates by local authority (time series v4),borough,"Happiness, mean rating 0-10, financial year 2015-16 assigned to start year; higher_is_better; 95% CI 7.36-7.69"
E09000005,Brent,2015,wellbeing_life_satisfaction,7.55,ONS personal well-being estimates by local authority (time series v4),borough,"Life satisfaction, mean rating 0-10, financial year 2015-16 assigned to start year; higher_is_better; 95% CI 7.39-7.71"
E09000005,Brent,2015,wellbeing_worthwhile,7.61,ONS personal well-being estimates by local authority (time series v4),borough,"Worthwhile, mean rating 0-10, financial year 2015-16 assigned to start year; higher_is_better; 95% CI 7.45-7.78"
E09000005,Brent,2016,wellbeing_anxiety,2.69,ONS personal well-being estimates by local authority (time series v4),borough,"Anxiety, mean rating 0-10, financial year 2016-17 assigned to start year; higher_is_worse; 95% CI 2.38-3"
E09000005,Brent,2016,wellbeing_happiness,7.58,ONS personal well-being estimates by local authority (time series v4),borough,"Happiness, mean rating 0-10, financial year 2016-17 assigned to start year; higher_is_better; 95% CI 7.37-7.8"
E09000005,Brent,2016,wellbeing_life_satisfaction,7.67,ONS personal well-being estimates by local authority (time series v4),borough,"Life satisfaction, mean rating 0-10, financial year 2016-17 assigned to start year; higher_is_better; 95% CI 7.47-7.87"
E09000005,Brent,2016,wellbeing_worthwhile,7.68,ONS personal well-being estimates by local authority (time series v4),borough,"Worthwhile, mean rating 0-10, financial year 2016-17 assigned to start year; higher_is_better; 95% CI 7.49-7.86"
E09000005,Brent,2017,wellbeing_anxiety,2.71,ONS personal well-being estimates by local authority (time series v4),borough,"Anxiety, mean rating 0-10, financial year 2017-18 assigned to start year; higher_is_worse; 95% CI 2.35-3.06"
E09000005,Brent,2017,wellbeing_happiness,7.7,ONS personal well-being estimates by local authority (time series v4),borough,"Happiness, mean rating 0-10, financial year 2017-18 assigned to start year; higher_is_better; 95% CI 7.48-7.91"
E09000005,Brent,2017,wellbeing_life_satisfaction,7.79,ONS personal well-being estimates by local authority (time series v4),borough,"Life satisfaction, mean rating 0-10, financial year 2017-18 assigned to start year; higher_is_better; 95% CI 7.61-7.96"
E09000005,Brent,2017,wellbeing_worthwhile,7.89,ONS personal well-being estimates by local authority (time series v4),borough,"Worthwhile, mean rating 0-10, financial year 2017-18 assigned to start year; higher_is_better; 95% CI 7.7-8.07"
E09000005,Brent,2018,wellbeing_anxiety,2.4,ONS personal well-being estimates by local authority (time series v4),borough,"Anxiety, mean rating 0-10, financial year 2018-19 assigned to start year; higher_is_worse; 95% CI 2.07-2.73"
E09000005,Brent,2018,wellbeing_happiness,7.84,ONS personal well-being estimates by local authority (time series v4),borough,"Happiness, mean rating 0-10, financial year 2018-19 assigned to start year; higher_is_better; 95% CI 7.62-8.06"
E09000005,Brent,2018,wellbeing_life_satisfaction,7.71,ONS personal well-being estimates by local authority (time series v4),borough,"Life satisfaction, mean rating 0-10, financial year 2018-19 assigned to start year; higher_is_better; 95% CI 7.54-7.88"
E09000005,Brent,2018,wellbeing_worthwhile,7.84,ONS personal well-being estimates by local authority (time series v4),borough,"Worthwhile, mean rating 0-10, financial year 2018-19 assigned to start year; higher_is_better; 95% CI 7.67-8.01"
E09000005,Brent,2019,wellbeing_anxiety,3.27,ONS personal well-being estimates by local authority (time series v4),borough,"Anxiety, mean rating 0-10, financial year 2019-20 assigned to start year; higher_is_worse; 95% CI 2.83-3.72"
E09000005,Brent,2019,wellbeing_happiness,7.77,ONS personal well-being estimates by local authority (time series v4),borough,"Happiness, mean rating 0-10, financial year 2019-20 assigned to start year; higher_is_better; 95% CI 7.48-8.06"
E09000005,Brent,2019,wellbeing_life_satisfaction,7.73,ONS personal well-being estimates by local authority (time series v4),borough,"Life satisfaction, mean rating 0-10, financial year 2019-20 assigned to start year; higher_is_better; 95% CI 7.48-7.97"
E09000005,Brent,2019,wellbeing_worthwhile,7.96,ONS personal well-being estimates by local authority (time series v4),borough,"Worthwhile, mean rating 0-10, financial year 2019-20 assigned to start year; higher_is_better; 95% CI 7.71-8.21"
E09000005,Brent,2020,wellbeing_anxiety,3.29,ONS personal well-being estimates by local authority (time series v4),borough,"Anxiety, mean rating 0-10, financial year 2020-21 assigned to start year; higher_is_worse; 95% CI 2.8-3.78"
E09000005,Brent,2020,wellbeing_happiness,7.28,ONS personal well-being estimates by local authority (time series v4),borough,"Happiness, mean rating 0-10, financial year 2020-21 assigned to start year; higher_is_better; 95% CI 6.86-7.7"
E09000005,Brent,2020,wellbeing_life_satisfaction,7.25,ONS personal well-being estimates by local authority (time series v4),borough,"Life satisfaction, mean rating 0-10, financial year 2020-21 assigned to start year; higher_is_better; 95% CI 6.95-7.56"
E09000005,Brent,2020,wellbeing_worthwhile,7.46,ONS personal well-being estimates by local authority (time series v4),borough,"Worthwhile, mean rating 0-10, financial year 2020-21 assigned to start year; higher_is_better; 95% CI 7.12-7.8"
E09000005,Brent,2021,wellbeing_anxiety,3.4,ONS personal well-being estimates by local authority (time series v4),borough,"Anxiety, mean rating 0-10, financial year 2021-22 assigned to start year; higher_is_worse; 95% CI 2.86-3.94"
E09000005,Brent,2021,wellbeing_happiness,7.51,ONS personal well-being estimates by local authority (time series v4),borough,"Happiness, mean rating 0-10, financial year 2021-22 assigned to start year; higher_is_better; 95% CI 7.14-7.88"
E09000005,Brent,2021,wellbeing_life_satisfaction,7.41,ONS personal well-being estimates by local authority (time series v4),borough,"Life satisfaction, mean rating 0-10, financial year 2021-22 assigned to start year; higher_is_better; 95% CI 7.02-7.79"
E09000005,Brent,2021,wellbeing_worthwhile,7.59,ONS personal well-being estimates by local authority (time series v4),borough,"Worthwhile, mean rating 0-10, financial year 2021-22 assigned to start year; higher_is_better; 95% CI 7.16-8.02"
E09000005,Brent,2022,wellbeing_anxiety,3.82,ONS personal well-being estimates by local authority (time series v4),borough,"Anxiety, mean rating 0-10, financial year 2022-23 assigned to start year; higher_is_worse; 95% CI 3.06-4.58"
E09000005,Brent,2022,wellbeing_happiness,7.27,ONS personal well-being estimates by local authority (time series v4),borough,"Happiness, mean rating 0-10, financial year 2022-23 assigned to start year; higher_is_better; 95% CI 6.7-7.84"
E09000005,Brent,2022,wellbeing_life_satisfaction,7.09,ONS personal well-being estimates by local authority (time series v4),borough,"Life satisfaction, mean rating 0-10, financial year 2022-23 assigned to start year; higher_is_better; 95% CI 6.73-7.45"
E09000005,Brent,2022,wellbeing_worthwhile,7.31,ONS personal well-being estimates by local authority (time series v4),borough,"Worthwhile, mean rating 0-10, financial year 2022-23 assigned to start year; higher_is_better; 95% CI 6.77-7.85"
E09000006,Bromley,2011,wellbeing_anxiety,3.3,ONS personal well-being estimates by local authority (time series v4),borough,"Anxiety, mean rating 0-10, financial year 2011-12 assigned to start year; higher_is_worse; 95% CI 3-3.6"
E09000006,Bromley,2011,wellbeing_happiness,7.44,ONS personal well-being estimates by local authority (time series v4),borough,"Happiness, mean rating 0-10, financial year 2011-12 assigned to start year; higher_is_better; 95% CI 7.21-7.68"
E09000006,Bromley,2011,wellbeing_life_satisfaction,7.5,ONS personal well-being estimates by local authority (time series v4),borough,"Life satisfaction, mean rating 0-10, financial year 2011-12 assigned to start year; higher_is_better; 95% CI 7.32-7.68"
E09000006,Bromley,2011,wellbeing_worthwhile,7.84,ONS personal well-being estimates by local authority (time series v4),borough,"Worthwhile, mean rating 0-10, financial year 2011-12 assigned to start year; higher_is_better; 95% CI 7.67-8.02"
E09000006,Bromley,2012,wellbeing_anxiety,3.22,ONS personal well-being estimates by local authority (time series v4),borough,"Anxiety, mean rating 0-10, financial year 2012-13 assigned to start year; higher_is_worse; 95% CI 2.94-3.49"
E09000006,Bromley,2012,wellbeing_happiness,7.38,ONS personal well-being estimates by local authority (time series v4),borough,"Happiness, mean rating 0-10, financial year 2012-13 assigned to start year; higher_is_better; 95% CI 7.19-7.58"
E09000006,Bromley,2012,wellbeing_life_satisfaction,7.6,ONS personal well-being estimates by local authority (time series v4),borough,"Life satisfaction, mean rating 0-10, financial year 2012-13 assigned to start year; higher_is_better; 95% CI 7.44-7.76"
E09000006,Bromley,2012,wellbeing_worthwhile,7.8,ONS personal well-being estimates by local authority (time series v4),borough,"Worthwhile, mean rating 0-10, financial year 2012-13 assigned to start year; higher_is_better; 95% CI 7.63-7.96"
E09000006,Bromley,2013,wellbeing_anxiety,3.15,ONS personal well-being estimates by local authority (time series v4),borough,"Anxiety, mean rating 0-10, financial year 2013-14 assigned to start year; higher_is_worse; 95% CI 2.88-3.41"
E09000006,Bromley,2013,wellbeing_happiness,7.58,ONS personal well-being estimates by local authority (time series v4),borough,"Happiness, mean rating 0-10, financial year 2013-14 assigned to start year; higher_is_better; 95% CI 7.37-7.79"
E09000006,Bromley,2013,wellbeing_life_satisfaction,7.53,ONS personal well-being estimates by local authority (time series v4),borough,"Life satisfaction, mean rating 0-10, financial year 2013-14 assigned to start year; higher_is_better; 95% CI 7.35-7.72"
E09000006,Bromley,2013,wellbeing_worthwhile,7.74,ONS personal well-being estimates by local authority (time series v4),borough,"Worthwhile, mean rating 0-10, financial year 2013-14 assigned to start year; higher_is_better; 95% CI 7.58-7.9"
E09000006,Bromley,2014,wellbeing_anxiety,2.76,ONS personal well-being estimates by local authority (time series v4),borough,"Anxiety, mean rating 0-10, financial year 2014-15 assigned to start year; higher_is_worse; 95% CI 2.53-3"
E09000006,Bromley,2014,wellbeing_happiness,7.48,ONS personal well-being estimates by local authority (time series v4),borough,"Happiness, mean rating 0-10, financial year 2014-15 assigned to start year; higher_is_better; 95% CI 7.28-7.68"
E09000006,Bromley,2014,wellbeing_life_satisfaction,7.71,ONS personal well-being estimates by local authority (time series v4),borough,"Life satisfaction, mean rating 0-10, financial year 2014-15 assigned to start year; higher_is_better; 95% CI 7.55-7.87"
E09000006,Bromley,2014,wellbeing_worthwhile,7.93,ONS personal well-being estimates by local authority (time series v4),borough,"Worthwhile, mean rating 0-10, financial year 2014-15 assigned to start year; higher_is_better; 95% CI 7.79-8.07"
E09000006,Bromley,2015,wellbeing_anxiety,2.98,ONS personal well-being estimates by local authority (time series v4),borough,"Anxiety, mean rating 0-10, financial year 2015-16 assigned to start year; higher_is_worse; 95% CI 2.7-3.26"
E09000006,Bromley,2015,wellbeing_happiness,7.51,ONS personal well-being estimates by local authority (time series v4),borough,"Happiness, mean rating 0-10, financial year 2015-16 assigned to start year; higher_is_better; 95% CI 7.32-7.7"
E09000006,Bromley,2015,wellbeing_life_satisfaction,7.54,ONS personal well-being estimates by local authority (time series v4),borough,"Life satisfaction, mean rating 0-10, financial year 2015-16 assigned to start year; higher_is_better; 95% CI 7.39-7.7"
E09000006,Bromley,2015,wellbeing_worthwhile,7.81,ONS personal well-being estimates by local authority (time series v4),borough,"Worthwhile, mean rating 0-10, financial year 2015-16 assigned to start year; higher_is_better; 95% CI 7.65-7.96"
E09000006,Bromley,2016,wellbeing_anxiety,3.29,ONS personal well-being estimates by local authority (time series v4),borough,"Anxiety, mean rating 0-10, financial year 2016-17 assigned to start year; higher_is_worse; 95% CI 2.98-3.6"
E09000006,Bromley,2016,wellbeing_happiness,7.34,ONS personal well-being estimates by local authority (time series v4),borough,"Happiness, mean rating 0-10, financial year 2016-17 assigned to start year; higher_is_better; 95% CI 7.1-7.59"
E09000006,Bromley,2016,wellbeing_life_satisfaction,7.6,ONS personal well-being estimates by local authority (time series v4),borough,"Life satisfaction, mean rating 0-10, financial year 2016-17 assigned to start year; higher_is_better; 95% CI 7.42-7.79"
E09000006,Bromley,2016,wellbeing_worthwhile,7.66,ONS personal well-being estimates by local authority (time series v4),borough,"Worthwhile, mean rating 0-10, financial year 2016-17 assigned to start year; higher_is_better; 95% CI 7.45-7.86"
E09000006,Bromley,2017,wellbeing_anxiety,3.16,ONS personal well-being estimates by local authority (time series v4),borough,"Anxiety, mean rating 0-10, financial year 2017-18 assigned to start year; higher_is_worse; 95% CI 2.73-3.58"
E09000006,Bromley,2017,wellbeing_happiness,7.35,ONS personal well-being estimates by local authority (time series v4),borough,"Happiness, mean rating 0-10, financial year 2017-18 assigned to start year; higher_is_better; 95% CI 7.07-7.63"
E09000006,Bromley,2017,wellbeing_life_satisfaction,7.31,ONS personal well-being estimates by local authority (time series v4),borough,"Life satisfaction, mean rating 0-10, financial year 2017-18 assigned to start year; higher_is_better; 95% CI 7.08-7.54"
E09000006,Bromley,2017,wellbeing_worthwhile,7.42,ONS personal well-being estimates by local authority (time series v4),borough,"Worthwhile, mean rating 0-10, financial year 2017-18 assigned to start year; higher_is_better; 95% CI 7.15-7.7"
E09000006,Bromley,2018,wellbeing_anxiety,2.88,ONS personal well-being estimates by local authority (time series v4),borough,"Anxiety, mean rating 0-10, financial year 2018-19 assigned to start year; higher_is_worse; 95% CI 2.51-3.25"
E09000006,Bromley,2018,wellbeing_happiness,7.47,ONS personal well-being estimates by local authority (time series v4),borough,"Happiness, mean rating 0-10, financial year 2018-19 assigned to start year; higher_is_better; 95% CI 7.18-7.75"
E09000006,Bromley,2018,wellbeing_life_satisfaction,7.57,ONS personal well-being estimates by local authority (time series v4),borough,"Life satisfaction, mean rating 0-10, financial year 2018-19 assigned to start year; higher_is_better; 95% CI 7.35-7.79"
E09000006,Bromley,2018,wellbeing_worthwhile,7.65,ONS personal well-being estimates by local authority (time series v4),borough,"Worthwhile, mean rating 0-10, financial year 2018-19 assigned to start year; higher_is_better; 95% CI 7.38-7.93"
E09000006,Bromley,2019,wellbeing_anxiety,2.97,ONS personal well-being estimates by local authority (time series v4),borough,"Anxiety, mean rating 0-10, financial year 2019-20 assigned to start year; higher_is_worse; 95% CI 2.64-3.29"
E09000006,Bromley,2019,wellbeing_happiness,7.4,ONS personal well-being estimates by local authority (time series v4),borough,"Happiness, mean rating 0-10, financial year 2019-20 assigned to start year; higher_is_better; 95% CI 7.13-7.67"
E09000006,Bromley,2019,wellbeing_life_satisfaction,7.66,ONS personal well-being estimates by local authority (time series v4),borough,"Life satisfaction, mean rating 0-10, financial year 2019-20 assigned to start year; higher_is_better; 95% CI 7.42-7.89"
E09000006,Bromley,2019,wellbeing_worthwhile,7.79,ONS personal well-being estimates by local authority (time series v4),borough,"Worthwhile, mean rating 0-10, financial year 2019-20 assigned to start year; higher_is_better; 95% CI 7.58-7.99"
E09000006,Bromley,2020,wellbeing_anxiety,2.95,ONS personal well-being estimates by local authority (time series v4),borough,"Anxiety, mean rating 0-10, financial year 2020-21 assigned to start year; higher_is_worse; 95% CI 2.58-3.32"
E09000006,Bromley,2020,wellbeing_happiness,7.54,ONS personal well-being estimates by local authority (time series v4),borough,"Happiness, mean rating 0-10, financial year 2020-21 assigned to start year; higher_is_better; 95% CI 7.33-7.76"
E09000006,Bromley,2020,wellbeing_life_satisfaction,7.49,ONS personal well-being estimates by local authority (time series v4),borough,"Life satisfaction, mean rating 0-10, financial year 2020-21 assigned to start year; higher_is_better; 95% CI 7.28-7.7"
E09000006,Bromley,2020,wellbeing_worthwhile,7.66,ONS personal well-being estimates by local authority (time series v4),borough,"Worthwhile, mean rating 0-10, financial year 2020-21 assigned to start year; higher_is_better; 95% CI 7.44-7.89"
E09000006,Bromley,2021,wellbeing_anxiety,3.31,ONS personal well-being estimates by local authority (time series v4),borough,"Anxiety, mean rating 0-10, financial year 2021-22 assigned to start year; higher_is_worse; 95% CI 2.95-3.67"
E09000006,Bromley,2021,wellbeing_happiness,7.37,ONS personal well-being estimates by local authority (time series v4),borough,"Happiness, mean rating 0-10, financial year 2021-22 assigned to start year; higher_is_better; 95% CI 7.11-7.63"
E09000006,Bromley,2021,wellbeing_life_satisfaction,7.44,ONS personal well-being estimates by local authority (time series v4),borough,"Life satisfaction, mean rating 0-10, financial year 2021-22 assigned to start year; higher_is_better; 95% CI 7.2-7.68"
E09000006,Bromley,2021,wellbeing_worthwhile,7.81,ONS personal well-being estimates by local authority (time series v4),borough,"Worthwhile, mean rating 0-10, financial year 2021-22 assigned to start year; higher_is_better; 95% CI 7.6-8.01"
E09000006,Bromley,2022,wellbeing_anxiety,3.38,ONS personal well-being estimates by local authority (time series v4),borough,"Anxiety, mean rating 0-10, financial year 2022-23 assigned to start year; higher_is_worse; 95% CI 2.96-3.79"
E09000006,Bromley,2022,wellbeing_happiness,7.35,ONS personal well-being estimates by local authority (time series v4),borough,"Happiness, mean rating 0-10, financial year 2022-23 assigned to start year; higher_is_better; 95% CI 7.02-7.67"
E09000006,Bromley,2022,wellbeing_life_satisfaction,7.33,ONS personal well-being estimates by local authority (time series v4),borough,"Life satisfaction, mean rating 0-10, financial year 2022-23 assigned to start year; higher_is_better; 95% CI 7.03-7.62"
E09000006,Bromley,2022,wellbeing_worthwhile,7.55,ONS personal well-being estimates by local authority (time series v4),borough,"Worthwhile, mean rating 0-10, financial year 2022-23 assigned to start year; higher_is_better; 95% CI 7.26-7.84"
E09000007,Camden,2011,wellbeing_anxiety,3.81,ONS personal well-being estimates by local authority (time series v4),borough,"Anxiety, mean rating 0-10, financial year 2011-12 assigned to start year; higher_is_worse; 95% CI 3.41-4.21"
E09000007,Camden,2011,wellbeing_happiness,7.24,ONS personal well-being estimates by local authority (time series v4),borough,"Happiness, mean rating 0-10, financial year 2011-12 assigned to start year; higher_is_better; 95% CI 6.88-7.6"
E09000007,Camden,2011,wellbeing_life_satisfaction,7.25,ONS personal well-being estimates by local authority (time series v4),borough,"Life satisfaction, mean rating 0-10, financial year 2011-12 assigned to start year; higher_is_better; 95% CI 6.96-7.54"
E09000007,Camden,2011,wellbeing_worthwhile,7.35,ONS personal well-being estimates by local authority (time series v4),borough,"Worthwhile, mean rating 0-10, financial year 2011-12 assigned to start year; higher_is_better; 95% CI 7.1-7.61"
E09000007,Camden,2012,wellbeing_anxiety,3.24,ONS personal well-being estimates by local authority (time series v4),borough,"Anxiety, mean rating 0-10, financial year 2012-13 assigned to start year; higher_is_worse; 95% CI 2.96-3.52"
E09000007,Camden,2012,wellbeing_happiness,7.1,ONS personal well-being estimates by local authority (time series v4),borough,"Happiness, mean rating 0-10, financial year 2012-13 assigned to start year; higher_is_better; 95% CI 6.85-7.35"
E09000007,Camden,2012,wellbeing_life_satisfaction,7.24,ONS personal well-being estimates by local authority (time series v4),borough,"Life satisfaction, mean rating 0-10, financial year 2012-13 assigned to start year; higher_is_better; 95% CI 7.07-7.4"
E09000007,Camden,2012,wellbeing_worthwhile,7.35,ONS personal well-being estimates by local authority (time series v4),borough,"Worthwhile, mean rating 0-10, financial year 2012-13 assigned to start year; higher_is_better; 95% CI 7.14-7.56"
E09000007,Camden,2013,wellbeing_anxiety,3.41,ONS personal well-being estimates by local authority (time series v4),borough,"Anxiety, mean rating 0-10, financial year 2013-14 assigned to start year; higher_is_worse; 95% CI 3.13-3.7"
E09000007,Camden,2013,wellbeing_happiness,7.18,ONS personal well-being estimates by local authority (time series v4),borough,"Happiness, mean rating 0-10, financial year 2013-14 assigned to start year; higher_is_better; 95% CI 6.97-7.4"
E09000007,Camden,2013,wellbeing_life_satisfaction,7.11,ONS personal well-being estimates by local authority (time series v4),borough,"Life satisfaction, mean rating 0-10, financial year 2013-14 assigned to start year; higher_is_better; 95% CI 6.92-7.3"
E09000007,Camden,2013,wellbeing_worthwhile,7.41,ONS personal well-being estimates by local authority (time series v4),borough,"Worthwhile, mean rating 0-10, financial year 2013-14 assigned to start year; higher_is_better; 95% CI 7.2-7.61"
E09000007,Camden,2014,wellbeing_anxiety,3.21,ONS personal well-being estimates by local authority (time series v4),borough,"Anxiety, mean rating 0-10, financial year 2014-15 assigned to start year; higher_is_worse; 95% CI 2.92-3.5"
E09000007,Camden,2014,wellbeing_happiness,7.17,ONS personal well-being estimates by local authority (time series v4),borough,"Happiness, mean rating 0-10, financial year 2014-15 assigned to start year; higher_is_better; 95% CI 6.96-7.39"
E09000007,Camden,2014,wellbeing_life_satisfaction,7.25,ONS personal well-being estimates by local authority (time series v4),borough,"Life satisfaction, mean rating 0-10, financial year 2014-15 assigned to start year; higher_is_better; 95% CI 7.07-7.43"
E09000007,Camden,2014,wellbeing_worthwhile,7.48,ONS personal well-being estimates by local authority (time series v4),borough,"Worthwhile, mean rating 0-10, financial year 2014-15 assigned to start year; higher_is_better; 95% CI 7.28-7.69"
E09000007,Camden,2015,wellbeing_anxiety,3.17,ONS personal well-being estimates by local authority (time series v4),borough,"Anxiety, mean rating 0-10, financial year 2015-16 assigned to start year; higher_is_worse; 95% CI 2.87-3.46"
E09000007,Camden,2015,wellbeing_happiness,7.24,ONS personal well-being estimates by local authority (time series v4),borough,"Happiness, mean rating 0-10, financial year 2015-16 assigned to start year; higher_is_better; 95% CI 7.02-7.46"
E09000007,Camden,2015,wellbeing_life_satisfaction,7.35,ONS personal well-being estimates by local authority (time series v4),borough,"Life satisfaction, mean rating 0-10, financial year 2015-16 assigned to start year; higher_is_better; 95% CI 7.17-7.53"
E09000007,Camden,2015,wellbeing_worthwhile,7.51,ONS personal well-being estimates by local authority (time series v4),borough,"Worthwhile, mean rating 0-10, financial year 2015-16 assigned to start year; higher_is_better; 95% CI 7.33-7.68"
E09000007,Camden,2016,wellbeing_anxiety,3.38,ONS personal well-being estimates by local authority (time series v4),borough,"Anxiety, mean rating 0-10, financial year 2016-17 assigned to start year; higher_is_worse; 95% CI 3.07-3.69"
E09000007,Camden,2016,wellbeing_happiness,7.35,ONS personal well-being estimates by local authority (time series v4),borough,"Happiness, mean rating 0-10, financial year 2016-17 assigned to start year; higher_is_better; 95% CI 7.12-7.57"
E09000007,Camden,2016,wellbeing_life_satisfaction,7.56,ONS personal well-being estimates by local authority (time series v4),borough,"Life satisfaction, mean rating 0-10, financial year 2016-17 assigned to start year; higher_is_better; 95% CI 7.4-7.72"
E09000007,Camden,2016,wellbeing_worthwhile,7.71,ONS personal well-being estimates by local authority (time series v4),borough,"Worthwhile, mean rating 0-10, financial year 2016-17 assigned to start year; higher_is_better; 95% CI 7.51-7.91"
E09000007,Camden,2017,wellbeing_anxiety,3.62,ONS personal well-being estimates by local authority (time series v4),borough,"Anxiety, mean rating 0-10, financial year 2017-18 assigned to start year; higher_is_worse; 95% CI 3.27-3.97"
E09000007,Camden,2017,wellbeing_happiness,7.11,ONS personal well-being estimates by local authority (time series v4),borough,"Happiness, mean rating 0-10, financial year 2017-18 assigned to start year; higher_is_better; 95% CI 6.84-7.38"
E09000007,Camden,2017,wellbeing_life_satisfaction,7.31,ONS personal well-being estimates by local authority (time series v4),borough,"Life satisfaction, mean rating 0-10, financial year 2017-18 assigned to start year; higher_is_better; 95% CI 7.08-7.55"
E09000007,Camden,2017,wellbeing_worthwhile,7.5,ONS personal well-being estimates by local authority (time series v4),borough,"Worthwhile, mean rating 0-10, financial year 2017-18 assigned to start year; higher_is_better; 95% CI 7.25-7.74"
E09000007,Camden,2018,wellbeing_anxiety,3.3,ONS personal well-being estimates by local authority (time series v4),borough,"Anxiety, mean rating 0-10, financial year 2018-19 assigned to start year; higher_is_worse; 95% CI 2.96-3.64"
E09000007,Camden,2018,wellbeing_happiness,7.38,ONS personal well-being estimates by local authority (time series v4),borough,"Happiness, mean rating 0-10, financial year 2018-19 assigned to start year; higher_is_better; 95% CI 7.16-7.59"
E09000007,Camden,2018,wellbeing_life_satisfaction,7.48,ONS personal well-being estimates by local authority (time series v4),borough,"Life satisfaction, mean rating 0-10, financial year 2018-19 assigned to start year; higher_is_better; 95% CI 7.28-7.67"
E09000007,Camden,2018,wellbeing_worthwhile,7.63,ONS personal well-being estimates by local authority (time series v4),borough,"Worthwhile, mean rating 0-10, financial year 2018-19 assigned to start year; higher_is_better; 95% CI 7.41-7.85"
E09000007,Camden,2019,wellbeing_anxiety,3.47,ONS personal well-being estimates by local authority (time series v4),borough,"Anxiety, mean rating 0-10, financial year 2019-20 assigned to start year; higher_is_worse; 95% CI 3.14-3.8"
E09000007,Camden,2019,wellbeing_happiness,7.05,ONS personal well-being estimates by local authority (time series v4),borough,"Happiness, mean rating 0-10, financial year 2019-20 assigned to start year; higher_is_better; 95% CI 6.78-7.32"
E09000007,Camden,2019,wellbeing_life_satisfaction,7.26,ONS personal well-being estimates by local authority (time series v4),borough,"Life satisfaction, mean rating 0-10, financial year 2019-20 assigned to start year; higher_is_better; 95% CI 7.03-7.49"
E09000007,Camden,2019,wellbeing_worthwhile,7.47,ONS personal well-being estimates by local authority (time series v4),borough,"Worthwhile, mean rating 0-10, financial year 2019-20 assigned to start year; higher_is_better; 95% CI 7.23-7.71"
E09000007,Camden,2020,wellbeing_anxiety,3.64,ONS personal well-being estimates by local authority (time series v4),borough,"Anxiety, mean rating 0-10, financial year 2020-21 assigned to start year; higher_is_worse; 95% CI 3.18-4.1"
E09000007,Camden,2020,wellbeing_happiness,6.92,ONS personal well-being estimates by local authority (time series v4),borough,"Happiness, mean rating 0-10, financial year 2020-21 assigned to start year; higher_is_better; 95% CI 6.5-7.33"
E09000007,Camden,2020,wellbeing_life_satisfaction,6.77,ONS personal well-being estimates by local authority (time series v4),borough,"Life satisfaction, mean rating 0-10, financial year 2020-21 assigned to start year; higher_is_better; 95% CI 6.37-7.18"
E09000007,Camden,2020,wellbeing_worthwhile,7.26,ONS personal well-being estimates by local authority (time series v4),borough,"Worthwhile, mean rating 0-10, financial year 2020-21 assigned to start year; higher_is_better; 95% CI 6.86-7.65"
E09000007,Camden,2021,wellbeing_anxiety,3.73,ONS personal well-being estimates by local authority (time series v4),borough,"Anxiety, mean rating 0-10, financial year 2021-22 assigned to start year; higher_is_worse; 95% CI 3.25-4.21"
E09000007,Camden,2021,wellbeing_happiness,7.16,ONS personal well-being estimates by local authority (time series v4),borough,"Happiness, mean rating 0-10, financial year 2021-22 assigned to start year; higher_is_better; 95% CI 6.81-7.52"
E09000007,Camden,2021,wellbeing_life_satisfaction,7.35,ONS personal well-being estimates by local authority (time series v4),borough,"Life satisfaction, mean rating 0-10, financial year 2021-22 assigned to start year; higher_is_better; 95% CI 7.06-7.64"
E09000007,Camden,2021,wellbeing_worthwhile,7.68,ONS personal well-being estimates by local authority (time series v4),borough,"Worthwhile, mean rating 0-10, financial year 2021-22 assigned to start year; higher_is_better; 95% CI 7.36-8.01"
E09000007,Camden,2022,wellbeing_anxiety,3.37,ONS personal well-being estimates by local authority (time series v4),borough,"Anxiety, mean rating 0-10, financial year 2022-23 assigned to start year; higher_is_worse; 95% CI 2.83-3.9"
E09000007,Camden,2022,wellbeing_happiness,7.28,ONS personal well-being estimates by local authority (time series v4),borough,"Happiness, mean rating 0-10, financial year 2022-23 assigned to start year; higher_is_better; 95% CI 6.94-7.61"
E09000007,Camden,2022,wellbeing_life_satisfaction,7.29,ONS personal well-being estimates by local authority (time series v4),borough,"Life satisfaction, mean rating 0-10, financial year 2022-23 assigned to start year; higher_is_better; 95% CI 6.98-7.61"
E09000007,Camden,2022,wellbeing_worthwhile,7.46,ONS personal well-being estimates by local authority (time series v4),borough,"Worthwhile, mean rating 0-10, financial year 2022-23 assigned to start year; higher_is_better; 95% CI 7.19-7.74"
E09000008,Croydon,2011,wellbeing_anxiety,3.47,ONS personal well-being estimates by local authority (time series v4),borough,"Anxiety, mean rating 0-10, financial year 2011-12 assigned to start year; higher_is_worse; 95% CI 3.15-3.78"
E09000008,Croydon,2011,wellbeing_happiness,7.21,ONS personal well-being estimates by local authority (time series v4),borough,"Happiness, mean rating 0-10, financial year 2011-12 assigned to start year; higher_is_better; 95% CI 6.97-7.45"
E09000008,Croydon,2011,wellbeing_life_satisfaction,7.04,ONS personal well-being estimates by local authority (time series v4),borough,"Life satisfaction, mean rating 0-10, financial year 2011-12 assigned to start year; higher_is_better; 95% CI 6.83-7.24"
E09000008,Croydon,2011,wellbeing_worthwhile,7.57,ONS personal well-being estimates by local authority (time series v4),borough,"Worthwhile, mean rating 0-10, financial year 2011-12 assigned to start year; higher_is_better; 95% CI 7.37-7.77"
E09000008,Croydon,2012,wellbeing_anxiety,3.04,ONS personal well-being estimates by local authority (time series v4),borough,"Anxiety, mean rating 0-10, financial year 2012-13 assigned to start year; higher_is_worse; 95% CI 2.71-3.37"
E09000008,Croydon,2012,wellbeing_happiness,7.08,ONS personal well-being estimates by local authority (time series v4),borough,"Happiness, mean rating 0-10, financial year 2012-13 assigned to start year; higher_is_better; 95% CI 6.83-7.33"
E09000008,Croydon,2012,wellbeing_life_satisfaction,7.01,ONS personal well-being estimates by local authority (time series v4),borough,"Life satisfaction, mean rating 0-10, financial year 2012-13 assigned to start year; higher_is_better; 95% CI 6.79-7.24"
E09000008,Croydon,2012,wellbeing_worthwhile,7.46,ONS personal well-being estimates by local authority (time series v4),borough,"Worthwhile, mean rating 0-10, financial year 2012-13 assigned to start year; higher_is_better; 95% CI 7.26-7.66"
E09000008,Croydon,2013,wellbeing_anxiety,3.32,ONS personal well-being estimates by local authority (time series v4),borough,"Anxiety, mean rating 0-10, financial year 2013-14 assigned to start year; higher_is_worse; 95% CI 3-3.64"
E09000008,Croydon,2013,wellbeing_happiness,7.28,ONS personal well-being estimates by local authority (time series v4),borough,"Happiness, mean rating 0-10, financial year 2013-14 assigned to start year; higher_is_better; 95% CI 7.04-7.52"
E09000008,Croydon,2013,wellbeing_life_satisfaction,7.36,ONS personal well-being estimates by local authority (time series v4),borough,"Life satisfaction, mean rating 0-10, financial year 2013-14 assigned to start year; higher_is_better; 95% CI 7.17-7.56"
E09000008,Croydon,2013,wellbeing_worthwhile,7.64,ONS personal well-being estimates by local authority (time series v4),borough,"Worthwhile, mean rating 0-10, financial year 2013-14 assigned to start year; higher_is_better; 95% CI 7.45-7.83"
E09000008,Croydon,2014,wellbeing_anxiety,2.89,ONS personal well-being estimates by local authority (time series v4),borough,"Anxiety, mean rating 0-10, financial year 2014-15 assigned to start year; higher_is_worse; 95% CI 2.58-3.2"
E09000008,Croydon,2014,wellbeing_happiness,7.4,ONS personal well-being estimates by local authority (time series v4),borough,"Happiness, mean rating 0-10, financial year 2014-15 assigned to start year; higher_is_better; 95% CI 7.13-7.67"
E09000008,Croydon,2014,wellbeing_life_satisfaction,7.35,ONS personal well-being estimates by local authority (time series v4),borough,"Life satisfaction, mean rating 0-10, financial year 2014-15 assigned to start year; higher_is_better; 95% CI 7.11-7.6"
E09000008,Croydon,2014,wellbeing_worthwhile,7.71,ONS personal well-being estimates by local authority (time series v4),borough,"Worthwhile, mean rating 0-10, financial year 2014-15 assigned to start year; higher_is_better; 95% CI 7.49-7.93"
E09000008,Croydon,2015,wellbeing_anxiety,3.12,ONS personal well-being estimates by local authority (time series v4),borough,"Anxiety, mean rating 0-10, financial year 2015-16 assigned to start year; higher_is_worse; 95% CI 2.8-3.44"
E09000008,Croydon,2015,wellbeing_happiness,7.23,ONS personal well-being estimates by local authority (time series v4),borough,"Happiness, mean rating 0-10, financial year 2015-16 assigned to start year; higher_is_better; 95% CI 7-7.47"
E09000008,Croydon,2015,wellbeing_life_satisfaction,7.45,ONS personal well-being estimates by local authority (time series v4),borough,"Life satisfaction, mean rating 0-10, financial year 2015-16 assigned to start year; higher_is_better; 95% CI 7.25-7.64"
E09000008,Croydon,2015,wellbeing_worthwhile,7.73,ONS personal well-being estimates by local authority (time series v4),borough,"Worthwhile, mean rating 0-10, financial year 2015-16 assigned to start year; higher_is_better; 95% CI 7.55-7.91"
E09000008,Croydon,2016,wellbeing_anxiety,3.03,ONS personal well-being estimates by local authority (time series v4),borough,"Anxiety, mean rating 0-10, financial year 2016-17 assigned to start year; higher_is_worse; 95% CI 2.76-3.3"
E09000008,Croydon,2016,wellbeing_happiness,7.61,ONS personal well-being estimates by local authority (time series v4),borough,"Happiness, mean rating 0-10, financial year 2016-17 assigned to start year; higher_is_better; 95% CI 7.41-7.82"
E09000008,Croydon,2016,wellbeing_life_satisfaction,7.68,ONS personal well-being estimates by local authority (time series v4),borough,"Life satisfaction, mean rating 0-10, financial year 2016-17 assigned to start year; higher_is_better; 95% CI 7.51-7.86"
E09000008,Croydon,2016,wellbeing_worthwhile,7.85,ONS personal well-being estimates by local authority (time series v4),borough,"Worthwhile, mean rating 0-10, financial year 2016-17 assigned to start year; higher_is_better; 95% CI 7.68-8.03"
E09000008,Croydon,2017,wellbeing_anxiety,3.26,ONS personal well-being estimates by local authority (time series v4),borough,"Anxiety, mean rating 0-10, financial year 2017-18 assigned to start year; higher_is_worse; 95% CI 2.97-3.56"
E09000008,Croydon,2017,wellbeing_happiness,7.39,ONS personal well-being estimates by local authority (time series v4),borough,"Happiness, mean rating 0-10, financial year 2017-18 assigned to start year; higher_is_better; 95% CI 7.17-7.61"
E09000008,Croydon,2017,wellbeing_life_satisfaction,7.49,ONS personal well-being estimates by local authority (time series v4),borough,"Life satisfaction, mean rating 0-10, financial year 2017-18 assigned to start year; higher_is_better; 95% CI 7.31-7.67"
E09000008,Croydon,2017,wellbeing_worthwhile,7.58,ONS personal well-being estimates by local authority (time series v4),borough,"Worthwhile, mean rating 0-10, financial year 2017-18 assigned to start year; higher_is_better; 95% CI 7.39-7.76"
E09000008,Croydon,2018,wellbeing_anxiety,2.93,ONS personal well-being estimates by local authority (time series v4),borough,"Anxiety, mean rating 0-10, financial year 2018-19 assigned to start year; higher_is_worse; 95% CI 2.54-3.31"
E09000008,Croydon,2018,wellbeing_happiness,7.78,ONS personal well-being estimates by local authority (time series v4),borough,"Happiness, mean rating 0-10, financial year 2018-19 assigned to start year; higher_is_better; 95% CI 7.54-8.01"
E09000008,Croydon,2018,wellbeing_life_satisfaction,7.69,ONS personal well-being estimates by local authority (time series v4),borough,"Life satisfaction, mean rating 0-10, financial year 2018-19 assigned to start year; higher_is_better; 95% CI 7.49-7.9"
E09000008,Croydon,2018,wellbeing_worthwhile,7.81,ONS personal well-being estimates by local authority (time series v4),borough,"Worthwhile, mean rating 0-10, financial year 2018-19 assigned to start year; higher_is_better; 95% CI 7.61-8.02"
E09000008,Croydon,2019,wellbeing_anxiety,2.47,ONS personal well-being estimates by local authority (time series v4),borough,"Anxiety, mean rating 0-10, financial year 2019-20 assigned to start year; higher_is_worse; 95% CI 2.1-2.83"
E09000008,Croydon,2019,wellbeing_happiness,7.56,ONS personal well-being estimates by local authority (time series v4),borough,"Happiness, mean rating 0-10, financial year 2019-20 assigned to start year; higher_is_better; 95% CI 7.31-7.82"
E09000008,Croydon,2019,wellbeing_life_satisfaction,7.72,ONS personal well-being estimates by local authority (time series v4),borough,"Life satisfaction, mean rating 0-10, financial year 2019-20 assigned to start year; higher_is_better; 95% CI 7.51-7.92"
E09000008,Croydon,2019,wellbeing_worthwhile,7.85,ONS personal well-being estimates by local authority (time series v4),borough,"Worthwhile, mean rating 0-10, financial year 2019-20 assigned to start year; higher_is_better; 95% CI 7.67-8.03"
E09000008,Croydon,2020,wellbeing_anxiety,2.98,ONS personal well-being estimates by local authority (time series v4),borough,"Anxiety, mean rating 0-10, financial year 2020-21 assigned to start year; higher_is_worse; 95% CI 2.5-3.46"
E09000008,Croydon,2020,wellbeing_happiness,7.38,ONS personal well-being estimates by local authority (time series v4),borough,"Happiness, mean rating 0-10, financial year 2020-21 assigned to start year; higher_is_better; 95% CI 7.09-7.67"
E09000008,Croydon,2020,wellbeing_life_satisfaction,7.51,ONS personal well-being estimates by local authority (time series v4),borough,"Life satisfaction, mean rating 0-10, financial year 2020-21 assigned to start year; higher_is_better; 95% CI 7.27-7.75"
E09000008,Croydon,2020,wellbeing_worthwhile,7.6,ONS personal well-being estimates by local authority (time series v4),borough,"Worthwhile, mean rating 0-10, financial year 2020-21 assigned to start year; higher_is_better; 95% CI 7.34-7.86"
E09000008,Croydon,2021,wellbeing_anxiety,3.5,ONS personal well-being estimates by local authority (time series v4),borough,"Anxiety, mean rating 0-10, financial year 2021-22 assigned to start year; higher_is_worse; 95% CI 2.99-4.01"
E09000008,Croydon,2021,wellbeing_happiness,7.21,ONS personal well-being estimates by local authority (time series v4),borough,"Happiness, mean rating 0-10, financial year 2021-22 assigned to start year; higher_is_better; 95% CI 6.85-7.58"
E09000008,Croydon,2021,wellbeing_life_satisfaction,7.47,ONS personal well-being estimates by local authority (time series v4),borough,"Life satisfaction, mean rating 0-10, financial year 2021-22 assigned to start year; higher_is_better; 95% CI 7.21-7.73"
E09000008,Croydon,2021,wellbeing_worthwhile,7.71,ONS personal well-being estimates by local authority (time series v4),borough,"Worthwhile, mean rating 0-10, financial year 2021-22 assigned to start year; higher_is_better; 95% CI 7.45-7.98"
E09000008,Croydon,2022,wellbeing_anxiety,3.95,ONS personal well-being estimates by local authority (time series v4),borough,"Anxiety, mean rating 0-10, financial year 2022-23 assigned to start year; higher_is_worse; 95% CI 3.48-4.43"
E09000008,Croydon,2022,wellbeing_happiness,7.11,ONS personal well-being estimates by local authority (time series v4),borough,"Happiness, mean rating 0-10, financial year 2022-23 assigned to start year; higher_is_better; 95% CI 6.74-7.48"
E09000008,Croydon,2022,wellbeing_life_satisfaction,6.97,ONS personal well-being estimates by local authority (time series v4),borough,"Life satisfaction, mean rating 0-10, financial year 2022-23 assigned to start year; higher_is_better; 95% CI 6.63-7.3"
E09000008,Croydon,2022,wellbeing_worthwhile,7.64,ONS personal well-being estimates by local authority (time series v4),borough,"Worthwhile, mean rating 0-10, financial year 2022-23 assigned to start year; higher_is_better; 95% CI 7.39-7.88"
E09000009,Ealing,2011,wellbeing_anxiety,3.86,ONS personal well-being estimates by local authority (time series v4),borough,"Anxiety, mean rating 0-10, financial year 2011-12 assigned to start year; higher_is_worse; 95% CI 3.51-4.2"
E09000009,Ealing,2011,wellbeing_happiness,7.01,ONS personal well-being estimates by local authority (time series v4),borough,"Happiness, mean rating 0-10, financial year 2011-12 assigned to start year; higher_is_better; 95% CI 6.73-7.28"
E09000009,Ealing,2011,wellbeing_life_satisfaction,7.22,ONS personal well-being estimates by local authority (time series v4),borough,"Life satisfaction, mean rating 0-10, financial year 2011-12 assigned to start year; higher_is_better; 95% CI 6.98-7.45"
E09000009,Ealing,2011,wellbeing_worthwhile,7.62,ONS personal well-being estimates by local authority (time series v4),borough,"Worthwhile, mean rating 0-10, financial year 2011-12 assigned to start year; higher_is_better; 95% CI 7.42-7.83"
E09000009,Ealing,2012,wellbeing_anxiety,3.58,ONS personal well-being estimates by local authority (time series v4),borough,"Anxiety, mean rating 0-10, financial year 2012-13 assigned to start year; higher_is_worse; 95% CI 3.24-3.92"
E09000009,Ealing,2012,wellbeing_happiness,7.41,ONS personal well-being estimates by local authority (time series v4),borough,"Happiness, mean rating 0-10, financial year 2012-13 assigned to start year; higher_is_better; 95% CI 7.17-7.66"
E09000009,Ealing,2012,wellbeing_life_satisfaction,7.22,ONS personal well-being estimates by local authority (time series v4),borough,"Life satisfaction, mean rating 0-10, financial year 2012-13 assigned to start year; higher_is_better; 95% CI 7.02-7.42"
E09000009,Ealing,2012,wellbeing_worthwhile,7.47,ONS personal well-being estimates by local authority (time series v4),borough,"Worthwhile, mean rating 0-10, financial year 2012-13 assigned to start year; higher_is_better; 95% CI 7.29-7.66"
E09000009,Ealing,2013,wellbeing_anxiety,3.38,ONS personal well-being estimates by local authority (time series v4),borough,"Anxiety, mean rating 0-10, financial year 2013-14 assigned to start year; higher_is_worse; 95% CI 3.05-3.7"
E09000009,Ealing,2013,wellbeing_happiness,7.2,ONS personal well-being estimates by local authority (time series v4),borough,"Happiness, mean rating 0-10, financial year 2013-14 assigned to start year; higher_is_better; 95% CI 6.93-7.46"
E09000009,Ealing,2013,wellbeing_life_satisfaction,7.24,ONS personal well-being estimates by local authority (time series v4),borough,"Life satisfaction, mean rating 0-10, financial year 2013-14 assigned to start year; higher_is_better; 95% CI 7.02-7.47"
E09000009,Ealing,2013,wellbeing_worthwhile,7.59,ONS personal well-being estimates by local authority (time series v4),borough,"Worthwhile, mean rating 0-10, financial year 2013-14 assigned to start year; higher_is_better; 95% CI 7.4-7.77"
E09000009,Ealing,2014,wellbeing_anxiety,3.36,ONS personal well-being estimates by local authority (time series v4),borough,"Anxiety, mean rating 0-10, financial year 2014-15 assigned to start year; higher_is_worse; 95% CI 3.05-3.67"
E09000009,Ealing,2014,wellbeing_happiness,7.47,ONS personal well-being estimates by local authority (time series v4),borough,"Happiness, mean rating 0-10, financial year 2014-15 assigned to start year; higher_is_better; 95% CI 7.25-7.69"
E09000009,Ealing,2014,wellbeing_life_satisfaction,7.6,ONS personal well-being estimates by local authority (time series v4),borough,"Life satisfaction, mean rating 0-10, financial year 2014-15 assigned to start year; higher_is_better; 95% CI 7.41-7.78"
E09000009,Ealing,2014,wellbeing_worthwhile,7.83,ONS personal well-being estimates by local authority (time series v4),borough,"Worthwhile, mean rating 0-10, financial year 2014-15 assigned to start year; higher_is_better; 95% CI 7.65-8.01"
E09000009,Ealing,2015,wellbeing_anxiety,3.35,ONS personal well-being estimates by local authority (time series v4),borough,"Anxiety, mean rating 0-10, financial year 2015-16 assigned to start year; higher_is_worse; 95% CI 2.92-3.78"
E09000009,Ealing,2015,wellbeing_happiness,7.52,ONS personal well-being estimates by local authority (time series v4),borough,"Happiness, mean rating 0-10, financial year 2015-16 assigned to start year; higher_is_better; 95% CI 7.23-7.81"
E09000009,Ealing,2015,wellbeing_life_satisfaction,7.65,ONS personal well-being estimates by local authority (time series v4),borough,"Life satisfaction, mean rating 0-10, financial year 2015-16 assigned to start year; higher_is_better; 95% CI 7.42-7.89"
E09000009,Ealing,2015,wellbeing_worthwhile,7.84,ONS personal well-being estimates by local authority (time series v4),borough,"Worthwhile, mean rating 0-10, financial year 2015-16 assigned to start year; higher_is_better; 95% CI 7.61-8.06"
E09000009,Ealing,2016,wellbeing_anxiety,3.35,ONS personal well-being estimates by local authority (time series v4),borough,"Anxiety, mean rating 0-10, financial year 2016-17 assigned to start year; higher_is_worse; 95% CI 2.99-3.71"
E09000009,Ealing,2016,wellbeing_happiness,7.35,ONS personal well-being estimates by local authority (time series v4),borough,"Happiness, mean rating 0-10, financial year 2016-17 assigned to start year; higher_is_better; 95% CI 7.07-7.63"
E09000009,Ealing,2016,wellbeing_life_satisfaction,7.42,ONS personal well-being estimates by local authority (time series v4),borough,"Life satisfaction, mean rating 0-10, financial year 2016-17 assigned to start year; higher_is_better; 95% CI 7.17-7.66"
E09000009,Ealing,2016,wellbeing_worthwhile,7.7,ONS personal well-being estimates by local authority (time series v4),borough,"Worthwhile, mean rating 0-10, financial year 2016-17 assigned to start year; higher_is_better; 95% CI 7.51-7.89"
E09000009,Ealing,2017,wellbeing_anxiety,3.23,ONS personal well-being estimates by local authority (time series v4),borough,"Anxiety, mean rating 0-10, financial year 2017-18 assigned to start year; higher_is_worse; 95% CI 2.91-3.55"
E09000009,Ealing,2017,wellbeing_happiness,7.69,ONS personal well-being estimates by local authority (time series v4),borough,"Happiness, mean rating 0-10, financial year 2017-18 assigned to start year; higher_is_better; 95% CI 7.44-7.95"
E09000009,Ealing,2017,wellbeing_life_satisfaction,7.55,ONS personal well-being estimates by local authority (time series v4),borough,"Life satisfaction, mean rating 0-10, financial year 2017-18 assigned to start year; higher_is_better; 95% CI 7.28-7.81"
E09000009,Ealing,2017,wellbeing_worthwhile,7.84,ONS personal well-being estimates by local authority (time series v4),borough,"Worthwhile, mean rating 0-10, financial year 2017-18 assigned to start year; higher_is_better; 95% CI 7.61-8.06"
E09000009,Ealing,2018,wellbeing_anxiety,3.4,ONS personal well-being estimates by local authority (time series v4),borough,"Anxiety, mean rating 0-10, financial year 2018-19 assigned to start year; higher_is_worse; 95% CI 3.03-3.77"
E09000009,Ealing,2018,wellbeing_happiness,7.61,ONS personal well-being estimates by local authority (time series v4),borough,"Happiness, mean rating 0-10, financial year 2018-19 assigned to start year; higher_is_better; 95% CI 7.37-7.84"
E09000009,Ealing,2018,wellbeing_life_satisfaction,7.53,ONS personal well-being estimates by local authority (time series v4),borough,"Life satisfaction, mean rating 0-10, financial year 2018-19 assigned to start year; higher_is_better; 95% CI 7.31-7.75"
E09000009,Ealing,2018,wellbeing_worthwhile,7.97,ONS personal well-being estimates by local authority (time series v4),borough,"Worthwhile, mean rating 0-10, financial year 2018-19 assigned to start year; higher_is_better; 95% CI 7.79-8.16"
E09000009,Ealing,2019,wellbeing_anxiety,2.98,ONS personal well-being estimates by local authority (time series v4),borough,"Anxiety, mean rating 0-10, financial year 2019-20 assigned to start year; higher_is_worse; 95% CI 2.64-3.32"
E09000009,Ealing,2019,wellbeing_happiness,7.48,ONS personal well-being estimates by local authority (time series v4),borough,"Happiness, mean rating 0-10, financial year 2019-20 assigned to start year; higher_is_better; 95% CI 7.19-7.77"
E09000009,Ealing,2019,wellbeing_life_satisfaction,7.61,ONS personal well-being estimates by local authority (time series v4),borough,"Life satisfaction, mean rating 0-10, financial year 2019-20 assigned to start year; higher_is_better; 95% CI 7.37-7.85"
E09000009,Ealing,2019,wellbeing_worthwhile,7.75,ONS personal well-being estimates by local authority (time series v4),borough,"Worthwhile, mean rating 0-10, financial year 2019-20 assigned to start year; higher_is_better; 95% CI 7.53-7.97"
E09000009,Ealing,2020,wellbeing_anxiety,3.28,ONS personal well-being estimates by local authority (time series v4),borough,"Anxiety, mean rating 0-10, financial year 2020-21 assigned to start year; higher_is_worse; 95% CI 2.8-3.77"
E09000009,Ealing,2020,wellbeing_happiness,7.32,ONS personal well-being estimates by local authority (time series v4),borough,"Happiness, mean rating 0-10, financial year 2020-21 assigned to start year; higher_is_better; 95% CI 6.99-7.66"
E09000009,Ealing,2020,wellbeing_life_satisfaction,7.21,ONS personal well-being estimates by local authority (time series v4),borough,"Life satisfaction, mean rating 0-10, financial year 2020-21 assigned to start year; higher_is_better; 95% CI 6.94-7.48"
E09000009,Ealing,2020,wellbeing_worthwhile,7.64,ONS personal well-being estimates by local authority (time series v4),borough,"Worthwhile, mean rating 0-10, financial year 2020-21 assigned to start year; higher_is_better; 95% CI 7.35-7.93"
E09000009,Ealing,2021,wellbeing_anxiety,3.3,ONS personal well-being estimates by local authority (time series v4),borough,"Anxiety, mean rating 0-10, financial year 2021-22 assigned to start year; higher_is_worse; 95% CI 2.86-3.74"
E09000009,Ealing,2021,wellbeing_happiness,7.6,ONS personal well-being estimates by local authority (time series v4),borough,"Happiness, mean rating 0-10, financial year 2021-22 assigned to start year; higher_is_better; 95% CI 7.26-7.94"
E09000009,Ealing,2021,wellbeing_life_satisfaction,7.69,ONS personal well-being estimates by local authority (time series v4),borough,"Life satisfaction, mean rating 0-10, financial year 2021-22 assigned to start year; higher_is_better; 95% CI 7.45-7.92"
E09000009,Ealing,2021,wellbeing_worthwhile,7.93,ONS personal well-being estimates by local authority (time series v4),borough,"Worthwhile, mean rating 0-10, financial year 2021-22 assigned to start year; higher_is_better; 95% CI 7.69-8.17"
E09000009,Ealing,2022,wellbeing_anxiety,3.64,ONS personal well-being estimates by local authority (time series v4),borough,"Anxiety, mean rating 0-10, financial year 2022-23 assigned to start year; higher_is_worse; 95% CI 3.04-4.23"
E09000009,Ealing,2022,wellbeing_happiness,7.25,ONS personal well-being estimates by local authority (time series v4),borough,"Happiness, mean rating 0-10, financial year 2022-23 assigned to start year; higher_is_better; 95% CI 6.87-7.63"
E09000009,Ealing,2022,wellbeing_life_satisfaction,7.28,ONS personal well-being estimates by local authority (time series v4),borough,"Life satisfaction, mean rating 0-10, financial year 2022-23 assigned to start year; higher_is_better; 95% CI 6.88-7.68"
E09000009,Ealing,2022,wellbeing_worthwhile,7.48,ONS personal well-being estimates by local authority (time series v4),borough,"Worthwhile, mean rating 0-10, financial year 2022-23 assigned to start year; higher_is_better; 95% CI 7.06-7.9"
E09000010,Enfield,2011,wellbeing_anxiety,3.15,ONS personal well-being estimates by local authority (time series v4),borough,"Anxiety, mean rating 0-10, financial year 2011-12 assigned to start year; higher_is_worse; 95% CI 2.87-3.43"
E09000010,Enfield,2011,wellbeing_happiness,7.16,ONS personal well-being estimates by local authority (time series v4),borough,"Happiness, mean rating 0-10, financial year 2011-12 assigned to start year; higher_is_better; 95% CI 6.95-7.38"
E09000010,Enfield,2011,wellbeing_life_satisfaction,7.23,ONS personal well-being estimates by local authority (time series v4),borough,"Life satisfaction, mean rating 0-10, financial year 2011-12 assigned to start year; higher_is_better; 95% CI 7.04-7.42"
E09000010,Enfield,2011,wellbeing_worthwhile,7.57,ONS personal well-being estimates by local authority (time series v4),borough,"Worthwhile, mean rating 0-10, financial year 2011-12 assigned to start year; higher_is_better; 95% CI 7.4-7.75"
E09000010,Enfield,2012,wellbeing_anxiety,2.54,ONS personal well-being estimates by local authority (time series v4),borough,"Anxiety, mean rating 0-10, financial year 2012-13 assigned to start year; higher_is_worse; 95% CI 2.27-2.81"
E09000010,Enfield,2012,wellbeing_happiness,7.42,ONS personal well-being estimates by local authority (time series v4),borough,"Happiness, mean rating 0-10, financial year 2012-13 assigned to start year; higher_is_better; 95% CI 7.23-7.61"
E09000010,Enfield,2012,wellbeing_life_satisfaction,7.24,ONS personal well-being estimates by local authority (time series v4),borough,"Life satisfaction, mean rating 0-10, financial year 2012-13 assigned to start year; higher_is_better; 95% CI 7.06-7.43"
E09000010,Enfield,2012,wellbeing_worthwhile,7.59,ONS personal well-being estimates by local authority (time series v4),borough,"Worthwhile, mean rating 0-10, financial year 2012-13 assigned to start year; higher_is_better; 95% CI 7.42-7.76"
E09000010,Enfield,2013,wellbeing_anxiety,2.57,ONS personal well-being estimates by local authority (time series v4),borough,"Anxiety, mean rating 0-10, financial year 2013-14 assigned to start year; higher_is_worse; 95% CI 2.28-2.85"
E09000010,Enfield,2013,wellbeing_happiness,7.4,ONS personal well-being estimates by local authority (time series v4),borough,"Happiness, mean rating 0-10, financial year 2013-14 assigned to start year; higher_is_better; 95% CI 7.2-7.6"
E09000010,Enfield,2013,wellbeing_life_satisfaction,7.28,ONS personal well-being estimates by local authority (time series v4),borough,"Life satisfaction, mean rating 0-10, financial year 2013-14 assigned to start year; higher_is_better; 95% CI 7.09-7.47"
E09000010,Enfield,2013,wellbeing_worthwhile,7.53,ONS personal well-being estimates by local authority (time series v4),borough,"Worthwhile, mean rating 0-10, financial year 2013-14 assigned to start year; higher_is_better; 95% CI 7.33-7.72"
E09000010,Enfield,2014,wellbeing_anxiety,2.19,ONS personal well-being estimates by local authority (time series v4),borough,"Anxiety, mean rating 0-10, financial year 2014-15 assigned to start year; higher_is_worse; 95% CI 1.92-2.46"
E09000010,Enfield,2014,wellbeing_happiness,7.46,ONS personal well-being estimates by local authority (time series v4),borough,"Happiness, mean rating 0-10, financial year 2014-15 assigned to start year; higher_is_better; 95% CI 7.26-7.66"
E09000010,Enfield,2014,wellbeing_life_satisfaction,7.45,ONS personal well-being estimates by local authority (time series v4),borough,"Life satisfaction, mean rating 0-10, financial year 2014-15 assigned to start year; higher_is_better; 95% CI 7.27-7.63"
E09000010,Enfield,2014,wellbeing_worthwhile,7.71,ONS personal well-being estimates by local authority (time series v4),borough,"Worthwhile, mean rating 0-10, financial year 2014-15 assigned to start year; higher_is_better; 95% CI 7.54-7.88"
E09000010,Enfield,2015,wellbeing_anxiety,2.49,ONS personal well-being estimates by local authority (time series v4),borough,"Anxiety, mean rating 0-10, financial year 2015-16 assigned to start year; higher_is_worse; 95% CI 2.2-2.79"
E09000010,Enfield,2015,wellbeing_happiness,7.4,ONS personal well-being estimates by local authority (time series v4),borough,"Happiness, mean rating 0-10, financial year 2015-16 assigned to start year; higher_is_better; 95% CI 7.21-7.6"
E09000010,Enfield,2015,wellbeing_life_satisfaction,7.3,ONS personal well-being estimates by local authority (time series v4),borough,"Life satisfaction, mean rating 0-10, financial year 2015-16 assigned to start year; higher_is_better; 95% CI 7.11-7.49"
E09000010,Enfield,2015,wellbeing_worthwhile,7.6,ONS personal well-being estimates by local authority (time series v4),borough,"Worthwhile, mean rating 0-10, financial year 2015-16 assigned to start year; higher_is_better; 95% CI 7.41-7.79"
E09000010,Enfield,2016,wellbeing_anxiety,2.96,ONS personal well-being estimates by local authority (time series v4),borough,"Anxiety, mean rating 0-10, financial year 2016-17 assigned to start year; higher_is_worse; 95% CI 2.62-3.31"
E09000010,Enfield,2016,wellbeing_happiness,7.23,ONS personal well-being estimates by local authority (time series v4),borough,"Happiness, mean rating 0-10, financial year 2016-17 assigned to start year; higher_is_better; 95% CI 6.93-7.53"
E09000010,Enfield,2016,wellbeing_life_satisfaction,7.29,ONS personal well-being estimates by local authority (time series v4),borough,"Life satisfaction, mean rating 0-10, financial year 2016-17 assigned to start year; higher_is_better; 95% CI 7.05-7.53"
E09000010,Enfield,2016,wellbeing_worthwhile,7.81,ONS personal well-being estimates by local authority (time series v4),borough,"Worthwhile, mean rating 0-10, financial year 2016-17 assigned to start year; higher_is_better; 95% CI 7.6-8.02"
E09000010,Enfield,2017,wellbeing_anxiety,2.63,ONS personal well-being estimates by local authority (time series v4),borough,"Anxiety, mean rating 0-10, financial year 2017-18 assigned to start year; higher_is_worse; 95% CI 2.3-2.96"
E09000010,Enfield,2017,wellbeing_happiness,7.68,ONS personal well-being estimates by local authority (time series v4),borough,"Happiness, mean rating 0-10, financial year 2017-18 assigned to start year; higher_is_better; 95% CI 7.44-7.92"
E09000010,Enfield,2017,wellbeing_life_satisfaction,7.34,ONS personal well-being estimates by local authority (time series v4),borough,"Life satisfaction, mean rating 0-10, financial year 2017-18 assigned to start year; higher_is_better; 95% CI 7.14-7.54"
E09000010,Enfield,2017,wellbeing_worthwhile,7.98,ONS personal well-being estimates by local authority (time series v4),borough,"Worthwhile, mean rating 0-10, financial year 2017-18 assigned to start year; higher_is_better; 95% CI 7.8-8.15"
E09000010,Enfield,2018,wellbeing_anxiety,2.96,ONS personal well-being estimates by local authority (time series v4),borough,"Anxiety, mean rating 0-10, financial year 2018-19 assigned to start year; higher_is_worse; 95% CI 2.6-3.32"
E09000010,Enfield,2018,wellbeing_happiness,7.35,ONS personal well-being estimates by local authority (time series v4),borough,"Happiness, mean rating 0-10, financial year 2018-19 assigned to start year; higher_is_better; 95% CI 7.05-7.64"
E09000010,Enfield,2018,wellbeing_life_satisfaction,7.37,ONS personal well-being estimates by local authority (time series v4),borough,"Life satisfaction, mean rating 0-10, financial year 2018-19 assigned to start year; higher_is_better; 95% CI 7.13-7.61"
E09000010,Enfield,2018,wellbeing_worthwhile,7.68,ONS personal well-being estimates by local authority (time series v4),borough,"Worthwhile, mean rating 0-10, financial year 2018-19 assigned to start year; higher_is_better; 95% CI 7.44-7.92"
E09000010,Enfield,2019,wellbeing_anxiety,3.12,ONS personal well-being estimates by local authority (time series v4),borough,"Anxiety, mean rating 0-10, financial year 2019-20 assigned to start year; higher_is_worse; 95% CI 2.72-3.53"
E09000010,Enfield,2019,wellbeing_happiness,7.27,ONS personal well-being estimates by local authority (time series v4),borough,"Happiness, mean rating 0-10, financial year 2019-20 assigned to start year; higher_is_better; 95% CI 6.96-7.58"
E09000010,Enfield,2019,wellbeing_life_satisfaction,7.2,ONS personal well-being estimates by local authority (time series v4),borough,"Life satisfaction, mean rating 0-10, financial year 2019-20 assigned to start year; higher_is_better; 95% CI 6.95-7.44"
E09000010,Enfield,2019,wellbeing_worthwhile,7.6,ONS personal well-being estimates by local authority (time series v4),borough,"Worthwhile, mean rating 0-10, financial year 2019-20 assigned to start year; higher_is_better; 95% CI 7.34-7.85"
E09000010,Enfield,2020,wellbeing_anxiety,3.51,ONS personal well-being estimates by local authority (time series v4),borough,"Anxiety, mean rating 0-10, financial year 2020-21 assigned to start year; higher_is_worse; 95% CI 3.06-3.97"
E09000010,Enfield,2020,wellbeing_happiness,6.96,ONS personal well-being estimates by local authority (time series v4),borough,"Happiness, mean rating 0-10, financial year 2020-21 assigned to start year; higher_is_better; 95% CI 6.6-7.31"
E09000010,Enfield,2020,wellbeing_life_satisfaction,6.86,ONS personal well-being estimates by local authority (time series v4),borough,"Life satisfaction, mean rating 0-10, financial year 2020-21 assigned to start year; higher_is_better; 95% CI 6.59-7.12"
E09000010,Enfield,2020,wellbeing_worthwhile,7.62,ONS personal well-being estimates by local authority (time series v4),borough,"Worthwhile, mean rating 0-10, financial year 2020-21 assigned to start year; higher_is_better; 95% CI 7.34-7.89"
E09000010,Enfield,2021,wellbeing_anxiety,3.2,ONS personal well-being estimates by local authority (time series v4),borough,"Anxiety, mean rating 0-10, financial year 2021-22 assigned to start year; higher_is_worse; 95% CI 2.76-3.63"
E09000010,Enfield,2021,wellbeing_happiness,7.33,ONS personal well-being estimates by local authority (time series v4),borough,"Happiness, mean rating 0-10, financial year 2021-22 assigned to start year; higher_is_better; 95% CI 6.95-7.72"
E09000010,Enfield,2021,wellbeing_life_satisfaction,7.41,ONS personal well-being estimates by local authority (time series v4),borough,"Life satisfaction, mean rating 0-10, financial year 2021-22 assigned to start year; higher_is_better; 95% CI 7.15-7.67"
E09000010,Enfield,2021,wellbeing_worthwhile,7.7,ONS personal well-being estimates by local authority (time series v4),borough,"Worthwhile, mean rating 0-10, financial year 2021-22 assigned to start year; higher_is_better; 95% CI 7.44-7.96"
E09000010,Enfield,2022,wellbeing_anxiety,2.33,ONS personal well-being estimates by local authority (time series v4),borough,"Anxiety, mean rating 0-10, financial year 2022-23 assigned to start year; higher_is_worse; 95% CI 1.87-2.79"
E09000010,Enfield,2022,wellbeing_happiness,7.41,ONS personal well-being estimates by local authority (time series v4),borough,"Happiness, mean rating 0-10, financial year 2022-23 assigned to start year; higher_is_better; 95% CI 7.03-7.78"
E09000010,Enfield,2022,wellbeing_life_satisfaction,7.41,ONS personal well-being estimates by local authority (time series v4),borough,"Life satisfaction, mean rating 0-10, financial year 2022-23 assigned to start year; higher_is_better; 95% CI 7.07-7.75"
E09000010,Enfield,2022,wellbeing_worthwhile,7.8,ONS personal well-being estimates by local authority (time series v4),borough,"Worthwhile, mean rating 0-10, financial year 2022-23 assigned to start year; higher_is_better; 95% CI 7.5-8.1"
E09000011,Greenwich,2011,wellbeing_anxiety,3.38,ONS personal well-being estimates by local authority (time series v4),borough,"Anxiety, mean rating 0-10, financial year 2011-12 assigned to start year; higher_is_worse; 95% CI 3.1-3.65"
E09000011,Greenwich,2011,wellbeing_happiness,7.08,ONS personal well-being estimates by local authority (time series v4),borough,"Happiness, mean rating 0-10, financial year 2011-12 assigned to start year; higher_is_better; 95% CI 6.84-7.31"
E09000011,Greenwich,2011,wellbeing_life_satisfaction,7.18,ONS personal well-being estimates by local authority (time series v4),borough,"Life satisfaction, mean rating 0-10, financial year 2011-12 assigned to start year; higher_is_better; 95% CI 6.98-7.39"
E09000011,Greenwich,2011,wellbeing_worthwhile,7.36,ONS personal well-being estimates by local authority (time series v4),borough,"Worthwhile, mean rating 0-10, financial year 2011-12 assigned to start year; higher_is_better; 95% CI 7.15-7.56"
E09000011,Greenwich,2012,wellbeing_anxiety,3.62,ONS personal well-being estimates by local authority (time series v4),borough,"Anxiety, mean rating 0-10, financial year 2012-13 assigned to start year; higher_is_worse; 95% CI 3.31-3.93"
E09000011,Greenwich,2012,wellbeing_happiness,7.05,ONS personal well-being estimates by local authority (time series v4),borough,"Happiness, mean rating 0-10, financial year 2012-13 assigned to start year; higher_is_better; 95% CI 6.8-7.29"
E09000011,Greenwich,2012,wellbeing_life_satisfaction,7.15,ONS personal well-being estimates by local authority (time series v4),borough,"Life satisfaction, mean rating 0-10, financial year 2012-13 assigned to start year; higher_is_better; 95% CI 6.96-7.35"
E09000011,Greenwich,2012,wellbeing_worthwhile,7.53,ONS personal well-being estimates by local authority (time series v4),borough,"Worthwhile, mean rating 0-10, financial year 2012-13 assigned to start year; higher_is_better; 95% CI 7.36-7.71"
E09000011,Greenwich,2013,wellbeing_anxiety,3.27,ONS personal well-being estimates by local authority (time series v4),borough,"Anxiety, mean rating 0-10, financial year 2013-14 assigned to start year; higher_is_worse; 95% CI 2.91-3.62"
E09000011,Greenwich,2013,wellbeing_happiness,7.2,ONS personal well-being estimates by local authority (time series v4),borough,"Happiness, mean rating 0-10, financial year 2013-14 assigned to start year; higher_is_better; 95% CI 6.88-7.53"
E09000011,Greenwich,2013,wellbeing_life_satisfaction,7.15,ONS personal well-being estimates by local authority (time series v4),borough,"Life satisfaction, mean rating 0-10, financial year 2013-14 assigned to start year; higher_is_better; 95% CI 6.91-7.38"
E09000011,Greenwich,2013,wellbeing_worthwhile,7.68,ONS personal well-being estimates by local authority (time series v4),borough,"Worthwhile, mean rating 0-10, financial year 2013-14 assigned to start year; higher_is_better; 95% CI 7.47-7.89"
E09000011,Greenwich,2014,wellbeing_anxiety,3.52,ONS personal well-being estimates by local authority (time series v4),borough,"Anxiety, mean rating 0-10, financial year 2014-15 assigned to start year; higher_is_worse; 95% CI 3.17-3.88"
E09000011,Greenwich,2014,wellbeing_happiness,7.16,ONS personal well-being estimates by local authority (time series v4),borough,"Happiness, mean rating 0-10, financial year 2014-15 assigned to start year; higher_is_better; 95% CI 6.92-7.41"
E09000011,Greenwich,2014,wellbeing_life_satisfaction,7.33,ONS personal well-being estimates by local authority (time series v4),borough,"Life satisfaction, mean rating 0-10, financial year 2014-15 assigned to start year; higher_is_better; 95% CI 7.12-7.55"
E09000011,Greenwich,2014,wellbeing_worthwhile,7.67,ONS personal well-being estimates by local authority (time series v4),borough,"Worthwhile, mean rating 0-10, financial year 2014-15 assigned to start year; higher_is_better; 95% CI 7.48-7.86"
E09000011,Greenwich,2015,wellbeing_anxiety,3.55,ONS personal well-being estimates by local authority (time series v4),borough,"Anxiety, mean rating 0-10, financial year 2015-16 assigned to start year; higher_is_worse; 95% CI 3.15-3.95"
E09000011,Greenwich,2015,wellbeing_happiness,7.07,ONS personal well-being estimates by local authority (time series v4),borough,"Happiness, mean rating 0-10, financial year 2015-16 assigned to start year; higher_is_better; 95% CI 6.74-7.41"
E09000011,Greenwich,2015,wellbeing_life_satisfaction,7.23,ONS personal well-being estimates by local authority (time series v4),borough,"Life satisfaction, mean rating 0-10, financial year 2015-16 assigned to start year; higher_is_better; 95% CI 6.98-7.47"
E09000011,Greenwich,2015,wellbeing_worthwhile,7.64,ONS personal well-being estimates by local authority (time series v4),borough,"Worthwhile, mean rating 0-10, financial year 2015-16 assigned to start year; higher_is_better; 95% CI 7.42-7.86"
E09000011,Greenwich,2016,wellbeing_anxiety,3.37,ONS personal well-being estimates by local authority (time series v4),borough,"Anxiety, mean rating 0-10, financial year 2016-17 assigned to start year; higher_is_worse; 95% CI 2.99-3.76"
E09000011,Greenwich,2016,wellbeing_happiness,7.27,ONS personal well-being estimates by local authority (time series v4),borough,"Happiness, mean rating 0-10, financial year 2016-17 assigned to start year; higher_is_better; 95% CI 7.01-7.54"
E09000011,Greenwich,2016,wellbeing_life_satisfaction,7.27,ONS personal well-being estimates by local authority (time series v4),borough,"Life satisfaction, mean rating 0-10, financial year 2016-17 assigned to start year; higher_is_better; 95% CI 7.02-7.52"
E09000011,Greenwich,2016,wellbeing_worthwhile,7.68,ONS personal well-being estimates by local authority (time series v4),borough,"Worthwhile, mean rating 0-10, financial year 2016-17 assigned to start year; higher_is_better; 95% CI 7.49-7.88"
E09000011,Greenwich,2017,wellbeing_anxiety,3.15,ONS personal well-being estimates by local authority (time series v4),borough,"Anxiety, mean rating 0-10, financial year 2017-18 assigned to start year; higher_is_worse; 95% CI 2.84-3.46"
E09000011,Greenwich,2017,wellbeing_happiness,7.44,ONS personal well-being estimates by local authority (time series v4),borough,"Happiness, mean rating 0-10, financial year 2017-18 assigned to start year; higher_is_better; 95% CI 7.2-7.68"
E09000011,Greenwich,2017,wellbeing_life_satisfaction,7.47,ONS personal well-being estimates by local authority (time series v4),borough,"Life satisfaction, mean rating 0-10, financial year 2017-18 assigned to start year; higher_is_better; 95% CI 7.25-7.69"
E09000011,Greenwich,2017,wellbeing_worthwhile,7.73,ONS personal well-being estimates by local authority (time series v4),borough,"Worthwhile, mean rating 0-10, financial year 2017-18 assigned to start year; higher_is_better; 95% CI 7.53-7.94"
E09000011,Greenwich,2018,wellbeing_anxiety,2.98,ONS personal well-being estimates by local authority (time series v4),borough,"Anxiety, mean rating 0-10, financial year 2018-19 assigned to start year; higher_is_worse; 95% CI 2.64-3.31"
E09000011,Greenwich,2018,wellbeing_happiness,7.36,ONS personal well-being estimates by local authority (time series v4),borough,"Happiness, mean rating 0-10, financial year 2018-19 assigned to start year; higher_is_better; 95% CI 7.07-7.65"
E09000011,Greenwich,2018,wellbeing_life_satisfaction,7.54,ONS personal well-being estimates by local authority (time series v4),borough,"Life satisfaction, mean rating 0-10, financial year 2018-19 assigned to start year; higher_is_better; 95% CI 7.32-7.77"
E09000011,Greenwich,2018,wellbeing_worthwhile,7.81,ONS personal well-being estimates by local authority (time series v4),borough,"Worthwhile, mean rating 0-10, financial year 2018-19 assigned to start year; higher_is_better; 95% CI 7.59-8.03"
E09000011,Greenwich,2019,wellbeing_anxiety,3.49,ONS personal well-being estimates by local authority (time series v4),borough,"Anxiety, mean rating 0-10, financial year 2019-20 assigned to start year; higher_is_worse; 95% CI 3.14-3.84"
E09000011,Greenwich,2019,wellbeing_happiness,7.47,ONS personal well-being estimates by local authority (time series v4),borough,"Happiness, mean rating 0-10, financial year 2019-20 assigned to start year; higher_is_better; 95% CI 7.24-7.7"
E09000011,Greenwich,2019,wellbeing_life_satisfaction,7.48,ONS personal well-being estimates by local authority (time series v4),borough,"Life satisfaction, mean rating 0-10, financial year 2019-20 assigned to start year; higher_is_better; 95% CI 7.28-7.69"
E09000011,Greenwich,2019,wellbeing_worthwhile,7.89,ONS personal well-being estimates by local authority (time series v4),borough,"Worthwhile, mean rating 0-10, financial year 2019-20 assigned to start year; higher_is_better; 95% CI 7.7-8.07"
E09000011,Greenwich,2020,wellbeing_anxiety,3.33,ONS personal well-being estimates by local authority (time series v4),borough,"Anxiety, mean rating 0-10, financial year 2020-21 assigned to start year; higher_is_worse; 95% CI 2.89-3.77"
E09000011,Greenwich,2020,wellbeing_happiness,7.42,ONS personal well-being estimates by local authority (time series v4),borough,"Happiness, mean rating 0-10, financial year 2020-21 assigned to start year; higher_is_better; 95% CI 7.16-7.68"
E09000011,Greenwich,2020,wellbeing_life_satisfaction,7.23,ONS personal well-being estimates by local authority (time series v4),borough,"Life satisfaction, mean rating 0-10, financial year 2020-21 assigned to start year; higher_is_better; 95% CI 6.95-7.5"
E09000011,Greenwich,2020,wellbeing_worthwhile,7.64,ONS personal well-being estimates by local authority (time series v4),borough,"Worthwhile, mean rating 0-10, financial year 2020-21 assigned to start year; higher_is_better; 95% CI 7.37-7.91"
E09000011,Greenwich,2021,wellbeing_anxiety,3.65,ONS personal well-being estimates by local authority (time series v4),borough,"Anxiety, mean rating 0-10, financial year 2021-22 assigned to start year; higher_is_worse; 95% CI 3.19-4.11"
E09000011,Greenwich,2021,wellbeing_happiness,7.11,ONS personal well-being estimates by local authority (time series v4),borough,"Happiness, mean rating 0-10, financial year 2021-22 assigned to start year; higher_is_better; 95% CI 6.75-7.48"
E09000011,Greenwich,2021,wellbeing_life_satisfaction,7.24,ONS personal well-being estimates by local authority (time series v4),borough,"Life satisfaction, mean rating 0-10, financial year 2021-22 assigned to start year; higher_is_better; 95% CI 6.97-7.51"
E09000011,Greenwich,2021,wellbeing_worthwhile,7.49,ONS personal well-being estimates by local authority (time series v4),borough,"Worthwhile, mean rating 0-10, financial year 2021-22 assigned to start year; higher_is_better; 95% CI 7.22-7.75"
E09000011,Greenwich,2022,wellbeing_anxiety,3.39,ONS personal well-being estimates by local authority (time series v4),borough,"Anxiety, mean rating 0-10, financial year 2022-23 assigned to start year; higher_is_worse; 95% CI 2.93-3.86"
E09000011,Greenwich,2022,wellbeing_happiness,7.42,ONS personal well-being estimates by local authority (time series v4),borough,"Happiness, mean rating 0-10, financial year 2022-23 assigned to start year; higher_is_better; 95% CI 7.1-7.73"
E09000011,Greenwich,2022,wellbeing_life_satisfaction,7.48,ONS personal well-being estimates by local authority (time series v4),borough,"Life satisfaction, mean rating 0-10, financial year 2022-23 assigned to start year; higher_is_better; 95% CI 7.25-7.71"
E09000011,Greenwich,2022,wellbeing_worthwhile,7.74,ONS personal well-being estimates by local authority (time series v4),borough,"Worthwhile, mean rating 0-10, financial year 2022-23 assigned to start year; higher_is_better; 95% CI 7.47-8"
E09000012,Hackney,2011,wellbeing_anxiety,3.88,ONS personal well-being estimates by local authority (time series v4),borough,"Anxiety, mean rating 0-10, financial year 2011-12 assigned to start year; higher_is_worse; 95% CI 3.6-4.15"
E09000012,Hackney,2011,wellbeing_happiness,7.09,ONS personal well-being estimates by local authority (time series v4),borough,"Happiness, mean rating 0-10, financial year 2011-12 assigned to start year; higher_is_better; 95% CI 6.85-7.33"
E09000012,Hackney,2011,wellbeing_life_satisfaction,7,ONS personal well-being estimates by local authority (time series v4),borough,"Life satisfaction, mean rating 0-10, financial year 2011-12 assigned to start year; higher_is_better; 95% CI 6.79-7.21"
E09000012,Hackney,2011,wellbeing_worthwhile,7.38,ONS personal well-being estimates by local authority (time series v4),borough,"Worthwhile, mean rating 0-10, financial year 2011-12 assigned to start year; higher_is_better; 95% CI 7.18-7.58"
E09000012,Hackney,2012,wellbeing_anxiety,3.66,ONS personal well-being estimates by local authority (time series v4),borough,"Anxiety, mean rating 0-10, financial year 2012-13 assigned to start year; higher_is_worse; 95% CI 3.37-3.95"
E09000012,Hackney,2012,wellbeing_happiness,7.06,ONS personal well-being estimates by local authority (time series v4),borough,"Happiness, mean rating 0-10, financial year 2012-13 assigned to start year; higher_is_better; 95% CI 6.83-7.28"
E09000012,Hackney,2012,wellbeing_life_satisfaction,7.07,ONS personal well-being estimates by local authority (time series v4),borough,"Life satisfaction, mean rating 0-10, financial year 2012-13 assigned to start year; higher_is_better; 95% CI 6.88-7.27"
E09000012,Hackney,2012,wellbeing_worthwhile,7.38,ONS personal well-being estimates by local authority (time series v4),borough,"Worthwhile, mean rating 0-10, financial year 2012-13 assigned to start year; higher_is_better; 95% CI 7.2-7.56"
E09000012,Hackney,2013,wellbeing_anxiety,3.79,ONS personal well-being estimates by local authority (time series v4),borough,"Anxiety, mean rating 0-10, financial year 2013-14 assigned to start year; higher_is_worse; 95% CI 3.5-4.09"
E09000012,Hackney,2013,wellbeing_happiness,6.81,ONS personal well-being estimates by local authority (time series v4),borough,"Happiness, mean rating 0-10, financial year 2013-14 assigned to start year; higher_is_better; 95% CI 6.55-7.06"
E09000012,Hackney,2013,wellbeing_life_satisfaction,7.05,ONS personal well-being estimates by local authority (time series v4),borough,"Life satisfaction, mean rating 0-10, financial year 2013-14 assigned to start year; higher_is_better; 95% CI 6.83-7.27"
E09000012,Hackney,2013,wellbeing_worthwhile,7.31,ONS personal well-being estimates by local authority (time series v4),borough,"Worthwhile, mean rating 0-10, financial year 2013-14 assigned to start year; higher_is_better; 95% CI 7.09-7.53"
E09000012,Hackney,2014,wellbeing_anxiety,3.32,ONS personal well-being estimates by local authority (time series v4),borough,"Anxiety, mean rating 0-10, financial year 2014-15 assigned to start year; higher_is_worse; 95% CI 3.03-3.61"
E09000012,Hackney,2014,wellbeing_happiness,7.22,ONS personal well-being estimates by local authority (time series v4),borough,"Happiness, mean rating 0-10, financial year 2014-15 assigned to start year; higher_is_better; 95% CI 6.99-7.44"
E09000012,Hackney,2014,wellbeing_life_satisfaction,7.43,ONS personal well-being estimates by local authority (time series v4),borough,"Life satisfaction, mean rating 0-10, financial year 2014-15 assigned to start year; higher_is_better; 95% CI 7.25-7.62"
E09000012,Hackney,2014,wellbeing_worthwhile,7.57,ONS personal well-being estimates by local authority (time series v4),borough,"Worthwhile, mean rating 0-10, financial year 2014-15 assigned to start year; higher_is_better; 95% CI 7.39-7.75"
E09000012,Hackney,2015,wellbeing_anxiety,3.13,ONS personal well-being estimates by local authority (time series v4),borough,"Anxiety, mean rating 0-10, financial year 2015-16 assigned to start year; higher_is_worse; 95% CI 2.85-3.42"
E09000012,Hackney,2015,wellbeing_happiness,7.25,ONS personal well-being estimates by local authority (time series v4),borough,"Happiness, mean rating 0-10, financial year 2015-16 assigned to start year; higher_is_better; 95% CI 7.03-7.47"
E09000012,Hackney,2015,wellbeing_life_satisfaction,7.31,ONS personal well-being estimates by local authority (time series v4),borough,"Life satisfaction, mean rating 0-10, financial year 2015-16 assigned to start year; higher_is_better; 95% CI 7.13-7.48"
E09000012,Hackney,2015,wellbeing_worthwhile,7.4,ONS personal well-being estimates by local authority (time series v4),borough,"Worthwhile, mean rating 0-10, financial year 2015-16 assigned to start year; higher_is_better; 95% CI 7.21-7.58"
E09000012,Hackney,2016,wellbeing_anxiety,3.49,ONS personal well-being estimates by local authority (time series v4),borough,"Anxiety, mean rating 0-10, financial year 2016-17 assigned to start year; higher_is_worse; 95% CI 3.16-3.82"
E09000012,Hackney,2016,wellbeing_happiness,7.1,ONS personal well-being estimates by local authority (time series v4),borough,"Happiness, mean rating 0-10, financial year 2016-17 assigned to start year; higher_is_better; 95% CI 6.84-7.35"
E09000012,Hackney,2016,wellbeing_life_satisfaction,7.25,ONS personal well-being estimates by local authority (time series v4),borough,"Life satisfaction, mean rating 0-10, financial year 2016-17 assigned to start year; higher_is_better; 95% CI 7.05-7.45"
E09000012,Hackney,2016,wellbeing_worthwhile,7.47,ONS personal well-being estimates by local authority (time series v4),borough,"Worthwhile, mean rating 0-10, financial year 2016-17 assigned to start year; higher_is_better; 95% CI 7.28-7.66"
E09000012,Hackney,2017,wellbeing_anxiety,3.23,ONS personal well-being estimates by local authority (time series v4),borough,"Anxiety, mean rating 0-10, financial year 2017-18 assigned to start year; higher_is_worse; 95% CI 2.92-3.55"
E09000012,Hackney,2017,wellbeing_happiness,7.3,ONS personal well-being estimates by local authority (time series v4),borough,"Happiness, mean rating 0-10, financial year 2017-18 assigned to start year; higher_is_better; 95% CI 7.05-7.55"
E09000012,Hackney,2017,wellbeing_life_satisfaction,7.34,ONS personal well-being estimates by local authority (time series v4),borough,"Life satisfaction, mean rating 0-10, financial year 2017-18 assigned to start year; higher_is_better; 95% CI 7.12-7.56"
E09000012,Hackney,2017,wellbeing_worthwhile,7.63,ONS personal well-being estimates by local authority (time series v4),borough,"Worthwhile, mean rating 0-10, financial year 2017-18 assigned to start year; higher_is_better; 95% CI 7.44-7.83"
E09000012,Hackney,2018,wellbeing_anxiety,3.04,ONS personal well-being estimates by local authority (time series v4),borough,"Anxiety, mean rating 0-10, financial year 2018-19 assigned to start year; higher_is_worse; 95% CI 2.75-3.34"
E09000012,Hackney,2018,wellbeing_happiness,7.38,ONS personal well-being estimates by local authority (time series v4),borough,"Happiness, mean rating 0-10, financial year 2018-19 assigned to start year; higher_is_better; 95% CI 7.15-7.61"
E09000012,Hackney,2018,wellbeing_life_satisfaction,7.5,ONS personal well-being estimates by local authority (time series v4),borough,"Life satisfaction, mean rating 0-10, financial year 2018-19 assigned to start year; higher_is_better; 95% CI 7.31-7.7"
E09000012,Hackney,2018,wellbeing_worthwhile,7.68,ONS personal well-being estimates by local authority (time series v4),borough,"Worthwhile, mean rating 0-10, financial year 2018-19 assigned to start year; higher_is_better; 95% CI 7.47-7.89"
E09000012,Hackney,2019,wellbeing_anxiety,2.92,ONS personal well-being estimates by local authority (time series v4),borough,"Anxiety, mean rating 0-10, financial year 2019-20 assigned to start year; higher_is_worse; 95% CI 2.6-3.23"
E09000012,Hackney,2019,wellbeing_happiness,7.14,ONS personal well-being estimates by local authority (time series v4),borough,"Happiness, mean rating 0-10, financial year 2019-20 assigned to start year; higher_is_better; 95% CI 6.88-7.41"
E09000012,Hackney,2019,wellbeing_life_satisfaction,7.35,ONS personal well-being estimates by local authority (time series v4),borough,"Life satisfaction, mean rating 0-10, financial year 2019-20 assigned to start year; higher_is_better; 95% CI 7.12-7.57"
E09000012,Hackney,2019,wellbeing_worthwhile,7.48,ONS personal well-being estimates by local authority (time series v4),borough,"Worthwhile, mean rating 0-10, financial year 2019-20 assigned to start year; higher_is_better; 95% CI 7.27-7.68"
E09000012,Hackney,2020,wellbeing_anxiety,3.83,ONS personal well-being estimates by local authority (time series v4),borough,"Anxiety, mean rating 0-10, financial year 2020-21 assigned to start year; higher_is_worse; 95% CI 3.4-4.26"
E09000012,Hackney,2020,wellbeing_happiness,6.97,ONS personal well-being estimates by local authority (time series v4),borough,"Happiness, mean rating 0-10, financial year 2020-21 assigned to start year; higher_is_better; 95% CI 6.64-7.3"
E09000012,Hackney,2020,wellbeing_life_satisfaction,6.93,ONS personal well-being estimates by local authority (time series v4),borough,"Life satisfaction, mean rating 0-10, financial year 2020-21 assigned to start year; higher_is_better; 95% CI 6.63-7.23"
E09000012,Hackney,2020,wellbeing_worthwhile,7.6,ONS personal well-being estimates by local authority (time series v4),borough,"Worthwhile, mean rating 0-10, financial year 2020-21 assigned to start year; higher_is_better; 95% CI 7.35-7.85"
E09000012,Hackney,2021,wellbeing_anxiety,3.2,ONS personal well-being estimates by local authority (time series v4),borough,"Anxiety, mean rating 0-10, financial year 2021-22 assigned to start year; higher_is_worse; 95% CI 2.71-3.7"
E09000012,Hackney,2021,wellbeing_happiness,7.21,ONS personal well-being estimates by local authority (time series v4),borough,"Happiness, mean rating 0-10, financial year 2021-22 assigned to start year; higher_is_better; 95% CI 6.85-7.57"
E09000012,Hackney,2021,wellbeing_life_satisfaction,7.32,ONS personal well-being estimates by local authority (time series v4),borough,"Life satisfaction, mean rating 0-10, financial year 2021-22 assigned to start year; higher_is_better; 95% CI 7.04-7.6"
E09000012,Hackney,2021,wellbeing_worthwhile,7.4,ONS personal well-being estimates by local authority (time series v4),borough,"Worthwhile, mean rating 0-10, financial year 2021-22 assigned to start year; higher_is_better; 95% CI 7.16-7.65"
E09000012,Hackney,2022,wellbeing_anxiety,3.37,ONS personal well-being estimates by local authority (time series v4),borough,"Anxiety, mean rating 0-10, financial year 2022-23 assigned to start year; higher_is_worse; 95% CI 2.8-3.93"
E09000012,Hackney,2022,wellbeing_happiness,7.05,ONS personal well-being estimates by local authority (time series v4),borough,"Happiness, mean rating 0-10, financial year 2022-23 assigned to start year; higher_is_better; 95% CI 6.65-7.44"
E09000012,Hackney,2022,wellbeing_life_satisfaction,7.14,ONS personal well-being estimates by local authority (time series v4),borough,"Life satisfaction, mean rating 0-10, financial year 2022-23 assigned to start year; higher_is_better; 95% CI 6.78-7.51"
E09000012,Hackney,2022,wellbeing_worthwhile,7.35,ONS personal well-being estimates by local authority (time series v4),borough,"Worthwhile, mean rating 0-10, financial year 2022-23 assigned to start year; higher_is_better; 95% CI 7.02-7.67"
E09000013,Hammersmith and Fulham,2011,wellbeing_anxiety,2.87,ONS personal well-being estimates by local authority (time series v4),borough,"Anxiety, mean rating 0-10, financial year 2011-12 assigned to start year; higher_is_worse; 95% CI 2.62-3.12"
E09000013,Hammersmith and Fulham,2011,wellbeing_happiness,7.19,ONS personal well-being estimates by local authority (time series v4),borough,"Happiness, mean rating 0-10, financial year 2011-12 assigned to start year; higher_is_better; 95% CI 7-7.38"
E09000013,Hammersmith and Fulham,2011,wellbeing_life_satisfaction,7.38,ONS personal well-being estimates by local authority (time series v4),borough,"Life satisfaction, mean rating 0-10, financial year 2011-12 assigned to start year; higher_is_better; 95% CI 7.2-7.55"
E09000013,Hammersmith and Fulham,2011,wellbeing_worthwhile,7.53,ONS personal well-being estimates by local authority (time series v4),borough,"Worthwhile, mean rating 0-10, financial year 2011-12 assigned to start year; higher_is_better; 95% CI 7.35-7.71"
E09000013,Hammersmith and Fulham,2012,wellbeing_anxiety,3.09,ONS personal well-being estimates by local authority (time series v4),borough,"Anxiety, mean rating 0-10, financial year 2012-13 assigned to start year; higher_is_worse; 95% CI 2.82-3.36"
E09000013,Hammersmith and Fulham,2012,wellbeing_happiness,6.96,ONS personal well-being estimates by local authority (time series v4),borough,"Happiness, mean rating 0-10, financial year 2012-13 assigned to start year; higher_is_better; 95% CI 6.71-7.2"
E09000013,Hammersmith and Fulham,2012,wellbeing_life_satisfaction,7.21,ONS personal well-being estimates by local authority (time series v4),borough,"Life satisfaction, mean rating 0-10, financial year 2012-13 assigned to start year; higher_is_better; 95% CI 6.99-7.43"
E09000013,Hammersmith and Fulham,2012,wellbeing_worthwhile,7.56,ONS personal well-being estimates by local authority (time series v4),borough,"Worthwhile, mean rating 0-10, financial year 2012-13 assigned to start year; higher_is_better; 95% CI 7.37-7.75"
E09000013,Hammersmith and Fulham,2013,wellbeing_anxiety,3.4,ONS personal well-being estimates by local authority (time series v4),borough,"Anxiety, mean rating 0-10, financial year 2013-14 assigned to start year; higher_is_worse; 95% CI 3.11-3.69"
E09000013,Hammersmith and Fulham,2013,wellbeing_happiness,7.19,ONS personal well-being estimates by local authority (time series v4),borough,"Happiness, mean rating 0-10, financial year 2013-14 assigned to start year; higher_is_better; 95% CI 6.91-7.47"
E09000013,Hammersmith and Fulham,2013,wellbeing_life_satisfaction,7.4,ONS personal well-being estimates by local authority (time series v4),borough,"Life satisfaction, mean rating 0-10, financial year 2013-14 assigned to start year; higher_is_better; 95% CI 7.24-7.56"
E09000013,Hammersmith and Fulham,2013,wellbeing_worthwhile,7.56,ONS personal well-being estimates by local authority (time series v4),borough,"Worthwhile, mean rating 0-10, financial year 2013-14 assigned to start year; higher_is_better; 95% CI 7.39-7.73"
E09000013,Hammersmith and Fulham,2014,wellbeing_anxiety,3.13,ONS personal well-being estimates by local authority (time series v4),borough,"Anxiety, mean rating 0-10, financial year 2014-15 assigned to start year; higher_is_worse; 95% CI 2.82-3.45"
E09000013,Hammersmith and Fulham,2014,wellbeing_happiness,7.39,ONS personal well-being estimates by local authority (time series v4),borough,"Happiness, mean rating 0-10, financial year 2014-15 assigned to start year; higher_is_better; 95% CI 7.13-7.64"
E09000013,Hammersmith and Fulham,2014,wellbeing_life_satisfaction,7.56,ONS personal well-being estimates by local authority (time series v4),borough,"Life satisfaction, mean rating 0-10, financial year 2014-15 assigned to start year; higher_is_better; 95% CI 7.37-7.75"
E09000013,Hammersmith and Fulham,2014,wellbeing_worthwhile,7.68,ONS personal well-being estimates by local authority (time series v4),borough,"Worthwhile, mean rating 0-10, financial year 2014-15 assigned to start year; higher_is_better; 95% CI 7.48-7.87"
E09000013,Hammersmith and Fulham,2015,wellbeing_anxiety,3.68,ONS personal well-being estimates by local authority (time series v4),borough,"Anxiety, mean rating 0-10, financial year 2015-16 assigned to start year; higher_is_worse; 95% CI 3.28-4.07"
E09000013,Hammersmith and Fulham,2015,wellbeing_happiness,7.45,ONS personal well-being estimates by local authority (time series v4),borough,"Happiness, mean rating 0-10, financial year 2015-16 assigned to start year; higher_is_better; 95% CI 7.19-7.72"
E09000013,Hammersmith and Fulham,2015,wellbeing_life_satisfaction,7.68,ONS personal well-being estimates by local authority (time series v4),borough,"Life satisfaction, mean rating 0-10, financial year 2015-16 assigned to start year; higher_is_better; 95% CI 7.47-7.89"
E09000013,Hammersmith and Fulham,2015,wellbeing_worthwhile,7.81,ONS personal well-being estimates by local authority (time series v4),borough,"Worthwhile, mean rating 0-10, financial year 2015-16 assigned to start year; higher_is_better; 95% CI 7.59-8.04"
E09000013,Hammersmith and Fulham,2016,wellbeing_anxiety,3.5,ONS personal well-being estimates by local authority (time series v4),borough,"Anxiety, mean rating 0-10, financial year 2016-17 assigned to start year; higher_is_worse; 95% CI 3.12-3.88"
E09000013,Hammersmith and Fulham,2016,wellbeing_happiness,7.43,ONS personal well-being estimates by local authority (time series v4),borough,"Happiness, mean rating 0-10, financial year 2016-17 assigned to start year; higher_is_better; 95% CI 7.12-7.73"
E09000013,Hammersmith and Fulham,2016,wellbeing_life_satisfaction,7.47,ONS personal well-being estimates by local authority (time series v4),borough,"Life satisfaction, mean rating 0-10, financial year 2016-17 assigned to start year; higher_is_better; 95% CI 7.27-7.67"
E09000013,Hammersmith and Fulham,2016,wellbeing_worthwhile,7.78,ONS personal well-being estimates by local authority (time series v4),borough,"Worthwhile, mean rating 0-10, financial year 2016-17 assigned to start year; higher_is_better; 95% CI 7.57-8"
E09000013,Hammersmith and Fulham,2017,wellbeing_anxiety,3.52,ONS personal well-being estimates by local authority (time series v4),borough,"Anxiety, mean rating 0-10, financial year 2017-18 assigned to start year; higher_is_worse; 95% CI 3.12-3.91"
E09000013,Hammersmith and Fulham,2017,wellbeing_happiness,7.13,ONS personal well-being estimates by local authority (time series v4),borough,"Happiness, mean rating 0-10, financial year 2017-18 assigned to start year; higher_is_better; 95% CI 6.86-7.4"
E09000013,Hammersmith and Fulham,2017,wellbeing_life_satisfaction,7.34,ONS personal well-being estimates by local authority (time series v4),borough,"Life satisfaction, mean rating 0-10, financial year 2017-18 assigned to start year; higher_is_better; 95% CI 7.13-7.55"
E09000013,Hammersmith and Fulham,2017,wellbeing_worthwhile,7.61,ONS personal well-being estimates by local authority (time series v4),borough,"Worthwhile, mean rating 0-10, financial year 2017-18 assigned to start year; higher_is_better; 95% CI 7.41-7.81"
E09000013,Hammersmith and Fulham,2018,wellbeing_anxiety,3.45,ONS personal well-being estimates by local authority (time series v4),borough,"Anxiety, mean rating 0-10, financial year 2018-19 assigned to start year; higher_is_worse; 95% CI 3.07-3.84"
E09000013,Hammersmith and Fulham,2018,wellbeing_happiness,7.6,ONS personal well-being estimates by local authority (time series v4),borough,"Happiness, mean rating 0-10, financial year 2018-19 assigned to start year; higher_is_better; 95% CI 7.32-7.87"
E09000013,Hammersmith and Fulham,2018,wellbeing_life_satisfaction,7.72,ONS personal well-being estimates by local authority (time series v4),borough,"Life satisfaction, mean rating 0-10, financial year 2018-19 assigned to start year; higher_is_better; 95% CI 7.52-7.93"
E09000013,Hammersmith and Fulham,2018,wellbeing_worthwhile,7.83,ONS personal well-being estimates by local authority (time series v4),borough,"Worthwhile, mean rating 0-10, financial year 2018-19 assigned to start year; higher_is_better; 95% CI 7.56-8.1"
E09000013,Hammersmith and Fulham,2019,wellbeing_anxiety,3.28,ONS personal well-being estimates by local authority (time series v4),borough,"Anxiety, mean rating 0-10, financial year 2019-20 assigned to start year; higher_is_worse; 95% CI 2.92-3.63"
E09000013,Hammersmith and Fulham,2019,wellbeing_happiness,7.32,ONS personal well-being estimates by local authority (time series v4),borough,"Happiness, mean rating 0-10, financial year 2019-20 assigned to start year; higher_is_better; 95% CI 7.06-7.57"
E09000013,Hammersmith and Fulham,2019,wellbeing_life_satisfaction,7.62,ONS personal well-being estimates by local authority (time series v4),borough,"Life satisfaction, mean rating 0-10, financial year 2019-20 assigned to start year; higher_is_better; 95% CI 7.39-7.84"
E09000013,Hammersmith and Fulham,2019,wellbeing_worthwhile,7.7,ONS personal well-being estimates by local authority (time series v4),borough,"Worthwhile, mean rating 0-10, financial year 2019-20 assigned to start year; higher_is_better; 95% CI 7.46-7.93"
E09000013,Hammersmith and Fulham,2020,wellbeing_anxiety,3.27,ONS personal well-being estimates by local authority (time series v4),borough,"Anxiety, mean rating 0-10, financial year 2020-21 assigned to start year; higher_is_worse; 95% CI 2.84-3.7"
E09000013,Hammersmith and Fulham,2020,wellbeing_happiness,7.57,ONS personal well-being estimates by local authority (time series v4),borough,"Happiness, mean rating 0-10, financial year 2020-21 assigned to start year; higher_is_better; 95% CI 7.29-7.84"
E09000013,Hammersmith and Fulham,2020,wellbeing_life_satisfaction,7.49,ONS personal well-being estimates by local authority (time series v4),borough,"Life satisfaction, mean rating 0-10, financial year 2020-21 assigned to start year; higher_is_better; 95% CI 7.24-7.74"
E09000013,Hammersmith and Fulham,2020,wellbeing_worthwhile,7.81,ONS personal well-being estimates by local authority (time series v4),borough,"Worthwhile, mean rating 0-10, financial year 2020-21 assigned to start year; higher_is_better; 95% CI 7.53-8.09"
E09000013,Hammersmith and Fulham,2021,wellbeing_anxiety,3.51,ONS personal well-being estimates by local authority (time series v4),borough,"Anxiety, mean rating 0-10, financial year 2021-22 assigned to start year; higher_is_worse; 95% CI 3.04-3.98"
E09000013,Hammersmith and Fulham,2021,wellbeing_happiness,7.24,ONS personal well-being estimates by local authority (time series v4),borough,"Happiness, mean rating 0-10, financial year 2021-22 assigned to start year; higher_is_better; 95% CI 6.78-7.7"
E09000013,Hammersmith and Fulham,2021,wellbeing_life_satisfaction,7.3,ONS personal well-being estimates by local authority (time series v4),borough,"Life satisfaction, mean rating 0-10, financial year 2021-22 assigned to start year; higher_is_better; 95% CI 6.99-7.6"
E09000013,Hammersmith and Fulham,2021,wellbeing_worthwhile,7.61,ONS personal well-being estimates by local authority (time series v4),borough,"Worthwhile, mean rating 0-10, financial year 2021-22 assigned to start year; higher_is_better; 95% CI 7.33-7.88"
E09000013,Hammersmith and Fulham,2022,wellbeing_anxiety,3.34,ONS personal well-being estimates by local authority (time series v4),borough,"Anxiety, mean rating 0-10, financial year 2022-23 assigned to start year; higher_is_worse; 95% CI 2.87-3.8"
E09000013,Hammersmith and Fulham,2022,wellbeing_happiness,7.66,ONS personal well-being estimates by local authority (time series v4),borough,"Happiness, mean rating 0-10, financial year 2022-23 assigned to start year; higher_is_better; 95% CI 7.34-7.99"
E09000013,Hammersmith and Fulham,2022,wellbeing_life_satisfaction,7.51,ONS personal well-being estimates by local authority (time series v4),borough,"Life satisfaction, mean rating 0-10, financial year 2022-23 assigned to start year; higher_is_better; 95% CI 7.19-7.83"
E09000013,Hammersmith and Fulham,2022,wellbeing_worthwhile,7.82,ONS personal well-being estimates by local authority (time series v4),borough,"Worthwhile, mean rating 0-10, financial year 2022-23 assigned to start year; higher_is_better; 95% CI 7.5-8.15"
E09000014,Haringey,2011,wellbeing_anxiety,3.29,ONS personal well-being estimates by local authority (time series v4),borough,"Anxiety, mean rating 0-10, financial year 2011-12 assigned to start year; higher_is_worse; 95% CI 2.97-3.62"
E09000014,Haringey,2011,wellbeing_happiness,7.09,ONS personal well-being estimates by local authority (time series v4),borough,"Happiness, mean rating 0-10, financial year 2011-12 assigned to start year; higher_is_better; 95% CI 6.84-7.35"
E09000014,Haringey,2011,wellbeing_life_satisfaction,7.11,ONS personal well-being estimates by local authority (time series v4),borough,"Life satisfaction, mean rating 0-10, financial year 2011-12 assigned to start year; higher_is_better; 95% CI 6.87-7.34"
E09000014,Haringey,2011,wellbeing_worthwhile,7.37,ONS personal well-being estimates by local authority (time series v4),borough,"Worthwhile, mean rating 0-10, financial year 2011-12 assigned to start year; higher_is_better; 95% CI 7.15-7.59"
E09000014,Haringey,2012,wellbeing_anxiety,3.06,ONS personal well-being estimates by local authority (time series v4),borough,"Anxiety, mean rating 0-10, financial year 2012-13 assigned to start year; higher_is_worse; 95% CI 2.72-3.4"
E09000014,Haringey,2012,wellbeing_happiness,7.09,ONS personal well-being estimates by local authority (time series v4),borough,"Happiness, mean rating 0-10, financial year 2012-13 assigned to start year; higher_is_better; 95% CI 6.87-7.32"
E09000014,Haringey,2012,wellbeing_life_satisfaction,7.17,ONS personal well-being estimates by local authority (time series v4),borough,"Life satisfaction, mean rating 0-10, financial year 2012-13 assigned to start year; higher_is_better; 95% CI 6.94-7.39"
E09000014,Haringey,2012,wellbeing_worthwhile,7.51,ONS personal well-being estimates by local authority (time series v4),borough,"Worthwhile, mean rating 0-10, financial year 2012-13 assigned to start year; higher_is_better; 95% CI 7.3-7.71"
E09000014,Haringey,2013,wellbeing_anxiety,3.24,ONS personal well-being estimates by local authority (time series v4),borough,"Anxiety, mean rating 0-10, financial year 2013-14 assigned to start year; higher_is_worse; 95% CI 2.94-3.54"
E09000014,Haringey,2013,wellbeing_happiness,7.28,ONS personal well-being estimates by local authority (time series v4),borough,"Happiness, mean rating 0-10, financial year 2013-14 assigned to start year; higher_is_better; 95% CI 7.04-7.53"
E09000014,Haringey,2013,wellbeing_life_satisfaction,7.28,ONS personal well-being estimates by local authority (time series v4),borough,"Life satisfaction, mean rating 0-10, financial year 2013-14 assigned to start year; higher_is_better; 95% CI 7.1-7.46"
E09000014,Haringey,2013,wellbeing_worthwhile,7.62,ONS personal well-being estimates by local authority (time series v4),borough,"Worthwhile, mean rating 0-10, financial year 2013-14 assigned to start year; higher_is_better; 95% CI 7.45-7.8"
E09000014,Haringey,2014,wellbeing_anxiety,3,ONS personal well-being estimates by local authority (time series v4),borough,"Anxiety, mean rating 0-10, financial year 2014-15 assigned to start year; higher_is_worse; 95% CI 2.71-3.29"
E09000014,Haringey,2014,wellbeing_happiness,7.27,ONS personal well-being estimates by local authority (time series v4),borough,"Happiness, mean rating 0-10, financial year 2014-15 assigned to start year; higher_is_better; 95% CI 7.06-7.48"
E09000014,Haringey,2014,wellbeing_life_satisfaction,7.38,ONS personal well-being estimates by local authority (time series v4),borough,"Life satisfaction, mean rating 0-10, financial year 2014-15 assigned to start year; higher_is_better; 95% CI 7.19-7.56"
E09000014,Haringey,2014,wellbeing_worthwhile,7.63,ONS personal well-being estimates by local authority (time series v4),borough,"Worthwhile, mean rating 0-10, financial year 2014-15 assigned to start year; higher_is_better; 95% CI 7.44-7.81"
E09000014,Haringey,2015,wellbeing_anxiety,3.09,ONS personal well-being estimates by local authority (time series v4),borough,"Anxiety, mean rating 0-10, financial year 2015-16 assigned to start year; higher_is_worse; 95% CI 2.79-3.39"
E09000014,Haringey,2015,wellbeing_happiness,7.23,ONS personal well-being estimates by local authority (time series v4),borough,"Happiness, mean rating 0-10, financial year 2015-16 assigned to start year; higher_is_better; 95% CI 7.01-7.45"
E09000014,Haringey,2015,wellbeing_life_satisfaction,7.26,ONS personal well-being estimates by local authority (time series v4),borough,"Life satisfaction, mean rating 0-10, financial year 2015-16 assigned to start year; higher_is_better; 95% CI 7.04-7.47"
E09000014,Haringey,2015,wellbeing_worthwhile,7.44,ONS personal well-being estimates by local authority (time series v4),borough,"Worthwhile, mean rating 0-10, financial year 2015-16 assigned to start year; higher_is_better; 95% CI 7.23-7.65"
E09000014,Haringey,2016,wellbeing_anxiety,3.01,ONS personal well-being estimates by local authority (time series v4),borough,"Anxiety, mean rating 0-10, financial year 2016-17 assigned to start year; higher_is_worse; 95% CI 2.7-3.32"
E09000014,Haringey,2016,wellbeing_happiness,7.38,ONS personal well-being estimates by local authority (time series v4),borough,"Happiness, mean rating 0-10, financial year 2016-17 assigned to start year; higher_is_better; 95% CI 7.16-7.6"
E09000014,Haringey,2016,wellbeing_life_satisfaction,7.56,ONS personal well-being estimates by local authority (time series v4),borough,"Life satisfaction, mean rating 0-10, financial year 2016-17 assigned to start year; higher_is_better; 95% CI 7.36-7.76"
E09000014,Haringey,2016,wellbeing_worthwhile,7.67,ONS personal well-being estimates by local authority (time series v4),borough,"Worthwhile, mean rating 0-10, financial year 2016-17 assigned to start year; higher_is_better; 95% CI 7.46-7.87"
E09000014,Haringey,2017,wellbeing_anxiety,3.34,ONS personal well-being estimates by local authority (time series v4),borough,"Anxiety, mean rating 0-10, financial year 2017-18 assigned to start year; higher_is_worse; 95% CI 3.07-3.61"
E09000014,Haringey,2017,wellbeing_happiness,7.34,ONS personal well-being estimates by local authority (time series v4),borough,"Happiness, mean rating 0-10, financial year 2017-18 assigned to start year; higher_is_better; 95% CI 7.1-7.57"
E09000014,Haringey,2017,wellbeing_life_satisfaction,7.59,ONS personal well-being estimates by local authority (time series v4),borough,"Life satisfaction, mean rating 0-10, financial year 2017-18 assigned to start year; higher_is_better; 95% CI 7.33-7.85"
E09000014,Haringey,2017,wellbeing_worthwhile,7.72,ONS personal well-being estimates by local authority (time series v4),borough,"Worthwhile, mean rating 0-10, financial year 2017-18 assigned to start year; higher_is_better; 95% CI 7.48-7.97"
E09000014,Haringey,2018,wellbeing_anxiety,3.07,ONS personal well-being estimates by local authority (time series v4),borough,"Anxiety, mean rating 0-10, financial year 2018-19 assigned to start year; higher_is_worse; 95% CI 2.76-3.38"
E09000014,Haringey,2018,wellbeing_happiness,7.26,ONS personal well-being estimates by local authority (time series v4),borough,"Happiness, mean rating 0-10, financial year 2018-19 assigned to start year; higher_is_better; 95% CI 7.01-7.52"
E09000014,Haringey,2018,wellbeing_life_satisfaction,7.35,ONS personal well-being estimates by local authority (time series v4),borough,"Life satisfaction, mean rating 0-10, financial year 2018-19 assigned to start year; higher_is_better; 95% CI 7.15-7.56"
E09000014,Haringey,2018,wellbeing_worthwhile,7.72,ONS personal well-being estimates by local authority (time series v4),borough,"Worthwhile, mean rating 0-10, financial year 2018-19 assigned to start year; higher_is_better; 95% CI 7.49-7.95"
E09000014,Haringey,2019,wellbeing_anxiety,3,ONS personal well-being estimates by local authority (time series v4),borough,"Anxiety, mean rating 0-10, financial year 2019-20 assigned to start year; higher_is_worse; 95% CI 2.67-3.33"
E09000014,Haringey,2019,wellbeing_happiness,7.32,ONS personal well-being estimates by local authority (time series v4),borough,"Happiness, mean rating 0-10, financial year 2019-20 assigned to start year; higher_is_better; 95% CI 7.07-7.56"
E09000014,Haringey,2019,wellbeing_life_satisfaction,7.68,ONS personal well-being estimates by local authority (time series v4),borough,"Life satisfaction, mean rating 0-10, financial year 2019-20 assigned to start year; higher_is_better; 95% CI 7.5-7.86"
E09000014,Haringey,2019,wellbeing_worthwhile,7.72,ONS personal well-being estimates by local authority (time series v4),borough,"Worthwhile, mean rating 0-10, financial year 2019-20 assigned to start year; higher_is_better; 95% CI 7.52-7.92"
E09000014,Haringey,2020,wellbeing_anxiety,3.64,ONS personal well-being estimates by local authority (time series v4),borough,"Anxiety, mean rating 0-10, financial year 2020-21 assigned to start year; higher_is_worse; 95% CI 3.13-4.16"
E09000014,Haringey,2020,wellbeing_happiness,7.08,ONS personal well-being estimates by local authority (time series v4),borough,"Happiness, mean rating 0-10, financial year 2020-21 assigned to start year; higher_is_better; 95% CI 6.8-7.37"
E09000014,Haringey,2020,wellbeing_life_satisfaction,7.17,ONS personal well-being estimates by local authority (time series v4),borough,"Life satisfaction, mean rating 0-10, financial year 2020-21 assigned to start year; higher_is_better; 95% CI 6.94-7.41"
E09000014,Haringey,2020,wellbeing_worthwhile,7.58,ONS personal well-being estimates by local authority (time series v4),borough,"Worthwhile, mean rating 0-10, financial year 2020-21 assigned to start year; higher_is_better; 95% CI 7.28-7.88"
E09000014,Haringey,2021,wellbeing_anxiety,3.25,ONS personal well-being estimates by local authority (time series v4),borough,"Anxiety, mean rating 0-10, financial year 2021-22 assigned to start year; higher_is_worse; 95% CI 2.73-3.78"
E09000014,Haringey,2021,wellbeing_happiness,7.13,ONS personal well-being estimates by local authority (time series v4),borough,"Happiness, mean rating 0-10, financial year 2021-22 assigned to start year; higher_is_better; 95% CI 6.77-7.49"
E09000014,Haringey,2021,wellbeing_life_satisfaction,7.32,ONS personal well-being estimates by local authority (time series v4),borough,"Life satisfaction, mean rating 0-10, financial year 2021-22 assigned to start year; higher_is_better; 95% CI 7.08-7.57"
E09000014,Haringey,2021,wellbeing_worthwhile,7.56,ONS personal well-being estimates by local authority (time series v4),borough,"Worthwhile, mean rating 0-10, financial year 2021-22 assigned to start year; higher_is_better; 95% CI 7.31-7.82"
E09000014,Haringey,2022,wellbeing_anxiety,3.27,ONS personal well-being estimates by local authority (time series v4),borough,"Anxiety, mean rating 0-10, financial year 2022-23 assigned to start year; higher_is_worse; 95% CI 2.81-3.74"
E09000014,Haringey,2022,wellbeing_happiness,7.17,ONS personal well-being estimates by local authority (time series v4),borough,"Happiness, mean rating 0-10, financial year 2022-23 assigned to start year; higher_is_better; 95% CI 6.77-7.58"
E09000014,Haringey,2022,wellbeing_life_satisfaction,6.97,ONS personal well-being estimates by local authority (time series v4),borough,"Life satisfaction, mean rating 0-10, financial year 2022-23 assigned to start year; higher_is_better; 95% CI 6.58-7.36"
E09000014,Haringey,2022,wellbeing_worthwhile,7.23,ONS personal well-being estimates by local authority (time series v4),borough,"Worthwhile, mean rating 0-10, financial year 2022-23 assigned to start year; higher_is_better; 95% CI 6.85-7.62"
E09000015,Harrow,2011,wellbeing_anxiety,2.65,ONS personal well-being estimates by local authority (time series v4),borough,"Anxiety, mean rating 0-10, financial year 2011-12 assigned to start year; higher_is_worse; 95% CI 2.37-2.93"
E09000015,Harrow,2011,wellbeing_happiness,7.32,ONS personal well-being estimates by local authority (time series v4),borough,"Happiness, mean rating 0-10, financial year 2011-12 assigned to start year; higher_is_better; 95% CI 7.14-7.51"
E09000015,Harrow,2011,wellbeing_life_satisfaction,7.31,ONS personal well-being estimates by local authority (time series v4),borough,"Life satisfaction, mean rating 0-10, financial year 2011-12 assigned to start year; higher_is_better; 95% CI 7.16-7.47"
E09000015,Harrow,2011,wellbeing_worthwhile,7.33,ONS personal well-being estimates by local authority (time series v4),borough,"Worthwhile, mean rating 0-10, financial year 2011-12 assigned to start year; higher_is_better; 95% CI 7.16-7.49"
E09000015,Harrow,2012,wellbeing_anxiety,3.14,ONS personal well-being estimates by local authority (time series v4),borough,"Anxiety, mean rating 0-10, financial year 2012-13 assigned to start year; higher_is_worse; 95% CI 2.86-3.41"
E09000015,Harrow,2012,wellbeing_happiness,7.39,ONS personal well-being estimates by local authority (time series v4),borough,"Happiness, mean rating 0-10, financial year 2012-13 assigned to start year; higher_is_better; 95% CI 7.19-7.59"
E09000015,Harrow,2012,wellbeing_life_satisfaction,7.37,ONS personal well-being estimates by local authority (time series v4),borough,"Life satisfaction, mean rating 0-10, financial year 2012-13 assigned to start year; higher_is_better; 95% CI 7.2-7.54"
E09000015,Harrow,2012,wellbeing_worthwhile,7.54,ONS personal well-being estimates by local authority (time series v4),borough,"Worthwhile, mean rating 0-10, financial year 2012-13 assigned to start year; higher_is_better; 95% CI 7.39-7.7"
E09000015,Harrow,2013,wellbeing_anxiety,2.6,ONS personal well-being estimates by local authority (time series v4),borough,"Anxiety, mean rating 0-10, financial year 2013-14 assigned to start year; higher_is_worse; 95% CI 2.37-2.84"
E09000015,Harrow,2013,wellbeing_happiness,7.49,ONS personal well-being estimates by local authority (time series v4),borough,"Happiness, mean rating 0-10, financial year 2013-14 assigned to start year; higher_is_better; 95% CI 7.32-7.66"
E09000015,Harrow,2013,wellbeing_life_satisfaction,7.51,ONS personal well-being estimates by local authority (time series v4),borough,"Life satisfaction, mean rating 0-10, financial year 2013-14 assigned to start year; higher_is_better; 95% CI 7.34-7.67"
E09000015,Harrow,2013,wellbeing_worthwhile,7.59,ONS personal well-being estimates by local authority (time series v4),borough,"Worthwhile, mean rating 0-10, financial year 2013-14 assigned to start year; higher_is_better; 95% CI 7.45-7.74"
E09000015,Harrow,2014,wellbeing_anxiety,2.57,ONS personal well-being estimates by local authority (time series v4),borough,"Anxiety, mean rating 0-10, financial year 2014-15 assigned to start year; higher_is_worse; 95% CI 2.33-2.81"
E09000015,Harrow,2014,wellbeing_happiness,7.53,ONS personal well-being estimates by local authority (time series v4),borough,"Happiness, mean rating 0-10, financial year 2014-15 assigned to start year; higher_is_better; 95% CI 7.37-7.69"
E09000015,Harrow,2014,wellbeing_life_satisfaction,7.5,ONS personal well-being estimates by local authority (time series v4),borough,"Life satisfaction, mean rating 0-10, financial year 2014-15 assigned to start year; higher_is_better; 95% CI 7.35-7.64"
E09000015,Harrow,2014,wellbeing_worthwhile,7.58,ONS personal well-being estimates by local authority (time series v4),borough,"Worthwhile, mean rating 0-10, financial year 2014-15 assigned to start year; higher_is_better; 95% CI 7.44-7.72"
E09000015,Harrow,2015,wellbeing_anxiety,2.82,ONS personal well-being estimates by local authority (time series v4),borough,"Anxiety, mean rating 0-10, financial year 2015-16 assigned to start year; higher_is_worse; 95% CI 2.53-3.11"
E09000015,Harrow,2015,wellbeing_happiness,7.46,ONS personal well-being estimates by local authority (time series v4),borough,"Happiness, mean rating 0-10, financial year 2015-16 assigned to start year; higher_is_better; 95% CI 7.23-7.68"
E09000015,Harrow,2015,wellbeing_life_satisfaction,7.65,ONS personal well-being estimates by local authority (time series v4),borough,"Life satisfaction, mean rating 0-10, financial year 2015-16 assigned to start year; higher_is_better; 95% CI 7.5-7.8"
E09000015,Harrow,2015,wellbeing_worthwhile,7.79,ONS personal well-being estimates by local authority (time series v4),borough,"Worthwhile, mean rating 0-10, financial year 2015-16 assigned to start year; higher_is_better; 95% CI 7.65-7.94"
E09000015,Harrow,2016,wellbeing_anxiety,2.47,ONS personal well-being estimates by local authority (time series v4),borough,"Anxiety, mean rating 0-10, financial year 2016-17 assigned to start year; higher_is_worse; 95% CI 2.17-2.77"
E09000015,Harrow,2016,wellbeing_happiness,7.72,ONS personal well-being estimates by local authority (time series v4),borough,"Happiness, mean rating 0-10, financial year 2016-17 assigned to start year; higher_is_better; 95% CI 7.53-7.9"
E09000015,Harrow,2016,wellbeing_life_satisfaction,7.63,ONS personal well-being estimates by local authority (time series v4),borough,"Life satisfaction, mean rating 0-10, financial year 2016-17 assigned to start year; higher_is_better; 95% CI 7.46-7.81"
E09000015,Harrow,2016,wellbeing_worthwhile,7.71,ONS personal well-being estimates by local authority (time series v4),borough,"Worthwhile, mean rating 0-10, financial year 2016-17 assigned to start year; higher_is_better; 95% CI 7.53-7.88"
E09000015,Harrow,2017,wellbeing_anxiety,2.44,ONS personal well-being estimates by local authority (time series v4),borough,"Anxiety, mean rating 0-10, financial year 2017-18 assigned to start year; higher_is_worse; 95% CI 2.17-2.71"
E09000015,Harrow,2017,wellbeing_happiness,7.86,ONS personal well-being estimates by local authority (time series v4),borough,"Happiness, mean rating 0-10, financial year 2017-18 assigned to start year; higher_is_better; 95% CI 7.69-8.02"
E09000015,Harrow,2017,wellbeing_life_satisfaction,7.79,ONS personal well-being estimates by local authority (time series v4),borough,"Life satisfaction, mean rating 0-10, financial year 2017-18 assigned to start year; higher_is_better; 95% CI 7.63-7.94"
E09000015,Harrow,2017,wellbeing_worthwhile,7.79,ONS personal well-being estimates by local authority (time series v4),borough,"Worthwhile, mean rating 0-10, financial year 2017-18 assigned to start year; higher_is_better; 95% CI 7.62-7.97"
E09000015,Harrow,2018,wellbeing_anxiety,2.34,ONS personal well-being estimates by local authority (time series v4),borough,"Anxiety, mean rating 0-10, financial year 2018-19 assigned to start year; higher_is_worse; 95% CI 1.97-2.71"
E09000015,Harrow,2018,wellbeing_happiness,7.61,ONS personal well-being estimates by local authority (time series v4),borough,"Happiness, mean rating 0-10, financial year 2018-19 assigned to start year; higher_is_better; 95% CI 7.4-7.81"
E09000015,Harrow,2018,wellbeing_life_satisfaction,7.65,ONS personal well-being estimates by local authority (time series v4),borough,"Life satisfaction, mean rating 0-10, financial year 2018-19 assigned to start year; higher_is_better; 95% CI 7.48-7.82"
E09000015,Harrow,2018,wellbeing_worthwhile,7.72,ONS personal well-being estimates by local authority (time series v4),borough,"Worthwhile, mean rating 0-10, financial year 2018-19 assigned to start year; higher_is_better; 95% CI 7.55-7.89"
E09000015,Harrow,2019,wellbeing_anxiety,3.49,ONS personal well-being estimates by local authority (time series v4),borough,"Anxiety, mean rating 0-10, financial year 2019-20 assigned to start year; higher_is_worse; 95% CI 3.07-3.9"
E09000015,Harrow,2019,wellbeing_happiness,7.18,ONS personal well-being estimates by local authority (time series v4),borough,"Happiness, mean rating 0-10, financial year 2019-20 assigned to start year; higher_is_better; 95% CI 6.86-7.5"
E09000015,Harrow,2019,wellbeing_life_satisfaction,7.57,ONS personal well-being estimates by local authority (time series v4),borough,"Life satisfaction, mean rating 0-10, financial year 2019-20 assigned to start year; higher_is_better; 95% CI 7.33-7.82"
E09000015,Harrow,2019,wellbeing_worthwhile,7.65,ONS personal well-being estimates by local authority (time series v4),borough,"Worthwhile, mean rating 0-10, financial year 2019-20 assigned to start year; higher_is_better; 95% CI 7.43-7.88"
E09000015,Harrow,2020,wellbeing_anxiety,3.4,ONS personal well-being estimates by local authority (time series v4),borough,"Anxiety, mean rating 0-10, financial year 2020-21 assigned to start year; higher_is_worse; 95% CI 2.94-3.87"
E09000015,Harrow,2020,wellbeing_happiness,7.38,ONS personal well-being estimates by local authority (time series v4),borough,"Happiness, mean rating 0-10, financial year 2020-21 assigned to start year; higher_is_better; 95% CI 7.09-7.67"
E09000015,Harrow,2020,wellbeing_life_satisfaction,7.36,ONS personal well-being estimates by local authority (time series v4),borough,"Life satisfaction, mean rating 0-10, financial year 2020-21 assigned to start year; higher_is_better; 95% CI 7.09-7.63"
E09000015,Harrow,2020,wellbeing_worthwhile,7.65,ONS personal well-being estimates by local authority (time series v4),borough,"Worthwhile, mean rating 0-10, financial year 2020-21 assigned to start year; higher_is_better; 95% CI 7.41-7.89"
E09000015,Harrow,2021,wellbeing_anxiety,3.4,ONS personal well-being estimates by local authority (time series v4),borough,"Anxiety, mean rating 0-10, financial year 2021-22 assigned to start year; higher_is_worse; 95% CI 2.99-3.82"
E09000015,Harrow,2021,wellbeing_happiness,7.55,ONS personal well-being estimates by local authority (time series v4),borough,"Happiness, mean rating 0-10, financial year 2021-22 assigned to start year; higher_is_better; 95% CI 7.2-7.89"
E09000015,Harrow,2021,wellbeing_life_satisfaction,7.69,ONS personal well-being estimates by local authority (time series v4),borough,"Life satisfaction, mean rating 0-10, financial year 2021-22 assigned to start year; higher_is_better; 95% CI 7.47-7.91"
E09000015,Harrow,2021,wellbeing_worthwhile,7.89,ONS personal well-being estimates by local authority (time series v4),borough,"Worthwhile, mean rating 0-10, financial year 2021-22 assigned to start year; higher_is_better; 95% CI 7.64-8.14"
E09000015,Harrow,2022,wellbeing_anxiety,3.5,ONS personal well-being estimates by local authority (time series v4),borough,"Anxiety, mean rating 0-10, financial year 2022-23 assigned to start year; higher_is_worse; 95% CI 2.95-4.05"
E09000015,Harrow,2022,wellbeing_happiness,7.6,ONS personal well-being estimates by local authority (time series v4),borough,"Happiness, mean rating 0-10, financial year 2022-23 assigned to start year; higher_is_better; 95% CI 7.2-8.01"
E09000015,Harrow,2022,wellbeing_life_satisfaction,7.55,ONS personal well-being estimates by local authority (time series v4),borough,"Life satisfaction, mean rating 0-10, financial year 2022-23 assigned to start year; higher_is_better; 95% CI 7.18-7.92"
E09000015,Harrow,2022,wellbeing_worthwhile,7.96,ONS personal well-being estimates by local authority (time series v4),borough,"Worthwhile, mean rating 0-10, financial year 2022-23 assigned to start year; higher_is_better; 95% CI 7.71-8.21"
E09000016,Havering,2011,wellbeing_anxiety,3.4,ONS personal well-being estimates by local authority (time series v4),borough,"Anxiety, mean rating 0-10, financial year 2011-12 assigned to start year; higher_is_worse; 95% CI 3.08-3.72"
E09000016,Havering,2011,wellbeing_happiness,7.25,ONS personal well-being estimates by local authority (time series v4),borough,"Happiness, mean rating 0-10, financial year 2011-12 assigned to start year; higher_is_better; 95% CI 7-7.51"
E09000016,Havering,2011,wellbeing_life_satisfaction,7.35,ONS personal well-being estimates by local authority (time series v4),borough,"Life satisfaction, mean rating 0-10, financial year 2011-12 assigned to start year; higher_is_better; 95% CI 7.13-7.56"
E09000016,Havering,2011,wellbeing_worthwhile,7.69,ONS personal well-being estimates by local authority (time series v4),borough,"Worthwhile, mean rating 0-10, financial year 2011-12 assigned to start year; higher_is_better; 95% CI 7.5-7.88"
E09000016,Havering,2012,wellbeing_anxiety,3.17,ONS personal well-being estimates by local authority (time series v4),borough,"Anxiety, mean rating 0-10, financial year 2012-13 assigned to start year; higher_is_worse; 95% CI 2.86-3.48"
E09000016,Havering,2012,wellbeing_happiness,7.18,ONS personal well-being estimates by local authority (time series v4),borough,"Happiness, mean rating 0-10, financial year 2012-13 assigned to start year; higher_is_better; 95% CI 6.92-7.43"
E09000016,Havering,2012,wellbeing_life_satisfaction,7.36,ONS personal well-being estimates by local authority (time series v4),borough,"Life satisfaction, mean rating 0-10, financial year 2012-13 assigned to start year; higher_is_better; 95% CI 7.16-7.56"
E09000016,Havering,2012,wellbeing_worthwhile,7.64,ONS personal well-being estimates by local authority (time series v4),borough,"Worthwhile, mean rating 0-10, financial year 2012-13 assigned to start year; higher_is_better; 95% CI 7.45-7.84"
E09000016,Havering,2013,wellbeing_anxiety,3.12,ONS personal well-being estimates by local authority (time series v4),borough,"Anxiety, mean rating 0-10, financial year 2013-14 assigned to start year; higher_is_worse; 95% CI 2.79-3.45"
E09000016,Havering,2013,wellbeing_happiness,7.35,ONS personal well-being estimates by local authority (time series v4),borough,"Happiness, mean rating 0-10, financial year 2013-14 assigned to start year; higher_is_better; 95% CI 7.12-7.58"
E09000016,Havering,2013,wellbeing_life_satisfaction,7.51,ONS personal well-being estimates by local authority (time series v4),borough,"Life satisfaction, mean rating 0-10, financial year 2013-14 assigned to start year; higher_is_better; 95% CI 7.3-7.71"
E09000016,Havering,2013,wellbeing_worthwhile,7.72,ONS personal well-being estimates by local authority (time series v4),borough,"Worthwhile, mean rating 0-10, financial year 2013-14 assigned to start year; higher_is_better; 95% CI 7.53-7.92"
E09000016,Havering,2014,wellbeing_anxiety,3.02,ONS personal well-being estimates by local authority (time series v4),borough,"Anxiety, mean rating 0-10, financial year 2014-15 assigned to start year; higher_is_worse; 95% CI 2.72-3.31"
E09000016,Havering,2014,wellbeing_happiness,7.32,ONS personal well-being estimates by local authority (time series v4),borough,"Happiness, mean rating 0-10, financial year 2014-15 assigned to start year; higher_is_better; 95% CI 7.11-7.53"
E09000016,Havering,2014,wellbeing_life_satisfaction,7.62,ONS personal well-being estimates by local authority (time series v4),borough,"Life satisfaction, mean rating 0-10, financial year 2014-15 assigned to start year; higher_is_better; 95% CI 7.44-7.8"
E09000016,Havering,2014,wellbeing_worthwhile,7.74,ONS personal well-being estimates by local authority (time series v4),borough,"Worthwhile, mean rating 0-10, financial year 2014-15 assigned to start year; higher_is_better; 95% CI 7.58-7.9"
E09000016,Havering,2015,wellbeing_anxiety,2.65,ONS personal well-being estimates by local authority (time series v4),borough,"Anxiety, mean rating 0-10, financial year 2015-16 assigned to start year; higher_is_worse; 95% CI 2.35-2.95"
E09000016,Havering,2015,wellbeing_happiness,7.53,ONS personal well-being estimates by local authority (time series v4),borough,"Happiness, mean rating 0-10, financial year 2015-16 assigned to start year; higher_is_better; 95% CI 7.31-7.75"
E09000016,Havering,2015,wellbeing_life_satisfaction,7.69,ONS personal well-being estimates by local authority (time series v4),borough,"Life satisfaction, mean rating 0-10, financial year 2015-16 assigned to start year; higher_is_better; 95% CI 7.53-7.86"
E09000016,Havering,2015,wellbeing_worthwhile,7.87,ONS personal well-being estimates by local authority (time series v4),borough,"Worthwhile, mean rating 0-10, financial year 2015-16 assigned to start year; higher_is_better; 95% CI 7.69-8.04"
E09000016,Havering,2016,wellbeing_anxiety,2.81,ONS personal well-being estimates by local authority (time series v4),borough,"Anxiety, mean rating 0-10, financial year 2016-17 assigned to start year; higher_is_worse; 95% CI 2.49-3.13"
E09000016,Havering,2016,wellbeing_happiness,7.44,ONS personal well-being estimates by local authority (time series v4),borough,"Happiness, mean rating 0-10, financial year 2016-17 assigned to start year; higher_is_better; 95% CI 7.21-7.67"
E09000016,Havering,2016,wellbeing_life_satisfaction,7.53,ONS personal well-being estimates by local authority (time series v4),borough,"Life satisfaction, mean rating 0-10, financial year 2016-17 assigned to start year; higher_is_better; 95% CI 7.33-7.74"
E09000016,Havering,2016,wellbeing_worthwhile,7.9,ONS personal well-being estimates by local authority (time series v4),borough,"Worthwhile, mean rating 0-10, financial year 2016-17 assigned to start year; higher_is_better; 95% CI 7.73-8.06"
E09000016,Havering,2017,wellbeing_anxiety,2.83,ONS personal well-being estimates by local authority (time series v4),borough,"Anxiety, mean rating 0-10, financial year 2017-18 assigned to start year; higher_is_worse; 95% CI 2.53-3.13"
E09000016,Havering,2017,wellbeing_happiness,7.33,ONS personal well-being estimates by local authority (time series v4),borough,"Happiness, mean rating 0-10, financial year 2017-18 assigned to start year; higher_is_better; 95% CI 7.08-7.58"
E09000016,Havering,2017,wellbeing_life_satisfaction,7.58,ONS personal well-being estimates by local authority (time series v4),borough,"Life satisfaction, mean rating 0-10, financial year 2017-18 assigned to start year; higher_is_better; 95% CI 7.39-7.77"
E09000016,Havering,2017,wellbeing_worthwhile,7.87,ONS personal well-being estimates by local authority (time series v4),borough,"Worthwhile, mean rating 0-10, financial year 2017-18 assigned to start year; higher_is_better; 95% CI 7.7-8.04"
E09000016,Havering,2018,wellbeing_anxiety,3.03,ONS personal well-being estimates by local authority (time series v4),borough,"Anxiety, mean rating 0-10, financial year 2018-19 assigned to start year; higher_is_worse; 95% CI 2.69-3.37"
E09000016,Havering,2018,wellbeing_happiness,7.4,ONS personal well-being estimates by local authority (time series v4),borough,"Happiness, mean rating 0-10, financial year 2018-19 assigned to start year; higher_is_better; 95% CI 7.15-7.66"
E09000016,Havering,2018,wellbeing_life_satisfaction,7.68,ONS personal well-being estimates by local authority (time series v4),borough,"Life satisfaction, mean rating 0-10, financial year 2018-19 assigned to start year; higher_is_better; 95% CI 7.5-7.86"
E09000016,Havering,2018,wellbeing_worthwhile,7.91,ONS personal well-being estimates by local authority (time series v4),borough,"Worthwhile, mean rating 0-10, financial year 2018-19 assigned to start year; higher_is_better; 95% CI 7.73-8.08"
E09000016,Havering,2019,wellbeing_anxiety,3.02,ONS personal well-being estimates by local authority (time series v4),borough,"Anxiety, mean rating 0-10, financial year 2019-20 assigned to start year; higher_is_worse; 95% CI 2.71-3.33"
E09000016,Havering,2019,wellbeing_happiness,7.38,ONS personal well-being estimates by local authority (time series v4),borough,"Happiness, mean rating 0-10, financial year 2019-20 assigned to start year; higher_is_better; 95% CI 7.16-7.61"
E09000016,Havering,2019,wellbeing_life_satisfaction,7.75,ONS personal well-being estimates by local authority (time series v4),borough,"Life satisfaction, mean rating 0-10, financial year 2019-20 assigned to start year; higher_is_better; 95% CI 7.56-7.93"
E09000016,Havering,2019,wellbeing_worthwhile,8.02,ONS personal well-being estimates by local authority (time series v4),borough,"Worthwhile, mean rating 0-10, financial year 2019-20 assigned to start year; higher_is_better; 95% CI 7.81-8.22"
E09000016,Havering,2020,wellbeing_anxiety,3.12,ONS personal well-being estimates by local authority (time series v4),borough,"Anxiety, mean rating 0-10, financial year 2020-21 assigned to start year; higher_is_worse; 95% CI 2.74-3.49"
E09000016,Havering,2020,wellbeing_happiness,7.48,ONS personal well-being estimates by local authority (time series v4),borough,"Happiness, mean rating 0-10, financial year 2020-21 assigned to start year; higher_is_better; 95% CI 7.21-7.75"
E09000016,Havering,2020,wellbeing_life_satisfaction,7.54,ONS personal well-being estimates by local authority (time series v4),borough,"Life satisfaction, mean rating 0-10, financial year 2020-21 assigned to start year; higher_is_better; 95% CI 7.29-7.79"
E09000016,Havering,2020,wellbeing_worthwhile,8,ONS personal well-being estimates by local authority (time series v4),borough,"Worthwhile, mean rating 0-10, financial year 2020-21 assigned to start year; higher_is_better; 95% CI 7.78-8.21"
E09000016,Havering,2021,wellbeing_anxiety,3.15,ONS personal well-being estimates by local authority (time series v4),borough,"Anxiety, mean rating 0-10, financial year 2021-22 assigned to start year; higher_is_worse; 95% CI 2.84-3.46"
E09000016,Havering,2021,wellbeing_happiness,7.41,ONS personal well-being estimates by local authority (time series v4),borough,"Happiness, mean rating 0-10, financial year 2021-22 assigned to start year; higher_is_better; 95% CI 7.17-7.64"
E09000016,Havering,2021,wellbeing_life_satisfaction,7.57,ONS personal well-being estimates by local authority (time series v4),borough,"Life satisfaction, mean rating 0-10, financial year 2021-22 assigned to start year; higher_is_better; 95% CI 7.38-7.76"
E09000016,Havering,2021,wellbeing_worthwhile,7.75,ONS personal well-being estimates by local authority (time series v4),borough,"Worthwhile, mean rating 0-10, financial year 2021-22 assigned to start year; higher_is_better; 95% CI 7.53-7.97"
E09000016,Havering,2022,wellbeing_anxiety,3.18,ONS personal well-being estimates by local authority (time series v4),borough,"Anxiety, mean rating 0-10, financial year 2022-23 assigned to start year; higher_is_worse; 95% CI 2.8-3.56"
E09000016,Havering,2022,wellbeing_happiness,7.54,ONS personal well-being estimates by local authority (time series v4),borough,"Happiness, mean rating 0-10, financial year 2022-23 assigned to start year; higher_is_better; 95% CI 7.27-7.82"
E09000016,Havering,2022,wellbeing_life_satisfaction,7.47,ONS personal well-being estimates by local authority (time series v4),borough,"Life satisfaction, mean rating 0-10, financial year 2022-23 assigned to start year; higher_is_better; 95% CI 7.23-7.72"
E09000016,Havering,2022,wellbeing_worthwhile,7.95,ONS personal well-being estimates by local authority (time series v4),borough,"Worthwhile, mean rating 0-10, financial year 2022-23 assigned to start year; higher_is_better; 95% CI 7.73-8.17"
E09000017,Hillingdon,2011,wellbeing_anxiety,3.44,ONS personal well-being estimates by local authority (time series v4),borough,"Anxiety, mean rating 0-10, financial year 2011-12 assigned to start year; higher_is_worse; 95% CI 3.13-3.75"
E09000017,Hillingdon,2011,wellbeing_happiness,7.31,ONS personal well-being estimates by local authority (time series v4),borough,"Happiness, mean rating 0-10, financial year 2011-12 assigned to start year; higher_is_better; 95% CI 7.1-7.52"
E09000017,Hillingdon,2011,wellbeing_life_satisfaction,7.4,ONS personal well-being estimates by local authority (time series v4),borough,"Life satisfaction, mean rating 0-10, financial year 2011-12 assigned to start year; higher_is_better; 95% CI 7.19-7.6"
E09000017,Hillingdon,2011,wellbeing_worthwhile,7.61,ONS personal well-being estimates by local authority (time series v4),borough,"Worthwhile, mean rating 0-10, financial year 2011-12 assigned to start year; higher_is_better; 95% CI 7.42-7.8"
E09000017,Hillingdon,2012,wellbeing_anxiety,3.37,ONS personal well-being estimates by local authority (time series v4),borough,"Anxiety, mean rating 0-10, financial year 2012-13 assigned to start year; higher_is_worse; 95% CI 3.04-3.7"
E09000017,Hillingdon,2012,wellbeing_happiness,7.34,ONS personal well-being estimates by local authority (time series v4),borough,"Happiness, mean rating 0-10, financial year 2012-13 assigned to start year; higher_is_better; 95% CI 7.1-7.58"
E09000017,Hillingdon,2012,wellbeing_life_satisfaction,7.37,ONS personal well-being estimates by local authority (time series v4),borough,"Life satisfaction, mean rating 0-10, financial year 2012-13 assigned to start year; higher_is_better; 95% CI 7.17-7.57"
E09000017,Hillingdon,2012,wellbeing_worthwhile,7.65,ONS personal well-being estimates by local authority (time series v4),borough,"Worthwhile, mean rating 0-10, financial year 2012-13 assigned to start year; higher_is_better; 95% CI 7.42-7.88"
E09000017,Hillingdon,2013,wellbeing_anxiety,3.06,ONS personal well-being estimates by local authority (time series v4),borough,"Anxiety, mean rating 0-10, financial year 2013-14 assigned to start year; higher_is_worse; 95% CI 2.75-3.37"
E09000017,Hillingdon,2013,wellbeing_happiness,7.47,ONS personal well-being estimates by local authority (time series v4),borough,"Happiness, mean rating 0-10, financial year 2013-14 assigned to start year; higher_is_better; 95% CI 7.24-7.69"
E09000017,Hillingdon,2013,wellbeing_life_satisfaction,7.5,ONS personal well-being estimates by local authority (time series v4),borough,"Life satisfaction, mean rating 0-10, financial year 2013-14 assigned to start year; higher_is_better; 95% CI 7.32-7.68"
E09000017,Hillingdon,2013,wellbeing_worthwhile,7.85,ONS personal well-being estimates by local authority (time series v4),borough,"Worthwhile, mean rating 0-10, financial year 2013-14 assigned to start year; higher_is_better; 95% CI 7.68-8.03"
E09000017,Hillingdon,2014,wellbeing_anxiety,3.03,ONS personal well-being estimates by local authority (time series v4),borough,"Anxiety, mean rating 0-10, financial year 2014-15 assigned to start year; higher_is_worse; 95% CI 2.7-3.36"
E09000017,Hillingdon,2014,wellbeing_happiness,7.34,ONS personal well-being estimates by local authority (time series v4),borough,"Happiness, mean rating 0-10, financial year 2014-15 assigned to start year; higher_is_better; 95% CI 7.07-7.62"
E09000017,Hillingdon,2014,wellbeing_life_satisfaction,7.63,ONS personal well-being estimates by local authority (time series v4),borough,"Life satisfaction, mean rating 0-10, financial year 2014-15 assigned to start year; higher_is_better; 95% CI 7.44-7.82"
E09000017,Hillingdon,2014,wellbeing_worthwhile,7.85,ONS personal well-being estimates by local authority (time series v4),borough,"Worthwhile, mean rating 0-10, financial year 2014-15 assigned to start year; higher_is_better; 95% CI 7.67-8.04"
E09000017,Hillingdon,2015,wellbeing_anxiety,3.09,ONS personal well-being estimates by local authority (time series v4),borough,"Anxiety, mean rating 0-10, financial year 2015-16 assigned to start year; higher_is_worse; 95% CI 2.8-3.38"
E09000017,Hillingdon,2015,wellbeing_happiness,7.37,ONS personal well-being estimates by local authority (time series v4),borough,"Happiness, mean rating 0-10, financial year 2015-16 assigned to start year; higher_is_better; 95% CI 7.12-7.62"
E09000017,Hillingdon,2015,wellbeing_life_satisfaction,7.46,ONS personal well-being estimates by local authority (time series v4),borough,"Life satisfaction, mean rating 0-10, financial year 2015-16 assigned to start year; higher_is_better; 95% CI 7.26-7.66"
E09000017,Hillingdon,2015,wellbeing_worthwhile,7.65,ONS personal well-being estimates by local authority (time series v4),borough,"Worthwhile, mean rating 0-10, financial year 2015-16 assigned to start year; higher_is_better; 95% CI 7.46-7.85"
E09000017,Hillingdon,2016,wellbeing_anxiety,3.37,ONS personal well-being estimates by local authority (time series v4),borough,"Anxiety, mean rating 0-10, financial year 2016-17 assigned to start year; higher_is_worse; 95% CI 2.99-3.76"
E09000017,Hillingdon,2016,wellbeing_happiness,7.36,ONS personal well-being estimates by local authority (time series v4),borough,"Happiness, mean rating 0-10, financial year 2016-17 assigned to start year; higher_is_better; 95% CI 7.08-7.63"
E09000017,Hillingdon,2016,wellbeing_life_satisfaction,7.68,ONS personal well-being estimates by local authority (time series v4),borough,"Life satisfaction, mean rating 0-10, financial year 2016-17 assigned to start year; higher_is_better; 95% CI 7.47-7.89"
E09000017,Hillingdon,2016,wellbeing_worthwhile,7.94,ONS personal well-being estimates by local authority (time series v4),borough,"Worthwhile, mean rating 0-10, financial year 2016-17 assigned to start year; higher_is_better; 95% CI 7.78-8.11"
E09000017,Hillingdon,2017,wellbeing_anxiety,3.17,ONS personal well-being estimates by local authority (time series v4),borough,"Anxiety, mean rating 0-10, financial year 2017-18 assigned to start year; higher_is_worse; 95% CI 2.84-3.49"
E09000017,Hillingdon,2017,wellbeing_happiness,7.62,ONS personal well-being estimates by local authority (time series v4),borough,"Happiness, mean rating 0-10, financial year 2017-18 assigned to start year; higher_is_better; 95% CI 7.4-7.84"
E09000017,Hillingdon,2017,wellbeing_life_satisfaction,7.55,ONS personal well-being estimates by local authority (time series v4),borough,"Life satisfaction, mean rating 0-10, financial year 2017-18 assigned to start year; higher_is_better; 95% CI 7.35-7.75"
E09000017,Hillingdon,2017,wellbeing_worthwhile,7.8,ONS personal well-being estimates by local authority (time series v4),borough,"Worthwhile, mean rating 0-10, financial year 2017-18 assigned to start year; higher_is_better; 95% CI 7.61-7.99"
E09000017,Hillingdon,2018,wellbeing_anxiety,3.07,ONS personal well-being estimates by local authority (time series v4),borough,"Anxiety, mean rating 0-10, financial year 2018-19 assigned to start year; higher_is_worse; 95% CI 2.7-3.44"
E09000017,Hillingdon,2018,wellbeing_happiness,7.67,ONS personal well-being estimates by local authority (time series v4),borough,"Happiness, mean rating 0-10, financial year 2018-19 assigned to start year; higher_is_better; 95% CI 7.42-7.92"
E09000017,Hillingdon,2018,wellbeing_life_satisfaction,7.76,ONS personal well-being estimates by local authority (time series v4),borough,"Life satisfaction, mean rating 0-10, financial year 2018-19 assigned to start year; higher_is_better; 95% CI 7.53-7.98"
E09000017,Hillingdon,2018,wellbeing_worthwhile,7.79,ONS personal well-being estimates by local authority (time series v4),borough,"Worthwhile, mean rating 0-10, financial year 2018-19 assigned to start year; higher_is_better; 95% CI 7.57-8.01"
E09000017,Hillingdon,2019,wellbeing_anxiety,3.18,ONS personal well-being estimates by local authority (time series v4),borough,"Anxiety, mean rating 0-10, financial year 2019-20 assigned to start year; higher_is_worse; 95% CI 2.77-3.58"
E09000017,Hillingdon,2019,wellbeing_happiness,7.61,ONS personal well-being estimates by local authority (time series v4),borough,"Happiness, mean rating 0-10, financial year 2019-20 assigned to start year; higher_is_better; 95% CI 7.33-7.9"
E09000017,Hillingdon,2019,wellbeing_life_satisfaction,7.7,ONS personal well-being estimates by local authority (time series v4),borough,"Life satisfaction, mean rating 0-10, financial year 2019-20 assigned to start year; higher_is_better; 95% CI 7.45-7.96"
E09000017,Hillingdon,2019,wellbeing_worthwhile,7.85,ONS personal well-being estimates by local authority (time series v4),borough,"Worthwhile, mean rating 0-10, financial year 2019-20 assigned to start year; higher_is_better; 95% CI 7.6-8.1"
E09000017,Hillingdon,2020,wellbeing_anxiety,3.03,ONS personal well-being estimates by local authority (time series v4),borough,"Anxiety, mean rating 0-10, financial year 2020-21 assigned to start year; higher_is_worse; 95% CI 2.58-3.48"
E09000017,Hillingdon,2020,wellbeing_happiness,7.2,ONS personal well-being estimates by local authority (time series v4),borough,"Happiness, mean rating 0-10, financial year 2020-21 assigned to start year; higher_is_better; 95% CI 6.78-7.61"
E09000017,Hillingdon,2020,wellbeing_life_satisfaction,7.1,ONS personal well-being estimates by local authority (time series v4),borough,"Life satisfaction, mean rating 0-10, financial year 2020-21 assigned to start year; higher_is_better; 95% CI 6.76-7.43"
E09000017,Hillingdon,2020,wellbeing_worthwhile,7.78,ONS personal well-being estimates by local authority (time series v4),borough,"Worthwhile, mean rating 0-10, financial year 2020-21 assigned to start year; higher_is_better; 95% CI 7.54-8.02"
E09000017,Hillingdon,2021,wellbeing_anxiety,3.21,ONS personal well-being estimates by local authority (time series v4),borough,"Anxiety, mean rating 0-10, financial year 2021-22 assigned to start year; higher_is_worse; 95% CI 2.72-3.7"
E09000017,Hillingdon,2021,wellbeing_happiness,7.5,ONS personal well-being estimates by local authority (time series v4),borough,"Happiness, mean rating 0-10, financial year 2021-22 assigned to start year; higher_is_better; 95% CI 7.13-7.87"
E09000017,Hillingdon,2021,wellbeing_life_satisfaction,7.53,ONS personal well-being estimates by local authority (time series v4),borough,"Life satisfaction, mean rating 0-10, financial year 2021-22 assigned to start year; higher_is_better; 95% CI 7.26-7.8"
E09000017,Hillingdon,2021,wellbeing_worthwhile,7.68,ONS personal well-being estimates by local authority (time series v4),borough,"Worthwhile, mean rating 0-10, financial year 2021-22 assigned to start year; higher_is_better; 95% CI 7.39-7.98"
E09000017,Hillingdon,2022,wellbeing_anxiety,3,ONS personal well-being estimates by local authority (time series v4),borough,"Anxiety, mean rating 0-10, financial year 2022-23 assigned to start year; higher_is_worse; 95% CI 2.41-3.59"
E09000017,Hillingdon,2022,wellbeing_happiness,7.69,ONS personal well-being estimates by local authority (time series v4),borough,"Happiness, mean rating 0-10, financial year 2022-23 assigned to start year; higher_is_better; 95% CI 7.31-8.06"
E09000017,Hillingdon,2022,wellbeing_life_satisfaction,7.56,ONS personal well-being estimates by local authority (time series v4),borough,"Life satisfaction, mean rating 0-10, financial year 2022-23 assigned to start year; higher_is_better; 95% CI 7.21-7.9"
E09000017,Hillingdon,2022,wellbeing_worthwhile,7.82,ONS personal well-being estimates by local authority (time series v4),borough,"Worthwhile, mean rating 0-10, financial year 2022-23 assigned to start year; higher_is_better; 95% CI 7.46-8.18"
E09000018,Hounslow,2011,wellbeing_anxiety,3.54,ONS personal well-being estimates by local authority (time series v4),borough,"Anxiety, mean rating 0-10, financial year 2011-12 assigned to start year; higher_is_worse; 95% CI 3.21-3.87"
E09000018,Hounslow,2011,wellbeing_happiness,7.39,ONS personal well-being estimates by local authority (time series v4),borough,"Happiness, mean rating 0-10, financial year 2011-12 assigned to start year; higher_is_better; 95% CI 7.16-7.62"
E09000018,Hounslow,2011,wellbeing_life_satisfaction,7.26,ONS personal well-being estimates by local authority (time series v4),borough,"Life satisfaction, mean rating 0-10, financial year 2011-12 assigned to start year; higher_is_better; 95% CI 7.06-7.46"
E09000018,Hounslow,2011,wellbeing_worthwhile,7.49,ONS personal well-being estimates by local authority (time series v4),borough,"Worthwhile, mean rating 0-10, financial year 2011-12 assigned to start year; higher_is_better; 95% CI 7.3-7.69"
E09000018,Hounslow,2012,wellbeing_anxiety,3.39,ONS personal well-being estimates by local authority (time series v4),borough,"Anxiety, mean rating 0-10, financial year 2012-13 assigned to start year; higher_is_worse; 95% CI 3.06-3.73"
E09000018,Hounslow,2012,wellbeing_happiness,7.27,ONS personal well-being estimates by local authority (time series v4),borough,"Happiness, mean rating 0-10, financial year 2012-13 assigned to start year; higher_is_better; 95% CI 7.03-7.51"
E09000018,Hounslow,2012,wellbeing_life_satisfaction,7.35,ONS personal well-being estimates by local authority (time series v4),borough,"Life satisfaction, mean rating 0-10, financial year 2012-13 assigned to start year; higher_is_better; 95% CI 7.13-7.57"
E09000018,Hounslow,2012,wellbeing_worthwhile,7.53,ONS personal well-being estimates by local authority (time series v4),borough,"Worthwhile, mean rating 0-10, financial year 2012-13 assigned to start year; higher_is_better; 95% CI 7.31-7.75"
E09000018,Hounslow,2013,wellbeing_anxiety,3.17,ONS personal well-being estimates by local authority (time series v4),borough,"Anxiety, mean rating 0-10, financial year 2013-14 assigned to start year; higher_is_worse; 95% CI 2.87-3.47"
E09000018,Hounslow,2013,wellbeing_happiness,7.49,ONS personal well-being estimates by local authority (time series v4),borough,"Happiness, mean rating 0-10, financial year 2013-14 assigned to start year; higher_is_better; 95% CI 7.24-7.74"
E09000018,Hounslow,2013,wellbeing_life_satisfaction,7.33,ONS personal well-being estimates by local authority (time series v4),borough,"Life satisfaction, mean rating 0-10, financial year 2013-14 assigned to start year; higher_is_better; 95% CI 7.12-7.54"
E09000018,Hounslow,2013,wellbeing_worthwhile,7.6,ONS personal well-being estimates by local authority (time series v4),borough,"Worthwhile, mean rating 0-10, financial year 2013-14 assigned to start year; higher_is_better; 95% CI 7.38-7.81"
E09000018,Hounslow,2014,wellbeing_anxiety,3.25,ONS personal well-being estimates by local authority (time series v4),borough,"Anxiety, mean rating 0-10, financial year 2014-15 assigned to start year; higher_is_worse; 95% CI 2.92-3.57"
E09000018,Hounslow,2014,wellbeing_happiness,7.53,ONS personal well-being estimates by local authority (time series v4),borough,"Happiness, mean rating 0-10, financial year 2014-15 assigned to start year; higher_is_better; 95% CI 7.25-7.8"
E09000018,Hounslow,2014,wellbeing_life_satisfaction,7.57,ONS personal well-being estimates by local authority (time series v4),borough,"Life satisfaction, mean rating 0-10, financial year 2014-15 assigned to start year; higher_is_better; 95% CI 7.35-7.8"
E09000018,Hounslow,2014,wellbeing_worthwhile,7.78,ONS personal well-being estimates by local authority (time series v4),borough,"Worthwhile, mean rating 0-10, financial year 2014-15 assigned to start year; higher_is_better; 95% CI 7.54-8.02"
E09000018,Hounslow,2015,wellbeing_anxiety,3.13,ONS personal well-being estimates by local authority (time series v4),borough,"Anxiety, mean rating 0-10, financial year 2015-16 assigned to start year; higher_is_worse; 95% CI 2.77-3.5"
E09000018,Hounslow,2015,wellbeing_happiness,7.47,ONS personal well-being estimates by local authority (time series v4),borough,"Happiness, mean rating 0-10, financial year 2015-16 assigned to start year; higher_is_better; 95% CI 7.2-7.73"
E09000018,Hounslow,2015,wellbeing_life_satisfaction,7.54,ONS personal well-being estimates by local authority (time series v4),borough,"Life satisfaction, mean rating 0-10, financial year 2015-16 assigned to start year; higher_is_better; 95% CI 7.31-7.76"
E09000018,Hounslow,2015,wellbeing_worthwhile,7.73,ONS personal well-being estimates by local authority (time series v4),borough,"Worthwhile, mean rating 0-10, financial year 2015-16 assigned to start year; higher_is_better; 95% CI 7.52-7.94"
E09000018,Hounslow,2016,wellbeing_anxiety,2.79,ONS personal well-being estimates by local authority (time series v4),borough,"Anxiety, mean rating 0-10, financial year 2016-17 assigned to start year; higher_is_worse; 95% CI 2.41-3.17"
E09000018,Hounslow,2016,wellbeing_happiness,7.91,ONS personal well-being estimates by local authority (time series v4),borough,"Happiness, mean rating 0-10, financial year 2016-17 assigned to start year; higher_is_better; 95% CI 7.64-8.18"
E09000018,Hounslow,2016,wellbeing_life_satisfaction,7.96,ONS personal well-being estimates by local authority (time series v4),borough,"Life satisfaction, mean rating 0-10, financial year 2016-17 assigned to start year; higher_is_better; 95% CI 7.71-8.2"
E09000018,Hounslow,2016,wellbeing_worthwhile,8.04,ONS personal well-being estimates by local authority (time series v4),borough,"Worthwhile, mean rating 0-10, financial year 2016-17 assigned to start year; higher_is_better; 95% CI 7.81-8.27"
E09000018,Hounslow,2017,wellbeing_anxiety,3.27,ONS personal well-being estimates by local authority (time series v4),borough,"Anxiety, mean rating 0-10, financial year 2017-18 assigned to start year; higher_is_worse; 95% CI 2.76-3.79"
E09000018,Hounslow,2017,wellbeing_happiness,7.42,ONS personal well-being estimates by local authority (time series v4),borough,"Happiness, mean rating 0-10, financial year 2017-18 assigned to start year; higher_is_better; 95% CI 7.11-7.73"
E09000018,Hounslow,2017,wellbeing_life_satisfaction,7.34,ONS personal well-being estimates by local authority (time series v4),borough,"Life satisfaction, mean rating 0-10, financial year 2017-18 assigned to start year; higher_is_better; 95% CI 7.08-7.61"
E09000018,Hounslow,2017,wellbeing_worthwhile,7.65,ONS personal well-being estimates by local authority (time series v4),borough,"Worthwhile, mean rating 0-10, financial year 2017-18 assigned to start year; higher_is_better; 95% CI 7.34-7.96"
E09000018,Hounslow,2018,wellbeing_anxiety,3.14,ONS personal well-being estimates by local authority (time series v4),borough,"Anxiety, mean rating 0-10, financial year 2018-19 assigned to start year; higher_is_worse; 95% CI 2.72-3.57"
E09000018,Hounslow,2018,wellbeing_happiness,7.73,ONS personal well-being estimates by local authority (time series v4),borough,"Happiness, mean rating 0-10, financial year 2018-19 assigned to start year; higher_is_better; 95% CI 7.37-8.1"
E09000018,Hounslow,2018,wellbeing_life_satisfaction,7.85,ONS personal well-being estimates by local authority (time series v4),borough,"Life satisfaction, mean rating 0-10, financial year 2018-19 assigned to start year; higher_is_better; 95% CI 7.55-8.14"
E09000018,Hounslow,2018,wellbeing_worthwhile,7.99,ONS personal well-being estimates by local authority (time series v4),borough,"Worthwhile, mean rating 0-10, financial year 2018-19 assigned to start year; higher_is_better; 95% CI 7.79-8.2"
E09000018,Hounslow,2019,wellbeing_anxiety,3.14,ONS personal well-being estimates by local authority (time series v4),borough,"Anxiety, mean rating 0-10, financial year 2019-20 assigned to start year; higher_is_worse; 95% CI 2.69-3.6"
E09000018,Hounslow,2019,wellbeing_happiness,7.31,ONS personal well-being estimates by local authority (time series v4),borough,"Happiness, mean rating 0-10, financial year 2019-20 assigned to start year; higher_is_better; 95% CI 6.85-7.77"
E09000018,Hounslow,2019,wellbeing_life_satisfaction,7.75,ONS personal well-being estimates by local authority (time series v4),borough,"Life satisfaction, mean rating 0-10, financial year 2019-20 assigned to start year; higher_is_better; 95% CI 7.48-8.02"
E09000018,Hounslow,2019,wellbeing_worthwhile,7.83,ONS personal well-being estimates by local authority (time series v4),borough,"Worthwhile, mean rating 0-10, financial year 2019-20 assigned to start year; higher_is_better; 95% CI 7.58-8.08"
E09000018,Hounslow,2020,wellbeing_anxiety,3.62,ONS personal well-being estimates by local authority (time series v4),borough,"Anxiety, mean rating 0-10, financial year 2020-21 assigned to start year; higher_is_worse; 95% CI 3.18-4.07"
E09000018,Hounslow,2020,wellbeing_happiness,7.34,ONS personal well-being estimates by local authority (time series v4),borough,"Happiness, mean rating 0-10, financial year 2020-21 assigned to start year; higher_is_better; 95% CI 6.95-7.73"
E09000018,Hounslow,2020,wellbeing_life_satisfaction,7.55,ONS personal well-being estimates by local authority (time series v4),borough,"Life satisfaction, mean rating 0-10, financial year 2020-21 assigned to start year; higher_is_better; 95% CI 7.2-7.91"
E09000018,Hounslow,2020,wellbeing_worthwhile,7.64,ONS personal well-being estimates by local authority (time series v4),borough,"Worthwhile, mean rating 0-10, financial year 2020-21 assigned to start year; higher_is_better; 95% CI 7.38-7.91"
E09000018,Hounslow,2021,wellbeing_anxiety,3.38,ONS personal well-being estimates by local authority (time series v4),borough,"Anxiety, mean rating 0-10, financial year 2021-22 assigned to start year; higher_is_worse; 95% CI 2.83-3.92"
E09000018,Hounslow,2021,wellbeing_happiness,7.48,ONS personal well-being estimates by local authority (time series v4),borough,"Happiness, mean rating 0-10, financial year 2021-22 assigned to start year; higher_is_better; 95% CI 6.98-7.97"
E09000018,Hounslow,2021,wellbeing_life_satisfaction,7.4,ONS personal well-being estimates by local authority (time series v4),borough,"Life satisfaction, mean rating 0-10, financial year 2021-22 assigned to start year; higher_is_better; 95% CI 6.98-7.83"
E09000018,Hounslow,2021,wellbeing_worthwhile,7.81,ONS personal well-being estimates by local authority (time series v4),borough,"Worthwhile, mean rating 0-10, financial year 2021-22 assigned to start year; higher_is_better; 95% CI 7.52-8.1"
E09000018,Hounslow,2022,wellbeing_anxiety,3.42,ONS personal well-being estimates by local authority (time series v4),borough,"Anxiety, mean rating 0-10, financial year 2022-23 assigned to start year; higher_is_worse; 95% CI 2.91-3.92"
E09000018,Hounslow,2022,wellbeing_happiness,7.49,ONS personal well-being estimates by local authority (time series v4),borough,"Happiness, mean rating 0-10, financial year 2022-23 assigned to start year; higher_is_better; 95% CI 7.11-7.87"
E09000018,Hounslow,2022,wellbeing_life_satisfaction,7.62,ONS personal well-being estimates by local authority (time series v4),borough,"Life satisfaction, mean rating 0-10, financial year 2022-23 assigned to start year; higher_is_better; 95% CI 7.33-7.91"
E09000018,Hounslow,2022,wellbeing_worthwhile,7.71,ONS personal well-being estimates by local authority (time series v4),borough,"Worthwhile, mean rating 0-10, financial year 2022-23 assigned to start year; higher_is_better; 95% CI 7.44-7.99"
E09000019,Islington,2011,wellbeing_anxiety,3.66,ONS personal well-being estimates by local authority (time series v4),borough,"Anxiety, mean rating 0-10, financial year 2011-12 assigned to start year; higher_is_worse; 95% CI 3.38-3.94"
E09000019,Islington,2011,wellbeing_happiness,7.14,ONS personal well-being estimates by local authority (time series v4),borough,"Happiness, mean rating 0-10, financial year 2011-12 assigned to start year; higher_is_better; 95% CI 6.91-7.37"
E09000019,Islington,2011,wellbeing_life_satisfaction,7.09,ONS personal well-being estimates by local authority (time series v4),borough,"Life satisfaction, mean rating 0-10, financial year 2011-12 assigned to start year; higher_is_better; 95% CI 6.88-7.3"
E09000019,Islington,2011,wellbeing_worthwhile,7.31,ONS personal well-being estimates by local authority (time series v4),borough,"Worthwhile, mean rating 0-10, financial year 2011-12 assigned to start year; higher_is_better; 95% CI 7.1-7.52"
E09000019,Islington,2012,wellbeing_anxiety,3.68,ONS personal well-being estimates by local authority (time series v4),borough,"Anxiety, mean rating 0-10, financial year 2012-13 assigned to start year; higher_is_worse; 95% CI 3.35-4.02"
E09000019,Islington,2012,wellbeing_happiness,6.91,ONS personal well-being estimates by local authority (time series v4),borough,"Happiness, mean rating 0-10, financial year 2012-13 assigned to start year; higher_is_better; 95% CI 6.67-7.14"
E09000019,Islington,2012,wellbeing_life_satisfaction,7.14,ONS personal well-being estimates by local authority (time series v4),borough,"Life satisfaction, mean rating 0-10, financial year 2012-13 assigned to start year; higher_is_better; 95% CI 6.95-7.33"
E09000019,Islington,2012,wellbeing_worthwhile,7.27,ONS personal well-being estimates by local authority (time series v4),borough,"Worthwhile, mean rating 0-10, financial year 2012-13 assigned to start year; higher_is_better; 95% CI 7.05-7.48"
E09000019,Islington,2013,wellbeing_anxiety,3.45,ONS personal well-being estimates by local authority (time series v4),borough,"Anxiety, mean rating 0-10, financial year 2013-14 assigned to start year; higher_is_worse; 95% CI 3.14-3.77"
E09000019,Islington,2013,wellbeing_happiness,7.2,ONS personal well-being estimates by local authority (time series v4),borough,"Happiness, mean rating 0-10, financial year 2013-14 assigned to start year; higher_is_better; 95% CI 6.95-7.44"
E09000019,Islington,2013,wellbeing_life_satisfaction,7.35,ONS personal well-being estimates by local authority (time series v4),borough,"Life satisfaction, mean rating 0-10, financial year 2013-14 assigned to start year; higher_is_better; 95% CI 7.14-7.56"
E09000019,Islington,2013,wellbeing_worthwhile,7.65,ONS personal well-being estimates by local authority (time series v4),borough,"Worthwhile, mean rating 0-10, financial year 2013-14 assigned to start year; higher_is_better; 95% CI 7.46-7.85"
E09000019,Islington,2014,wellbeing_anxiety,3.27,ONS personal well-being estimates by local authority (time series v4),borough,"Anxiety, mean rating 0-10, financial year 2014-15 assigned to start year; higher_is_worse; 95% CI 2.92-3.62"
E09000019,Islington,2014,wellbeing_happiness,7.18,ONS personal well-being estimates by local authority (time series v4),borough,"Happiness, mean rating 0-10, financial year 2014-15 assigned to start year; higher_is_better; 95% CI 6.96-7.4"
E09000019,Islington,2014,wellbeing_life_satisfaction,7.36,ONS personal well-being estimates by local authority (time series v4),borough,"Life satisfaction, mean rating 0-10, financial year 2014-15 assigned to start year; higher_is_better; 95% CI 7.19-7.53"
E09000019,Islington,2014,wellbeing_worthwhile,7.52,ONS personal well-being estimates by local authority (time series v4),borough,"Worthwhile, mean rating 0-10, financial year 2014-15 assigned to start year; higher_is_better; 95% CI 7.31-7.72"
E09000019,Islington,2015,wellbeing_anxiety,3.42,ONS personal well-being estimates by local authority (time series v4),borough,"Anxiety, mean rating 0-10, financial year 2015-16 assigned to start year; higher_is_worse; 95% CI 3.12-3.71"
E09000019,Islington,2015,wellbeing_happiness,7.11,ONS personal well-being estimates by local authority (time series v4),borough,"Happiness, mean rating 0-10, financial year 2015-16 assigned to start year; higher_is_better; 95% CI 6.9-7.31"
E09000019,Islington,2015,wellbeing_life_satisfaction,7.29,ONS personal well-being estimates by local authority (time series v4),borough,"Life satisfaction, mean rating 0-10, financial year 2015-16 assigned to start year; higher_is_better; 95% CI 7.09-7.48"
E09000019,Islington,2015,wellbeing_worthwhile,7.38,ONS personal well-being estimates by local authority (time series v4),borough,"Worthwhile, mean rating 0-10, financial year 2015-16 assigned to start year; higher_is_better; 95% CI 7.18-7.57"
E09000019,Islington,2016,wellbeing_anxiety,3.26,ONS personal well-being estimates by local authority (time series v4),borough,"Anxiety, mean rating 0-10, financial year 2016-17 assigned to start year; higher_is_worse; 95% CI 2.94-3.58"
E09000019,Islington,2016,wellbeing_happiness,7.31,ONS personal well-being estimates by local authority (time series v4),borough,"Happiness, mean rating 0-10, financial year 2016-17 assigned to start year; higher_is_better; 95% CI 7.07-7.55"
E09000019,Islington,2016,wellbeing_life_satisfaction,7.38,ONS personal well-being estimates by local authority (time series v4),borough,"Life satisfaction, mean rating 0-10, financial year 2016-17 assigned to start year; higher_is_better; 95% CI 7.18-7.57"
E09000019,Islington,2016,wellbeing_worthwhile,7.43,ONS personal well-being estimates by local authority (time series v4),borough,"Worthwhile, mean rating 0-10, financial year 2016-17 assigned to start year; higher_is_better; 95% CI 7.25-7.62"
E09000019,Islington,2017,wellbeing_anxiety,3.35,ONS personal well-being estimates by local authority (time series v4),borough,"Anxiety, mean rating 0-10, financial year 2017-18 assigned to start year; higher_is_worse; 95% CI 3.03-3.67"
E09000019,Islington,2017,wellbeing_happiness,7.26,ONS personal well-being estimates by local authority (time series v4),borough,"Happiness, mean rating 0-10, financial year 2017-18 assigned to start year; higher_is_better; 95% CI 7.07-7.46"
E09000019,Islington,2017,wellbeing_life_satisfaction,7.38,ONS personal well-being estimates by local authority (time series v4),borough,"Life satisfaction, mean rating 0-10, financial year 2017-18 assigned to start year; higher_is_better; 95% CI 7.22-7.54"
E09000019,Islington,2017,wellbeing_worthwhile,7.49,ONS personal well-being estimates by local authority (time series v4),borough,"Worthwhile, mean rating 0-10, financial year 2017-18 assigned to start year; higher_is_better; 95% CI 7.3-7.67"
E09000019,Islington,2018,wellbeing_anxiety,3.23,ONS personal well-being estimates by local authority (time series v4),borough,"Anxiety, mean rating 0-10, financial year 2018-19 assigned to start year; higher_is_worse; 95% CI 2.86-3.59"
E09000019,Islington,2018,wellbeing_happiness,7.3,ONS personal well-being estimates by local authority (time series v4),borough,"Happiness, mean rating 0-10, financial year 2018-19 assigned to start year; higher_is_better; 95% CI 7.04-7.55"
E09000019,Islington,2018,wellbeing_life_satisfaction,7.51,ONS personal well-being estimates by local authority (time series v4),borough,"Life satisfaction, mean rating 0-10, financial year 2018-19 assigned to start year; higher_is_better; 95% CI 7.32-7.69"
E09000019,Islington,2018,wellbeing_worthwhile,7.59,ONS personal well-being estimates by local authority (time series v4),borough,"Worthwhile, mean rating 0-10, financial year 2018-19 assigned to start year; higher_is_better; 95% CI 7.38-7.79"
E09000019,Islington,2019,wellbeing_anxiety,3.3,ONS personal well-being estimates by local authority (time series v4),borough,"Anxiety, mean rating 0-10, financial year 2019-20 assigned to start year; higher_is_worse; 95% CI 2.96-3.64"
E09000019,Islington,2019,wellbeing_happiness,7.13,ONS personal well-being estimates by local authority (time series v4),borough,"Happiness, mean rating 0-10, financial year 2019-20 assigned to start year; higher_is_better; 95% CI 6.89-7.37"
E09000019,Islington,2019,wellbeing_life_satisfaction,7.37,ONS personal well-being estimates by local authority (time series v4),borough,"Life satisfaction, mean rating 0-10, financial year 2019-20 assigned to start year; higher_is_better; 95% CI 7.15-7.59"
E09000019,Islington,2019,wellbeing_worthwhile,7.47,ONS personal well-being estimates by local authority (time series v4),borough,"Worthwhile, mean rating 0-10, financial year 2019-20 assigned to start year; higher_is_better; 95% CI 7.26-7.68"
E09000019,Islington,2020,wellbeing_anxiety,3.75,ONS personal well-being estimates by local authority (time series v4),borough,"Anxiety, mean rating 0-10, financial year 2020-21 assigned to start year; higher_is_worse; 95% CI 3.25-4.25"
E09000019,Islington,2020,wellbeing_happiness,6.85,ONS personal well-being estimates by local authority (time series v4),borough,"Happiness, mean rating 0-10, financial year 2020-21 assigned to start year; higher_is_better; 95% CI 6.45-7.26"
E09000019,Islington,2020,wellbeing_life_satisfaction,6.99,ONS personal well-being estimates by local authority (time series v4),borough,"Life satisfaction, mean rating 0-10, financial year 2020-21 assigned to start year; higher_is_better; 95% CI 6.66-7.32"
E09000019,Islington,2020,wellbeing_worthwhile,7.32,ONS personal well-being estimates by local authority (time series v4),borough,"Worthwhile, mean rating 0-10, financial year 2020-21 assigned to start year; higher_is_better; 95% CI 7-7.63"
E09000019,Islington,2021,wellbeing_anxiety,3.19,ONS personal well-being estimates by local authority (time series v4),borough,"Anxiety, mean rating 0-10, financial year 2021-22 assigned to start year; higher_is_worse; 95% CI 2.69-3.69"
E09000019,Islington,2021,wellbeing_happiness,7.17,ONS personal well-being estimates by local authority (time series v4),borough,"Happiness, mean rating 0-10, financial year 2021-22 assigned to start year; higher_is_better; 95% CI 6.76-7.58"
E09000019,Islington,2021,wellbeing_life_satisfaction,7.3,ONS personal well-being estimates by local authority (time series v4),borough,"Life satisfaction, mean rating 0-10, financial year 2021-22 assigned to start year; higher_is_better; 95% CI 6.96-7.63"
E09000019,Islington,2021,wellbeing_worthwhile,7.58,ONS personal well-being estimates by local authority (time series v4),borough,"Worthwhile, mean rating 0-10, financial year 2021-22 assigned to start year; higher_is_better; 95% CI 7.31-7.86"
E09000019,Islington,2022,wellbeing_anxiety,3.8,ONS personal well-being estimates by local authority (time series v4),borough,"Anxiety, mean rating 0-10, financial year 2022-23 assigned to start year; higher_is_worse; 95% CI 3.22-4.39"
E09000019,Islington,2022,wellbeing_happiness,7.2,ONS personal well-being estimates by local authority (time series v4),borough,"Happiness, mean rating 0-10, financial year 2022-23 assigned to start year; higher_is_better; 95% CI 6.86-7.55"
E09000019,Islington,2022,wellbeing_life_satisfaction,7.25,ONS personal well-being estimates by local authority (time series v4),borough,"Life satisfaction, mean rating 0-10, financial year 2022-23 assigned to start year; higher_is_better; 95% CI 6.97-7.54"
E09000019,Islington,2022,wellbeing_worthwhile,7.31,ONS personal well-being estimates by local authority (time series v4),borough,"Worthwhile, mean rating 0-10, financial year 2022-23 assigned to start year; higher_is_better; 95% CI 7.02-7.6"
E09000020,Kensington and Chelsea,2011,wellbeing_anxiety,3.2,ONS personal well-being estimates by local authority (time series v4),borough,"Anxiety, mean rating 0-10, financial year 2011-12 assigned to start year; higher_is_worse; 95% CI 2.93-3.48"
E09000020,Kensington and Chelsea,2011,wellbeing_happiness,7.49,ONS personal well-being estimates by local authority (time series v4),borough,"Happiness, mean rating 0-10, financial year 2011-12 assigned to start year; higher_is_better; 95% CI 7.31-7.66"
E09000020,Kensington and Chelsea,2011,wellbeing_life_satisfaction,7.57,ONS personal well-being estimates by local authority (time series v4),borough,"Life satisfaction, mean rating 0-10, financial year 2011-12 assigned to start year; higher_is_better; 95% CI 7.41-7.73"
E09000020,Kensington and Chelsea,2011,wellbeing_worthwhile,7.69,ONS personal well-being estimates by local authority (time series v4),borough,"Worthwhile, mean rating 0-10, financial year 2011-12 assigned to start year; higher_is_better; 95% CI 7.52-7.87"
E09000020,Kensington and Chelsea,2012,wellbeing_anxiety,3,ONS personal well-being estimates by local authority (time series v4),borough,"Anxiety, mean rating 0-10, financial year 2012-13 assigned to start year; higher_is_worse; 95% CI 2.76-3.25"
E09000020,Kensington and Chelsea,2012,wellbeing_happiness,7.56,ONS personal well-being estimates by local authority (time series v4),borough,"Happiness, mean rating 0-10, financial year 2012-13 assigned to start year; higher_is_better; 95% CI 7.38-7.75"
E09000020,Kensington and Chelsea,2012,wellbeing_life_satisfaction,7.7,ONS personal well-being estimates by local authority (time series v4),borough,"Life satisfaction, mean rating 0-10, financial year 2012-13 assigned to start year; higher_is_better; 95% CI 7.55-7.86"
E09000020,Kensington and Chelsea,2012,wellbeing_worthwhile,7.94,ONS personal well-being estimates by local authority (time series v4),borough,"Worthwhile, mean rating 0-10, financial year 2012-13 assigned to start year; higher_is_better; 95% CI 7.79-8.09"
E09000020,Kensington and Chelsea,2013,wellbeing_anxiety,3.14,ONS personal well-being estimates by local authority (time series v4),borough,"Anxiety, mean rating 0-10, financial year 2013-14 assigned to start year; higher_is_worse; 95% CI 2.88-3.41"
E09000020,Kensington and Chelsea,2013,wellbeing_happiness,7.61,ONS personal well-being estimates by local authority (time series v4),borough,"Happiness, mean rating 0-10, financial year 2013-14 assigned to start year; higher_is_better; 95% CI 7.44-7.78"
E09000020,Kensington and Chelsea,2013,wellbeing_life_satisfaction,7.67,ONS personal well-being estimates by local authority (time series v4),borough,"Life satisfaction, mean rating 0-10, financial year 2013-14 assigned to start year; higher_is_better; 95% CI 7.52-7.83"
E09000020,Kensington and Chelsea,2013,wellbeing_worthwhile,7.91,ONS personal well-being estimates by local authority (time series v4),borough,"Worthwhile, mean rating 0-10, financial year 2013-14 assigned to start year; higher_is_better; 95% CI 7.75-8.06"
E09000020,Kensington and Chelsea,2014,wellbeing_anxiety,3.21,ONS personal well-being estimates by local authority (time series v4),borough,"Anxiety, mean rating 0-10, financial year 2014-15 assigned to start year; higher_is_worse; 95% CI 2.96-3.46"
E09000020,Kensington and Chelsea,2014,wellbeing_happiness,7.4,ONS personal well-being estimates by local authority (time series v4),borough,"Happiness, mean rating 0-10, financial year 2014-15 assigned to start year; higher_is_better; 95% CI 7.17-7.64"
E09000020,Kensington and Chelsea,2014,wellbeing_life_satisfaction,7.65,ONS personal well-being estimates by local authority (time series v4),borough,"Life satisfaction, mean rating 0-10, financial year 2014-15 assigned to start year; higher_is_better; 95% CI 7.48-7.83"
E09000020,Kensington and Chelsea,2014,wellbeing_worthwhile,7.79,ONS personal well-being estimates by local authority (time series v4),borough,"Worthwhile, mean rating 0-10, financial year 2014-15 assigned to start year; higher_is_better; 95% CI 7.64-7.95"
E09000020,Kensington and Chelsea,2015,wellbeing_anxiety,3.38,ONS personal well-being estimates by local authority (time series v4),borough,"Anxiety, mean rating 0-10, financial year 2015-16 assigned to start year; higher_is_worse; 95% CI 3.12-3.64"
E09000020,Kensington and Chelsea,2015,wellbeing_happiness,7.6,ONS personal well-being estimates by local authority (time series v4),borough,"Happiness, mean rating 0-10, financial year 2015-16 assigned to start year; higher_is_better; 95% CI 7.42-7.77"
E09000020,Kensington and Chelsea,2015,wellbeing_life_satisfaction,7.78,ONS personal well-being estimates by local authority (time series v4),borough,"Life satisfaction, mean rating 0-10, financial year 2015-16 assigned to start year; higher_is_better; 95% CI 7.65-7.92"
E09000020,Kensington and Chelsea,2015,wellbeing_worthwhile,7.89,ONS personal well-being estimates by local authority (time series v4),borough,"Worthwhile, mean rating 0-10, financial year 2015-16 assigned to start year; higher_is_better; 95% CI 7.75-8.04"
E09000020,Kensington and Chelsea,2016,wellbeing_anxiety,3.29,ONS personal well-being estimates by local authority (time series v4),borough,"Anxiety, mean rating 0-10, financial year 2016-17 assigned to start year; higher_is_worse; 95% CI 2.98-3.61"
E09000020,Kensington and Chelsea,2016,wellbeing_happiness,7.52,ONS personal well-being estimates by local authority (time series v4),borough,"Happiness, mean rating 0-10, financial year 2016-17 assigned to start year; higher_is_better; 95% CI 7.27-7.77"
E09000020,Kensington and Chelsea,2016,wellbeing_life_satisfaction,7.52,ONS personal well-being estimates by local authority (time series v4),borough,"Life satisfaction, mean rating 0-10, financial year 2016-17 assigned to start year; higher_is_better; 95% CI 7.3-7.74"
E09000020,Kensington and Chelsea,2016,wellbeing_worthwhile,7.74,ONS personal well-being estimates by local authority (time series v4),borough,"Worthwhile, mean rating 0-10, financial year 2016-17 assigned to start year; higher_is_better; 95% CI 7.54-7.93"
E09000020,Kensington and Chelsea,2017,wellbeing_anxiety,3.71,ONS personal well-being estimates by local authority (time series v4),borough,"Anxiety, mean rating 0-10, financial year 2017-18 assigned to start year; higher_is_worse; 95% CI 3.3-4.12"
E09000020,Kensington and Chelsea,2017,wellbeing_happiness,6.83,ONS personal well-being estimates by local authority (time series v4),borough,"Happiness, mean rating 0-10, financial year 2017-18 assigned to start year; higher_is_better; 95% CI 6.5-7.16"
E09000020,Kensington and Chelsea,2017,wellbeing_life_satisfaction,7.31,ONS personal well-being estimates by local authority (time series v4),borough,"Life satisfaction, mean rating 0-10, financial year 2017-18 assigned to start year; higher_is_better; 95% CI 7.1-7.53"
E09000020,Kensington and Chelsea,2017,wellbeing_worthwhile,7.55,ONS personal well-being estimates by local authority (time series v4),borough,"Worthwhile, mean rating 0-10, financial year 2017-18 assigned to start year; higher_is_better; 95% CI 7.34-7.75"
E09000020,Kensington and Chelsea,2018,wellbeing_anxiety,3.69,ONS personal well-being estimates by local authority (time series v4),borough,"Anxiety, mean rating 0-10, financial year 2018-19 assigned to start year; higher_is_worse; 95% CI 3.3-4.08"
E09000020,Kensington and Chelsea,2018,wellbeing_happiness,7.38,ONS personal well-being estimates by local authority (time series v4),borough,"Happiness, mean rating 0-10, financial year 2018-19 assigned to start year; higher_is_better; 95% CI 7.13-7.63"
E09000020,Kensington and Chelsea,2018,wellbeing_life_satisfaction,7.23,ONS personal well-being estimates by local authority (time series v4),borough,"Life satisfaction, mean rating 0-10, financial year 2018-19 assigned to start year; higher_is_better; 95% CI 7.03-7.43"
E09000020,Kensington and Chelsea,2018,wellbeing_worthwhile,7.46,ONS personal well-being estimates by local authority (time series v4),borough,"Worthwhile, mean rating 0-10, financial year 2018-19 assigned to start year; higher_is_better; 95% CI 7.23-7.7"
E09000020,Kensington and Chelsea,2019,wellbeing_anxiety,3.6,ONS personal well-being estimates by local authority (time series v4),borough,"Anxiety, mean rating 0-10, financial year 2019-20 assigned to start year; higher_is_worse; 95% CI 3.28-3.93"
E09000020,Kensington and Chelsea,2019,wellbeing_happiness,6.86,ONS personal well-being estimates by local authority (time series v4),borough,"Happiness, mean rating 0-10, financial year 2019-20 assigned to start year; higher_is_better; 95% CI 6.6-7.12"
E09000020,Kensington and Chelsea,2019,wellbeing_life_satisfaction,7.35,ONS personal well-being estimates by local authority (time series v4),borough,"Life satisfaction, mean rating 0-10, financial year 2019-20 assigned to start year; higher_is_better; 95% CI 7.16-7.54"
E09000020,Kensington and Chelsea,2019,wellbeing_worthwhile,7.57,ONS personal well-being estimates by local authority (time series v4),borough,"Worthwhile, mean rating 0-10, financial year 2019-20 assigned to start year; higher_is_better; 95% CI 7.37-7.78"
E09000020,Kensington and Chelsea,2020,wellbeing_anxiety,3.64,ONS personal well-being estimates by local authority (time series v4),borough,"Anxiety, mean rating 0-10, financial year 2020-21 assigned to start year; higher_is_worse; 95% CI 3.24-4.04"
E09000020,Kensington and Chelsea,2020,wellbeing_happiness,7.25,ONS personal well-being estimates by local authority (time series v4),borough,"Happiness, mean rating 0-10, financial year 2020-21 assigned to start year; higher_is_better; 95% CI 7-7.5"
E09000020,Kensington and Chelsea,2020,wellbeing_life_satisfaction,7.31,ONS personal well-being estimates by local authority (time series v4),borough,"Life satisfaction, mean rating 0-10, financial year 2020-21 assigned to start year; higher_is_better; 95% CI 7.08-7.54"
E09000020,Kensington and Chelsea,2020,wellbeing_worthwhile,7.59,ONS personal well-being estimates by local authority (time series v4),borough,"Worthwhile, mean rating 0-10, financial year 2020-21 assigned to start year; higher_is_better; 95% CI 7.36-7.82"
E09000020,Kensington and Chelsea,2021,wellbeing_anxiety,3.52,ONS personal well-being estimates by local authority (time series v4),borough,"Anxiety, mean rating 0-10, financial year 2021-22 assigned to start year; higher_is_worse; 95% CI 3.1-3.94"
E09000020,Kensington and Chelsea,2021,wellbeing_happiness,7.17,ONS personal well-being estimates by local authority (time series v4),borough,"Happiness, mean rating 0-10, financial year 2021-22 assigned to start year; higher_is_better; 95% CI 6.85-7.48"
E09000020,Kensington and Chelsea,2021,wellbeing_life_satisfaction,7.18,ONS personal well-being estimates by local authority (time series v4),borough,"Life satisfaction, mean rating 0-10, financial year 2021-22 assigned to start year; higher_is_better; 95% CI 6.91-7.45"
E09000020,Kensington and Chelsea,2021,wellbeing_worthwhile,7.54,ONS personal well-being estimates by local authority (time series v4),borough,"Worthwhile, mean rating 0-10, financial year 2021-22 assigned to start year; higher_is_better; 95% CI 7.23-7.84"
E09000020,Kensington and Chelsea,2022,wellbeing_anxiety,3.48,ONS personal well-being estimates by local authority (time series v4),borough,"Anxiety, mean rating 0-10, financial year 2022-23 assigned to start year; higher_is_worse; 95% CI 3.02-3.93"
E09000020,Kensington and Chelsea,2022,wellbeing_happiness,7.23,ONS personal well-being estimates by local authority (time series v4),borough,"Happiness, mean rating 0-10, financial year 2022-23 assigned to start year; higher_is_better; 95% CI 6.76-7.69"
E09000020,Kensington and Chelsea,2022,wellbeing_life_satisfaction,7.24,ONS personal well-being estimates by local authority (time series v4),borough,"Life satisfaction, mean rating 0-10, financial year 2022-23 assigned to start year; higher_is_better; 95% CI 6.86-7.63"
E09000020,Kensington and Chelsea,2022,wellbeing_worthwhile,7.68,ONS personal well-being estimates by local authority (time series v4),borough,"Worthwhile, mean rating 0-10, financial year 2022-23 assigned to start year; higher_is_better; 95% CI 7.31-8.05"
E09000021,Kingston upon Thames,2011,wellbeing_anxiety,3.5,ONS personal well-being estimates by local authority (time series v4),borough,"Anxiety, mean rating 0-10, financial year 2011-12 assigned to start year; higher_is_worse; 95% CI 3.17-3.82"
E09000021,Kingston upon Thames,2011,wellbeing_happiness,7.27,ONS personal well-being estimates by local authority (time series v4),borough,"Happiness, mean rating 0-10, financial year 2011-12 assigned to start year; higher_is_better; 95% CI 7.05-7.49"
E09000021,Kingston upon Thames,2011,wellbeing_life_satisfaction,7.33,ONS personal well-being estimates by local authority (time series v4),borough,"Life satisfaction, mean rating 0-10, financial year 2011-12 assigned to start year; higher_is_better; 95% CI 7.14-7.53"
E09000021,Kingston upon Thames,2011,wellbeing_worthwhile,7.66,ONS personal well-being estimates by local authority (time series v4),borough,"Worthwhile, mean rating 0-10, financial year 2011-12 assigned to start year; higher_is_better; 95% CI 7.43-7.89"
E09000021,Kingston upon Thames,2012,wellbeing_anxiety,3.34,ONS personal well-being estimates by local authority (time series v4),borough,"Anxiety, mean rating 0-10, financial year 2012-13 assigned to start year; higher_is_worse; 95% CI 2.84-3.84"
E09000021,Kingston upon Thames,2012,wellbeing_happiness,7.1,ONS personal well-being estimates by local authority (time series v4),borough,"Happiness, mean rating 0-10, financial year 2012-13 assigned to start year; higher_is_better; 95% CI 6.77-7.42"
E09000021,Kingston upon Thames,2012,wellbeing_life_satisfaction,7.17,ONS personal well-being estimates by local authority (time series v4),borough,"Life satisfaction, mean rating 0-10, financial year 2012-13 assigned to start year; higher_is_better; 95% CI 6.76-7.58"
E09000021,Kingston upon Thames,2012,wellbeing_worthwhile,7.43,ONS personal well-being estimates by local authority (time series v4),borough,"Worthwhile, mean rating 0-10, financial year 2012-13 assigned to start year; higher_is_better; 95% CI 7.22-7.64"
E09000021,Kingston upon Thames,2013,wellbeing_anxiety,3.07,ONS personal well-being estimates by local authority (time series v4),borough,"Anxiety, mean rating 0-10, financial year 2013-14 assigned to start year; higher_is_worse; 95% CI 2.75-3.39"
E09000021,Kingston upon Thames,2013,wellbeing_happiness,7.57,ONS personal well-being estimates by local authority (time series v4),borough,"Happiness, mean rating 0-10, financial year 2013-14 assigned to start year; higher_is_better; 95% CI 7.33-7.82"
E09000021,Kingston upon Thames,2013,wellbeing_life_satisfaction,7.43,ONS personal well-being estimates by local authority (time series v4),borough,"Life satisfaction, mean rating 0-10, financial year 2013-14 assigned to start year; higher_is_better; 95% CI 7.21-7.65"
E09000021,Kingston upon Thames,2013,wellbeing_worthwhile,7.74,ONS personal well-being estimates by local authority (time series v4),borough,"Worthwhile, mean rating 0-10, financial year 2013-14 assigned to start year; higher_is_better; 95% CI 7.55-7.93"
E09000021,Kingston upon Thames,2014,wellbeing_anxiety,3.2,ONS personal well-being estimates by local authority (time series v4),borough,"Anxiety, mean rating 0-10, financial year 2014-15 assigned to start year; higher_is_worse; 95% CI 2.91-3.49"
E09000021,Kingston upon Thames,2014,wellbeing_happiness,7.48,ONS personal well-being estimates by local authority (time series v4),borough,"Happiness, mean rating 0-10, financial year 2014-15 assigned to start year; higher_is_better; 95% CI 7.26-7.7"
E09000021,Kingston upon Thames,2014,wellbeing_life_satisfaction,7.52,ONS personal well-being estimates by local authority (time series v4),borough,"Life satisfaction, mean rating 0-10, financial year 2014-15 assigned to start year; higher_is_better; 95% CI 7.34-7.7"
E09000021,Kingston upon Thames,2014,wellbeing_worthwhile,7.75,ONS personal well-being estimates by local authority (time series v4),borough,"Worthwhile, mean rating 0-10, financial year 2014-15 assigned to start year; higher_is_better; 95% CI 7.58-7.92"
E09000021,Kingston upon Thames,2015,wellbeing_anxiety,3.03,ONS personal well-being estimates by local authority (time series v4),borough,"Anxiety, mean rating 0-10, financial year 2015-16 assigned to start year; higher_is_worse; 95% CI 2.71-3.35"
E09000021,Kingston upon Thames,2015,wellbeing_happiness,7.59,ONS personal well-being estimates by local authority (time series v4),borough,"Happiness, mean rating 0-10, financial year 2015-16 assigned to start year; higher_is_better; 95% CI 7.32-7.87"
E09000021,Kingston upon Thames,2015,wellbeing_life_satisfaction,7.71,ONS personal well-being estimates by local authority (time series v4),borough,"Life satisfaction, mean rating 0-10, financial year 2015-16 assigned to start year; higher_is_better; 95% CI 7.5-7.93"
E09000021,Kingston upon Thames,2015,wellbeing_worthwhile,7.85,ONS personal well-being estimates by local authority (time series v4),borough,"Worthwhile, mean rating 0-10, financial year 2015-16 assigned to start year; higher_is_better; 95% CI 7.62-8.07"
E09000021,Kingston upon Thames,2016,wellbeing_anxiety,3.2,ONS personal well-being estimates by local authority (time series v4),borough,"Anxiety, mean rating 0-10, financial year 2016-17 assigned to start year; higher_is_worse; 95% CI 2.84-3.55"
E09000021,Kingston upon Thames,2016,wellbeing_happiness,7.58,ONS personal well-being estimates by local authority (time series v4),borough,"Happiness, mean rating 0-10, financial year 2016-17 assigned to start year; higher_is_better; 95% CI 7.34-7.82"
E09000021,Kingston upon Thames,2016,wellbeing_life_satisfaction,7.69,ONS personal well-being estimates by local authority (time series v4),borough,"Life satisfaction, mean rating 0-10, financial year 2016-17 assigned to start year; higher_is_better; 95% CI 7.46-7.91"
E09000021,Kingston upon Thames,2016,wellbeing_worthwhile,7.9,ONS personal well-being estimates by local authority (time series v4),borough,"Worthwhile, mean rating 0-10, financial year 2016-17 assigned to start year; higher_is_better; 95% CI 7.71-8.1"
E09000021,Kingston upon Thames,2017,wellbeing_anxiety,3.04,ONS personal well-being estimates by local authority (time series v4),borough,"Anxiety, mean rating 0-10, financial year 2017-18 assigned to start year; higher_is_worse; 95% CI 2.75-3.33"
E09000021,Kingston upon Thames,2017,wellbeing_happiness,7.31,ONS personal well-being estimates by local authority (time series v4),borough,"Happiness, mean rating 0-10, financial year 2017-18 assigned to start year; higher_is_better; 95% CI 7.09-7.54"
E09000021,Kingston upon Thames,2017,wellbeing_life_satisfaction,7.6,ONS personal well-being estimates by local authority (time series v4),borough,"Life satisfaction, mean rating 0-10, financial year 2017-18 assigned to start year; higher_is_better; 95% CI 7.41-7.78"
E09000021,Kingston upon Thames,2017,wellbeing_worthwhile,7.85,ONS personal well-being estimates by local authority (time series v4),borough,"Worthwhile, mean rating 0-10, financial year 2017-18 assigned to start year; higher_is_better; 95% CI 7.67-8.03"
E09000021,Kingston upon Thames,2018,wellbeing_anxiety,2.81,ONS personal well-being estimates by local authority (time series v4),borough,"Anxiety, mean rating 0-10, financial year 2018-19 assigned to start year; higher_is_worse; 95% CI 2.45-3.18"
E09000021,Kingston upon Thames,2018,wellbeing_happiness,7.59,ONS personal well-being estimates by local authority (time series v4),borough,"Happiness, mean rating 0-10, financial year 2018-19 assigned to start year; higher_is_better; 95% CI 7.36-7.83"
E09000021,Kingston upon Thames,2018,wellbeing_life_satisfaction,7.78,ONS personal well-being estimates by local authority (time series v4),borough,"Life satisfaction, mean rating 0-10, financial year 2018-19 assigned to start year; higher_is_better; 95% CI 7.6-7.96"
E09000021,Kingston upon Thames,2018,wellbeing_worthwhile,7.95,ONS personal well-being estimates by local authority (time series v4),borough,"Worthwhile, mean rating 0-10, financial year 2018-19 assigned to start year; higher_is_better; 95% CI 7.77-8.14"
E09000021,Kingston upon Thames,2019,wellbeing_anxiety,3.26,ONS personal well-being estimates by local authority (time series v4),borough,"Anxiety, mean rating 0-10, financial year 2019-20 assigned to start year; higher_is_worse; 95% CI 2.88-3.64"
E09000021,Kingston upon Thames,2019,wellbeing_happiness,7.24,ONS personal well-being estimates by local authority (time series v4),borough,"Happiness, mean rating 0-10, financial year 2019-20 assigned to start year; higher_is_better; 95% CI 6.96-7.51"
E09000021,Kingston upon Thames,2019,wellbeing_life_satisfaction,7.55,ONS personal well-being estimates by local authority (time series v4),borough,"Life satisfaction, mean rating 0-10, financial year 2019-20 assigned to start year; higher_is_better; 95% CI 7.33-7.76"
E09000021,Kingston upon Thames,2019,wellbeing_worthwhile,7.62,ONS personal well-being estimates by local authority (time series v4),borough,"Worthwhile, mean rating 0-10, financial year 2019-20 assigned to start year; higher_is_better; 95% CI 7.39-7.85"
E09000021,Kingston upon Thames,2020,wellbeing_anxiety,3.45,ONS personal well-being estimates by local authority (time series v4),borough,"Anxiety, mean rating 0-10, financial year 2020-21 assigned to start year; higher_is_worse; 95% CI 3.06-3.85"
E09000021,Kingston upon Thames,2020,wellbeing_happiness,7.25,ONS personal well-being estimates by local authority (time series v4),borough,"Happiness, mean rating 0-10, financial year 2020-21 assigned to start year; higher_is_better; 95% CI 6.99-7.51"
E09000021,Kingston upon Thames,2020,wellbeing_life_satisfaction,7.23,ONS personal well-being estimates by local authority (time series v4),borough,"Life satisfaction, mean rating 0-10, financial year 2020-21 assigned to start year; higher_is_better; 95% CI 6.99-7.47"
E09000021,Kingston upon Thames,2020,wellbeing_worthwhile,7.62,ONS personal well-being estimates by local authority (time series v4),borough,"Worthwhile, mean rating 0-10, financial year 2020-21 assigned to start year; higher_is_better; 95% CI 7.42-7.82"
E09000021,Kingston upon Thames,2021,wellbeing_anxiety,3.49,ONS personal well-being estimates by local authority (time series v4),borough,"Anxiety, mean rating 0-10, financial year 2021-22 assigned to start year; higher_is_worse; 95% CI 3.05-3.92"
E09000021,Kingston upon Thames,2021,wellbeing_happiness,7.34,ONS personal well-being estimates by local authority (time series v4),borough,"Happiness, mean rating 0-10, financial year 2021-22 assigned to start year; higher_is_better; 95% CI 7.06-7.61"
E09000021,Kingston upon Thames,2021,wellbeing_life_satisfaction,7.46,ONS personal well-being estimates by local authority (time series v4),borough,"Life satisfaction, mean rating 0-10, financial year 2021-22 assigned to start year; higher_is_better; 95% CI 7.24-7.69"
E09000021,Kingston upon Thames,2021,wellbeing_worthwhile,7.66,ONS personal well-being estimates by local authority (time series v4),borough,"Worthwhile, mean rating 0-10, financial year 2021-22 assigned to start year; higher_is_better; 95% CI 7.43-7.89"
E09000021,Kingston upon Thames,2022,wellbeing_anxiety,3.62,ONS personal well-being estimates by local authority (time series v4),borough,"Anxiety, mean rating 0-10, financial year 2022-23 assigned to start year; higher_is_worse; 95% CI 3.14-4.1"
E09000021,Kingston upon Thames,2022,wellbeing_happiness,7.25,ONS personal well-being estimates by local authority (time series v4),borough,"Happiness, mean rating 0-10, financial year 2022-23 assigned to start year; higher_is_better; 95% CI 6.89-7.6"
E09000021,Kingston upon Thames,2022,wellbeing_life_satisfaction,7.58,ONS personal well-being estimates by local authority (time series v4),borough,"Life satisfaction, mean rating 0-10, financial year 2022-23 assigned to start year; higher_is_better; 95% CI 7.32-7.84"
E09000021,Kingston upon Thames,2022,wellbeing_worthwhile,7.52,ONS personal well-being estimates by local authority (time series v4),borough,"Worthwhile, mean rating 0-10, financial year 2022-23 assigned to start year; higher_is_better; 95% CI 7.15-7.9"
E09000022,Lambeth,2011,wellbeing_anxiety,3.43,ONS personal well-being estimates by local authority (time series v4),borough,"Anxiety, mean rating 0-10, financial year 2011-12 assigned to start year; higher_is_worse; 95% CI 3.12-3.74"
E09000022,Lambeth,2011,wellbeing_happiness,7.16,ONS personal well-being estimates by local authority (time series v4),borough,"Happiness, mean rating 0-10, financial year 2011-12 assigned to start year; higher_is_better; 95% CI 6.93-7.38"
E09000022,Lambeth,2011,wellbeing_life_satisfaction,7.13,ONS personal well-being estimates by local authority (time series v4),borough,"Life satisfaction, mean rating 0-10, financial year 2011-12 assigned to start year; higher_is_better; 95% CI 6.92-7.33"
E09000022,Lambeth,2011,wellbeing_worthwhile,7.44,ONS personal well-being estimates by local authority (time series v4),borough,"Worthwhile, mean rating 0-10, financial year 2011-12 assigned to start year; higher_is_better; 95% CI 7.26-7.63"
E09000022,Lambeth,2012,wellbeing_anxiety,3.66,ONS personal well-being estimates by local authority (time series v4),borough,"Anxiety, mean rating 0-10, financial year 2012-13 assigned to start year; higher_is_worse; 95% CI 3.31-4.01"
E09000022,Lambeth,2012,wellbeing_happiness,7,ONS personal well-being estimates by local authority (time series v4),borough,"Happiness, mean rating 0-10, financial year 2012-13 assigned to start year; higher_is_better; 95% CI 6.75-7.25"
E09000022,Lambeth,2012,wellbeing_life_satisfaction,7.08,ONS personal well-being estimates by local authority (time series v4),borough,"Life satisfaction, mean rating 0-10, financial year 2012-13 assigned to start year; higher_is_better; 95% CI 6.85-7.31"
E09000022,Lambeth,2012,wellbeing_worthwhile,7.39,ONS personal well-being estimates by local authority (time series v4),borough,"Worthwhile, mean rating 0-10, financial year 2012-13 assigned to start year; higher_is_better; 95% CI 7.18-7.6"
E09000022,Lambeth,2013,wellbeing_anxiety,3.42,ONS personal well-being estimates by local authority (time series v4),borough,"Anxiety, mean rating 0-10, financial year 2013-14 assigned to start year; higher_is_worse; 95% CI 3.08-3.77"
E09000022,Lambeth,2013,wellbeing_happiness,7.17,ONS personal well-being estimates by local authority (time series v4),borough,"Happiness, mean rating 0-10, financial year 2013-14 assigned to start year; higher_is_better; 95% CI 6.91-7.43"
E09000022,Lambeth,2013,wellbeing_life_satisfaction,7.01,ONS personal well-being estimates by local authority (time series v4),borough,"Life satisfaction, mean rating 0-10, financial year 2013-14 assigned to start year; higher_is_better; 95% CI 6.79-7.23"
E09000022,Lambeth,2013,wellbeing_worthwhile,7.36,ONS personal well-being estimates by local authority (time series v4),borough,"Worthwhile, mean rating 0-10, financial year 2013-14 assigned to start year; higher_is_better; 95% CI 7.14-7.58"
E09000022,Lambeth,2014,wellbeing_anxiety,3.12,ONS personal well-being estimates by local authority (time series v4),borough,"Anxiety, mean rating 0-10, financial year 2014-15 assigned to start year; higher_is_worse; 95% CI 2.79-3.45"
E09000022,Lambeth,2014,wellbeing_happiness,7.29,ONS personal well-being estimates by local authority (time series v4),borough,"Happiness, mean rating 0-10, financial year 2014-15 assigned to start year; higher_is_better; 95% CI 7.04-7.54"
E09000022,Lambeth,2014,wellbeing_life_satisfaction,7.42,ONS personal well-being estimates by local authority (time series v4),borough,"Life satisfaction, mean rating 0-10, financial year 2014-15 assigned to start year; higher_is_better; 95% CI 7.2-7.64"
E09000022,Lambeth,2014,wellbeing_worthwhile,7.55,ONS personal well-being estimates by local authority (time series v4),borough,"Worthwhile, mean rating 0-10, financial year 2014-15 assigned to start year; higher_is_better; 95% CI 7.27-7.83"
E09000022,Lambeth,2015,wellbeing_anxiety,3.33,ONS personal well-being estimates by local authority (time series v4),borough,"Anxiety, mean rating 0-10, financial year 2015-16 assigned to start year; higher_is_worse; 95% CI 3-3.65"
E09000022,Lambeth,2015,wellbeing_happiness,7.11,ONS personal well-being estimates by local authority (time series v4),borough,"Happiness, mean rating 0-10, financial year 2015-16 assigned to start year; higher_is_better; 95% CI 6.84-7.38"
E09000022,Lambeth,2015,wellbeing_life_satisfaction,7.41,ONS personal well-being estimates by local authority (time series v4),borough,"Life satisfaction, mean rating 0-10, financial year 2015-16 assigned to start year; higher_is_better; 95% CI 7.19-7.62"
E09000022,Lambeth,2015,wellbeing_worthwhile,7.6,ONS personal well-being estimates by local authority (time series v4),borough,"Worthwhile, mean rating 0-10, financial year 2015-16 assigned to start year; higher_is_better; 95% CI 7.39-7.82"
E09000022,Lambeth,2016,wellbeing_anxiety,3.5,ONS personal well-being estimates by local authority (time series v4),borough,"Anxiety, mean rating 0-10, financial year 2016-17 assigned to start year; higher_is_worse; 95% CI 3.14-3.85"
E09000022,Lambeth,2016,wellbeing_happiness,7.21,ONS personal well-being estimates by local authority (time series v4),borough,"Happiness, mean rating 0-10, financial year 2016-17 assigned to start year; higher_is_better; 95% CI 6.93-7.48"
E09000022,Lambeth,2016,wellbeing_life_satisfaction,7.35,ONS personal well-being estimates by local authority (time series v4),borough,"Life satisfaction, mean rating 0-10, financial year 2016-17 assigned to start year; higher_is_better; 95% CI 7.13-7.57"
E09000022,Lambeth,2016,wellbeing_worthwhile,7.49,ONS personal well-being estimates by local authority (time series v4),borough,"Worthwhile, mean rating 0-10, financial year 2016-17 assigned to start year; higher_is_better; 95% CI 7.28-7.7"
E09000022,Lambeth,2017,wellbeing_anxiety,3.32,ONS personal well-being estimates by local authority (time series v4),borough,"Anxiety, mean rating 0-10, financial year 2017-18 assigned to start year; higher_is_worse; 95% CI 2.95-3.69"
E09000022,Lambeth,2017,wellbeing_happiness,7.31,ONS personal well-being estimates by local authority (time series v4),borough,"Happiness, mean rating 0-10, financial year 2017-18 assigned to start year; higher_is_better; 95% CI 7-7.63"
E09000022,Lambeth,2017,wellbeing_life_satisfaction,7.41,ONS personal well-being estimates by local authority (time series v4),borough,"Life satisfaction, mean rating 0-10, financial year 2017-18 assigned to start year; higher_is_better; 95% CI 7.17-7.65"
E09000022,Lambeth,2017,wellbeing_worthwhile,7.62,ONS personal well-being estimates by local authority (time series v4),borough,"Worthwhile, mean rating 0-10, financial year 2017-18 assigned to start year; higher_is_better; 95% CI 7.4-7.84"
E09000022,Lambeth,2018,wellbeing_anxiety,3.67,ONS personal well-being estimates by local authority (time series v4),borough,"Anxiety, mean rating 0-10, financial year 2018-19 assigned to start year; higher_is_worse; 95% CI 3.31-4.02"
E09000022,Lambeth,2018,wellbeing_happiness,7.26,ONS personal well-being estimates by local authority (time series v4),borough,"Happiness, mean rating 0-10, financial year 2018-19 assigned to start year; higher_is_better; 95% CI 6.96-7.55"
E09000022,Lambeth,2018,wellbeing_life_satisfaction,7.22,ONS personal well-being estimates by local authority (time series v4),borough,"Life satisfaction, mean rating 0-10, financial year 2018-19 assigned to start year; higher_is_better; 95% CI 6.98-7.47"
E09000022,Lambeth,2018,wellbeing_worthwhile,7.6,ONS personal well-being estimates by local authority (time series v4),borough,"Worthwhile, mean rating 0-10, financial year 2018-19 assigned to start year; higher_is_better; 95% CI 7.36-7.83"
E09000022,Lambeth,2019,wellbeing_anxiety,3.41,ONS personal well-being estimates by local authority (time series v4),borough,"Anxiety, mean rating 0-10, financial year 2019-20 assigned to start year; higher_is_worse; 95% CI 3.01-3.8"
E09000022,Lambeth,2019,wellbeing_happiness,7.34,ONS personal well-being estimates by local authority (time series v4),borough,"Happiness, mean rating 0-10, financial year 2019-20 assigned to start year; higher_is_better; 95% CI 7.07-7.61"
E09000022,Lambeth,2019,wellbeing_life_satisfaction,7.44,ONS personal well-being estimates by local authority (time series v4),borough,"Life satisfaction, mean rating 0-10, financial year 2019-20 assigned to start year; higher_is_better; 95% CI 7.19-7.69"
E09000022,Lambeth,2019,wellbeing_worthwhile,7.62,ONS personal well-being estimates by local authority (time series v4),borough,"Worthwhile, mean rating 0-10, financial year 2019-20 assigned to start year; higher_is_better; 95% CI 7.39-7.86"
E09000022,Lambeth,2020,wellbeing_anxiety,3.53,ONS personal well-being estimates by local authority (time series v4),borough,"Anxiety, mean rating 0-10, financial year 2020-21 assigned to start year; higher_is_worse; 95% CI 3.13-3.92"
E09000022,Lambeth,2020,wellbeing_happiness,7.21,ONS personal well-being estimates by local authority (time series v4),borough,"Happiness, mean rating 0-10, financial year 2020-21 assigned to start year; higher_is_better; 95% CI 6.88-7.53"
E09000022,Lambeth,2020,wellbeing_life_satisfaction,7.29,ONS personal well-being estimates by local authority (time series v4),borough,"Life satisfaction, mean rating 0-10, financial year 2020-21 assigned to start year; higher_is_better; 95% CI 7.04-7.53"
E09000022,Lambeth,2020,wellbeing_worthwhile,7.51,ONS personal well-being estimates by local authority (time series v4),borough,"Worthwhile, mean rating 0-10, financial year 2020-21 assigned to start year; higher_is_better; 95% CI 7.28-7.75"
E09000022,Lambeth,2021,wellbeing_anxiety,3.92,ONS personal well-being estimates by local authority (time series v4),borough,"Anxiety, mean rating 0-10, financial year 2021-22 assigned to start year; higher_is_worse; 95% CI 3.52-4.31"
E09000022,Lambeth,2021,wellbeing_happiness,6.99,ONS personal well-being estimates by local authority (time series v4),borough,"Happiness, mean rating 0-10, financial year 2021-22 assigned to start year; higher_is_better; 95% CI 6.67-7.31"
E09000022,Lambeth,2021,wellbeing_life_satisfaction,7.41,ONS personal well-being estimates by local authority (time series v4),borough,"Life satisfaction, mean rating 0-10, financial year 2021-22 assigned to start year; higher_is_better; 95% CI 7.17-7.65"
E09000022,Lambeth,2021,wellbeing_worthwhile,7.6,ONS personal well-being estimates by local authority (time series v4),borough,"Worthwhile, mean rating 0-10, financial year 2021-22 assigned to start year; higher_is_better; 95% CI 7.33-7.88"
E09000022,Lambeth,2022,wellbeing_anxiety,3.45,ONS personal well-being estimates by local authority (time series v4),borough,"Anxiety, mean rating 0-10, financial year 2022-23 assigned to start year; higher_is_worse; 95% CI 2.86-4.03"
E09000022,Lambeth,2022,wellbeing_happiness,7.5,ONS personal well-being estimates by local authority (time series v4),borough,"Happiness, mean rating 0-10, financial year 2022-23 assigned to start year; higher_is_better; 95% CI 7.06-7.93"
E09000022,Lambeth,2022,wellbeing_life_satisfaction,7.63,ONS personal well-being estimates by local authority (time series v4),borough,"Life satisfaction, mean rating 0-10, financial year 2022-23 assigned to start year; higher_is_better; 95% CI 7.35-7.91"
E09000022,Lambeth,2022,wellbeing_worthwhile,7.75,ONS personal well-being estimates by local authority (time series v4),borough,"Worthwhile, mean rating 0-10, financial year 2022-23 assigned to start year; higher_is_better; 95% CI 7.47-8.02"
E09000023,Lewisham,2011,wellbeing_anxiety,3.56,ONS personal well-being estimates by local authority (time series v4),borough,"Anxiety, mean rating 0-10, financial year 2011-12 assigned to start year; higher_is_worse; 95% CI 3.26-3.86"
E09000023,Lewisham,2011,wellbeing_happiness,7.11,ONS personal well-being estimates by local authority (time series v4),borough,"Happiness, mean rating 0-10, financial year 2011-12 assigned to start year; higher_is_better; 95% CI 6.83-7.39"
E09000023,Lewisham,2011,wellbeing_life_satisfaction,7.05,ONS personal well-being estimates by local authority (time series v4),borough,"Life satisfaction, mean rating 0-10, financial year 2011-12 assigned to start year; higher_is_better; 95% CI 6.86-7.25"
E09000023,Lewisham,2011,wellbeing_worthwhile,7.41,ONS personal well-being estimates by local authority (time series v4),borough,"Worthwhile, mean rating 0-10, financial year 2011-12 assigned to start year; higher_is_better; 95% CI 7.22-7.61"
E09000023,Lewisham,2012,wellbeing_anxiety,3.36,ONS personal well-being estimates by local authority (time series v4),borough,"Anxiety, mean rating 0-10, financial year 2012-13 assigned to start year; higher_is_worse; 95% CI 3.04-3.67"
E09000023,Lewisham,2012,wellbeing_happiness,7.12,ONS personal well-being estimates by local authority (time series v4),borough,"Happiness, mean rating 0-10, financial year 2012-13 assigned to start year; higher_is_better; 95% CI 6.88-7.36"
E09000023,Lewisham,2012,wellbeing_life_satisfaction,7.23,ONS personal well-being estimates by local authority (time series v4),borough,"Life satisfaction, mean rating 0-10, financial year 2012-13 assigned to start year; higher_is_better; 95% CI 7.03-7.43"
E09000023,Lewisham,2012,wellbeing_worthwhile,7.69,ONS personal well-being estimates by local authority (time series v4),borough,"Worthwhile, mean rating 0-10, financial year 2012-13 assigned to start year; higher_is_better; 95% CI 7.49-7.89"
E09000023,Lewisham,2013,wellbeing_anxiety,3.4,ONS personal well-being estimates by local authority (time series v4),borough,"Anxiety, mean rating 0-10, financial year 2013-14 assigned to start year; higher_is_worse; 95% CI 3.1-3.69"
E09000023,Lewisham,2013,wellbeing_happiness,7.42,ONS personal well-being estimates by local authority (time series v4),borough,"Happiness, mean rating 0-10, financial year 2013-14 assigned to start year; higher_is_better; 95% CI 7.21-7.63"
E09000023,Lewisham,2013,wellbeing_life_satisfaction,7.34,ONS personal well-being estimates by local authority (time series v4),borough,"Life satisfaction, mean rating 0-10, financial year 2013-14 assigned to start year; higher_is_better; 95% CI 7.16-7.52"
E09000023,Lewisham,2013,wellbeing_worthwhile,7.76,ONS personal well-being estimates by local authority (time series v4),borough,"Worthwhile, mean rating 0-10, financial year 2013-14 assigned to start year; higher_is_better; 95% CI 7.58-7.94"
E09000023,Lewisham,2014,wellbeing_anxiety,3.23,ONS personal well-being estimates by local authority (time series v4),borough,"Anxiety, mean rating 0-10, financial year 2014-15 assigned to start year; higher_is_worse; 95% CI 2.93-3.53"
E09000023,Lewisham,2014,wellbeing_happiness,7.17,ONS personal well-being estimates by local authority (time series v4),borough,"Happiness, mean rating 0-10, financial year 2014-15 assigned to start year; higher_is_better; 95% CI 6.94-7.39"
E09000023,Lewisham,2014,wellbeing_life_satisfaction,7.33,ONS personal well-being estimates by local authority (time series v4),borough,"Life satisfaction, mean rating 0-10, financial year 2014-15 assigned to start year; higher_is_better; 95% CI 7.14-7.53"
E09000023,Lewisham,2014,wellbeing_worthwhile,7.53,ONS personal well-being estimates by local authority (time series v4),borough,"Worthwhile, mean rating 0-10, financial year 2014-15 assigned to start year; higher_is_better; 95% CI 7.36-7.71"
E09000023,Lewisham,2015,wellbeing_anxiety,3.08,ONS personal well-being estimates by local authority (time series v4),borough,"Anxiety, mean rating 0-10, financial year 2015-16 assigned to start year; higher_is_worse; 95% CI 2.78-3.38"
E09000023,Lewisham,2015,wellbeing_happiness,7.26,ONS personal well-being estimates by local authority (time series v4),borough,"Happiness, mean rating 0-10, financial year 2015-16 assigned to start year; higher_is_better; 95% CI 7.02-7.49"
E09000023,Lewisham,2015,wellbeing_life_satisfaction,7.14,ONS personal well-being estimates by local authority (time series v4),borough,"Life satisfaction, mean rating 0-10, financial year 2015-16 assigned to start year; higher_is_better; 95% CI 6.93-7.35"
E09000023,Lewisham,2015,wellbeing_worthwhile,7.65,ONS personal well-being estimates by local authority (time series v4),borough,"Worthwhile, mean rating 0-10, financial year 2015-16 assigned to start year; higher_is_better; 95% CI 7.48-7.82"
E09000023,Lewisham,2016,wellbeing_anxiety,3.26,ONS personal well-being estimates by local authority (time series v4),borough,"Anxiety, mean rating 0-10, financial year 2016-17 assigned to start year; higher_is_worse; 95% CI 2.97-3.55"
E09000023,Lewisham,2016,wellbeing_happiness,7.25,ONS personal well-being estimates by local authority (time series v4),borough,"Happiness, mean rating 0-10, financial year 2016-17 assigned to start year; higher_is_better; 95% CI 7.02-7.48"
E09000023,Lewisham,2016,wellbeing_life_satisfaction,7.18,ONS personal well-being estimates by local authority (time series v4),borough,"Life satisfaction, mean rating 0-10, financial year 2016-17 assigned to start year; higher_is_better; 95% CI 6.96-7.4"
E09000023,Lewisham,2016,wellbeing_worthwhile,7.48,ONS personal well-being estimates by local authority (time series v4),borough,"Worthwhile, mean rating 0-10, financial year 2016-17 assigned to start year; higher_is_better; 95% CI 7.21-7.74"
E09000023,Lewisham,2017,wellbeing_anxiety,3.18,ONS personal well-being estimates by local authority (time series v4),borough,"Anxiety, mean rating 0-10, financial year 2017-18 assigned to start year; higher_is_worse; 95% CI 2.77-3.59"
E09000023,Lewisham,2017,wellbeing_happiness,7.39,ONS personal well-being estimates by local authority (time series v4),borough,"Happiness, mean rating 0-10, financial year 2017-18 assigned to start year; higher_is_better; 95% CI 7.17-7.62"
E09000023,Lewisham,2017,wellbeing_life_satisfaction,7.3,ONS personal well-being estimates by local authority (time series v4),borough,"Life satisfaction, mean rating 0-10, financial year 2017-18 assigned to start year; higher_is_better; 95% CI 7.07-7.54"
E09000023,Lewisham,2017,wellbeing_worthwhile,7.62,ONS personal well-being estimates by local authority (time series v4),borough,"Worthwhile, mean rating 0-10, financial year 2017-18 assigned to start year; higher_is_better; 95% CI 7.4-7.84"
E09000023,Lewisham,2018,wellbeing_anxiety,3.37,ONS personal well-being estimates by local authority (time series v4),borough,"Anxiety, mean rating 0-10, financial year 2018-19 assigned to start year; higher_is_worse; 95% CI 3.01-3.72"
E09000023,Lewisham,2018,wellbeing_happiness,7.55,ONS personal well-being estimates by local authority (time series v4),borough,"Happiness, mean rating 0-10, financial year 2018-19 assigned to start year; higher_is_better; 95% CI 7.3-7.79"
E09000023,Lewisham,2018,wellbeing_life_satisfaction,7.49,ONS personal well-being estimates by local authority (time series v4),borough,"Life satisfaction, mean rating 0-10, financial year 2018-19 assigned to start year; higher_is_better; 95% CI 7.3-7.69"
E09000023,Lewisham,2018,wellbeing_worthwhile,7.81,ONS personal well-being estimates by local authority (time series v4),borough,"Worthwhile, mean rating 0-10, financial year 2018-19 assigned to start year; higher_is_better; 95% CI 7.61-8"
E09000023,Lewisham,2019,wellbeing_anxiety,3.73,ONS personal well-being estimates by local authority (time series v4),borough,"Anxiety, mean rating 0-10, financial year 2019-20 assigned to start year; higher_is_worse; 95% CI 3.38-4.08"
E09000023,Lewisham,2019,wellbeing_happiness,7.33,ONS personal well-being estimates by local authority (time series v4),borough,"Happiness, mean rating 0-10, financial year 2019-20 assigned to start year; higher_is_better; 95% CI 7.08-7.58"
E09000023,Lewisham,2019,wellbeing_life_satisfaction,7.45,ONS personal well-being estimates by local authority (time series v4),borough,"Life satisfaction, mean rating 0-10, financial year 2019-20 assigned to start year; higher_is_better; 95% CI 7.27-7.64"
E09000023,Lewisham,2019,wellbeing_worthwhile,7.68,ONS personal well-being estimates by local authority (time series v4),borough,"Worthwhile, mean rating 0-10, financial year 2019-20 assigned to start year; higher_is_better; 95% CI 7.48-7.89"
E09000023,Lewisham,2020,wellbeing_anxiety,3.7,ONS personal well-being estimates by local authority (time series v4),borough,"Anxiety, mean rating 0-10, financial year 2020-21 assigned to start year; higher_is_worse; 95% CI 3.24-4.16"
E09000023,Lewisham,2020,wellbeing_happiness,7.14,ONS personal well-being estimates by local authority (time series v4),borough,"Happiness, mean rating 0-10, financial year 2020-21 assigned to start year; higher_is_better; 95% CI 6.81-7.48"
E09000023,Lewisham,2020,wellbeing_life_satisfaction,7.09,ONS personal well-being estimates by local authority (time series v4),borough,"Life satisfaction, mean rating 0-10, financial year 2020-21 assigned to start year; higher_is_better; 95% CI 6.83-7.35"
E09000023,Lewisham,2020,wellbeing_worthwhile,7.52,ONS personal well-being estimates by local authority (time series v4),borough,"Worthwhile, mean rating 0-10, financial year 2020-21 assigned to start year; higher_is_better; 95% CI 7.28-7.75"
E09000023,Lewisham,2021,wellbeing_anxiety,3.02,ONS personal well-being estimates by local authority (time series v4),borough,"Anxiety, mean rating 0-10, financial year 2021-22 assigned to start year; higher_is_worse; 95% CI 2.64-3.4"
E09000023,Lewisham,2021,wellbeing_happiness,7.44,ONS personal well-being estimates by local authority (time series v4),borough,"Happiness, mean rating 0-10, financial year 2021-22 assigned to start year; higher_is_better; 95% CI 7.18-7.7"
E09000023,Lewisham,2021,wellbeing_life_satisfaction,7.5,ONS personal well-being estimates by local authority (time series v4),borough,"Life satisfaction, mean rating 0-10, financial year 2021-22 assigned to start year; higher_is_better; 95% CI 7.29-7.71"
E09000023,Lewisham,2021,wellbeing_worthwhile,7.63,ONS personal well-being estimates by local authority (time series v4),borough,"Worthwhile, mean rating 0-10, financial year 2021-22 assigned to start year; higher_is_better; 95% CI 7.41-7.85"
E09000023,Lewisham,2022,wellbeing_anxiety,3.58,ONS personal well-being estimates by local authority (time series v4),borough,"Anxiety, mean rating 0-10, financial year 2022-23 assigned to start year; higher_is_worse; 95% CI 3.11-4.04"
E09000023,Lewisham,2022,wellbeing_happiness,7.27,ONS personal well-being estimates by local authority (time series v4),borough,"Happiness, mean rating 0-10, financial year 2022-23 assigned to start year; higher_is_better; 95% CI 6.93-7.61"
E09000023,Lewisham,2022,wellbeing_life_satisfaction,7.48,ONS personal well-being estimates by local authority (time series v4),borough,"Life satisfaction, mean rating 0-10, financial year 2022-23 assigned to start year; higher_is_better; 95% CI 7.22-7.74"
E09000023,Lewisham,2022,wellbeing_worthwhile,7.59,ONS personal well-being estimates by local authority (time series v4),borough,"Worthwhile, mean rating 0-10, financial year 2022-23 assigned to start year; higher_is_better; 95% CI 7.27-7.9"
E09000024,Merton,2011,wellbeing_anxiety,3.78,ONS personal well-being estimates by local authority (time series v4),borough,"Anxiety, mean rating 0-10, financial year 2011-12 assigned to start year; higher_is_worse; 95% CI 3.49-4.06"
E09000024,Merton,2011,wellbeing_happiness,7,ONS personal well-being estimates by local authority (time series v4),borough,"Happiness, mean rating 0-10, financial year 2011-12 assigned to start year; higher_is_better; 95% CI 6.77-7.24"
E09000024,Merton,2011,wellbeing_life_satisfaction,7.14,ONS personal well-being estimates by local authority (time series v4),borough,"Life satisfaction, mean rating 0-10, financial year 2011-12 assigned to start year; higher_is_better; 95% CI 6.98-7.31"
E09000024,Merton,2011,wellbeing_worthwhile,7.51,ONS personal well-being estimates by local authority (time series v4),borough,"Worthwhile, mean rating 0-10, financial year 2011-12 assigned to start year; higher_is_better; 95% CI 7.34-7.68"
E09000024,Merton,2012,wellbeing_anxiety,3.59,ONS personal well-being estimates by local authority (time series v4),borough,"Anxiety, mean rating 0-10, financial year 2012-13 assigned to start year; higher_is_worse; 95% CI 3.31-3.86"
E09000024,Merton,2012,wellbeing_happiness,7.14,ONS personal well-being estimates by local authority (time series v4),borough,"Happiness, mean rating 0-10, financial year 2012-13 assigned to start year; higher_is_better; 95% CI 6.85-7.43"
E09000024,Merton,2012,wellbeing_life_satisfaction,7.18,ONS personal well-being estimates by local authority (time series v4),borough,"Life satisfaction, mean rating 0-10, financial year 2012-13 assigned to start year; higher_is_better; 95% CI 6.99-7.38"
E09000024,Merton,2012,wellbeing_worthwhile,7.55,ONS personal well-being estimates by local authority (time series v4),borough,"Worthwhile, mean rating 0-10, financial year 2012-13 assigned to start year; higher_is_better; 95% CI 7.36-7.74"
E09000024,Merton,2013,wellbeing_anxiety,3.38,ONS personal well-being estimates by local authority (time series v4),borough,"Anxiety, mean rating 0-10, financial year 2013-14 assigned to start year; higher_is_worse; 95% CI 3.07-3.7"
E09000024,Merton,2013,wellbeing_happiness,7.22,ONS personal well-being estimates by local authority (time series v4),borough,"Happiness, mean rating 0-10, financial year 2013-14 assigned to start year; higher_is_better; 95% CI 6.98-7.47"
E09000024,Merton,2013,wellbeing_life_satisfaction,7.43,ONS personal well-being estimates by local authority (time series v4),borough,"Life satisfaction, mean rating 0-10, financial year 2013-14 assigned to start year; higher_is_better; 95% CI 7.19-7.67"
E09000024,Merton,2013,wellbeing_worthwhile,7.64,ONS personal well-being estimates by local authority (time series v4),borough,"Worthwhile, mean rating 0-10, financial year 2013-14 assigned to start year; higher_is_better; 95% CI 7.4-7.87"
E09000024,Merton,2014,wellbeing_anxiety,3.31,ONS personal well-being estimates by local authority (time series v4),borough,"Anxiety, mean rating 0-10, financial year 2014-15 assigned to start year; higher_is_worse; 95% CI 3-3.62"
E09000024,Merton,2014,wellbeing_happiness,7.51,ONS personal well-being estimates by local authority (time series v4),borough,"Happiness, mean rating 0-10, financial year 2014-15 assigned to start year; higher_is_better; 95% CI 7.28-7.74"
E09000024,Merton,2014,wellbeing_life_satisfaction,7.64,ONS personal well-being estimates by local authority (time series v4),borough,"Life satisfaction, mean rating 0-10, financial year 2014-15 assigned to start year; higher_is_better; 95% CI 7.46-7.83"
E09000024,Merton,2014,wellbeing_worthwhile,7.86,ONS personal well-being estimates by local authority (time series v4),borough,"Worthwhile, mean rating 0-10, financial year 2014-15 assigned to start year; higher_is_better; 95% CI 7.67-8.06"
E09000024,Merton,2015,wellbeing_anxiety,3.23,ONS personal well-being estimates by local authority (time series v4),borough,"Anxiety, mean rating 0-10, financial year 2015-16 assigned to start year; higher_is_worse; 95% CI 2.9-3.57"
E09000024,Merton,2015,wellbeing_happiness,7.5,ONS personal well-being estimates by local authority (time series v4),borough,"Happiness, mean rating 0-10, financial year 2015-16 assigned to start year; higher_is_better; 95% CI 7.25-7.75"
E09000024,Merton,2015,wellbeing_life_satisfaction,7.55,ONS personal well-being estimates by local authority (time series v4),borough,"Life satisfaction, mean rating 0-10, financial year 2015-16 assigned to start year; higher_is_better; 95% CI 7.34-7.76"
E09000024,Merton,2015,wellbeing_worthwhile,7.74,ONS personal well-being estimates by local authority (time series v4),borough,"Worthwhile, mean rating 0-10, financial year 2015-16 assigned to start year; higher_is_better; 95% CI 7.54-7.93"
E09000024,Merton,2016,wellbeing_anxiety,3.15,ONS personal well-being estimates by local authority (time series v4),borough,"Anxiety, mean rating 0-10, financial year 2016-17 assigned to start year; higher_is_worse; 95% CI 2.84-3.47"
E09000024,Merton,2016,wellbeing_happiness,7.66,ONS personal well-being estimates by local authority (time series v4),borough,"Happiness, mean rating 0-10, financial year 2016-17 assigned to start year; higher_is_better; 95% CI 7.43-7.89"
E09000024,Merton,2016,wellbeing_life_satisfaction,7.62,ONS personal well-being estimates by local authority (time series v4),borough,"Life satisfaction, mean rating 0-10, financial year 2016-17 assigned to start year; higher_is_better; 95% CI 7.43-7.81"
E09000024,Merton,2016,wellbeing_worthwhile,7.79,ONS personal well-being estimates by local authority (time series v4),borough,"Worthwhile, mean rating 0-10, financial year 2016-17 assigned to start year; higher_is_better; 95% CI 7.58-8"
E09000024,Merton,2017,wellbeing_anxiety,3.08,ONS personal well-being estimates by local authority (time series v4),borough,"Anxiety, mean rating 0-10, financial year 2017-18 assigned to start year; higher_is_worse; 95% CI 2.74-3.41"
E09000024,Merton,2017,wellbeing_happiness,7.68,ONS personal well-being estimates by local authority (time series v4),borough,"Happiness, mean rating 0-10, financial year 2017-18 assigned to start year; higher_is_better; 95% CI 7.45-7.92"
E09000024,Merton,2017,wellbeing_life_satisfaction,7.55,ONS personal well-being estimates by local authority (time series v4),borough,"Life satisfaction, mean rating 0-10, financial year 2017-18 assigned to start year; higher_is_better; 95% CI 7.34-7.76"
E09000024,Merton,2017,wellbeing_worthwhile,7.79,ONS personal well-being estimates by local authority (time series v4),borough,"Worthwhile, mean rating 0-10, financial year 2017-18 assigned to start year; higher_is_better; 95% CI 7.57-8.01"
E09000024,Merton,2018,wellbeing_anxiety,3.13,ONS personal well-being estimates by local authority (time series v4),borough,"Anxiety, mean rating 0-10, financial year 2018-19 assigned to start year; higher_is_worse; 95% CI 2.78-3.49"
E09000024,Merton,2018,wellbeing_happiness,7.57,ONS personal well-being estimates by local authority (time series v4),borough,"Happiness, mean rating 0-10, financial year 2018-19 assigned to start year; higher_is_better; 95% CI 7.27-7.87"
E09000024,Merton,2018,wellbeing_life_satisfaction,7.84,ONS personal well-being estimates by local authority (time series v4),borough,"Life satisfaction, mean rating 0-10, financial year 2018-19 assigned to start year; higher_is_better; 95% CI 7.62-8.06"
E09000024,Merton,2018,wellbeing_worthwhile,8.03,ONS personal well-being estimates by local authority (time series v4),borough,"Worthwhile, mean rating 0-10, financial year 2018-19 assigned to start year; higher_is_better; 95% CI 7.86-8.19"
E09000024,Merton,2019,wellbeing_anxiety,3.01,ONS personal well-being estimates by local authority (time series v4),borough,"Anxiety, mean rating 0-10, financial year 2019-20 assigned to start year; higher_is_worse; 95% CI 2.57-3.44"
E09000024,Merton,2019,wellbeing_happiness,7.61,ONS personal well-being estimates by local authority (time series v4),borough,"Happiness, mean rating 0-10, financial year 2019-20 assigned to start year; higher_is_better; 95% CI 7.3-7.91"
E09000024,Merton,2019,wellbeing_life_satisfaction,7.77,ONS personal well-being estimates by local authority (time series v4),borough,"Life satisfaction, mean rating 0-10, financial year 2019-20 assigned to start year; higher_is_better; 95% CI 7.57-7.98"
E09000024,Merton,2019,wellbeing_worthwhile,8.07,ONS personal well-being estimates by local authority (time series v4),borough,"Worthwhile, mean rating 0-10, financial year 2019-20 assigned to start year; higher_is_better; 95% CI 7.9-8.25"
E09000024,Merton,2020,wellbeing_anxiety,3.41,ONS personal well-being estimates by local authority (time series v4),borough,"Anxiety, mean rating 0-10, financial year 2020-21 assigned to start year; higher_is_worse; 95% CI 3-3.83"
E09000024,Merton,2020,wellbeing_happiness,7.22,ONS personal well-being estimates by local authority (time series v4),borough,"Happiness, mean rating 0-10, financial year 2020-21 assigned to start year; higher_is_better; 95% CI 6.9-7.53"
E09000024,Merton,2020,wellbeing_life_satisfaction,7.33,ONS personal well-being estimates by local authority (time series v4),borough,"Life satisfaction, mean rating 0-10, financial year 2020-21 assigned to start year; higher_is_better; 95% CI 7.06-7.6"
E09000024,Merton,2020,wellbeing_worthwhile,7.64,ONS personal well-being estimates by local authority (time series v4),borough,"Worthwhile, mean rating 0-10, financial year 2020-21 assigned to start year; higher_is_better; 95% CI 7.36-7.92"
E09000024,Merton,2021,wellbeing_anxiety,3.26,ONS personal well-being estimates by local authority (time series v4),borough,"Anxiety, mean rating 0-10, financial year 2021-22 assigned to start year; higher_is_worse; 95% CI 2.82-3.71"
E09000024,Merton,2021,wellbeing_happiness,7.55,ONS personal well-being estimates by local authority (time series v4),borough,"Happiness, mean rating 0-10, financial year 2021-22 assigned to start year; higher_is_better; 95% CI 7.27-7.84"
E09000024,Merton,2021,wellbeing_life_satisfaction,7.58,ONS personal well-being estimates by local authority (time series v4),borough,"Life satisfaction, mean rating 0-10, financial year 2021-22 assigned to start year; higher_is_better; 95% CI 7.34-7.82"
E09000024,Merton,2021,wellbeing_worthwhile,7.67,ONS personal well-being estimates by local authority (time series v4),borough,"Worthwhile, mean rating 0-10, financial year 2021-22 assigned to start year; higher_is_better; 95% CI 7.42-7.92"
E09000024,Merton,2022,wellbeing_anxiety,3.69,ONS personal well-being estimates by local authority (time series v4),borough,"Anxiety, mean rating 0-10, financial year 2022-23 assigned to start year; higher_is_worse; 95% CI 3.24-4.15"
E09000024,Merton,2022,wellbeing_happiness,7.39,ONS personal well-being estimates by local authority (time series v4),borough,"Happiness, mean rating 0-10, financial year 2022-23 assigned to start year; higher_is_better; 95% CI 7.08-7.7"
E09000024,Merton,2022,wellbeing_life_satisfaction,7.47,ONS personal well-being estimates by local authority (time series v4),borough,"Life satisfaction, mean rating 0-10, financial year 2022-23 assigned to start year; higher_is_better; 95% CI 7.22-7.73"
E09000024,Merton,2022,wellbeing_worthwhile,7.55,ONS personal well-being estimates by local authority (time series v4),borough,"Worthwhile, mean rating 0-10, financial year 2022-23 assigned to start year; higher_is_better; 95% CI 7.27-7.83"
E09000025,Newham,2011,wellbeing_anxiety,3.89,ONS personal well-being estimates by local authority (time series v4),borough,"Anxiety, mean rating 0-10, financial year 2011-12 assigned to start year; higher_is_worse; 95% CI 3.48-4.29"
E09000025,Newham,2011,wellbeing_happiness,7.05,ONS personal well-being estimates by local authority (time series v4),borough,"Happiness, mean rating 0-10, financial year 2011-12 assigned to start year; higher_is_better; 95% CI 6.79-7.3"
E09000025,Newham,2011,wellbeing_life_satisfaction,7.12,ONS personal well-being estimates by local authority (time series v4),borough,"Life satisfaction, mean rating 0-10, financial year 2011-12 assigned to start year; higher_is_better; 95% CI 6.89-7.35"
E09000025,Newham,2011,wellbeing_worthwhile,7.34,ONS personal well-being estimates by local authority (time series v4),borough,"Worthwhile, mean rating 0-10, financial year 2011-12 assigned to start year; higher_is_better; 95% CI 7.13-7.54"
E09000025,Newham,2012,wellbeing_anxiety,3.33,ONS personal well-being estimates by local authority (time series v4),borough,"Anxiety, mean rating 0-10, financial year 2012-13 assigned to start year; higher_is_worse; 95% CI 3.02-3.64"
E09000025,Newham,2012,wellbeing_happiness,7.32,ONS personal well-being estimates by local authority (time series v4),borough,"Happiness, mean rating 0-10, financial year 2012-13 assigned to start year; higher_is_better; 95% CI 7.11-7.53"
E09000025,Newham,2012,wellbeing_life_satisfaction,7.23,ONS personal well-being estimates by local authority (time series v4),borough,"Life satisfaction, mean rating 0-10, financial year 2012-13 assigned to start year; higher_is_better; 95% CI 7.03-7.42"
E09000025,Newham,2012,wellbeing_worthwhile,7.5,ONS personal well-being estimates by local authority (time series v4),borough,"Worthwhile, mean rating 0-10, financial year 2012-13 assigned to start year; higher_is_better; 95% CI 7.32-7.68"
E09000025,Newham,2013,wellbeing_anxiety,2.85,ONS personal well-being estimates by local authority (time series v4),borough,"Anxiety, mean rating 0-10, financial year 2013-14 assigned to start year; higher_is_worse; 95% CI 2.53-3.16"
E09000025,Newham,2013,wellbeing_happiness,7.37,ONS personal well-being estimates by local authority (time series v4),borough,"Happiness, mean rating 0-10, financial year 2013-14 assigned to start year; higher_is_better; 95% CI 7.11-7.63"
E09000025,Newham,2013,wellbeing_life_satisfaction,7.24,ONS personal well-being estimates by local authority (time series v4),borough,"Life satisfaction, mean rating 0-10, financial year 2013-14 assigned to start year; higher_is_better; 95% CI 7.04-7.44"
E09000025,Newham,2013,wellbeing_worthwhile,7.62,ONS personal well-being estimates by local authority (time series v4),borough,"Worthwhile, mean rating 0-10, financial year 2013-14 assigned to start year; higher_is_better; 95% CI 7.43-7.81"
E09000025,Newham,2014,wellbeing_anxiety,2.73,ONS personal well-being estimates by local authority (time series v4),borough,"Anxiety, mean rating 0-10, financial year 2014-15 assigned to start year; higher_is_worse; 95% CI 2.41-3.04"
E09000025,Newham,2014,wellbeing_happiness,7.51,ONS personal well-being estimates by local authority (time series v4),borough,"Happiness, mean rating 0-10, financial year 2014-15 assigned to start year; higher_is_better; 95% CI 7.29-7.73"
E09000025,Newham,2014,wellbeing_life_satisfaction,7.54,ONS personal well-being estimates by local authority (time series v4),borough,"Life satisfaction, mean rating 0-10, financial year 2014-15 assigned to start year; higher_is_better; 95% CI 7.35-7.73"
E09000025,Newham,2014,wellbeing_worthwhile,7.85,ONS personal well-being estimates by local authority (time series v4),borough,"Worthwhile, mean rating 0-10, financial year 2014-15 assigned to start year; higher_is_better; 95% CI 7.69-8.02"
E09000025,Newham,2015,wellbeing_anxiety,2.57,ONS personal well-being estimates by local authority (time series v4),borough,"Anxiety, mean rating 0-10, financial year 2015-16 assigned to start year; higher_is_worse; 95% CI 2.25-2.9"
E09000025,Newham,2015,wellbeing_happiness,7.62,ONS personal well-being estimates by local authority (time series v4),borough,"Happiness, mean rating 0-10, financial year 2015-16 assigned to start year; higher_is_better; 95% CI 7.38-7.86"
E09000025,Newham,2015,wellbeing_life_satisfaction,7.73,ONS personal well-being estimates by local authority (time series v4),borough,"Life satisfaction, mean rating 0-10, financial year 2015-16 assigned to start year; higher_is_better; 95% CI 7.54-7.92"
E09000025,Newham,2015,wellbeing_worthwhile,7.92,ONS personal well-being estimates by local authority (time series v4),borough,"Worthwhile, mean rating 0-10, financial year 2015-16 assigned to start year; higher_is_better; 95% CI 7.74-8.09"
E09000025,Newham,2016,wellbeing_anxiety,2.76,ONS personal well-being estimates by local authority (time series v4),borough,"Anxiety, mean rating 0-10, financial year 2016-17 assigned to start year; higher_is_worse; 95% CI 2.44-3.08"
E09000025,Newham,2016,wellbeing_happiness,7.54,ONS personal well-being estimates by local authority (time series v4),borough,"Happiness, mean rating 0-10, financial year 2016-17 assigned to start year; higher_is_better; 95% CI 7.31-7.77"
E09000025,Newham,2016,wellbeing_life_satisfaction,7.61,ONS personal well-being estimates by local authority (time series v4),borough,"Life satisfaction, mean rating 0-10, financial year 2016-17 assigned to start year; higher_is_better; 95% CI 7.4-7.82"
E09000025,Newham,2016,wellbeing_worthwhile,7.64,ONS personal well-being estimates by local authority (time series v4),borough,"Worthwhile, mean rating 0-10, financial year 2016-17 assigned to start year; higher_is_better; 95% CI 7.44-7.84"
E09000025,Newham,2017,wellbeing_anxiety,3.04,ONS personal well-being estimates by local authority (time series v4),borough,"Anxiety, mean rating 0-10, financial year 2017-18 assigned to start year; higher_is_worse; 95% CI 2.65-3.43"
E09000025,Newham,2017,wellbeing_happiness,7.37,ONS personal well-being estimates by local authority (time series v4),borough,"Happiness, mean rating 0-10, financial year 2017-18 assigned to start year; higher_is_better; 95% CI 7.08-7.67"
E09000025,Newham,2017,wellbeing_life_satisfaction,7.46,ONS personal well-being estimates by local authority (time series v4),borough,"Life satisfaction, mean rating 0-10, financial year 2017-18 assigned to start year; higher_is_better; 95% CI 7.22-7.71"
E09000025,Newham,2017,wellbeing_worthwhile,7.67,ONS personal well-being estimates by local authority (time series v4),borough,"Worthwhile, mean rating 0-10, financial year 2017-18 assigned to start year; higher_is_better; 95% CI 7.42-7.91"
E09000025,Newham,2018,wellbeing_anxiety,3.16,ONS personal well-being estimates by local authority (time series v4),borough,"Anxiety, mean rating 0-10, financial year 2018-19 assigned to start year; higher_is_worse; 95% CI 2.73-3.58"
E09000025,Newham,2018,wellbeing_happiness,7.54,ONS personal well-being estimates by local authority (time series v4),borough,"Happiness, mean rating 0-10, financial year 2018-19 assigned to start year; higher_is_better; 95% CI 7.28-7.79"
E09000025,Newham,2018,wellbeing_life_satisfaction,7.54,ONS personal well-being estimates by local authority (time series v4),borough,"Life satisfaction, mean rating 0-10, financial year 2018-19 assigned to start year; higher_is_better; 95% CI 7.28-7.8"
E09000025,Newham,2018,wellbeing_worthwhile,7.73,ONS personal well-being estimates by local authority (time series v4),borough,"Worthwhile, mean rating 0-10, financial year 2018-19 assigned to start year; higher_is_better; 95% CI 7.5-7.97"
E09000025,Newham,2019,wellbeing_anxiety,2.91,ONS personal well-being estimates by local authority (time series v4),borough,"Anxiety, mean rating 0-10, financial year 2019-20 assigned to start year; higher_is_worse; 95% CI 2.53-3.3"
E09000025,Newham,2019,wellbeing_happiness,7.59,ONS personal well-being estimates by local authority (time series v4),borough,"Happiness, mean rating 0-10, financial year 2019-20 assigned to start year; higher_is_better; 95% CI 7.29-7.9"
E09000025,Newham,2019,wellbeing_life_satisfaction,7.49,ONS personal well-being estimates by local authority (time series v4),borough,"Life satisfaction, mean rating 0-10, financial year 2019-20 assigned to start year; higher_is_better; 95% CI 7.23-7.75"
E09000025,Newham,2019,wellbeing_worthwhile,7.63,ONS personal well-being estimates by local authority (time series v4),borough,"Worthwhile, mean rating 0-10, financial year 2019-20 assigned to start year; higher_is_better; 95% CI 7.4-7.86"
E09000025,Newham,2020,wellbeing_anxiety,3.08,ONS personal well-being estimates by local authority (time series v4),borough,"Anxiety, mean rating 0-10, financial year 2020-21 assigned to start year; higher_is_worse; 95% CI 2.57-3.6"
E09000025,Newham,2020,wellbeing_happiness,7.5,ONS personal well-being estimates by local authority (time series v4),borough,"Happiness, mean rating 0-10, financial year 2020-21 assigned to start year; higher_is_better; 95% CI 7.1-7.9"
E09000025,Newham,2020,wellbeing_life_satisfaction,7.5,ONS personal well-being estimates by local authority (time series v4),borough,"Life satisfaction, mean rating 0-10, financial year 2020-21 assigned to start year; higher_is_better; 95% CI 7.2-7.81"
E09000025,Newham,2020,wellbeing_worthwhile,7.76,ONS personal well-being estimates by local authority (time series v4),borough,"Worthwhile, mean rating 0-10, financial year 2020-21 assigned to start year; higher_is_better; 95% CI 7.45-8.06"
E09000025,Newham,2021,wellbeing_anxiety,2.64,ONS personal well-being estimates by local authority (time series v4),borough,"Anxiety, mean rating 0-10, financial year 2021-22 assigned to start year; higher_is_worse; 95% CI 2.13-3.14"
E09000025,Newham,2021,wellbeing_happiness,7.71,ONS personal well-being estimates by local authority (time series v4),borough,"Happiness, mean rating 0-10, financial year 2021-22 assigned to start year; higher_is_better; 95% CI 7.33-8.09"
E09000025,Newham,2021,wellbeing_life_satisfaction,7.7,ONS personal well-being estimates by local authority (time series v4),borough,"Life satisfaction, mean rating 0-10, financial year 2021-22 assigned to start year; higher_is_better; 95% CI 7.4-8"
E09000025,Newham,2021,wellbeing_worthwhile,7.83,ONS personal well-being estimates by local authority (time series v4),borough,"Worthwhile, mean rating 0-10, financial year 2021-22 assigned to start year; higher_is_better; 95% CI 7.52-8.15"
E09000025,Newham,2022,wellbeing_anxiety,1.86,ONS personal well-being estimates by local authority (time series v4),borough,"Anxiety, mean rating 0-10, financial year 2022-23 assigned to start year; higher_is_worse; 95% CI 1.36-2.36"
E09000025,Newham,2022,wellbeing_happiness,8,ONS personal well-being estimates by local authority (time series v4),borough,"Happiness, mean rating 0-10, financial year 2022-23 assigned to start year; higher_is_better; 95% CI 7.65-8.35"
E09000025,Newham,2022,wellbeing_life_satisfaction,7.91,ONS personal well-being estimates by local authority (time series v4),borough,"Life satisfaction, mean rating 0-10, financial year 2022-23 assigned to start year; higher_is_better; 95% CI 7.62-8.2"
E09000025,Newham,2022,wellbeing_worthwhile,8.08,ONS personal well-being estimates by local authority (time series v4),borough,"Worthwhile, mean rating 0-10, financial year 2022-23 assigned to start year; higher_is_better; 95% CI 7.83-8.32"
E09000026,Redbridge,2011,wellbeing_anxiety,3.3,ONS personal well-being estimates by local authority (time series v4),borough,"Anxiety, mean rating 0-10, financial year 2011-12 assigned to start year; higher_is_worse; 95% CI 2.98-3.63"
E09000026,Redbridge,2011,wellbeing_happiness,7.44,ONS personal well-being estimates by local authority (time series v4),borough,"Happiness, mean rating 0-10, financial year 2011-12 assigned to start year; higher_is_better; 95% CI 7.19-7.68"
E09000026,Redbridge,2011,wellbeing_life_satisfaction,7.33,ONS personal well-being estimates by local authority (time series v4),borough,"Life satisfaction, mean rating 0-10, financial year 2011-12 assigned to start year; higher_is_better; 95% CI 7.11-7.55"
E09000026,Redbridge,2011,wellbeing_worthwhile,7.64,ONS personal well-being estimates by local authority (time series v4),borough,"Worthwhile, mean rating 0-10, financial year 2011-12 assigned to start year; higher_is_better; 95% CI 7.46-7.82"
E09000026,Redbridge,2012,wellbeing_anxiety,3.11,ONS personal well-being estimates by local authority (time series v4),borough,"Anxiety, mean rating 0-10, financial year 2012-13 assigned to start year; higher_is_worse; 95% CI 2.79-3.43"
E09000026,Redbridge,2012,wellbeing_happiness,7.37,ONS personal well-being estimates by local authority (time series v4),borough,"Happiness, mean rating 0-10, financial year 2012-13 assigned to start year; higher_is_better; 95% CI 7.13-7.6"
E09000026,Redbridge,2012,wellbeing_life_satisfaction,7.3,ONS personal well-being estimates by local authority (time series v4),borough,"Life satisfaction, mean rating 0-10, financial year 2012-13 assigned to start year; higher_is_better; 95% CI 7.08-7.52"
E09000026,Redbridge,2012,wellbeing_worthwhile,7.48,ONS personal well-being estimates by local authority (time series v4),borough,"Worthwhile, mean rating 0-10, financial year 2012-13 assigned to start year; higher_is_better; 95% CI 7.29-7.67"
E09000026,Redbridge,2013,wellbeing_anxiety,3.16,ONS personal well-being estimates by local authority (time series v4),borough,"Anxiety, mean rating 0-10, financial year 2013-14 assigned to start year; higher_is_worse; 95% CI 2.86-3.45"
E09000026,Redbridge,2013,wellbeing_happiness,7.25,ONS personal well-being estimates by local authority (time series v4),borough,"Happiness, mean rating 0-10, financial year 2013-14 assigned to start year; higher_is_better; 95% CI 7.03-7.48"
E09000026,Redbridge,2013,wellbeing_life_satisfaction,7.47,ONS personal well-being estimates by local authority (time series v4),borough,"Life satisfaction, mean rating 0-10, financial year 2013-14 assigned to start year; higher_is_better; 95% CI 7.29-7.64"
E09000026,Redbridge,2013,wellbeing_worthwhile,7.69,ONS personal well-being estimates by local authority (time series v4),borough,"Worthwhile, mean rating 0-10, financial year 2013-14 assigned to start year; higher_is_better; 95% CI 7.52-7.86"
E09000026,Redbridge,2014,wellbeing_anxiety,3.02,ONS personal well-being estimates by local authority (time series v4),borough,"Anxiety, mean rating 0-10, financial year 2014-15 assigned to start year; higher_is_worse; 95% CI 2.72-3.33"
E09000026,Redbridge,2014,wellbeing_happiness,7.44,ONS personal well-being estimates by local authority (time series v4),borough,"Happiness, mean rating 0-10, financial year 2014-15 assigned to start year; higher_is_better; 95% CI 7.24-7.64"
E09000026,Redbridge,2014,wellbeing_life_satisfaction,7.55,ONS personal well-being estimates by local authority (time series v4),borough,"Life satisfaction, mean rating 0-10, financial year 2014-15 assigned to start year; higher_is_better; 95% CI 7.38-7.71"
E09000026,Redbridge,2014,wellbeing_worthwhile,7.89,ONS personal well-being estimates by local authority (time series v4),borough,"Worthwhile, mean rating 0-10, financial year 2014-15 assigned to start year; higher_is_better; 95% CI 7.74-8.04"
E09000026,Redbridge,2015,wellbeing_anxiety,2.97,ONS personal well-being estimates by local authority (time series v4),borough,"Anxiety, mean rating 0-10, financial year 2015-16 assigned to start year; higher_is_worse; 95% CI 2.66-3.28"
E09000026,Redbridge,2015,wellbeing_happiness,7.67,ONS personal well-being estimates by local authority (time series v4),borough,"Happiness, mean rating 0-10, financial year 2015-16 assigned to start year; higher_is_better; 95% CI 7.45-7.89"
E09000026,Redbridge,2015,wellbeing_life_satisfaction,7.87,ONS personal well-being estimates by local authority (time series v4),borough,"Life satisfaction, mean rating 0-10, financial year 2015-16 assigned to start year; higher_is_better; 95% CI 7.72-8.03"
E09000026,Redbridge,2015,wellbeing_worthwhile,8.07,ONS personal well-being estimates by local authority (time series v4),borough,"Worthwhile, mean rating 0-10, financial year 2015-16 assigned to start year; higher_is_better; 95% CI 7.91-8.22"
E09000026,Redbridge,2016,wellbeing_anxiety,3.06,ONS personal well-being estimates by local authority (time series v4),borough,"Anxiety, mean rating 0-10, financial year 2016-17 assigned to start year; higher_is_worse; 95% CI 2.77-3.35"
E09000026,Redbridge,2016,wellbeing_happiness,7.53,ONS personal well-being estimates by local authority (time series v4),borough,"Happiness, mean rating 0-10, financial year 2016-17 assigned to start year; higher_is_better; 95% CI 7.31-7.74"
E09000026,Redbridge,2016,wellbeing_life_satisfaction,7.56,ONS personal well-being estimates by local authority (time series v4),borough,"Life satisfaction, mean rating 0-10, financial year 2016-17 assigned to start year; higher_is_better; 95% CI 7.35-7.78"
E09000026,Redbridge,2016,wellbeing_worthwhile,7.85,ONS personal well-being estimates by local authority (time series v4),borough,"Worthwhile, mean rating 0-10, financial year 2016-17 assigned to start year; higher_is_better; 95% CI 7.64-8.07"
E09000026,Redbridge,2017,wellbeing_anxiety,3.16,ONS personal well-being estimates by local authority (time series v4),borough,"Anxiety, mean rating 0-10, financial year 2017-18 assigned to start year; higher_is_worse; 95% CI 2.87-3.45"
E09000026,Redbridge,2017,wellbeing_happiness,7.45,ONS personal well-being estimates by local authority (time series v4),borough,"Happiness, mean rating 0-10, financial year 2017-18 assigned to start year; higher_is_better; 95% CI 7.22-7.68"
E09000026,Redbridge,2017,wellbeing_life_satisfaction,7.55,ONS personal well-being estimates by local authority (time series v4),borough,"Life satisfaction, mean rating 0-10, financial year 2017-18 assigned to start year; higher_is_better; 95% CI 7.39-7.71"
E09000026,Redbridge,2017,wellbeing_worthwhile,7.74,ONS personal well-being estimates by local authority (time series v4),borough,"Worthwhile, mean rating 0-10, financial year 2017-18 assigned to start year; higher_is_better; 95% CI 7.58-7.9"
E09000026,Redbridge,2018,wellbeing_anxiety,3.05,ONS personal well-being estimates by local authority (time series v4),borough,"Anxiety, mean rating 0-10, financial year 2018-19 assigned to start year; higher_is_worse; 95% CI 2.68-3.42"
E09000026,Redbridge,2018,wellbeing_happiness,7.45,ONS personal well-being estimates by local authority (time series v4),borough,"Happiness, mean rating 0-10, financial year 2018-19 assigned to start year; higher_is_better; 95% CI 7.16-7.73"
E09000026,Redbridge,2018,wellbeing_life_satisfaction,7.54,ONS personal well-being estimates by local authority (time series v4),borough,"Life satisfaction, mean rating 0-10, financial year 2018-19 assigned to start year; higher_is_better; 95% CI 7.33-7.75"
E09000026,Redbridge,2018,wellbeing_worthwhile,7.75,ONS personal well-being estimates by local authority (time series v4),borough,"Worthwhile, mean rating 0-10, financial year 2018-19 assigned to start year; higher_is_better; 95% CI 7.54-7.96"
E09000026,Redbridge,2019,wellbeing_anxiety,2.85,ONS personal well-being estimates by local authority (time series v4),borough,"Anxiety, mean rating 0-10, financial year 2019-20 assigned to start year; higher_is_worse; 95% CI 2.5-3.19"
E09000026,Redbridge,2019,wellbeing_happiness,7.51,ONS personal well-being estimates by local authority (time series v4),borough,"Happiness, mean rating 0-10, financial year 2019-20 assigned to start year; higher_is_better; 95% CI 7.23-7.79"
E09000026,Redbridge,2019,wellbeing_life_satisfaction,7.62,ONS personal well-being estimates by local authority (time series v4),borough,"Life satisfaction, mean rating 0-10, financial year 2019-20 assigned to start year; higher_is_better; 95% CI 7.41-7.82"
E09000026,Redbridge,2019,wellbeing_worthwhile,7.74,ONS personal well-being estimates by local authority (time series v4),borough,"Worthwhile, mean rating 0-10, financial year 2019-20 assigned to start year; higher_is_better; 95% CI 7.52-7.95"
E09000026,Redbridge,2020,wellbeing_anxiety,3.26,ONS personal well-being estimates by local authority (time series v4),borough,"Anxiety, mean rating 0-10, financial year 2020-21 assigned to start year; higher_is_worse; 95% CI 2.86-3.67"
E09000026,Redbridge,2020,wellbeing_happiness,7.21,ONS personal well-being estimates by local authority (time series v4),borough,"Happiness, mean rating 0-10, financial year 2020-21 assigned to start year; higher_is_better; 95% CI 6.85-7.57"
E09000026,Redbridge,2020,wellbeing_life_satisfaction,7.41,ONS personal well-being estimates by local authority (time series v4),borough,"Life satisfaction, mean rating 0-10, financial year 2020-21 assigned to start year; higher_is_better; 95% CI 7.13-7.7"
E09000026,Redbridge,2020,wellbeing_worthwhile,7.66,ONS personal well-being estimates by local authority (time series v4),borough,"Worthwhile, mean rating 0-10, financial year 2020-21 assigned to start year; higher_is_better; 95% CI 7.37-7.95"
E09000026,Redbridge,2021,wellbeing_anxiety,3.06,ONS personal well-being estimates by local authority (time series v4),borough,"Anxiety, mean rating 0-10, financial year 2021-22 assigned to start year; higher_is_worse; 95% CI 2.63-3.5"
E09000026,Redbridge,2021,wellbeing_happiness,7.29,ONS personal well-being estimates by local authority (time series v4),borough,"Happiness, mean rating 0-10, financial year 2021-22 assigned to start year; higher_is_better; 95% CI 6.94-7.65"
E09000026,Redbridge,2021,wellbeing_life_satisfaction,7.57,ONS personal well-being estimates by local authority (time series v4),borough,"Life satisfaction, mean rating 0-10, financial year 2021-22 assigned to start year; higher_is_better; 95% CI 7.28-7.86"
E09000026,Redbridge,2021,wellbeing_worthwhile,7.55,ONS personal well-being estimates by local authority (time series v4),borough,"Worthwhile, mean rating 0-10, financial year 2021-22 assigned to start year; higher_is_better; 95% CI 7.13-7.98"
E09000026,Redbridge,2022,wellbeing_anxiety,3.09,ONS personal well-being estimates by local authority (time series v4),borough,"Anxiety, mean rating 0-10, financial year 2022-23 assigned to start year; higher_is_worse; 95% CI 2.58-3.6"
E09000026,Redbridge,2022,wellbeing_happiness,7.63,ONS personal well-being estimates by local authority (time series v4),borough,"Happiness, mean rating 0-10, financial year 2022-23 assigned to start year; higher_is_better; 95% CI 7.28-7.98"
E09000026,Redbridge,2022,wellbeing_life_satisfaction,7.59,ONS personal well-being estimates by local authority (time series v4),borough,"Life satisfaction, mean rating 0-10, financial year 2022-23 assigned to start year; higher_is_better; 95% CI 7.28-7.9"
E09000026,Redbridge,2022,wellbeing_worthwhile,7.89,ONS personal well-being estimates by local authority (time series v4),borough,"Worthwhile, mean rating 0-10, financial year 2022-23 assigned to start year; higher_is_better; 95% CI 7.57-8.21"
E09000027,Richmond upon Thames,2011,wellbeing_anxiety,3.32,ONS personal well-being estimates by local authority (time series v4),borough,"Anxiety, mean rating 0-10, financial year 2011-12 assigned to start year; higher_is_worse; 95% CI 3-3.64"
E09000027,Richmond upon Thames,2011,wellbeing_happiness,7.21,ONS personal well-being estimates by local authority (time series v4),borough,"Happiness, mean rating 0-10, financial year 2011-12 assigned to start year; higher_is_better; 95% CI 6.96-7.47"
E09000027,Richmond upon Thames,2011,wellbeing_life_satisfaction,7.52,ONS personal well-being estimates by local authority (time series v4),borough,"Life satisfaction, mean rating 0-10, financial year 2011-12 assigned to start year; higher_is_better; 95% CI 7.33-7.72"
E09000027,Richmond upon Thames,2011,wellbeing_worthwhile,7.72,ONS personal well-being estimates by local authority (time series v4),borough,"Worthwhile, mean rating 0-10, financial year 2011-12 assigned to start year; higher_is_better; 95% CI 7.54-7.91"
E09000027,Richmond upon Thames,2012,wellbeing_anxiety,3.49,ONS personal well-being estimates by local authority (time series v4),borough,"Anxiety, mean rating 0-10, financial year 2012-13 assigned to start year; higher_is_worse; 95% CI 3.19-3.79"
E09000027,Richmond upon Thames,2012,wellbeing_happiness,7.35,ONS personal well-being estimates by local authority (time series v4),borough,"Happiness, mean rating 0-10, financial year 2012-13 assigned to start year; higher_is_better; 95% CI 7.13-7.58"
E09000027,Richmond upon Thames,2012,wellbeing_life_satisfaction,7.4,ONS personal well-being estimates by local authority (time series v4),borough,"Life satisfaction, mean rating 0-10, financial year 2012-13 assigned to start year; higher_is_better; 95% CI 7.21-7.6"
E09000027,Richmond upon Thames,2012,wellbeing_worthwhile,7.68,ONS personal well-being estimates by local authority (time series v4),borough,"Worthwhile, mean rating 0-10, financial year 2012-13 assigned to start year; higher_is_better; 95% CI 7.48-7.88"
E09000027,Richmond upon Thames,2013,wellbeing_anxiety,3.01,ONS personal well-being estimates by local authority (time series v4),borough,"Anxiety, mean rating 0-10, financial year 2013-14 assigned to start year; higher_is_worse; 95% CI 2.72-3.3"
E09000027,Richmond upon Thames,2013,wellbeing_happiness,7.54,ONS personal well-being estimates by local authority (time series v4),borough,"Happiness, mean rating 0-10, financial year 2013-14 assigned to start year; higher_is_better; 95% CI 7.35-7.74"
E09000027,Richmond upon Thames,2013,wellbeing_life_satisfaction,7.6,ONS personal well-being estimates by local authority (time series v4),borough,"Life satisfaction, mean rating 0-10, financial year 2013-14 assigned to start year; higher_is_better; 95% CI 7.43-7.77"
E09000027,Richmond upon Thames,2013,wellbeing_worthwhile,7.8,ONS personal well-being estimates by local authority (time series v4),borough,"Worthwhile, mean rating 0-10, financial year 2013-14 assigned to start year; higher_is_better; 95% CI 7.66-7.95"
E09000027,Richmond upon Thames,2014,wellbeing_anxiety,3.34,ONS personal well-being estimates by local authority (time series v4),borough,"Anxiety, mean rating 0-10, financial year 2014-15 assigned to start year; higher_is_worse; 95% CI 3.04-3.64"
E09000027,Richmond upon Thames,2014,wellbeing_happiness,7.49,ONS personal well-being estimates by local authority (time series v4),borough,"Happiness, mean rating 0-10, financial year 2014-15 assigned to start year; higher_is_better; 95% CI 7.29-7.7"
E09000027,Richmond upon Thames,2014,wellbeing_life_satisfaction,7.54,ONS personal well-being estimates by local authority (time series v4),borough,"Life satisfaction, mean rating 0-10, financial year 2014-15 assigned to start year; higher_is_better; 95% CI 7.36-7.72"
E09000027,Richmond upon Thames,2014,wellbeing_worthwhile,7.83,ONS personal well-being estimates by local authority (time series v4),borough,"Worthwhile, mean rating 0-10, financial year 2014-15 assigned to start year; higher_is_better; 95% CI 7.65-8.01"
E09000027,Richmond upon Thames,2015,wellbeing_anxiety,2.99,ONS personal well-being estimates by local authority (time series v4),borough,"Anxiety, mean rating 0-10, financial year 2015-16 assigned to start year; higher_is_worse; 95% CI 2.69-3.28"
E09000027,Richmond upon Thames,2015,wellbeing_happiness,7.65,ONS personal well-being estimates by local authority (time series v4),borough,"Happiness, mean rating 0-10, financial year 2015-16 assigned to start year; higher_is_better; 95% CI 7.47-7.83"
E09000027,Richmond upon Thames,2015,wellbeing_life_satisfaction,7.74,ONS personal well-being estimates by local authority (time series v4),borough,"Life satisfaction, mean rating 0-10, financial year 2015-16 assigned to start year; higher_is_better; 95% CI 7.58-7.9"
E09000027,Richmond upon Thames,2015,wellbeing_worthwhile,7.92,ONS personal well-being estimates by local authority (time series v4),borough,"Worthwhile, mean rating 0-10, financial year 2015-16 assigned to start year; higher_is_better; 95% CI 7.75-8.09"
E09000027,Richmond upon Thames,2016,wellbeing_anxiety,3.25,ONS personal well-being estimates by local authority (time series v4),borough,"Anxiety, mean rating 0-10, financial year 2016-17 assigned to start year; higher_is_worse; 95% CI 2.92-3.57"
E09000027,Richmond upon Thames,2016,wellbeing_happiness,7.58,ONS personal well-being estimates by local authority (time series v4),borough,"Happiness, mean rating 0-10, financial year 2016-17 assigned to start year; higher_is_better; 95% CI 7.34-7.82"
E09000027,Richmond upon Thames,2016,wellbeing_life_satisfaction,7.71,ONS personal well-being estimates by local authority (time series v4),borough,"Life satisfaction, mean rating 0-10, financial year 2016-17 assigned to start year; higher_is_better; 95% CI 7.53-7.9"
E09000027,Richmond upon Thames,2016,wellbeing_worthwhile,7.87,ONS personal well-being estimates by local authority (time series v4),borough,"Worthwhile, mean rating 0-10, financial year 2016-17 assigned to start year; higher_is_better; 95% CI 7.68-8.07"
E09000027,Richmond upon Thames,2017,wellbeing_anxiety,3.37,ONS personal well-being estimates by local authority (time series v4),borough,"Anxiety, mean rating 0-10, financial year 2017-18 assigned to start year; higher_is_worse; 95% CI 3.05-3.7"
E09000027,Richmond upon Thames,2017,wellbeing_happiness,7.57,ONS personal well-being estimates by local authority (time series v4),borough,"Happiness, mean rating 0-10, financial year 2017-18 assigned to start year; higher_is_better; 95% CI 7.35-7.79"
E09000027,Richmond upon Thames,2017,wellbeing_life_satisfaction,7.73,ONS personal well-being estimates by local authority (time series v4),borough,"Life satisfaction, mean rating 0-10, financial year 2017-18 assigned to start year; higher_is_better; 95% CI 7.56-7.9"
E09000027,Richmond upon Thames,2017,wellbeing_worthwhile,7.76,ONS personal well-being estimates by local authority (time series v4),borough,"Worthwhile, mean rating 0-10, financial year 2017-18 assigned to start year; higher_is_better; 95% CI 7.58-7.95"
E09000027,Richmond upon Thames,2018,wellbeing_anxiety,3.34,ONS personal well-being estimates by local authority (time series v4),borough,"Anxiety, mean rating 0-10, financial year 2018-19 assigned to start year; higher_is_worse; 95% CI 2.96-3.73"
E09000027,Richmond upon Thames,2018,wellbeing_happiness,7.48,ONS personal well-being estimates by local authority (time series v4),borough,"Happiness, mean rating 0-10, financial year 2018-19 assigned to start year; higher_is_better; 95% CI 7.25-7.71"
E09000027,Richmond upon Thames,2018,wellbeing_life_satisfaction,7.7,ONS personal well-being estimates by local authority (time series v4),borough,"Life satisfaction, mean rating 0-10, financial year 2018-19 assigned to start year; higher_is_better; 95% CI 7.52-7.89"
E09000027,Richmond upon Thames,2018,wellbeing_worthwhile,7.76,ONS personal well-being estimates by local authority (time series v4),borough,"Worthwhile, mean rating 0-10, financial year 2018-19 assigned to start year; higher_is_better; 95% CI 7.57-7.95"
E09000027,Richmond upon Thames,2019,wellbeing_anxiety,3.51,ONS personal well-being estimates by local authority (time series v4),borough,"Anxiety, mean rating 0-10, financial year 2019-20 assigned to start year; higher_is_worse; 95% CI 3.15-3.87"
E09000027,Richmond upon Thames,2019,wellbeing_happiness,7.57,ONS personal well-being estimates by local authority (time series v4),borough,"Happiness, mean rating 0-10, financial year 2019-20 assigned to start year; higher_is_better; 95% CI 7.35-7.79"
E09000027,Richmond upon Thames,2019,wellbeing_life_satisfaction,7.81,ONS personal well-being estimates by local authority (time series v4),borough,"Life satisfaction, mean rating 0-10, financial year 2019-20 assigned to start year; higher_is_better; 95% CI 7.62-8"
E09000027,Richmond upon Thames,2019,wellbeing_worthwhile,7.89,ONS personal well-being estimates by local authority (time series v4),borough,"Worthwhile, mean rating 0-10, financial year 2019-20 assigned to start year; higher_is_better; 95% CI 7.7-8.08"
E09000027,Richmond upon Thames,2020,wellbeing_anxiety,3.36,ONS personal well-being estimates by local authority (time series v4),borough,"Anxiety, mean rating 0-10, financial year 2020-21 assigned to start year; higher_is_worse; 95% CI 2.97-3.75"
E09000027,Richmond upon Thames,2020,wellbeing_happiness,7.17,ONS personal well-being estimates by local authority (time series v4),borough,"Happiness, mean rating 0-10, financial year 2020-21 assigned to start year; higher_is_better; 95% CI 6.89-7.46"
E09000027,Richmond upon Thames,2020,wellbeing_life_satisfaction,7.41,ONS personal well-being estimates by local authority (time series v4),borough,"Life satisfaction, mean rating 0-10, financial year 2020-21 assigned to start year; higher_is_better; 95% CI 7.17-7.64"
E09000027,Richmond upon Thames,2020,wellbeing_worthwhile,7.49,ONS personal well-being estimates by local authority (time series v4),borough,"Worthwhile, mean rating 0-10, financial year 2020-21 assigned to start year; higher_is_better; 95% CI 7.24-7.74"
E09000027,Richmond upon Thames,2021,wellbeing_anxiety,3.87,ONS personal well-being estimates by local authority (time series v4),borough,"Anxiety, mean rating 0-10, financial year 2021-22 assigned to start year; higher_is_worse; 95% CI 3.47-4.27"
E09000027,Richmond upon Thames,2021,wellbeing_happiness,7.3,ONS personal well-being estimates by local authority (time series v4),borough,"Happiness, mean rating 0-10, financial year 2021-22 assigned to start year; higher_is_better; 95% CI 7.06-7.55"
E09000027,Richmond upon Thames,2021,wellbeing_life_satisfaction,7.47,ONS personal well-being estimates by local authority (time series v4),borough,"Life satisfaction, mean rating 0-10, financial year 2021-22 assigned to start year; higher_is_better; 95% CI 7.29-7.65"
E09000027,Richmond upon Thames,2021,wellbeing_worthwhile,7.68,ONS personal well-being estimates by local authority (time series v4),borough,"Worthwhile, mean rating 0-10, financial year 2021-22 assigned to start year; higher_is_better; 95% CI 7.49-7.87"
E09000027,Richmond upon Thames,2022,wellbeing_anxiety,3.67,ONS personal well-being estimates by local authority (time series v4),borough,"Anxiety, mean rating 0-10, financial year 2022-23 assigned to start year; higher_is_worse; 95% CI 3.15-4.18"
E09000027,Richmond upon Thames,2022,wellbeing_happiness,7.21,ONS personal well-being estimates by local authority (time series v4),borough,"Happiness, mean rating 0-10, financial year 2022-23 assigned to start year; higher_is_better; 95% CI 6.88-7.55"
E09000027,Richmond upon Thames,2022,wellbeing_life_satisfaction,7.33,ONS personal well-being estimates by local authority (time series v4),borough,"Life satisfaction, mean rating 0-10, financial year 2022-23 assigned to start year; higher_is_better; 95% CI 7.06-7.6"
E09000027,Richmond upon Thames,2022,wellbeing_worthwhile,7.67,ONS personal well-being estimates by local authority (time series v4),borough,"Worthwhile, mean rating 0-10, financial year 2022-23 assigned to start year; higher_is_better; 95% CI 7.4-7.93"
E09000028,Southwark,2011,wellbeing_anxiety,3.54,ONS personal well-being estimates by local authority (time series v4),borough,"Anxiety, mean rating 0-10, financial year 2011-12 assigned to start year; higher_is_worse; 95% CI 3.2-3.87"
E09000028,Southwark,2011,wellbeing_happiness,7.25,ONS personal well-being estimates by local authority (time series v4),borough,"Happiness, mean rating 0-10, financial year 2011-12 assigned to start year; higher_is_better; 95% CI 7.02-7.49"
E09000028,Southwark,2011,wellbeing_life_satisfaction,7.36,ONS personal well-being estimates by local authority (time series v4),borough,"Life satisfaction, mean rating 0-10, financial year 2011-12 assigned to start year; higher_is_better; 95% CI 7.15-7.57"
E09000028,Southwark,2011,wellbeing_worthwhile,7.56,ONS personal well-being estimates by local authority (time series v4),borough,"Worthwhile, mean rating 0-10, financial year 2011-12 assigned to start year; higher_is_better; 95% CI 7.35-7.77"
E09000028,Southwark,2012,wellbeing_anxiety,3.37,ONS personal well-being estimates by local authority (time series v4),borough,"Anxiety, mean rating 0-10, financial year 2012-13 assigned to start year; higher_is_worse; 95% CI 3.07-3.67"
E09000028,Southwark,2012,wellbeing_happiness,7.15,ONS personal well-being estimates by local authority (time series v4),borough,"Happiness, mean rating 0-10, financial year 2012-13 assigned to start year; higher_is_better; 95% CI 6.92-7.38"
E09000028,Southwark,2012,wellbeing_life_satisfaction,7.21,ONS personal well-being estimates by local authority (time series v4),borough,"Life satisfaction, mean rating 0-10, financial year 2012-13 assigned to start year; higher_is_better; 95% CI 7-7.41"
E09000028,Southwark,2012,wellbeing_worthwhile,7.59,ONS personal well-being estimates by local authority (time series v4),borough,"Worthwhile, mean rating 0-10, financial year 2012-13 assigned to start year; higher_is_better; 95% CI 7.39-7.79"
E09000028,Southwark,2013,wellbeing_anxiety,3.49,ONS personal well-being estimates by local authority (time series v4),borough,"Anxiety, mean rating 0-10, financial year 2013-14 assigned to start year; higher_is_worse; 95% CI 3.23-3.75"
E09000028,Southwark,2013,wellbeing_happiness,7.29,ONS personal well-being estimates by local authority (time series v4),borough,"Happiness, mean rating 0-10, financial year 2013-14 assigned to start year; higher_is_better; 95% CI 7.08-7.5"
E09000028,Southwark,2013,wellbeing_life_satisfaction,7.58,ONS personal well-being estimates by local authority (time series v4),borough,"Life satisfaction, mean rating 0-10, financial year 2013-14 assigned to start year; higher_is_better; 95% CI 7.41-7.74"
E09000028,Southwark,2013,wellbeing_worthwhile,7.76,ONS personal well-being estimates by local authority (time series v4),borough,"Worthwhile, mean rating 0-10, financial year 2013-14 assigned to start year; higher_is_better; 95% CI 7.58-7.93"
E09000028,Southwark,2014,wellbeing_anxiety,3.29,ONS personal well-being estimates by local authority (time series v4),borough,"Anxiety, mean rating 0-10, financial year 2014-15 assigned to start year; higher_is_worse; 95% CI 3.04-3.54"
E09000028,Southwark,2014,wellbeing_happiness,7.45,ONS personal well-being estimates by local authority (time series v4),borough,"Happiness, mean rating 0-10, financial year 2014-15 assigned to start year; higher_is_better; 95% CI 7.27-7.63"
E09000028,Southwark,2014,wellbeing_life_satisfaction,7.44,ONS personal well-being estimates by local authority (time series v4),borough,"Life satisfaction, mean rating 0-10, financial year 2014-15 assigned to start year; higher_is_better; 95% CI 7.27-7.6"
E09000028,Southwark,2014,wellbeing_worthwhile,7.7,ONS personal well-being estimates by local authority (time series v4),borough,"Worthwhile, mean rating 0-10, financial year 2014-15 assigned to start year; higher_is_better; 95% CI 7.55-7.86"
E09000028,Southwark,2015,wellbeing_anxiety,3.27,ONS personal well-being estimates by local authority (time series v4),borough,"Anxiety, mean rating 0-10, financial year 2015-16 assigned to start year; higher_is_worse; 95% CI 3.01-3.54"
E09000028,Southwark,2015,wellbeing_happiness,7.35,ONS personal well-being estimates by local authority (time series v4),borough,"Happiness, mean rating 0-10, financial year 2015-16 assigned to start year; higher_is_better; 95% CI 7.16-7.54"
E09000028,Southwark,2015,wellbeing_life_satisfaction,7.49,ONS personal well-being estimates by local authority (time series v4),borough,"Life satisfaction, mean rating 0-10, financial year 2015-16 assigned to start year; higher_is_better; 95% CI 7.33-7.65"
E09000028,Southwark,2015,wellbeing_worthwhile,7.66,ONS personal well-being estimates by local authority (time series v4),borough,"Worthwhile, mean rating 0-10, financial year 2015-16 assigned to start year; higher_is_better; 95% CI 7.49-7.83"
E09000028,Southwark,2016,wellbeing_anxiety,3.37,ONS personal well-being estimates by local authority (time series v4),borough,"Anxiety, mean rating 0-10, financial year 2016-17 assigned to start year; higher_is_worse; 95% CI 3.09-3.65"
E09000028,Southwark,2016,wellbeing_happiness,7.33,ONS personal well-being estimates by local authority (time series v4),borough,"Happiness, mean rating 0-10, financial year 2016-17 assigned to start year; higher_is_better; 95% CI 7.13-7.54"
E09000028,Southwark,2016,wellbeing_life_satisfaction,7.37,ONS personal well-being estimates by local authority (time series v4),borough,"Life satisfaction, mean rating 0-10, financial year 2016-17 assigned to start year; higher_is_better; 95% CI 7.21-7.53"
E09000028,Southwark,2016,wellbeing_worthwhile,7.59,ONS personal well-being estimates by local authority (time series v4),borough,"Worthwhile, mean rating 0-10, financial year 2016-17 assigned to start year; higher_is_better; 95% CI 7.41-7.77"
E09000028,Southwark,2017,wellbeing_anxiety,3.68,ONS personal well-being estimates by local authority (time series v4),borough,"Anxiety, mean rating 0-10, financial year 2017-18 assigned to start year; higher_is_worse; 95% CI 3.35-4"
E09000028,Southwark,2017,wellbeing_happiness,7.34,ONS personal well-being estimates by local authority (time series v4),borough,"Happiness, mean rating 0-10, financial year 2017-18 assigned to start year; higher_is_better; 95% CI 7.1-7.57"
E09000028,Southwark,2017,wellbeing_life_satisfaction,7.47,ONS personal well-being estimates by local authority (time series v4),borough,"Life satisfaction, mean rating 0-10, financial year 2017-18 assigned to start year; higher_is_better; 95% CI 7.27-7.66"
E09000028,Southwark,2017,wellbeing_worthwhile,7.65,ONS personal well-being estimates by local authority (time series v4),borough,"Worthwhile, mean rating 0-10, financial year 2017-18 assigned to start year; higher_is_better; 95% CI 7.47-7.83"
E09000028,Southwark,2018,wellbeing_anxiety,3.61,ONS personal well-being estimates by local authority (time series v4),borough,"Anxiety, mean rating 0-10, financial year 2018-19 assigned to start year; higher_is_worse; 95% CI 3.32-3.9"
E09000028,Southwark,2018,wellbeing_happiness,7.28,ONS personal well-being estimates by local authority (time series v4),borough,"Happiness, mean rating 0-10, financial year 2018-19 assigned to start year; higher_is_better; 95% CI 7.07-7.5"
E09000028,Southwark,2018,wellbeing_life_satisfaction,7.34,ONS personal well-being estimates by local authority (time series v4),borough,"Life satisfaction, mean rating 0-10, financial year 2018-19 assigned to start year; higher_is_better; 95% CI 7.13-7.56"
E09000028,Southwark,2018,wellbeing_worthwhile,7.5,ONS personal well-being estimates by local authority (time series v4),borough,"Worthwhile, mean rating 0-10, financial year 2018-19 assigned to start year; higher_is_better; 95% CI 7.27-7.72"
E09000028,Southwark,2019,wellbeing_anxiety,3.65,ONS personal well-being estimates by local authority (time series v4),borough,"Anxiety, mean rating 0-10, financial year 2019-20 assigned to start year; higher_is_worse; 95% CI 3.27-4.03"
E09000028,Southwark,2019,wellbeing_happiness,7.26,ONS personal well-being estimates by local authority (time series v4),borough,"Happiness, mean rating 0-10, financial year 2019-20 assigned to start year; higher_is_better; 95% CI 7-7.53"
E09000028,Southwark,2019,wellbeing_life_satisfaction,7.51,ONS personal well-being estimates by local authority (time series v4),borough,"Life satisfaction, mean rating 0-10, financial year 2019-20 assigned to start year; higher_is_better; 95% CI 7.3-7.71"
E09000028,Southwark,2019,wellbeing_worthwhile,7.77,ONS personal well-being estimates by local authority (time series v4),borough,"Worthwhile, mean rating 0-10, financial year 2019-20 assigned to start year; higher_is_better; 95% CI 7.58-7.96"
E09000028,Southwark,2020,wellbeing_anxiety,3.66,ONS personal well-being estimates by local authority (time series v4),borough,"Anxiety, mean rating 0-10, financial year 2020-21 assigned to start year; higher_is_worse; 95% CI 3.24-4.08"
E09000028,Southwark,2020,wellbeing_happiness,7,ONS personal well-being estimates by local authority (time series v4),borough,"Happiness, mean rating 0-10, financial year 2020-21 assigned to start year; higher_is_better; 95% CI 6.64-7.37"
E09000028,Southwark,2020,wellbeing_life_satisfaction,7.17,ONS personal well-being estimates by local authority (time series v4),borough,"Life satisfaction, mean rating 0-10, financial year 2020-21 assigned to start year; higher_is_better; 95% CI 6.91-7.44"
E09000028,Southwark,2020,wellbeing_worthwhile,7.34,ONS personal well-being estimates by local authority (time series v4),borough,"Worthwhile, mean rating 0-10, financial year 2020-21 assigned to start year; higher_is_better; 95% CI 6.99-7.69"
E09000028,Southwark,2021,wellbeing_anxiety,3.7,ONS personal well-being estimates by local authority (time series v4),borough,"Anxiety, mean rating 0-10, financial year 2021-22 assigned to start year; higher_is_worse; 95% CI 3.16-4.25"
E09000028,Southwark,2021,wellbeing_happiness,7.24,ONS personal well-being estimates by local authority (time series v4),borough,"Happiness, mean rating 0-10, financial year 2021-22 assigned to start year; higher_is_better; 95% CI 6.84-7.64"
E09000028,Southwark,2021,wellbeing_life_satisfaction,7.32,ONS personal well-being estimates by local authority (time series v4),borough,"Life satisfaction, mean rating 0-10, financial year 2021-22 assigned to start year; higher_is_better; 95% CI 7.04-7.6"
E09000028,Southwark,2021,wellbeing_worthwhile,7.57,ONS personal well-being estimates by local authority (time series v4),borough,"Worthwhile, mean rating 0-10, financial year 2021-22 assigned to start year; higher_is_better; 95% CI 7.31-7.83"
E09000028,Southwark,2022,wellbeing_anxiety,3.82,ONS personal well-being estimates by local authority (time series v4),borough,"Anxiety, mean rating 0-10, financial year 2022-23 assigned to start year; higher_is_worse; 95% CI 3.15-4.49"
E09000028,Southwark,2022,wellbeing_happiness,7.12,ONS personal well-being estimates by local authority (time series v4),borough,"Happiness, mean rating 0-10, financial year 2022-23 assigned to start year; higher_is_better; 95% CI 6.63-7.61"
E09000028,Southwark,2022,wellbeing_life_satisfaction,7.23,ONS personal well-being estimates by local authority (time series v4),borough,"Life satisfaction, mean rating 0-10, financial year 2022-23 assigned to start year; higher_is_better; 95% CI 6.84-7.63"
E09000028,Southwark,2022,wellbeing_worthwhile,7.4,ONS personal well-being estimates by local authority (time series v4),borough,"Worthwhile, mean rating 0-10, financial year 2022-23 assigned to start year; higher_is_better; 95% CI 7.01-7.8"
E09000029,Sutton,2011,wellbeing_anxiety,3.22,ONS personal well-being estimates by local authority (time series v4),borough,"Anxiety, mean rating 0-10, financial year 2011-12 assigned to start year; higher_is_worse; 95% CI 2.91-3.54"
E09000029,Sutton,2011,wellbeing_happiness,7.13,ONS personal well-being estimates by local authority (time series v4),borough,"Happiness, mean rating 0-10, financial year 2011-12 assigned to start year; higher_is_better; 95% CI 6.86-7.4"
E09000029,Sutton,2011,wellbeing_life_satisfaction,7.39,ONS personal well-being estimates by local authority (time series v4),borough,"Life satisfaction, mean rating 0-10, financial year 2011-12 assigned to start year; higher_is_better; 95% CI 7.19-7.58"
E09000029,Sutton,2011,wellbeing_worthwhile,7.74,ONS personal well-being estimates by local authority (time series v4),borough,"Worthwhile, mean rating 0-10, financial year 2011-12 assigned to start year; higher_is_better; 95% CI 7.55-7.93"
E09000029,Sutton,2012,wellbeing_anxiety,3.34,ONS personal well-being estimates by local authority (time series v4),borough,"Anxiety, mean rating 0-10, financial year 2012-13 assigned to start year; higher_is_worse; 95% CI 3.04-3.64"
E09000029,Sutton,2012,wellbeing_happiness,7.2,ONS personal well-being estimates by local authority (time series v4),borough,"Happiness, mean rating 0-10, financial year 2012-13 assigned to start year; higher_is_better; 95% CI 6.94-7.46"
E09000029,Sutton,2012,wellbeing_life_satisfaction,7.28,ONS personal well-being estimates by local authority (time series v4),borough,"Life satisfaction, mean rating 0-10, financial year 2012-13 assigned to start year; higher_is_better; 95% CI 7.04-7.53"
E09000029,Sutton,2012,wellbeing_worthwhile,7.58,ONS personal well-being estimates by local authority (time series v4),borough,"Worthwhile, mean rating 0-10, financial year 2012-13 assigned to start year; higher_is_better; 95% CI 7.34-7.82"
E09000029,Sutton,2013,wellbeing_anxiety,3.28,ONS personal well-being estimates by local authority (time series v4),borough,"Anxiety, mean rating 0-10, financial year 2013-14 assigned to start year; higher_is_worse; 95% CI 2.92-3.64"
E09000029,Sutton,2013,wellbeing_happiness,7.28,ONS personal well-being estimates by local authority (time series v4),borough,"Happiness, mean rating 0-10, financial year 2013-14 assigned to start year; higher_is_better; 95% CI 7.02-7.54"
E09000029,Sutton,2013,wellbeing_life_satisfaction,7.49,ONS personal well-being estimates by local authority (time series v4),borough,"Life satisfaction, mean rating 0-10, financial year 2013-14 assigned to start year; higher_is_better; 95% CI 7.25-7.73"
E09000029,Sutton,2013,wellbeing_worthwhile,7.61,ONS personal well-being estimates by local authority (time series v4),borough,"Worthwhile, mean rating 0-10, financial year 2013-14 assigned to start year; higher_is_better; 95% CI 7.4-7.83"
E09000029,Sutton,2014,wellbeing_anxiety,3.04,ONS personal well-being estimates by local authority (time series v4),borough,"Anxiety, mean rating 0-10, financial year 2014-15 assigned to start year; higher_is_worse; 95% CI 2.68-3.41"
E09000029,Sutton,2014,wellbeing_happiness,7.48,ONS personal well-being estimates by local authority (time series v4),borough,"Happiness, mean rating 0-10, financial year 2014-15 assigned to start year; higher_is_better; 95% CI 7.2-7.76"
E09000029,Sutton,2014,wellbeing_life_satisfaction,7.6,ONS personal well-being estimates by local authority (time series v4),borough,"Life satisfaction, mean rating 0-10, financial year 2014-15 assigned to start year; higher_is_better; 95% CI 7.36-7.85"
E09000029,Sutton,2014,wellbeing_worthwhile,7.92,ONS personal well-being estimates by local authority (time series v4),borough,"Worthwhile, mean rating 0-10, financial year 2014-15 assigned to start year; higher_is_better; 95% CI 7.69-8.15"
E09000029,Sutton,2015,wellbeing_anxiety,3.59,ONS personal well-being estimates by local authority (time series v4),borough,"Anxiety, mean rating 0-10, financial year 2015-16 assigned to start year; higher_is_worse; 95% CI 3.25-3.92"
E09000029,Sutton,2015,wellbeing_happiness,7.28,ONS personal well-being estimates by local authority (time series v4),borough,"Happiness, mean rating 0-10, financial year 2015-16 assigned to start year; higher_is_better; 95% CI 6.98-7.58"
E09000029,Sutton,2015,wellbeing_life_satisfaction,7.45,ONS personal well-being estimates by local authority (time series v4),borough,"Life satisfaction, mean rating 0-10, financial year 2015-16 assigned to start year; higher_is_better; 95% CI 7.21-7.7"
E09000029,Sutton,2015,wellbeing_worthwhile,7.78,ONS personal well-being estimates by local authority (time series v4),borough,"Worthwhile, mean rating 0-10, financial year 2015-16 assigned to start year; higher_is_better; 95% CI 7.55-8.01"
E09000029,Sutton,2016,wellbeing_anxiety,2.99,ONS personal well-being estimates by local authority (time series v4),borough,"Anxiety, mean rating 0-10, financial year 2016-17 assigned to start year; higher_is_worse; 95% CI 2.67-3.3"
E09000029,Sutton,2016,wellbeing_happiness,7.54,ONS personal well-being estimates by local authority (time series v4),borough,"Happiness, mean rating 0-10, financial year 2016-17 assigned to start year; higher_is_better; 95% CI 7.31-7.78"
E09000029,Sutton,2016,wellbeing_life_satisfaction,7.66,ONS personal well-being estimates by local authority (time series v4),borough,"Life satisfaction, mean rating 0-10, financial year 2016-17 assigned to start year; higher_is_better; 95% CI 7.48-7.84"
E09000029,Sutton,2016,wellbeing_worthwhile,7.98,ONS personal well-being estimates by local authority (time series v4),borough,"Worthwhile, mean rating 0-10, financial year 2016-17 assigned to start year; higher_is_better; 95% CI 7.77-8.18"
E09000029,Sutton,2017,wellbeing_anxiety,2.94,ONS personal well-being estimates by local authority (time series v4),borough,"Anxiety, mean rating 0-10, financial year 2017-18 assigned to start year; higher_is_worse; 95% CI 2.64-3.25"
E09000029,Sutton,2017,wellbeing_happiness,7.82,ONS personal well-being estimates by local authority (time series v4),borough,"Happiness, mean rating 0-10, financial year 2017-18 assigned to start year; higher_is_better; 95% CI 7.62-8.02"
E09000029,Sutton,2017,wellbeing_life_satisfaction,7.91,ONS personal well-being estimates by local authority (time series v4),borough,"Life satisfaction, mean rating 0-10, financial year 2017-18 assigned to start year; higher_is_better; 95% CI 7.73-8.09"
E09000029,Sutton,2017,wellbeing_worthwhile,7.99,ONS personal well-being estimates by local authority (time series v4),borough,"Worthwhile, mean rating 0-10, financial year 2017-18 assigned to start year; higher_is_better; 95% CI 7.82-8.17"
E09000029,Sutton,2018,wellbeing_anxiety,2.64,ONS personal well-being estimates by local authority (time series v4),borough,"Anxiety, mean rating 0-10, financial year 2018-19 assigned to start year; higher_is_worse; 95% CI 2.34-2.94"
E09000029,Sutton,2018,wellbeing_happiness,7.79,ONS personal well-being estimates by local authority (time series v4),borough,"Happiness, mean rating 0-10, financial year 2018-19 assigned to start year; higher_is_better; 95% CI 7.57-8.02"
E09000029,Sutton,2018,wellbeing_life_satisfaction,7.88,ONS personal well-being estimates by local authority (time series v4),borough,"Life satisfaction, mean rating 0-10, financial year 2018-19 assigned to start year; higher_is_better; 95% CI 7.72-8.05"
E09000029,Sutton,2018,wellbeing_worthwhile,8.04,ONS personal well-being estimates by local authority (time series v4),borough,"Worthwhile, mean rating 0-10, financial year 2018-19 assigned to start year; higher_is_better; 95% CI 7.87-8.2"
E09000029,Sutton,2019,wellbeing_anxiety,3.03,ONS personal well-being estimates by local authority (time series v4),borough,"Anxiety, mean rating 0-10, financial year 2019-20 assigned to start year; higher_is_worse; 95% CI 2.59-3.46"
E09000029,Sutton,2019,wellbeing_happiness,7.27,ONS personal well-being estimates by local authority (time series v4),borough,"Happiness, mean rating 0-10, financial year 2019-20 assigned to start year; higher_is_better; 95% CI 6.97-7.57"
E09000029,Sutton,2019,wellbeing_life_satisfaction,7.49,ONS personal well-being estimates by local authority (time series v4),borough,"Life satisfaction, mean rating 0-10, financial year 2019-20 assigned to start year; higher_is_better; 95% CI 7.27-7.72"
E09000029,Sutton,2019,wellbeing_worthwhile,7.85,ONS personal well-being estimates by local authority (time series v4),borough,"Worthwhile, mean rating 0-10, financial year 2019-20 assigned to start year; higher_is_better; 95% CI 7.63-8.08"
E09000029,Sutton,2020,wellbeing_anxiety,3.14,ONS personal well-being estimates by local authority (time series v4),borough,"Anxiety, mean rating 0-10, financial year 2020-21 assigned to start year; higher_is_worse; 95% CI 2.74-3.54"
E09000029,Sutton,2020,wellbeing_happiness,7.32,ONS personal well-being estimates by local authority (time series v4),borough,"Happiness, mean rating 0-10, financial year 2020-21 assigned to start year; higher_is_better; 95% CI 7.02-7.61"
E09000029,Sutton,2020,wellbeing_life_satisfaction,7.35,ONS personal well-being estimates by local authority (time series v4),borough,"Life satisfaction, mean rating 0-10, financial year 2020-21 assigned to start year; higher_is_better; 95% CI 7.08-7.63"
E09000029,Sutton,2020,wellbeing_worthwhile,7.67,ONS personal well-being estimates by local authority (time series v4),borough,"Worthwhile, mean rating 0-10, financial year 2020-21 assigned to start year; higher_is_better; 95% CI 7.43-7.91"
E09000029,Sutton,2021,wellbeing_anxiety,2.98,ONS personal well-being estimates by local authority (time series v4),borough,"Anxiety, mean rating 0-10, financial year 2021-22 assigned to start year; higher_is_worse; 95% CI 2.56-3.4"
E09000029,Sutton,2021,wellbeing_happiness,7.45,ONS personal well-being estimates by local authority (time series v4),borough,"Happiness, mean rating 0-10, financial year 2021-22 assigned to start year; higher_is_better; 95% CI 7.16-7.73"
E09000029,Sutton,2021,wellbeing_life_satisfaction,7.44,ONS personal well-being estimates by local authority (time series v4),borough,"Life satisfaction, mean rating 0-10, financial year 2021-22 assigned to start year; higher_is_better; 95% CI 7.18-7.7"
E09000029,Sutton,2021,wellbeing_worthwhile,7.72,ONS personal well-being estimates by local authority (time series v4),borough,"Worthwhile, mean rating 0-10, financial year 2021-22 assigned to start year; higher_is_better; 95% CI 7.45-7.99"
E09000029,Sutton,2022,wellbeing_anxiety,3.47,ONS personal well-being estimates by local authority (time series v4),borough,"Anxiety, mean rating 0-10, financial year 2022-23 assigned to start year; higher_is_worse; 95% CI 2.91-4.03"
E09000029,Sutton,2022,wellbeing_happiness,7.41,ONS personal well-being estimates by local authority (time series v4),borough,"Happiness, mean rating 0-10, financial year 2022-23 assigned to start year; higher_is_better; 95% CI 7.08-7.74"
E09000029,Sutton,2022,wellbeing_life_satisfaction,7.46,ONS personal well-being estimates by local authority (time series v4),borough,"Life satisfaction, mean rating 0-10, financial year 2022-23 assigned to start year; higher_is_better; 95% CI 7.15-7.77"
E09000029,Sutton,2022,wellbeing_worthwhile,7.79,ONS personal well-being estimates by local authority (time series v4),borough,"Worthwhile, mean rating 0-10, financial year 2022-23 assigned to start year; higher_is_better; 95% CI 7.46-8.11"
E09000030,Tower Hamlets,2011,wellbeing_anxiety,3.53,ONS personal well-being estimates by local authority (time series v4),borough,"Anxiety, mean rating 0-10, financial year 2011-12 assigned to start year; higher_is_worse; 95% CI 3.2-3.86"
E09000030,Tower Hamlets,2011,wellbeing_happiness,7.03,ONS personal well-being estimates by local authority (time series v4),borough,"Happiness, mean rating 0-10, financial year 2011-12 assigned to start year; higher_is_better; 95% CI 6.8-7.26"
E09000030,Tower Hamlets,2011,wellbeing_life_satisfaction,7.02,ONS personal well-being estimates by local authority (time series v4),borough,"Life satisfaction, mean rating 0-10, financial year 2011-12 assigned to start year; higher_is_better; 95% CI 6.8-7.24"
E09000030,Tower Hamlets,2011,wellbeing_worthwhile,7.14,ONS personal well-being estimates by local authority (time series v4),borough,"Worthwhile, mean rating 0-10, financial year 2011-12 assigned to start year; higher_is_better; 95% CI 6.92-7.35"
E09000030,Tower Hamlets,2012,wellbeing_anxiety,2.95,ONS personal well-being estimates by local authority (time series v4),borough,"Anxiety, mean rating 0-10, financial year 2012-13 assigned to start year; higher_is_worse; 95% CI 2.65-3.25"
E09000030,Tower Hamlets,2012,wellbeing_happiness,7.38,ONS personal well-being estimates by local authority (time series v4),borough,"Happiness, mean rating 0-10, financial year 2012-13 assigned to start year; higher_is_better; 95% CI 7.16-7.6"
E09000030,Tower Hamlets,2012,wellbeing_life_satisfaction,7.32,ONS personal well-being estimates by local authority (time series v4),borough,"Life satisfaction, mean rating 0-10, financial year 2012-13 assigned to start year; higher_is_better; 95% CI 7.13-7.51"
E09000030,Tower Hamlets,2012,wellbeing_worthwhile,7.55,ONS personal well-being estimates by local authority (time series v4),borough,"Worthwhile, mean rating 0-10, financial year 2012-13 assigned to start year; higher_is_better; 95% CI 7.37-7.74"
E09000030,Tower Hamlets,2013,wellbeing_anxiety,3.05,ONS personal well-being estimates by local authority (time series v4),borough,"Anxiety, mean rating 0-10, financial year 2013-14 assigned to start year; higher_is_worse; 95% CI 2.75-3.34"
E09000030,Tower Hamlets,2013,wellbeing_happiness,7.52,ONS personal well-being estimates by local authority (time series v4),borough,"Happiness, mean rating 0-10, financial year 2013-14 assigned to start year; higher_is_better; 95% CI 7.28-7.77"
E09000030,Tower Hamlets,2013,wellbeing_life_satisfaction,7.5,ONS personal well-being estimates by local authority (time series v4),borough,"Life satisfaction, mean rating 0-10, financial year 2013-14 assigned to start year; higher_is_better; 95% CI 7.32-7.69"
E09000030,Tower Hamlets,2013,wellbeing_worthwhile,7.6,ONS personal well-being estimates by local authority (time series v4),borough,"Worthwhile, mean rating 0-10, financial year 2013-14 assigned to start year; higher_is_better; 95% CI 7.41-7.79"
E09000030,Tower Hamlets,2014,wellbeing_anxiety,3.14,ONS personal well-being estimates by local authority (time series v4),borough,"Anxiety, mean rating 0-10, financial year 2014-15 assigned to start year; higher_is_worse; 95% CI 2.84-3.44"
E09000030,Tower Hamlets,2014,wellbeing_happiness,7.28,ONS personal well-being estimates by local authority (time series v4),borough,"Happiness, mean rating 0-10, financial year 2014-15 assigned to start year; higher_is_better; 95% CI 7.06-7.49"
E09000030,Tower Hamlets,2014,wellbeing_life_satisfaction,7.54,ONS personal well-being estimates by local authority (time series v4),borough,"Life satisfaction, mean rating 0-10, financial year 2014-15 assigned to start year; higher_is_better; 95% CI 7.36-7.72"
E09000030,Tower Hamlets,2014,wellbeing_worthwhile,7.64,ONS personal well-being estimates by local authority (time series v4),borough,"Worthwhile, mean rating 0-10, financial year 2014-15 assigned to start year; higher_is_better; 95% CI 7.45-7.82"
E09000030,Tower Hamlets,2015,wellbeing_anxiety,2.86,ONS personal well-being estimates by local authority (time series v4),borough,"Anxiety, mean rating 0-10, financial year 2015-16 assigned to start year; higher_is_worse; 95% CI 2.53-3.2"
E09000030,Tower Hamlets,2015,wellbeing_happiness,7.58,ONS personal well-being estimates by local authority (time series v4),borough,"Happiness, mean rating 0-10, financial year 2015-16 assigned to start year; higher_is_better; 95% CI 7.36-7.8"
E09000030,Tower Hamlets,2015,wellbeing_life_satisfaction,7.48,ONS personal well-being estimates by local authority (time series v4),borough,"Life satisfaction, mean rating 0-10, financial year 2015-16 assigned to start year; higher_is_better; 95% CI 7.3-7.66"
E09000030,Tower Hamlets,2015,wellbeing_worthwhile,7.71,ONS personal well-being estimates by local authority (time series v4),borough,"Worthwhile, mean rating 0-10, financial year 2015-16 assigned to start year; higher_is_better; 95% CI 7.51-7.91"
E09000030,Tower Hamlets,2016,wellbeing_anxiety,3.14,ONS personal well-being estimates by local authority (time series v4),borough,"Anxiety, mean rating 0-10, financial year 2016-17 assigned to start year; higher_is_worse; 95% CI 2.78-3.51"
E09000030,Tower Hamlets,2016,wellbeing_happiness,7.55,ONS personal well-being estimates by local authority (time series v4),borough,"Happiness, mean rating 0-10, financial year 2016-17 assigned to start year; higher_is_better; 95% CI 7.25-7.84"
E09000030,Tower Hamlets,2016,wellbeing_life_satisfaction,7.74,ONS personal well-being estimates by local authority (time series v4),borough,"Life satisfaction, mean rating 0-10, financial year 2016-17 assigned to start year; higher_is_better; 95% CI 7.49-7.99"
E09000030,Tower Hamlets,2016,wellbeing_worthwhile,7.69,ONS personal well-being estimates by local authority (time series v4),borough,"Worthwhile, mean rating 0-10, financial year 2016-17 assigned to start year; higher_is_better; 95% CI 7.44-7.94"
E09000030,Tower Hamlets,2017,wellbeing_anxiety,3.26,ONS personal well-being estimates by local authority (time series v4),borough,"Anxiety, mean rating 0-10, financial year 2017-18 assigned to start year; higher_is_worse; 95% CI 2.94-3.58"
E09000030,Tower Hamlets,2017,wellbeing_happiness,7.27,ONS personal well-being estimates by local authority (time series v4),borough,"Happiness, mean rating 0-10, financial year 2017-18 assigned to start year; higher_is_better; 95% CI 7.03-7.52"
E09000030,Tower Hamlets,2017,wellbeing_life_satisfaction,7.51,ONS personal well-being estimates by local authority (time series v4),borough,"Life satisfaction, mean rating 0-10, financial year 2017-18 assigned to start year; higher_is_better; 95% CI 7.3-7.72"
E09000030,Tower Hamlets,2017,wellbeing_worthwhile,7.6,ONS personal well-being estimates by local authority (time series v4),borough,"Worthwhile, mean rating 0-10, financial year 2017-18 assigned to start year; higher_is_better; 95% CI 7.39-7.8"
E09000030,Tower Hamlets,2018,wellbeing_anxiety,2.77,ONS personal well-being estimates by local authority (time series v4),borough,"Anxiety, mean rating 0-10, financial year 2018-19 assigned to start year; higher_is_worse; 95% CI 2.42-3.12"
E09000030,Tower Hamlets,2018,wellbeing_happiness,7.73,ONS personal well-being estimates by local authority (time series v4),borough,"Happiness, mean rating 0-10, financial year 2018-19 assigned to start year; higher_is_better; 95% CI 7.48-7.99"
E09000030,Tower Hamlets,2018,wellbeing_life_satisfaction,7.82,ONS personal well-being estimates by local authority (time series v4),borough,"Life satisfaction, mean rating 0-10, financial year 2018-19 assigned to start year; higher_is_better; 95% CI 7.6-8.04"
E09000030,Tower Hamlets,2018,wellbeing_worthwhile,7.78,ONS personal well-being estimates by local authority (time series v4),borough,"Worthwhile, mean rating 0-10, financial year 2018-19 assigned to start year; higher_is_better; 95% CI 7.56-8"
E09000030,Tower Hamlets,2019,wellbeing_anxiety,2.92,ONS personal well-being estimates by local authority (time series v4),borough,"Anxiety, mean rating 0-10, financial year 2019-20 assigned to start year; higher_is_worse; 95% CI 2.54-3.29"
E09000030,Tower Hamlets,2019,wellbeing_happiness,7.62,ONS personal well-being estimates by local authority (time series v4),borough,"Happiness, mean rating 0-10, financial year 2019-20 assigned to start year; higher_is_better; 95% CI 7.33-7.9"
E09000030,Tower Hamlets,2019,wellbeing_life_satisfaction,7.59,ONS personal well-being estimates by local authority (time series v4),borough,"Life satisfaction, mean rating 0-10, financial year 2019-20 assigned to start year; higher_is_better; 95% CI 7.37-7.81"
E09000030,Tower Hamlets,2019,wellbeing_worthwhile,7.8,ONS personal well-being estimates by local authority (time series v4),borough,"Worthwhile, mean rating 0-10, financial year 2019-20 assigned to start year; higher_is_better; 95% CI 7.58-8.01"
E09000030,Tower Hamlets,2020,wellbeing_anxiety,3.82,ONS personal well-being estimates by local authority (time series v4),borough,"Anxiety, mean rating 0-10, financial year 2020-21 assigned to start year; higher_is_worse; 95% CI 3.23-4.4"
E09000030,Tower Hamlets,2020,wellbeing_happiness,7.14,ONS personal well-being estimates by local authority (time series v4),borough,"Happiness, mean rating 0-10, financial year 2020-21 assigned to start year; higher_is_better; 95% CI 6.82-7.46"
E09000030,Tower Hamlets,2020,wellbeing_life_satisfaction,7.13,ONS personal well-being estimates by local authority (time series v4),borough,"Life satisfaction, mean rating 0-10, financial year 2020-21 assigned to start year; higher_is_better; 95% CI 6.86-7.39"
E09000030,Tower Hamlets,2020,wellbeing_worthwhile,7.64,ONS personal well-being estimates by local authority (time series v4),borough,"Worthwhile, mean rating 0-10, financial year 2020-21 assigned to start year; higher_is_better; 95% CI 7.32-7.95"
E09000030,Tower Hamlets,2021,wellbeing_anxiety,2.62,ONS personal well-being estimates by local authority (time series v4),borough,"Anxiety, mean rating 0-10, financial year 2021-22 assigned to start year; higher_is_worse; 95% CI 2.08-3.15"
E09000030,Tower Hamlets,2021,wellbeing_happiness,7.43,ONS personal well-being estimates by local authority (time series v4),borough,"Happiness, mean rating 0-10, financial year 2021-22 assigned to start year; higher_is_better; 95% CI 7.03-7.83"
E09000030,Tower Hamlets,2021,wellbeing_life_satisfaction,7.62,ONS personal well-being estimates by local authority (time series v4),borough,"Life satisfaction, mean rating 0-10, financial year 2021-22 assigned to start year; higher_is_better; 95% CI 7.37-7.87"
E09000030,Tower Hamlets,2021,wellbeing_worthwhile,7.64,ONS personal well-being estimates by local authority (time series v4),borough,"Worthwhile, mean rating 0-10, financial year 2021-22 assigned to start year; higher_is_better; 95% CI 7.33-7.94"
E09000030,Tower Hamlets,2022,wellbeing_anxiety,3.26,ONS personal well-being estimates by local authority (time series v4),borough,"Anxiety, mean rating 0-10, financial year 2022-23 assigned to start year; higher_is_worse; 95% CI 2.65-3.88"
E09000030,Tower Hamlets,2022,wellbeing_happiness,6.87,ONS personal well-being estimates by local authority (time series v4),borough,"Happiness, mean rating 0-10, financial year 2022-23 assigned to start year; higher_is_better; 95% CI 6.32-7.41"
E09000030,Tower Hamlets,2022,wellbeing_life_satisfaction,7.32,ONS personal well-being estimates by local authority (time series v4),borough,"Life satisfaction, mean rating 0-10, financial year 2022-23 assigned to start year; higher_is_better; 95% CI 6.91-7.74"
E09000030,Tower Hamlets,2022,wellbeing_worthwhile,7.3,ONS personal well-being estimates by local authority (time series v4),borough,"Worthwhile, mean rating 0-10, financial year 2022-23 assigned to start year; higher_is_better; 95% CI 6.78-7.82"
E09000031,Waltham Forest,2011,wellbeing_anxiety,3.45,ONS personal well-being estimates by local authority (time series v4),borough,"Anxiety, mean rating 0-10, financial year 2011-12 assigned to start year; higher_is_worse; 95% CI 3.14-3.75"
E09000031,Waltham Forest,2011,wellbeing_happiness,7.16,ONS personal well-being estimates by local authority (time series v4),borough,"Happiness, mean rating 0-10, financial year 2011-12 assigned to start year; higher_is_better; 95% CI 6.92-7.39"
E09000031,Waltham Forest,2011,wellbeing_life_satisfaction,7.18,ONS personal well-being estimates by local authority (time series v4),borough,"Life satisfaction, mean rating 0-10, financial year 2011-12 assigned to start year; higher_is_better; 95% CI 6.96-7.41"
E09000031,Waltham Forest,2011,wellbeing_worthwhile,7.35,ONS personal well-being estimates by local authority (time series v4),borough,"Worthwhile, mean rating 0-10, financial year 2011-12 assigned to start year; higher_is_better; 95% CI 7.17-7.53"
E09000031,Waltham Forest,2012,wellbeing_anxiety,2.96,ONS personal well-being estimates by local authority (time series v4),borough,"Anxiety, mean rating 0-10, financial year 2012-13 assigned to start year; higher_is_worse; 95% CI 2.64-3.27"
E09000031,Waltham Forest,2012,wellbeing_happiness,7.26,ONS personal well-being estimates by local authority (time series v4),borough,"Happiness, mean rating 0-10, financial year 2012-13 assigned to start year; higher_is_better; 95% CI 7-7.52"
E09000031,Waltham Forest,2012,wellbeing_life_satisfaction,7.24,ONS personal well-being estimates by local authority (time series v4),borough,"Life satisfaction, mean rating 0-10, financial year 2012-13 assigned to start year; higher_is_better; 95% CI 7.04-7.45"
E09000031,Waltham Forest,2012,wellbeing_worthwhile,7.74,ONS personal well-being estimates by local authority (time series v4),borough,"Worthwhile, mean rating 0-10, financial year 2012-13 assigned to start year; higher_is_better; 95% CI 7.55-7.92"
E09000031,Waltham Forest,2013,wellbeing_anxiety,3.03,ONS personal well-being estimates by local authority (time series v4),borough,"Anxiety, mean rating 0-10, financial year 2013-14 assigned to start year; higher_is_worse; 95% CI 2.7-3.35"
E09000031,Waltham Forest,2013,wellbeing_happiness,7.13,ONS personal well-being estimates by local authority (time series v4),borough,"Happiness, mean rating 0-10, financial year 2013-14 assigned to start year; higher_is_better; 95% CI 6.87-7.39"
E09000031,Waltham Forest,2013,wellbeing_life_satisfaction,7.34,ONS personal well-being estimates by local authority (time series v4),borough,"Life satisfaction, mean rating 0-10, financial year 2013-14 assigned to start year; higher_is_better; 95% CI 7.11-7.57"
E09000031,Waltham Forest,2013,wellbeing_worthwhile,7.59,ONS personal well-being estimates by local authority (time series v4),borough,"Worthwhile, mean rating 0-10, financial year 2013-14 assigned to start year; higher_is_better; 95% CI 7.38-7.79"
E09000031,Waltham Forest,2014,wellbeing_anxiety,2.79,ONS personal well-being estimates by local authority (time series v4),borough,"Anxiety, mean rating 0-10, financial year 2014-15 assigned to start year; higher_is_worse; 95% CI 2.4-3.19"
E09000031,Waltham Forest,2014,wellbeing_happiness,7.38,ONS personal well-being estimates by local authority (time series v4),borough,"Happiness, mean rating 0-10, financial year 2014-15 assigned to start year; higher_is_better; 95% CI 7.04-7.72"
E09000031,Waltham Forest,2014,wellbeing_life_satisfaction,7.64,ONS personal well-being estimates by local authority (time series v4),borough,"Life satisfaction, mean rating 0-10, financial year 2014-15 assigned to start year; higher_is_better; 95% CI 7.39-7.88"
E09000031,Waltham Forest,2014,wellbeing_worthwhile,7.86,ONS personal well-being estimates by local authority (time series v4),borough,"Worthwhile, mean rating 0-10, financial year 2014-15 assigned to start year; higher_is_better; 95% CI 7.67-8.06"
E09000031,Waltham Forest,2015,wellbeing_anxiety,2.58,ONS personal well-being estimates by local authority (time series v4),borough,"Anxiety, mean rating 0-10, financial year 2015-16 assigned to start year; higher_is_worse; 95% CI 2.26-2.9"
E09000031,Waltham Forest,2015,wellbeing_happiness,7.51,ONS personal well-being estimates by local authority (time series v4),borough,"Happiness, mean rating 0-10, financial year 2015-16 assigned to start year; higher_is_better; 95% CI 7.25-7.77"
E09000031,Waltham Forest,2015,wellbeing_life_satisfaction,7.55,ONS personal well-being estimates by local authority (time series v4),borough,"Life satisfaction, mean rating 0-10, financial year 2015-16 assigned to start year; higher_is_better; 95% CI 7.33-7.76"
E09000031,Waltham Forest,2015,wellbeing_worthwhile,7.69,ONS personal well-being estimates by local authority (time series v4),borough,"Worthwhile, mean rating 0-10, financial year 2015-16 assigned to start year; higher_is_better; 95% CI 7.45-7.92"
E09000031,Waltham Forest,2016,wellbeing_anxiety,2.62,ONS personal well-being estimates by local authority (time series v4),borough,"Anxiety, mean rating 0-10, financial year 2016-17 assigned to start year; higher_is_worse; 95% CI 2.25-3"
E09000031,Waltham Forest,2016,wellbeing_happiness,7.61,ONS personal well-being estimates by local authority (time series v4),borough,"Happiness, mean rating 0-10, financial year 2016-17 assigned to start year; higher_is_better; 95% CI 7.34-7.89"
E09000031,Waltham Forest,2016,wellbeing_life_satisfaction,7.67,ONS personal well-being estimates by local authority (time series v4),borough,"Life satisfaction, mean rating 0-10, financial year 2016-17 assigned to start year; higher_is_better; 95% CI 7.46-7.88"
E09000031,Waltham Forest,2016,wellbeing_worthwhile,7.91,ONS personal well-being estimates by local authority (time series v4),borough,"Worthwhile, mean rating 0-10, financial year 2016-17 assigned to start year; higher_is_better; 95% CI 7.71-8.12"
E09000031,Waltham Forest,2017,wellbeing_anxiety,3.04,ONS personal well-being estimates by local authority (time series v4),borough,"Anxiety, mean rating 0-10, financial year 2017-18 assigned to start year; higher_is_worse; 95% CI 2.68-3.4"
E09000031,Waltham Forest,2017,wellbeing_happiness,7.51,ONS personal well-being estimates by local authority (time series v4),borough,"Happiness, mean rating 0-10, financial year 2017-18 assigned to start year; higher_is_better; 95% CI 7.26-7.76"
E09000031,Waltham Forest,2017,wellbeing_life_satisfaction,7.73,ONS personal well-being estimates by local authority (time series v4),borough,"Life satisfaction, mean rating 0-10, financial year 2017-18 assigned to start year; higher_is_better; 95% CI 7.5-7.96"
E09000031,Waltham Forest,2017,wellbeing_worthwhile,7.89,ONS personal well-being estimates by local authority (time series v4),borough,"Worthwhile, mean rating 0-10, financial year 2017-18 assigned to start year; higher_is_better; 95% CI 7.66-8.11"
E09000031,Waltham Forest,2018,wellbeing_anxiety,2.98,ONS personal well-being estimates by local authority (time series v4),borough,"Anxiety, mean rating 0-10, financial year 2018-19 assigned to start year; higher_is_worse; 95% CI 2.59-3.37"
E09000031,Waltham Forest,2018,wellbeing_happiness,7.51,ONS personal well-being estimates by local authority (time series v4),borough,"Happiness, mean rating 0-10, financial year 2018-19 assigned to start year; higher_is_better; 95% CI 7.25-7.77"
E09000031,Waltham Forest,2018,wellbeing_life_satisfaction,7.46,ONS personal well-being estimates by local authority (time series v4),borough,"Life satisfaction, mean rating 0-10, financial year 2018-19 assigned to start year; higher_is_better; 95% CI 7.2-7.72"
E09000031,Waltham Forest,2018,wellbeing_worthwhile,7.81,ONS personal well-being estimates by local authority (time series v4),borough,"Worthwhile, mean rating 0-10, financial year 2018-19 assigned to start year; higher_is_better; 95% CI 7.57-8.06"
E09000031,Waltham Forest,2019,wellbeing_anxiety,3.37,ONS personal well-being estimates by local authority (time series v4),borough,"Anxiety, mean rating 0-10, financial year 2019-20 assigned to start year; higher_is_worse; 95% CI 3.01-3.73"
E09000031,Waltham Forest,2019,wellbeing_happiness,7.31,ONS personal well-being estimates by local authority (time series v4),borough,"Happiness, mean rating 0-10, financial year 2019-20 assigned to start year; higher_is_better; 95% CI 7-7.62"
E09000031,Waltham Forest,2019,wellbeing_life_satisfaction,7.26,ONS personal well-being estimates by local authority (time series v4),borough,"Life satisfaction, mean rating 0-10, financial year 2019-20 assigned to start year; higher_is_better; 95% CI 7.04-7.48"
E09000031,Waltham Forest,2019,wellbeing_worthwhile,7.65,ONS personal well-being estimates by local authority (time series v4),borough,"Worthwhile, mean rating 0-10, financial year 2019-20 assigned to start year; higher_is_better; 95% CI 7.41-7.89"
E09000031,Waltham Forest,2020,wellbeing_anxiety,3.48,ONS personal well-being estimates by local authority (time series v4),borough,"Anxiety, mean rating 0-10, financial year 2020-21 assigned to start year; higher_is_worse; 95% CI 3-3.96"
E09000031,Waltham Forest,2020,wellbeing_happiness,7.31,ONS personal well-being estimates by local authority (time series v4),borough,"Happiness, mean rating 0-10, financial year 2020-21 assigned to start year; higher_is_better; 95% CI 6.98-7.63"
E09000031,Waltham Forest,2020,wellbeing_life_satisfaction,7.3,ONS personal well-being estimates by local authority (time series v4),borough,"Life satisfaction, mean rating 0-10, financial year 2020-21 assigned to start year; higher_is_better; 95% CI 7.03-7.58"
E09000031,Waltham Forest,2020,wellbeing_worthwhile,7.7,ONS personal well-being estimates by local authority (time series v4),borough,"Worthwhile, mean rating 0-10, financial year 2020-21 assigned to start year; higher_is_better; 95% CI 7.43-7.97"
E09000031,Waltham Forest,2021,wellbeing_anxiety,2.92,ONS personal well-being estimates by local authority (time series v4),borough,"Anxiety, mean rating 0-10, financial year 2021-22 assigned to start year; higher_is_worse; 95% CI 2.53-3.32"
E09000031,Waltham Forest,2021,wellbeing_happiness,7.53,ONS personal well-being estimates by local authority (time series v4),borough,"Happiness, mean rating 0-10, financial year 2021-22 assigned to start year; higher_is_better; 95% CI 7.2-7.85"
E09000031,Waltham Forest,2021,wellbeing_life_satisfaction,7.47,ONS personal well-being estimates by local authority (time series v4),borough,"Life satisfaction, mean rating 0-10, financial year 2021-22 assigned to start year; higher_is_better; 95% CI 7.15-7.79"
E09000031,Waltham Forest,2021,wellbeing_worthwhile,7.71,ONS personal well-being estimates by local authority (time series v4),borough,"Worthwhile, mean rating 0-10, financial year 2021-22 assigned to start year; higher_is_better; 95% CI 7.4-8.03"
E09000031,Waltham Forest,2022,wellbeing_anxiety,3.36,ONS personal well-being estimates by local authority (time series v4),borough,"Anxiety, mean rating 0-10, financial year 2022-23 assigned to start year; higher_is_worse; 95% CI 2.8-3.91"
E09000031,Waltham Forest,2022,wellbeing_happiness,6.82,ONS personal well-being estimates by local authority (time series v4),borough,"Happiness, mean rating 0-10, financial year 2022-23 assigned to start year; higher_is_better; 95% CI 6.37-7.27"
E09000031,Waltham Forest,2022,wellbeing_life_satisfaction,7.16,ONS personal well-being estimates by local authority (time series v4),borough,"Life satisfaction, mean rating 0-10, financial year 2022-23 assigned to start year; higher_is_better; 95% CI 6.79-7.54"
E09000031,Waltham Forest,2022,wellbeing_worthwhile,7.5,ONS personal well-being estimates by local authority (time series v4),borough,"Worthwhile, mean rating 0-10, financial year 2022-23 assigned to start year; higher_is_better; 95% CI 7.16-7.85"
E09000032,Wandsworth,2011,wellbeing_anxiety,3.63,ONS personal well-being estimates by local authority (time series v4),borough,"Anxiety, mean rating 0-10, financial year 2011-12 assigned to start year; higher_is_worse; 95% CI 3.32-3.94"
E09000032,Wandsworth,2011,wellbeing_happiness,7.33,ONS personal well-being estimates by local authority (time series v4),borough,"Happiness, mean rating 0-10, financial year 2011-12 assigned to start year; higher_is_better; 95% CI 7.11-7.54"
E09000032,Wandsworth,2011,wellbeing_life_satisfaction,7.46,ONS personal well-being estimates by local authority (time series v4),borough,"Life satisfaction, mean rating 0-10, financial year 2011-12 assigned to start year; higher_is_better; 95% CI 7.27-7.65"
E09000032,Wandsworth,2011,wellbeing_worthwhile,7.61,ONS personal well-being estimates by local authority (time series v4),borough,"Worthwhile, mean rating 0-10, financial year 2011-12 assigned to start year; higher_is_better; 95% CI 7.42-7.81"
E09000032,Wandsworth,2012,wellbeing_anxiety,3.54,ONS personal well-being estimates by local authority (time series v4),borough,"Anxiety, mean rating 0-10, financial year 2012-13 assigned to start year; higher_is_worse; 95% CI 3.24-3.83"
E09000032,Wandsworth,2012,wellbeing_happiness,7.28,ONS personal well-being estimates by local authority (time series v4),borough,"Happiness, mean rating 0-10, financial year 2012-13 assigned to start year; higher_is_better; 95% CI 7.05-7.5"
E09000032,Wandsworth,2012,wellbeing_life_satisfaction,7.26,ONS personal well-being estimates by local authority (time series v4),borough,"Life satisfaction, mean rating 0-10, financial year 2012-13 assigned to start year; higher_is_better; 95% CI 7.07-7.44"
E09000032,Wandsworth,2012,wellbeing_worthwhile,7.56,ONS personal well-being estimates by local authority (time series v4),borough,"Worthwhile, mean rating 0-10, financial year 2012-13 assigned to start year; higher_is_better; 95% CI 7.38-7.73"
E09000032,Wandsworth,2013,wellbeing_anxiety,3.34,ONS personal well-being estimates by local authority (time series v4),borough,"Anxiety, mean rating 0-10, financial year 2013-14 assigned to start year; higher_is_worse; 95% CI 3.03-3.65"
E09000032,Wandsworth,2013,wellbeing_happiness,7.51,ONS personal well-being estimates by local authority (time series v4),borough,"Happiness, mean rating 0-10, financial year 2013-14 assigned to start year; higher_is_better; 95% CI 7.29-7.72"
E09000032,Wandsworth,2013,wellbeing_life_satisfaction,7.43,ONS personal well-being estimates by local authority (time series v4),borough,"Life satisfaction, mean rating 0-10, financial year 2013-14 assigned to start year; higher_is_better; 95% CI 7.26-7.61"
E09000032,Wandsworth,2013,wellbeing_worthwhile,7.72,ONS personal well-being estimates by local authority (time series v4),borough,"Worthwhile, mean rating 0-10, financial year 2013-14 assigned to start year; higher_is_better; 95% CI 7.54-7.91"
E09000032,Wandsworth,2014,wellbeing_anxiety,3.07,ONS personal well-being estimates by local authority (time series v4),borough,"Anxiety, mean rating 0-10, financial year 2014-15 assigned to start year; higher_is_worse; 95% CI 2.81-3.34"
E09000032,Wandsworth,2014,wellbeing_happiness,7.41,ONS personal well-being estimates by local authority (time series v4),borough,"Happiness, mean rating 0-10, financial year 2014-15 assigned to start year; higher_is_better; 95% CI 7.22-7.61"
E09000032,Wandsworth,2014,wellbeing_life_satisfaction,7.47,ONS personal well-being estimates by local authority (time series v4),borough,"Life satisfaction, mean rating 0-10, financial year 2014-15 assigned to start year; higher_is_better; 95% CI 7.28-7.67"
E09000032,Wandsworth,2014,wellbeing_worthwhile,7.73,ONS personal well-being estimates by local authority (time series v4),borough,"Worthwhile, mean rating 0-10, financial year 2014-15 assigned to start year; higher_is_better; 95% CI 7.49-7.98"
E09000032,Wandsworth,2015,wellbeing_anxiety,3.29,ONS personal well-being estimates by local authority (time series v4),borough,"Anxiety, mean rating 0-10, financial year 2015-16 assigned to start year; higher_is_worse; 95% CI 2.95-3.63"
E09000032,Wandsworth,2015,wellbeing_happiness,7.44,ONS personal well-being estimates by local authority (time series v4),borough,"Happiness, mean rating 0-10, financial year 2015-16 assigned to start year; higher_is_better; 95% CI 7.22-7.65"
E09000032,Wandsworth,2015,wellbeing_life_satisfaction,7.53,ONS personal well-being estimates by local authority (time series v4),borough,"Life satisfaction, mean rating 0-10, financial year 2015-16 assigned to start year; higher_is_better; 95% CI 7.33-7.73"
E09000032,Wandsworth,2015,wellbeing_worthwhile,7.73,ONS personal well-being estimates by local authority (time series v4),borough,"Worthwhile, mean rating 0-10, financial year 2015-16 assigned to start year; higher_is_better; 95% CI 7.51-7.94"
E09000032,Wandsworth,2016,wellbeing_anxiety,3.37,ONS personal well-being estimates by local authority (time series v4),borough,"Anxiety, mean rating 0-10, financial year 2016-17 assigned to start year; higher_is_worse; 95% CI 3.08-3.65"
E09000032,Wandsworth,2016,wellbeing_happiness,7.55,ONS personal well-being estimates by local authority (time series v4),borough,"Happiness, mean rating 0-10, financial year 2016-17 assigned to start year; higher_is_better; 95% CI 7.36-7.74"
E09000032,Wandsworth,2016,wellbeing_life_satisfaction,7.64,ONS personal well-being estimates by local authority (time series v4),borough,"Life satisfaction, mean rating 0-10, financial year 2016-17 assigned to start year; higher_is_better; 95% CI 7.47-7.8"
E09000032,Wandsworth,2016,wellbeing_worthwhile,7.88,ONS personal well-being estimates by local authority (time series v4),borough,"Worthwhile, mean rating 0-10, financial year 2016-17 assigned to start year; higher_is_better; 95% CI 7.69-8.06"
E09000032,Wandsworth,2017,wellbeing_anxiety,2.88,ONS personal well-being estimates by local authority (time series v4),borough,"Anxiety, mean rating 0-10, financial year 2017-18 assigned to start year; higher_is_worse; 95% CI 2.56-3.2"
E09000032,Wandsworth,2017,wellbeing_happiness,7.46,ONS personal well-being estimates by local authority (time series v4),borough,"Happiness, mean rating 0-10, financial year 2017-18 assigned to start year; higher_is_better; 95% CI 7.25-7.66"
E09000032,Wandsworth,2017,wellbeing_life_satisfaction,7.64,ONS personal well-being estimates by local authority (time series v4),borough,"Life satisfaction, mean rating 0-10, financial year 2017-18 assigned to start year; higher_is_better; 95% CI 7.45-7.82"
E09000032,Wandsworth,2017,wellbeing_worthwhile,7.79,ONS personal well-being estimates by local authority (time series v4),borough,"Worthwhile, mean rating 0-10, financial year 2017-18 assigned to start year; higher_is_better; 95% CI 7.63-7.96"
E09000032,Wandsworth,2018,wellbeing_anxiety,3.15,ONS personal well-being estimates by local authority (time series v4),borough,"Anxiety, mean rating 0-10, financial year 2018-19 assigned to start year; higher_is_worse; 95% CI 2.82-3.48"
E09000032,Wandsworth,2018,wellbeing_happiness,7.5,ONS personal well-being estimates by local authority (time series v4),borough,"Happiness, mean rating 0-10, financial year 2018-19 assigned to start year; higher_is_better; 95% CI 7.29-7.7"
E09000032,Wandsworth,2018,wellbeing_life_satisfaction,7.65,ONS personal well-being estimates by local authority (time series v4),borough,"Life satisfaction, mean rating 0-10, financial year 2018-19 assigned to start year; higher_is_better; 95% CI 7.44-7.86"
E09000032,Wandsworth,2018,wellbeing_worthwhile,7.71,ONS personal well-being estimates by local authority (time series v4),borough,"Worthwhile, mean rating 0-10, financial year 2018-19 assigned to start year; higher_is_better; 95% CI 7.46-7.96"
E09000032,Wandsworth,2019,wellbeing_anxiety,3.12,ONS personal well-being estimates by local authority (time series v4),borough,"Anxiety, mean rating 0-10, financial year 2019-20 assigned to start year; higher_is_worse; 95% CI 2.81-3.43"
E09000032,Wandsworth,2019,wellbeing_happiness,7.21,ONS personal well-being estimates by local authority (time series v4),borough,"Happiness, mean rating 0-10, financial year 2019-20 assigned to start year; higher_is_better; 95% CI 6.97-7.45"
E09000032,Wandsworth,2019,wellbeing_life_satisfaction,7.45,ONS personal well-being estimates by local authority (time series v4),borough,"Life satisfaction, mean rating 0-10, financial year 2019-20 assigned to start year; higher_is_better; 95% CI 7.25-7.64"
E09000032,Wandsworth,2019,wellbeing_worthwhile,7.7,ONS personal well-being estimates by local authority (time series v4),borough,"Worthwhile, mean rating 0-10, financial year 2019-20 assigned to start year; higher_is_better; 95% CI 7.5-7.9"
E09000032,Wandsworth,2020,wellbeing_anxiety,3.44,ONS personal well-being estimates by local authority (time series v4),borough,"Anxiety, mean rating 0-10, financial year 2020-21 assigned to start year; higher_is_worse; 95% CI 3.05-3.82"
E09000032,Wandsworth,2020,wellbeing_happiness,6.97,ONS personal well-being estimates by local authority (time series v4),borough,"Happiness, mean rating 0-10, financial year 2020-21 assigned to start year; higher_is_better; 95% CI 6.68-7.26"
E09000032,Wandsworth,2020,wellbeing_life_satisfaction,7.35,ONS personal well-being estimates by local authority (time series v4),borough,"Life satisfaction, mean rating 0-10, financial year 2020-21 assigned to start year; higher_is_better; 95% CI 7.14-7.55"
E09000032,Wandsworth,2020,wellbeing_worthwhile,7.42,ONS personal well-being estimates by local authority (time series v4),borough,"Worthwhile, mean rating 0-10, financial year 2020-21 assigned to start year; higher_is_better; 95% CI 7.19-7.64"
E09000032,Wandsworth,2021,wellbeing_anxiety,3.59,ONS personal well-being estimates by local authority (time series v4),borough,"Anxiety, mean rating 0-10, financial year 2021-22 assigned to start year; higher_is_worse; 95% CI 3.17-4.02"
E09000032,Wandsworth,2021,wellbeing_happiness,7.37,ONS personal well-being estimates by local authority (time series v4),borough,"Happiness, mean rating 0-10, financial year 2021-22 assigned to start year; higher_is_better; 95% CI 7.08-7.65"
E09000032,Wandsworth,2021,wellbeing_life_satisfaction,7.55,ONS personal well-being estimates by local authority (time series v4),borough,"Life satisfaction, mean rating 0-10, financial year 2021-22 assigned to start year; higher_is_better; 95% CI 7.29-7.81"
E09000032,Wandsworth,2021,wellbeing_worthwhile,7.7,ONS personal well-being estimates by local authority (time series v4),borough,"Worthwhile, mean rating 0-10, financial year 2021-22 assigned to start year; higher_is_better; 95% CI 7.44-7.96"
E09000032,Wandsworth,2022,wellbeing_anxiety,3.44,ONS personal well-being estimates by local authority (time series v4),borough,"Anxiety, mean rating 0-10, financial year 2022-23 assigned to start year; higher_is_worse; 95% CI 3.01-3.86"
E09000032,Wandsworth,2022,wellbeing_happiness,7.35,ONS personal well-being estimates by local authority (time series v4),borough,"Happiness, mean rating 0-10, financial year 2022-23 assigned to start year; higher_is_better; 95% CI 7.03-7.68"
E09000032,Wandsworth,2022,wellbeing_life_satisfaction,7.45,ONS personal well-being estimates by local authority (time series v4),borough,"Life satisfaction, mean rating 0-10, financial year 2022-23 assigned to start year; higher_is_better; 95% CI 7.16-7.74"
E09000032,Wandsworth,2022,wellbeing_worthwhile,7.4,ONS personal well-being estimates by local authority (time series v4),borough,"Worthwhile, mean rating 0-10, financial year 2022-23 assigned to start year; higher_is_better; 95% CI 7.09-7.71"
E09000033,Westminster,2011,wellbeing_anxiety,3.52,ONS personal well-being estimates by local authority (time series v4),borough,"Anxiety, mean rating 0-10, financial year 2011-12 assigned to start year; higher_is_worse; 95% CI 3.24-3.8"
E09000033,Westminster,2011,wellbeing_happiness,7.28,ONS personal well-being estimates by local authority (time series v4),borough,"Happiness, mean rating 0-10, financial year 2011-12 assigned to start year; higher_is_better; 95% CI 7.03-7.53"
E09000033,Westminster,2011,wellbeing_life_satisfaction,7.33,ONS personal well-being estimates by local authority (time series v4),borough,"Life satisfaction, mean rating 0-10, financial year 2011-12 assigned to start year; higher_is_better; 95% CI 7.14-7.53"
E09000033,Westminster,2011,wellbeing_worthwhile,7.59,ONS personal well-being estimates by local authority (time series v4),borough,"Worthwhile, mean rating 0-10, financial year 2011-12 assigned to start year; higher_is_better; 95% CI 7.41-7.76"
E09000033,Westminster,2012,wellbeing_anxiety,3.66,ONS personal well-being estimates by local authority (time series v4),borough,"Anxiety, mean rating 0-10, financial year 2012-13 assigned to start year; higher_is_worse; 95% CI 3.29-4.03"
E09000033,Westminster,2012,wellbeing_happiness,7,ONS personal well-being estimates by local authority (time series v4),borough,"Happiness, mean rating 0-10, financial year 2012-13 assigned to start year; higher_is_better; 95% CI 6.77-7.22"
E09000033,Westminster,2012,wellbeing_life_satisfaction,7.01,ONS personal well-being estimates by local authority (time series v4),borough,"Life satisfaction, mean rating 0-10, financial year 2012-13 assigned to start year; higher_is_better; 95% CI 6.8-7.21"
E09000033,Westminster,2012,wellbeing_worthwhile,7.36,ONS personal well-being estimates by local authority (time series v4),borough,"Worthwhile, mean rating 0-10, financial year 2012-13 assigned to start year; higher_is_better; 95% CI 7.18-7.53"
E09000033,Westminster,2013,wellbeing_anxiety,3.13,ONS personal well-being estimates by local authority (time series v4),borough,"Anxiety, mean rating 0-10, financial year 2013-14 assigned to start year; higher_is_worse; 95% CI 2.86-3.41"
E09000033,Westminster,2013,wellbeing_happiness,7.11,ONS personal well-being estimates by local authority (time series v4),borough,"Happiness, mean rating 0-10, financial year 2013-14 assigned to start year; higher_is_better; 95% CI 6.89-7.32"
E09000033,Westminster,2013,wellbeing_life_satisfaction,7.53,ONS personal well-being estimates by local authority (time series v4),borough,"Life satisfaction, mean rating 0-10, financial year 2013-14 assigned to start year; higher_is_better; 95% CI 7.36-7.7"
E09000033,Westminster,2013,wellbeing_worthwhile,7.56,ONS personal well-being estimates by local authority (time series v4),borough,"Worthwhile, mean rating 0-10, financial year 2013-14 assigned to start year; higher_is_better; 95% CI 7.37-7.76"
E09000033,Westminster,2014,wellbeing_anxiety,3.38,ONS personal well-being estimates by local authority (time series v4),borough,"Anxiety, mean rating 0-10, financial year 2014-15 assigned to start year; higher_is_worse; 95% CI 3.09-3.68"
E09000033,Westminster,2014,wellbeing_happiness,7.37,ONS personal well-being estimates by local authority (time series v4),borough,"Happiness, mean rating 0-10, financial year 2014-15 assigned to start year; higher_is_better; 95% CI 7.14-7.59"
E09000033,Westminster,2014,wellbeing_life_satisfaction,7.45,ONS personal well-being estimates by local authority (time series v4),borough,"Life satisfaction, mean rating 0-10, financial year 2014-15 assigned to start year; higher_is_better; 95% CI 7.29-7.62"
E09000033,Westminster,2014,wellbeing_worthwhile,7.7,ONS personal well-being estimates by local authority (time series v4),borough,"Worthwhile, mean rating 0-10, financial year 2014-15 assigned to start year; higher_is_better; 95% CI 7.54-7.86"
E09000033,Westminster,2015,wellbeing_anxiety,3.15,ONS personal well-being estimates by local authority (time series v4),borough,"Anxiety, mean rating 0-10, financial year 2015-16 assigned to start year; higher_is_worse; 95% CI 2.78-3.51"
E09000033,Westminster,2015,wellbeing_happiness,7.41,ONS personal well-being estimates by local authority (time series v4),borough,"Happiness, mean rating 0-10, financial year 2015-16 assigned to start year; higher_is_better; 95% CI 7.17-7.65"
E09000033,Westminster,2015,wellbeing_life_satisfaction,7.6,ONS personal well-being estimates by local authority (time series v4),borough,"Life satisfaction, mean rating 0-10, financial year 2015-16 assigned to start year; higher_is_better; 95% CI 7.4-7.8"
E09000033,Westminster,2015,wellbeing_worthwhile,7.57,ONS personal well-being estimates by local authority (time series v4),borough,"Worthwhile, mean rating 0-10, financial year 2015-16 assigned to start year; higher_is_better; 95% CI 7.36-7.77"
E09000033,Westminster,2016,wellbeing_anxiety,2.99,ONS personal well-being estimates by local authority (time series v4),borough,"Anxiety, mean rating 0-10, financial year 2016-17 assigned to start year; higher_is_worse; 95% CI 2.7-3.29"
E09000033,Westminster,2016,wellbeing_happiness,7.56,ONS personal well-being estimates by local authority (time series v4),borough,"Happiness, mean rating 0-10, financial year 2016-17 assigned to start year; higher_is_better; 95% CI 7.31-7.8"
E09000033,Westminster,2016,wellbeing_life_satisfaction,7.68,ONS personal well-being estimates by local authority (time series v4),borough,"Life satisfaction, mean rating 0-10, financial year 2016-17 assigned to start year; higher_is_better; 95% CI 7.5-7.86"
E09000033,Westminster,2016,wellbeing_worthwhile,7.77,ONS personal well-being estimates by local authority (time series v4),borough,"Worthwhile, mean rating 0-10, financial year 2016-17 assigned to start year; higher_is_better; 95% CI 7.55-7.98"
E09000033,Westminster,2017,wellbeing_anxiety,3.33,ONS personal well-being estimates by local authority (time series v4),borough,"Anxiety, mean rating 0-10, financial year 2017-18 assigned to start year; higher_is_worse; 95% CI 3-3.67"
E09000033,Westminster,2017,wellbeing_happiness,7.56,ONS personal well-being estimates by local authority (time series v4),borough,"Happiness, mean rating 0-10, financial year 2017-18 assigned to start year; higher_is_better; 95% CI 7.36-7.76"
E09000033,Westminster,2017,wellbeing_life_satisfaction,7.57,ONS personal well-being estimates by local authority (time series v4),borough,"Life satisfaction, mean rating 0-10, financial year 2017-18 assigned to start year; higher_is_better; 95% CI 7.4-7.74"
E09000033,Westminster,2017,wellbeing_worthwhile,7.77,ONS personal well-being estimates by local authority (time series v4),borough,"Worthwhile, mean rating 0-10, financial year 2017-18 assigned to start year; higher_is_better; 95% CI 7.59-7.95"
E09000033,Westminster,2018,wellbeing_anxiety,3.36,ONS personal well-being estimates by local authority (time series v4),borough,"Anxiety, mean rating 0-10, financial year 2018-19 assigned to start year; higher_is_worse; 95% CI 3.06-3.66"
E09000033,Westminster,2018,wellbeing_happiness,7.38,ONS personal well-being estimates by local authority (time series v4),borough,"Happiness, mean rating 0-10, financial year 2018-19 assigned to start year; higher_is_better; 95% CI 7.14-7.63"
E09000033,Westminster,2018,wellbeing_life_satisfaction,7.66,ONS personal well-being estimates by local authority (time series v4),borough,"Life satisfaction, mean rating 0-10, financial year 2018-19 assigned to start year; higher_is_better; 95% CI 7.45-7.88"
E09000033,Westminster,2018,wellbeing_worthwhile,7.75,ONS personal well-being estimates by local authority (time series v4),borough,"Worthwhile, mean rating 0-10, financial year 2018-19 assigned to start year; higher_is_better; 95% CI 7.54-7.95"
E09000033,Westminster,2019,wellbeing_anxiety,3.49,ONS personal well-being estimates by local authority (time series v4),borough,"Anxiety, mean rating 0-10, financial year 2019-20 assigned to start year; higher_is_worse; 95% CI 3.11-3.87"
E09000033,Westminster,2019,wellbeing_happiness,7.27,ONS personal well-being estimates by local authority (time series v4),borough,"Happiness, mean rating 0-10, financial year 2019-20 assigned to start year; higher_is_better; 95% CI 7.02-7.53"
E09000033,Westminster,2019,wellbeing_life_satisfaction,7.37,ONS personal well-being estimates by local authority (time series v4),borough,"Life satisfaction, mean rating 0-10, financial year 2019-20 assigned to start year; higher_is_better; 95% CI 7.16-7.58"
E09000033,Westminster,2019,wellbeing_worthwhile,7.55,ONS personal well-being estimates by local authority (time series v4),borough,"Worthwhile, mean rating 0-10, financial year 2019-20 assigned to start year; higher_is_better; 95% CI 7.34-7.76"
E09000033,Westminster,2020,wellbeing_anxiety,3.44,ONS personal well-being estimates by local authority (time series v4),borough,"Anxiety, mean rating 0-10, financial year 2020-21 assigned to start year; higher_is_worse; 95% CI 2.92-3.95"
E09000033,Westminster,2020,wellbeing_happiness,7.27,ONS personal well-being estimates by local authority (time series v4),borough,"Happiness, mean rating 0-10, financial year 2020-21 assigned to start year; higher_is_better; 95% CI 6.98-7.56"
E09000033,Westminster,2020,wellbeing_life_satisfaction,7.21,ONS personal well-being estimates by local authority (time series v4),borough,"Life satisfaction, mean rating 0-10, financial year 2020-21 assigned to start year; higher_is_better; 95% CI 6.9-7.52"
E09000033,Westminster,2020,wellbeing_worthwhile,7.58,ONS personal well-being estimates by local authority (time series v4),borough,"Worthwhile, mean rating 0-10, financial year 2020-21 assigned to start year; higher_is_better; 95% CI 7.32-7.83"
E09000033,Westminster,2021,wellbeing_anxiety,3.57,ONS personal well-being estimates by local authority (time series v4),borough,"Anxiety, mean rating 0-10, financial year 2021-22 assigned to start year; higher_is_worse; 95% CI 3.07-4.07"
E09000033,Westminster,2021,wellbeing_happiness,7.38,ONS personal well-being estimates by local authority (time series v4),borough,"Happiness, mean rating 0-10, financial year 2021-22 assigned to start year; higher_is_better; 95% CI 7.07-7.7"
E09000033,Westminster,2021,wellbeing_life_satisfaction,7.38,ONS personal well-being estimates by local authority (time series v4),borough,"Life satisfaction, mean rating 0-10, financial year 2021-22 assigned to start year; higher_is_better; 95% CI 7.07-7.69"
E09000033,Westminster,2021,wellbeing_worthwhile,7.75,ONS personal well-being estimates by local authority (time series v4),borough,"Worthwhile, mean rating 0-10, financial year 2021-22 assigned to start year; higher_is_better; 95% CI 7.44-8.07"
E09000033,Westminster,2022,wellbeing_anxiety,3.73,ONS personal well-being estimates by local authority (time series v4),borough,"Anxiety, mean rating 0-10, financial year 2022-23 assigned to start year; higher_is_worse; 95% CI 3.27-4.18"
E09000033,Westminster,2022,wellbeing_happiness,7.01,ONS personal well-being estimates by local authority (time series v4),borough,"Happiness, mean rating 0-10, financial year 2022-23 assigned to start year; higher_is_better; 95% CI 6.58-7.45"
E09000033,Westminster,2022,wellbeing_life_satisfaction,7,ONS personal well-being estimates by local authority (time series v4),borough,"Life satisfaction, mean rating 0-10, financial year 2022-23 assigned to start year; higher_is_better; 95% CI 6.66-7.34"
E09000033,Westminster,2022,wellbeing_worthwhile,7.25,ONS personal well-being estimates by local authority (time series v4),borough,"Worthwhile, mean rating 0-10, financial year 2022-23 assigned to start year; higher_is_better; 95% CI 6.93-7.57"
