borough_gss,borough_name,year,metric,value,source,geography_native,notes
E09000002,Barking and Dagenham,2003,life_expectancy_65_female,18.3,ONS life expectancy for local areas of the UK,borough,"life expectancy at age 65, female, years; rolling period 2001 to 2003 assigned to END year; higher_is_better; 95% CI 17.9-18.7"
E09000002,Barking and Dagenham,2003,life_expectancy_65_male,14.7,ONS life expectancy for local areas of the UK,borough,"life expectancy at age 65, male, years; rolling period 2001 to 2003 assigned to END year; higher_is_better; 95% CI 14.3-15.1"
E09000002,Barking and Dagenham,2003,life_expectancy_birth_female,79.3,ONS life expectancy for local areas of the UK,borough,"life expectancy at birth, female, years; rolling period 2001 to 2003 assigned to END year; higher_is_better; 95% CI 78.8-79.8"
E09000002,Barking and Dagenham,2003,life_expectancy_birth_male,74.5,ONS life expectancy for local areas of the UK,borough,"life expectancy at birth, male, years; rolling period 2001 to 2003 assigned to END year; higher_is_better; 95% CI 74-75.1"
E09000002,Barking and Dagenham,2004,life_expectancy_65_female,18.2,ONS life expectancy for local areas of the UK,borough,"life expectancy at age 65, female, years; rolling period 2002 to 2004 assigned to END year; higher_is_better; 95% CI 17.9-18.6"
E09000002,Barking and Dagenham,2004,life_expectancy_65_male,15,ONS life expectancy for local areas of the UK,borough,"life expectancy at age 65, male, years; rolling period 2002 to 2004 assigned to END year; higher_is_better; 95% CI 14.6-15.4"
E09000002,Barking and Dagenham,2004,life_expectancy_birth_female,79.2,ONS life expectancy for local areas of the UK,borough,"life expectancy at birth, female, years; rolling period 2002 to 2004 assigned to END year; higher_is_better; 95% CI 78.7-79.7"
E09000002,Barking and Dagenham,2004,life_expectancy_birth_male,74.8,ONS life expectancy for local areas of the UK,borough,"life expectancy at birth, male, years; rolling period 2002 to 2004 assigned to END year; higher_is_better; 95% CI 74.3-75.4"
E09000002,Barking and Dagenham,2005,life_expectancy_65_female,18.3,ONS life expectancy for local areas of the UK,borough,"life expectancy at age 65, female, years; rolling period 2003 to 2005 assigned to END year; higher_is_better; 95% CI 17.9-18.7"
E09000002,Barking and Dagenham,2005,life_expectancy_65_male,15,ONS life expectancy for local areas of the UK,borough,"life expectancy at age 65, male, years; rolling period 2003 to 2005 assigned to END year; higher_is_better; 95% CI 14.6-15.4"
E09000002,Barking and Dagenham,2005,life_expectancy_birth_female,79.4,ONS life expectancy for local areas of the UK,borough,"life expectancy at birth, female, years; rolling period 2003 to 2005 assigned to END year; higher_is_better; 95% CI 78.8-79.9"
E09000002,Barking and Dagenham,2005,life_expectancy_birth_male,75.2,ONS life expectancy for local areas of the UK,borough,"life expectancy at birth, male, years; rolling period 2003 to 2005 assigned to END year; higher_is_better; 95% CI 74.6-75.7"
E09000002,Barking and Dagenham,2006,life_expectancy_65_female,18.7,ONS life expectancy for local areas of the UK,borough,"life expectancy at age 65, female, years; rolling period 2004 to 2006 assigned to END year; higher_is_better; 95% CI 18.3-19.1"
E09000002,Barking and Dagenham,2006,life_expectancy_65_male,15.7,ONS life expectancy for local areas of the UK,borough,"life expectancy at age 65, male, years; rolling period 2004 to 2006 assigned to END year; higher_is_better; 95% CI 15.3-16.1"
E09000002,Barking and Dagenham,2006,life_expectancy_birth_female,79.8,ONS life expectancy for local areas of the UK,borough,"life expectancy at birth, female, years; rolling period 2004 to 2006 assigned to END year; higher_is_better; 95% CI 79.2-80.3"
E09000002,Barking and Dagenham,2006,life_expectancy_birth_male,75.7,ONS life expectancy for local areas of the UK,borough,"life expectancy at birth, male, years; rolling period 2004 to 2006 assigned to END year; higher_is_better; 95% CI 75.2-76.3"
E09000002,Barking and Dagenham,2007,life_expectancy_65_female,19.1,ONS life expectancy for local areas of the UK,borough,"life expectancy at age 65, female, years; rolling period 2005 to 2007 assigned to END year; higher_is_better; 95% CI 18.7-19.5"
E09000002,Barking and Dagenham,2007,life_expectancy_65_male,16,ONS life expectancy for local areas of the UK,borough,"life expectancy at age 65, male, years; rolling period 2005 to 2007 assigned to END year; higher_is_better; 95% CI 15.5-16.4"
E09000002,Barking and Dagenham,2007,life_expectancy_birth_female,80.2,ONS life expectancy for local areas of the UK,borough,"life expectancy at birth, female, years; rolling period 2005 to 2007 assigned to END year; higher_is_better; 95% CI 79.6-80.7"
E09000002,Barking and Dagenham,2007,life_expectancy_birth_male,76,ONS life expectancy for local areas of the UK,borough,"life expectancy at birth, male, years; rolling period 2005 to 2007 assigned to END year; higher_is_better; 95% CI 75.4-76.6"
E09000002,Barking and Dagenham,2008,life_expectancy_65_female,19.1,ONS life expectancy for local areas of the UK,borough,"life expectancy at age 65, female, years; rolling period 2006 to 2008 assigned to END year; higher_is_better; 95% CI 18.7-19.6"
E09000002,Barking and Dagenham,2008,life_expectancy_65_male,16.4,ONS life expectancy for local areas of the UK,borough,"life expectancy at age 65, male, years; rolling period 2006 to 2008 assigned to END year; higher_is_better; 95% CI 15.9-16.8"
E09000002,Barking and Dagenham,2008,life_expectancy_birth_female,80.3,ONS life expectancy for local areas of the UK,borough,"life expectancy at birth, female, years; rolling period 2006 to 2008 assigned to END year; higher_is_better; 95% CI 79.8-80.8"
E09000002,Barking and Dagenham,2008,life_expectancy_birth_male,76,ONS life expectancy for local areas of the UK,borough,"life expectancy at birth, male, years; rolling period 2006 to 2008 assigned to END year; higher_is_better; 95% CI 75.4-76.6"
E09000002,Barking and Dagenham,2009,life_expectancy_65_female,19.2,ONS life expectancy for local areas of the UK,borough,"life expectancy at age 65, female, years; rolling period 2007 to 2009 assigned to END year; higher_is_better; 95% CI 18.8-19.7"
E09000002,Barking and Dagenham,2009,life_expectancy_65_male,16.5,ONS life expectancy for local areas of the UK,borough,"life expectancy at age 65, male, years; rolling period 2007 to 2009 assigned to END year; higher_is_better; 95% CI 16.1-17"
E09000002,Barking and Dagenham,2009,life_expectancy_birth_female,80.6,ONS life expectancy for local areas of the UK,borough,"life expectancy at birth, female, years; rolling period 2007 to 2009 assigned to END year; higher_is_better; 95% CI 80.1-81.1"
E09000002,Barking and Dagenham,2009,life_expectancy_birth_male,76.1,ONS life expectancy for local areas of the UK,borough,"life expectancy at birth, male, years; rolling period 2007 to 2009 assigned to END year; higher_is_better; 95% CI 75.5-76.6"
E09000002,Barking and Dagenham,2010,life_expectancy_65_female,19.3,ONS life expectancy for local areas of the UK,borough,"life expectancy at age 65, female, years; rolling period 2008 to 2010 assigned to END year; higher_is_better; 95% CI 18.9-19.7"
E09000002,Barking and Dagenham,2010,life_expectancy_65_male,16.9,ONS life expectancy for local areas of the UK,borough,"life expectancy at age 65, male, years; rolling period 2008 to 2010 assigned to END year; higher_is_better; 95% CI 16.4-17.3"
E09000002,Barking and Dagenham,2010,life_expectancy_birth_female,80.7,ONS life expectancy for local areas of the UK,borough,"life expectancy at birth, female, years; rolling period 2008 to 2010 assigned to END year; higher_is_better; 95% CI 80.2-81.3"
E09000002,Barking and Dagenham,2010,life_expectancy_birth_male,76.4,ONS life expectancy for local areas of the UK,borough,"life expectancy at birth, male, years; rolling period 2008 to 2010 assigned to END year; higher_is_better; 95% CI 75.9-77"
E09000002,Barking and Dagenham,2011,life_expectancy_65_female,19.8,ONS life expectancy for local areas of the UK,borough,"life expectancy at age 65, female, years; rolling period 2009 to 2011 assigned to END year; higher_is_better; 95% CI 19.4-20.3"
E09000002,Barking and Dagenham,2011,life_expectancy_65_male,17,ONS life expectancy for local areas of the UK,borough,"life expectancy at age 65, male, years; rolling period 2009 to 2011 assigned to END year; higher_is_better; 95% CI 16.6-17.5"
E09000002,Barking and Dagenham,2011,life_expectancy_birth_female,81.4,ONS life expectancy for local areas of the UK,borough,"life expectancy at birth, female, years; rolling period 2009 to 2011 assigned to END year; higher_is_better; 95% CI 80.9-81.9"
E09000002,Barking and Dagenham,2011,life_expectancy_birth_male,77.1,ONS life expectancy for local areas of the UK,borough,"life expectancy at birth, male, years; rolling period 2009 to 2011 assigned to END year; higher_is_better; 95% CI 76.5-77.7"
E09000002,Barking and Dagenham,2012,life_expectancy_65_female,20,ONS life expectancy for local areas of the UK,borough,"life expectancy at age 65, female, years; rolling period 2010 to 2012 assigned to END year; higher_is_better; 95% CI 19.6-20.4"
E09000002,Barking and Dagenham,2012,life_expectancy_65_male,17.3,ONS life expectancy for local areas of the UK,borough,"life expectancy at age 65, male, years; rolling period 2010 to 2012 assigned to END year; higher_is_better; 95% CI 16.9-17.8"
E09000002,Barking and Dagenham,2012,life_expectancy_birth_female,81.7,ONS life expectancy for local areas of the UK,borough,"life expectancy at birth, female, years; rolling period 2010 to 2012 assigned to END year; higher_is_better; 95% CI 81.2-82.3"
E09000002,Barking and Dagenham,2012,life_expectancy_birth_male,77.5,ONS life expectancy for local areas of the UK,borough,"life expectancy at birth, male, years; rolling period 2010 to 2012 assigned to END year; higher_is_better; 95% CI 76.9-78.1"
E09000002,Barking and Dagenham,2013,life_expectancy_65_female,20.2,ONS life expectancy for local areas of the UK,borough,"life expectancy at age 65, female, years; rolling period 2011 to 2013 assigned to END year; higher_is_better; 95% CI 19.8-20.6"
E09000002,Barking and Dagenham,2013,life_expectancy_65_male,17.3,ONS life expectancy for local areas of the UK,borough,"life expectancy at age 65, male, years; rolling period 2011 to 2013 assigned to END year; higher_is_better; 95% CI 16.8-17.8"
E09000002,Barking and Dagenham,2013,life_expectancy_birth_female,82.1,ONS life expectancy for local areas of the UK,borough,"life expectancy at birth, female, years; rolling period 2011 to 2013 assigned to END year; higher_is_better; 95% CI 81.6-82.7"
E09000002,Barking and Dagenham,2013,life_expectancy_birth_male,77.6,ONS life expectancy for local areas of the UK,borough,"life expectancy at birth, male, years; rolling period 2011 to 2013 assigned to END year; higher_is_better; 95% CI 77-78.1"
E09000002,Barking and Dagenham,2014,life_expectancy_65_female,20.1,ONS life expectancy for local areas of the UK,borough,"life expectancy at age 65, female, years; rolling period 2012 to 2014 assigned to END year; higher_is_better; 95% CI 19.7-20.6"
E09000002,Barking and Dagenham,2014,life_expectancy_65_male,17.3,ONS life expectancy for local areas of the UK,borough,"life expectancy at age 65, male, years; rolling period 2012 to 2014 assigned to END year; higher_is_better; 95% CI 16.8-17.8"
E09000002,Barking and Dagenham,2014,life_expectancy_birth_female,82,ONS life expectancy for local areas of the UK,borough,"life expectancy at birth, female, years; rolling period 2012 to 2014 assigned to END year; higher_is_better; 95% CI 81.4-82.5"
E09000002,Barking and Dagenham,2014,life_expectancy_birth_male,77.5,ONS life expectancy for local areas of the UK,borough,"life expectancy at birth, male, years; rolling period 2012 to 2014 assigned to END year; higher_is_better; 95% CI 76.9-78"
E09000002,Barking and Dagenham,2015,life_expectancy_65_female,20.1,ONS life expectancy for local areas of the UK,borough,"life expectancy at age 65, female, years; rolling period 2013 to 2015 assigned to END year; higher_is_better; 95% CI 19.7-20.5"
E09000002,Barking and Dagenham,2015,life_expectancy_65_male,17.1,ONS life expectancy for local areas of the UK,borough,"life expectancy at age 65, male, years; rolling period 2013 to 2015 assigned to END year; higher_is_better; 95% CI 16.7-17.6"
E09000002,Barking and Dagenham,2015,life_expectancy_birth_female,81.7,ONS life expectancy for local areas of the UK,borough,"life expectancy at birth, female, years; rolling period 2013 to 2015 assigned to END year; higher_is_better; 95% CI 81.2-82.2"
E09000002,Barking and Dagenham,2015,life_expectancy_birth_male,77.4,ONS life expectancy for local areas of the UK,borough,"life expectancy at birth, male, years; rolling period 2013 to 2015 assigned to END year; higher_is_better; 95% CI 76.8-78"
E09000002,Barking and Dagenham,2016,life_expectancy_65_female,20.3,ONS life expectancy for local areas of the UK,borough,"life expectancy at age 65, female, years; rolling period 2014 to 2016 assigned to END year; higher_is_better; 95% CI 19.8-20.7"
E09000002,Barking and Dagenham,2016,life_expectancy_65_male,17.2,ONS life expectancy for local areas of the UK,borough,"life expectancy at age 65, male, years; rolling period 2014 to 2016 assigned to END year; higher_is_better; 95% CI 16.7-17.6"
E09000002,Barking and Dagenham,2016,life_expectancy_birth_female,81.8,ONS life expectancy for local areas of the UK,borough,"life expectancy at birth, female, years; rolling period 2014 to 2016 assigned to END year; higher_is_better; 95% CI 81.3-82.3"
E09000002,Barking and Dagenham,2016,life_expectancy_birth_male,77.4,ONS life expectancy for local areas of the UK,borough,"life expectancy at birth, male, years; rolling period 2014 to 2016 assigned to END year; higher_is_better; 95% CI 76.9-78"
E09000002,Barking and Dagenham,2017,life_expectancy_65_female,20.3,ONS life expectancy for local areas of the UK,borough,"life expectancy at age 65, female, years; rolling period 2015 to 2017 assigned to END year; higher_is_better; 95% CI 19.8-20.7"
E09000002,Barking and Dagenham,2017,life_expectancy_65_male,17.2,ONS life expectancy for local areas of the UK,borough,"life expectancy at age 65, male, years; rolling period 2015 to 2017 assigned to END year; higher_is_better; 95% CI 16.8-17.7"
E09000002,Barking and Dagenham,2017,life_expectancy_birth_female,82,ONS life expectancy for local areas of the UK,borough,"life expectancy at birth, female, years; rolling period 2015 to 2017 assigned to END year; higher_is_better; 95% CI 81.4-82.5"
E09000002,Barking and Dagenham,2017,life_expectancy_birth_male,77.7,ONS life expectancy for local areas of the UK,borough,"life expectancy at birth, male, years; rolling period 2015 to 2017 assigned to END year; higher_is_better; 95% CI 77.1-78.2"
E09000002,Barking and Dagenham,2018,life_expectancy_65_female,20.3,ONS life expectancy for local areas of the UK,borough,"life expectancy at age 65, female, years; rolling period 2016 to 2018 assigned to END year; higher_is_better; 95% CI 19.8-20.8"
E09000002,Barking and Dagenham,2018,life_expectancy_65_male,17.2,ONS life expectancy for local areas of the UK,borough,"life expectancy at age 65, male, years; rolling period 2016 to 2018 assigned to END year; higher_is_better; 95% CI 16.7-17.6"
E09000002,Barking and Dagenham,2018,life_expectancy_birth_female,82.5,ONS life expectancy for local areas of the UK,borough,"life expectancy at birth, female, years; rolling period 2016 to 2018 assigned to END year; higher_is_better; 95% CI 81.9-83"
E09000002,Barking and Dagenham,2018,life_expectancy_birth_male,77.8,ONS life expectancy for local areas of the UK,borough,"life expectancy at birth, male, years; rolling period 2016 to 2018 assigned to END year; higher_is_better; 95% CI 77.2-78.3"
E09000002,Barking and Dagenham,2019,life_expectancy_65_female,19.9,ONS life expectancy for local areas of the UK,borough,"life expectancy at age 65, female, years; rolling period 2017 to 2019 assigned to END year; higher_is_better; 95% CI 19.5-20.4"
E09000002,Barking and Dagenham,2019,life_expectancy_65_male,17.1,ONS life expectancy for local areas of the UK,borough,"life expectancy at age 65, male, years; rolling period 2017 to 2019 assigned to END year; higher_is_better; 95% CI 16.6-17.5"
E09000002,Barking and Dagenham,2019,life_expectancy_birth_female,82.1,ONS life expectancy for local areas of the UK,borough,"life expectancy at birth, female, years; rolling period 2017 to 2019 assigned to END year; higher_is_better; 95% CI 81.6-82.6"
E09000002,Barking and Dagenham,2019,life_expectancy_birth_male,77.8,ONS life expectancy for local areas of the UK,borough,"life expectancy at birth, male, years; rolling period 2017 to 2019 assigned to END year; higher_is_better; 95% CI 77.3-78.4"
E09000002,Barking and Dagenham,2020,life_expectancy_65_female,19.4,ONS life expectancy for local areas of the UK,borough,"life expectancy at age 65, female, years; rolling period 2018 to 2020 assigned to END year; higher_is_better; 95% CI 19-19.9"
E09000002,Barking and Dagenham,2020,life_expectancy_65_male,16.3,ONS life expectancy for local areas of the UK,borough,"life expectancy at age 65, male, years; rolling period 2018 to 2020 assigned to END year; higher_is_better; 95% CI 15.9-16.8"
E09000002,Barking and Dagenham,2020,life_expectancy_birth_female,81.4,ONS life expectancy for local areas of the UK,borough,"life expectancy at birth, female, years; rolling period 2018 to 2020 assigned to END year; higher_is_better; 95% CI 81-81.9"
E09000002,Barking and Dagenham,2020,life_expectancy_birth_male,76.8,ONS life expectancy for local areas of the UK,borough,"life expectancy at birth, male, years; rolling period 2018 to 2020 assigned to END year; higher_is_better; 95% CI 76.3-77.3"
E09000002,Barking and Dagenham,2021,life_expectancy_65_female,19.2,ONS life expectancy for local areas of the UK,borough,"life expectancy at age 65, female, years; rolling period 2019 to 2021 assigned to END year; higher_is_better; 95% CI 18.7-19.6"
E09000002,Barking and Dagenham,2021,life_expectancy_65_male,15.9,ONS life expectancy for local areas of the UK,borough,"life expectancy at age 65, male, years; rolling period 2019 to 2021 assigned to END year; higher_is_better; 95% CI 15.5-16.4"
E09000002,Barking and Dagenham,2021,life_expectancy_birth_female,80.8,ONS life expectancy for local areas of the UK,borough,"life expectancy at birth, female, years; rolling period 2019 to 2021 assigned to END year; higher_is_better; 95% CI 80.3-81.3"
E09000002,Barking and Dagenham,2021,life_expectancy_birth_male,76.2,ONS life expectancy for local areas of the UK,borough,"life expectancy at birth, male, years; rolling period 2019 to 2021 assigned to END year; higher_is_better; 95% CI 75.7-76.7"
E09000002,Barking and Dagenham,2022,life_expectancy_65_female,18.9,ONS life expectancy for local areas of the UK,borough,"life expectancy at age 65, female, years; rolling period 2020 to 2022 assigned to END year; higher_is_better; 95% CI 18.5-19.3"
E09000002,Barking and Dagenham,2022,life_expectancy_65_male,16,ONS life expectancy for local areas of the UK,borough,"life expectancy at age 65, male, years; rolling period 2020 to 2022 assigned to END year; higher_is_better; 95% CI 15.5-16.4"
E09000002,Barking and Dagenham,2022,life_expectancy_birth_female,80.5,ONS life expectancy for local areas of the UK,borough,"life expectancy at birth, female, years; rolling period 2020 to 2022 assigned to END year; higher_is_better; 95% CI 80-80.9"
E09000002,Barking and Dagenham,2022,life_expectancy_birth_male,76.3,ONS life expectancy for local areas of the UK,borough,"life expectancy at birth, male, years; rolling period 2020 to 2022 assigned to END year; higher_is_better; 95% CI 75.8-76.8"
E09000002,Barking and Dagenham,2023,life_expectancy_65_female,19.4,ONS life expectancy for local areas of the UK,borough,"life expectancy at age 65, female, years; rolling period 2021 to 2023 assigned to END year; higher_is_better; 95% CI 18.9-19.8"
E09000002,Barking and Dagenham,2023,life_expectancy_65_male,16.7,ONS life expectancy for local areas of the UK,borough,"life expectancy at age 65, male, years; rolling period 2021 to 2023 assigned to END year; higher_is_better; 95% CI 16.2-17.1"
E09000002,Barking and Dagenham,2023,life_expectancy_birth_female,81,ONS life expectancy for local areas of the UK,borough,"life expectancy at birth, female, years; rolling period 2021 to 2023 assigned to END year; higher_is_better; 95% CI 80.5-81.5"
E09000002,Barking and Dagenham,2023,life_expectancy_birth_male,77.3,ONS life expectancy for local areas of the UK,borough,"life expectancy at birth, male, years; rolling period 2021 to 2023 assigned to END year; higher_is_better; 95% CI 76.8-77.8"
E09000002,Barking and Dagenham,2024,life_expectancy_65_female,19.8,ONS life expectancy for local areas of the UK,borough,"life expectancy at age 65, female, years; rolling period 2022 to 2024 assigned to END year; higher_is_better; 95% CI 19.4-20.2"
E09000002,Barking and Dagenham,2024,life_expectancy_65_male,17.3,ONS life expectancy for local areas of the UK,borough,"life expectancy at age 65, male, years; rolling period 2022 to 2024 assigned to END year; higher_is_better; 95% CI 16.9-17.8"
E09000002,Barking and Dagenham,2024,life_expectancy_birth_female,81.7,ONS life expectancy for local areas of the UK,borough,"life expectancy at birth, female, years; rolling period 2022 to 2024 assigned to END year; higher_is_better; 95% CI 81.2-82.2"
E09000002,Barking and Dagenham,2024,life_expectancy_birth_male,78.3,ONS life expectancy for local areas of the UK,borough,"life expectancy at birth, male, years; rolling period 2022 to 2024 assigned to END year; higher_is_better; 95% CI 77.8-78.8"
E09000003,Barnet,2003,life_expectancy_65_female,20.1,ONS life expectancy for local areas of the UK,borough,"life expectancy at age 65, female, years; rolling period 2001 to 2003 assigned to END year; higher_is_better; 95% CI 19.8-20.4"
E09000003,Barnet,2003,life_expectancy_65_male,17.4,ONS life expectancy for local areas of the UK,borough,"life expectancy at age 65, male, years; rolling period 2001 to 2003 assigned to END year; higher_is_better; 95% CI 17.1-17.6"
E09000003,Barnet,2003,life_expectancy_birth_female,82.2,ONS life expectancy for local areas of the UK,borough,"life expectancy at birth, female, years; rolling period 2001 to 2003 assigned to END year; higher_is_better; 95% CI 81.8-82.6"
E09000003,Barnet,2003,life_expectancy_birth_male,78,ONS life expectancy for local areas of the UK,borough,"life expectancy at birth, male, years; rolling period 2001 to 2003 assigned to END year; higher_is_better; 95% CI 77.6-78.4"
E09000003,Barnet,2004,life_expectancy_65_female,20.4,ONS life expectancy for local areas of the UK,borough,"life expectancy at age 65, female, years; rolling period 2002 to 2004 assigned to END year; higher_is_better; 95% CI 20.1-20.7"
E09000003,Barnet,2004,life_expectancy_65_male,17.6,ONS life expectancy for local areas of the UK,borough,"life expectancy at age 65, male, years; rolling period 2002 to 2004 assigned to END year; higher_is_better; 95% CI 17.3-17.9"
E09000003,Barnet,2004,life_expectancy_birth_female,82.6,ONS life expectancy for local areas of the UK,borough,"life expectancy at birth, female, years; rolling period 2002 to 2004 assigned to END year; higher_is_better; 95% CI 82.3-83"
E09000003,Barnet,2004,life_expectancy_birth_male,78.3,ONS life expectancy for local areas of the UK,borough,"life expectancy at birth, male, years; rolling period 2002 to 2004 assigned to END year; higher_is_better; 95% CI 77.9-78.7"
E09000003,Barnet,2005,life_expectancy_65_female,20.6,ONS life expectancy for local areas of the UK,borough,"life expectancy at age 65, female, years; rolling period 2003 to 2005 assigned to END year; higher_is_better; 95% CI 20.4-20.9"
E09000003,Barnet,2005,life_expectancy_65_male,17.9,ONS life expectancy for local areas of the UK,borough,"life expectancy at age 65, male, years; rolling period 2003 to 2005 assigned to END year; higher_is_better; 95% CI 17.6-18.2"
E09000003,Barnet,2005,life_expectancy_birth_female,82.9,ONS life expectancy for local areas of the UK,borough,"life expectancy at birth, female, years; rolling period 2003 to 2005 assigned to END year; higher_is_better; 95% CI 82.6-83.3"
E09000003,Barnet,2005,life_expectancy_birth_male,78.4,ONS life expectancy for local areas of the UK,borough,"life expectancy at birth, male, years; rolling period 2003 to 2005 assigned to END year; higher_is_better; 95% CI 78-78.8"
E09000003,Barnet,2006,life_expectancy_65_female,20.8,ONS life expectancy for local areas of the UK,borough,"life expectancy at age 65, female, years; rolling period 2004 to 2006 assigned to END year; higher_is_better; 95% CI 20.6-21.1"
E09000003,Barnet,2006,life_expectancy_65_male,18.3,ONS life expectancy for local areas of the UK,borough,"life expectancy at age 65, male, years; rolling period 2004 to 2006 assigned to END year; higher_is_better; 95% CI 18-18.6"
E09000003,Barnet,2006,life_expectancy_birth_female,83.3,ONS life expectancy for local areas of the UK,borough,"life expectancy at birth, female, years; rolling period 2004 to 2006 assigned to END year; higher_is_better; 95% CI 83-83.7"
E09000003,Barnet,2006,life_expectancy_birth_male,78.9,ONS life expectancy for local areas of the UK,borough,"life expectancy at birth, male, years; rolling period 2004 to 2006 assigned to END year; higher_is_better; 95% CI 78.4-79.3"
E09000003,Barnet,2007,life_expectancy_65_female,21.1,ONS life expectancy for local areas of the UK,borough,"life expectancy at age 65, female, years; rolling period 2005 to 2007 assigned to END year; higher_is_better; 95% CI 20.9-21.4"
E09000003,Barnet,2007,life_expectancy_65_male,18.6,ONS life expectancy for local areas of the UK,borough,"life expectancy at age 65, male, years; rolling period 2005 to 2007 assigned to END year; higher_is_better; 95% CI 18.3-18.9"
E09000003,Barnet,2007,life_expectancy_birth_female,83.4,ONS life expectancy for local areas of the UK,borough,"life expectancy at birth, female, years; rolling period 2005 to 2007 assigned to END year; higher_is_better; 95% CI 83.1-83.8"
E09000003,Barnet,2007,life_expectancy_birth_male,79.3,ONS life expectancy for local areas of the UK,borough,"life expectancy at birth, male, years; rolling period 2005 to 2007 assigned to END year; higher_is_better; 95% CI 78.9-79.7"
E09000003,Barnet,2008,life_expectancy_65_female,21.4,ONS life expectancy for local areas of the UK,borough,"life expectancy at age 65, female, years; rolling period 2006 to 2008 assigned to END year; higher_is_better; 95% CI 21.2-21.7"
E09000003,Barnet,2008,life_expectancy_65_male,18.8,ONS life expectancy for local areas of the UK,borough,"life expectancy at age 65, male, years; rolling period 2006 to 2008 assigned to END year; higher_is_better; 95% CI 18.5-19.1"
E09000003,Barnet,2008,life_expectancy_birth_female,83.8,ONS life expectancy for local areas of the UK,borough,"life expectancy at birth, female, years; rolling period 2006 to 2008 assigned to END year; higher_is_better; 95% CI 83.4-84.2"
E09000003,Barnet,2008,life_expectancy_birth_male,79.8,ONS life expectancy for local areas of the UK,borough,"life expectancy at birth, male, years; rolling period 2006 to 2008 assigned to END year; higher_is_better; 95% CI 79.4-80.2"
E09000003,Barnet,2009,life_expectancy_65_female,21.7,ONS life expectancy for local areas of the UK,borough,"life expectancy at age 65, female, years; rolling period 2007 to 2009 assigned to END year; higher_is_better; 95% CI 21.4-22"
E09000003,Barnet,2009,life_expectancy_65_male,18.9,ONS life expectancy for local areas of the UK,borough,"life expectancy at age 65, male, years; rolling period 2007 to 2009 assigned to END year; higher_is_better; 95% CI 18.6-19.2"
E09000003,Barnet,2009,life_expectancy_birth_female,83.9,ONS life expectancy for local areas of the UK,borough,"life expectancy at birth, female, years; rolling period 2007 to 2009 assigned to END year; higher_is_better; 95% CI 83.5-84.3"
E09000003,Barnet,2009,life_expectancy_birth_male,79.9,ONS life expectancy for local areas of the UK,borough,"life expectancy at birth, male, years; rolling period 2007 to 2009 assigned to END year; higher_is_better; 95% CI 79.6-80.3"
E09000003,Barnet,2010,life_expectancy_65_female,21.7,ONS life expectancy for local areas of the UK,borough,"life expectancy at age 65, female, years; rolling period 2008 to 2010 assigned to END year; higher_is_better; 95% CI 21.4-22"
E09000003,Barnet,2010,life_expectancy_65_male,19,ONS life expectancy for local areas of the UK,borough,"life expectancy at age 65, male, years; rolling period 2008 to 2010 assigned to END year; higher_is_better; 95% CI 18.7-19.2"
E09000003,Barnet,2010,life_expectancy_birth_female,83.9,ONS life expectancy for local areas of the UK,borough,"life expectancy at birth, female, years; rolling period 2008 to 2010 assigned to END year; higher_is_better; 95% CI 83.6-84.3"
E09000003,Barnet,2010,life_expectancy_birth_male,80.1,ONS life expectancy for local areas of the UK,borough,"life expectancy at birth, male, years; rolling period 2008 to 2010 assigned to END year; higher_is_better; 95% CI 79.7-80.5"
E09000003,Barnet,2011,life_expectancy_65_female,21.9,ONS life expectancy for local areas of the UK,borough,"life expectancy at age 65, female, years; rolling period 2009 to 2011 assigned to END year; higher_is_better; 95% CI 21.6-22.2"
E09000003,Barnet,2011,life_expectancy_65_male,19.3,ONS life expectancy for local areas of the UK,borough,"life expectancy at age 65, male, years; rolling period 2009 to 2011 assigned to END year; higher_is_better; 95% CI 19-19.6"
E09000003,Barnet,2011,life_expectancy_birth_female,84,ONS life expectancy for local areas of the UK,borough,"life expectancy at birth, female, years; rolling period 2009 to 2011 assigned to END year; higher_is_better; 95% CI 83.7-84.4"
E09000003,Barnet,2011,life_expectancy_birth_male,80.6,ONS life expectancy for local areas of the UK,borough,"life expectancy at birth, male, years; rolling period 2009 to 2011 assigned to END year; higher_is_better; 95% CI 80.2-81"
E09000003,Barnet,2012,life_expectancy_65_female,22.1,ONS life expectancy for local areas of the UK,borough,"life expectancy at age 65, female, years; rolling period 2010 to 2012 assigned to END year; higher_is_better; 95% CI 21.9-22.4"
E09000003,Barnet,2012,life_expectancy_65_male,19.7,ONS life expectancy for local areas of the UK,borough,"life expectancy at age 65, male, years; rolling period 2010 to 2012 assigned to END year; higher_is_better; 95% CI 19.4-20"
E09000003,Barnet,2012,life_expectancy_birth_female,84.4,ONS life expectancy for local areas of the UK,borough,"life expectancy at birth, female, years; rolling period 2010 to 2012 assigned to END year; higher_is_better; 95% CI 84.1-84.8"
E09000003,Barnet,2012,life_expectancy_birth_male,81.2,ONS life expectancy for local areas of the UK,borough,"life expectancy at birth, male, years; rolling period 2010 to 2012 assigned to END year; higher_is_better; 95% CI 80.8-81.6"
E09000003,Barnet,2013,life_expectancy_65_female,22.4,ONS life expectancy for local areas of the UK,borough,"life expectancy at age 65, female, years; rolling period 2011 to 2013 assigned to END year; higher_is_better; 95% CI 22.1-22.7"
E09000003,Barnet,2013,life_expectancy_65_male,19.9,ONS life expectancy for local areas of the UK,borough,"life expectancy at age 65, male, years; rolling period 2011 to 2013 assigned to END year; higher_is_better; 95% CI 19.6-20.2"
E09000003,Barnet,2013,life_expectancy_birth_female,84.9,ONS life expectancy for local areas of the UK,borough,"life expectancy at birth, female, years; rolling period 2011 to 2013 assigned to END year; higher_is_better; 95% CI 84.5-85.2"
E09000003,Barnet,2013,life_expectancy_birth_male,81.6,ONS life expectancy for local areas of the UK,borough,"life expectancy at birth, male, years; rolling period 2011 to 2013 assigned to END year; higher_is_better; 95% CI 81.2-82"
E09000003,Barnet,2014,life_expectancy_65_female,22.5,ONS life expectancy for local areas of the UK,borough,"life expectancy at age 65, female, years; rolling period 2012 to 2014 assigned to END year; higher_is_better; 95% CI 22.2-22.8"
E09000003,Barnet,2014,life_expectancy_65_male,20,ONS life expectancy for local areas of the UK,borough,"life expectancy at age 65, male, years; rolling period 2012 to 2014 assigned to END year; higher_is_better; 95% CI 19.7-20.4"
E09000003,Barnet,2014,life_expectancy_birth_female,85,ONS life expectancy for local areas of the UK,borough,"life expectancy at birth, female, years; rolling period 2012 to 2014 assigned to END year; higher_is_better; 95% CI 84.7-85.4"
E09000003,Barnet,2014,life_expectancy_birth_male,81.9,ONS life expectancy for local areas of the UK,borough,"life expectancy at birth, male, years; rolling period 2012 to 2014 assigned to END year; higher_is_better; 95% CI 81.5-82.3"
E09000003,Barnet,2015,life_expectancy_65_female,22.5,ONS life expectancy for local areas of the UK,borough,"life expectancy at age 65, female, years; rolling period 2013 to 2015 assigned to END year; higher_is_better; 95% CI 22.2-22.7"
E09000003,Barnet,2015,life_expectancy_65_male,20,ONS life expectancy for local areas of the UK,borough,"life expectancy at age 65, male, years; rolling period 2013 to 2015 assigned to END year; higher_is_better; 95% CI 19.7-20.3"
E09000003,Barnet,2015,life_expectancy_birth_female,85,ONS life expectancy for local areas of the UK,borough,"life expectancy at birth, female, years; rolling period 2013 to 2015 assigned to END year; higher_is_better; 95% CI 84.6-85.3"
E09000003,Barnet,2015,life_expectancy_birth_male,81.7,ONS life expectancy for local areas of the UK,borough,"life expectancy at birth, male, years; rolling period 2013 to 2015 assigned to END year; higher_is_better; 95% CI 81.4-82.1"
E09000003,Barnet,2016,life_expectancy_65_female,22.5,ONS life expectancy for local areas of the UK,borough,"life expectancy at age 65, female, years; rolling period 2014 to 2016 assigned to END year; higher_is_better; 95% CI 22.3-22.8"
E09000003,Barnet,2016,life_expectancy_65_male,20.1,ONS life expectancy for local areas of the UK,borough,"life expectancy at age 65, male, years; rolling period 2014 to 2016 assigned to END year; higher_is_better; 95% CI 19.8-20.3"
E09000003,Barnet,2016,life_expectancy_birth_female,85.1,ONS life expectancy for local areas of the UK,borough,"life expectancy at birth, female, years; rolling period 2014 to 2016 assigned to END year; higher_is_better; 95% CI 84.7-85.4"
E09000003,Barnet,2016,life_expectancy_birth_male,81.8,ONS life expectancy for local areas of the UK,borough,"life expectancy at birth, male, years; rolling period 2014 to 2016 assigned to END year; higher_is_better; 95% CI 81.4-82.2"
E09000003,Barnet,2017,life_expectancy_65_female,22.5,ONS life expectancy for local areas of the UK,borough,"life expectancy at age 65, female, years; rolling period 2015 to 2017 assigned to END year; higher_is_better; 95% CI 22.2-22.8"
E09000003,Barnet,2017,life_expectancy_65_male,20.1,ONS life expectancy for local areas of the UK,borough,"life expectancy at age 65, male, years; rolling period 2015 to 2017 assigned to END year; higher_is_better; 95% CI 19.8-20.4"
E09000003,Barnet,2017,life_expectancy_birth_female,85.3,ONS life expectancy for local areas of the UK,borough,"life expectancy at birth, female, years; rolling period 2015 to 2017 assigned to END year; higher_is_better; 95% CI 85-85.7"
E09000003,Barnet,2017,life_expectancy_birth_male,81.8,ONS life expectancy for local areas of the UK,borough,"life expectancy at birth, male, years; rolling period 2015 to 2017 assigned to END year; higher_is_better; 95% CI 81.5-82.2"
E09000003,Barnet,2018,life_expectancy_65_female,22.7,ONS life expectancy for local areas of the UK,borough,"life expectancy at age 65, female, years; rolling period 2016 to 2018 assigned to END year; higher_is_better; 95% CI 22.4-23"
E09000003,Barnet,2018,life_expectancy_65_male,20.1,ONS life expectancy for local areas of the UK,borough,"life expectancy at age 65, male, years; rolling period 2016 to 2018 assigned to END year; higher_is_better; 95% CI 19.8-20.4"
E09000003,Barnet,2018,life_expectancy_birth_female,85.6,ONS life expectancy for local areas of the UK,borough,"life expectancy at birth, female, years; rolling period 2016 to 2018 assigned to END year; higher_is_better; 95% CI 85.3-86"
E09000003,Barnet,2018,life_expectancy_birth_male,82,ONS life expectancy for local areas of the UK,borough,"life expectancy at birth, male, years; rolling period 2016 to 2018 assigned to END year; higher_is_better; 95% CI 81.7-82.4"
E09000003,Barnet,2019,life_expectancy_65_female,22.9,ONS life expectancy for local areas of the UK,borough,"life expectancy at age 65, female, years; rolling period 2017 to 2019 assigned to END year; higher_is_better; 95% CI 22.6-23.2"
E09000003,Barnet,2019,life_expectancy_65_male,20.4,ONS life expectancy for local areas of the UK,borough,"life expectancy at age 65, male, years; rolling period 2017 to 2019 assigned to END year; higher_is_better; 95% CI 20.1-20.7"
E09000003,Barnet,2019,life_expectancy_birth_female,85.8,ONS life expectancy for local areas of the UK,borough,"life expectancy at birth, female, years; rolling period 2017 to 2019 assigned to END year; higher_is_better; 95% CI 85.5-86.1"
E09000003,Barnet,2019,life_expectancy_birth_male,82.3,ONS life expectancy for local areas of the UK,borough,"life expectancy at birth, male, years; rolling period 2017 to 2019 assigned to END year; higher_is_better; 95% CI 82-82.7"
E09000003,Barnet,2020,life_expectancy_65_female,22.5,ONS life expectancy for local areas of the UK,borough,"life expectancy at age 65, female, years; rolling period 2018 to 2020 assigned to END year; higher_is_better; 95% CI 22.2-22.8"
E09000003,Barnet,2020,life_expectancy_65_male,19.8,ONS life expectancy for local areas of the UK,borough,"life expectancy at age 65, male, years; rolling period 2018 to 2020 assigned to END year; higher_is_better; 95% CI 19.5-20.1"
E09000003,Barnet,2020,life_expectancy_birth_female,85.3,ONS life expectancy for local areas of the UK,borough,"life expectancy at birth, female, years; rolling period 2018 to 2020 assigned to END year; higher_is_better; 95% CI 85-85.6"
E09000003,Barnet,2020,life_expectancy_birth_male,81.4,ONS life expectancy for local areas of the UK,borough,"life expectancy at birth, male, years; rolling period 2018 to 2020 assigned to END year; higher_is_better; 95% CI 81.1-81.8"
E09000003,Barnet,2021,life_expectancy_65_female,22.5,ONS life expectancy for local areas of the UK,borough,"life expectancy at age 65, female, years; rolling period 2019 to 2021 assigned to END year; higher_is_better; 95% CI 22.2-22.7"
E09000003,Barnet,2021,life_expectancy_65_male,19.5,ONS life expectancy for local areas of the UK,borough,"life expectancy at age 65, male, years; rolling period 2019 to 2021 assigned to END year; higher_is_better; 95% CI 19.2-19.8"
E09000003,Barnet,2021,life_expectancy_birth_female,85.2,ONS life expectancy for local areas of the UK,borough,"life expectancy at birth, female, years; rolling period 2019 to 2021 assigned to END year; higher_is_better; 95% CI 84.9-85.6"
E09000003,Barnet,2021,life_expectancy_birth_male,80.9,ONS life expectancy for local areas of the UK,borough,"life expectancy at birth, male, years; rolling period 2019 to 2021 assigned to END year; higher_is_better; 95% CI 80.5-81.2"
E09000003,Barnet,2022,life_expectancy_65_female,22.2,ONS life expectancy for local areas of the UK,borough,"life expectancy at age 65, female, years; rolling period 2020 to 2022 assigned to END year; higher_is_better; 95% CI 21.9-22.4"
E09000003,Barnet,2022,life_expectancy_65_male,19.4,ONS life expectancy for local areas of the UK,borough,"life expectancy at age 65, male, years; rolling period 2020 to 2022 assigned to END year; higher_is_better; 95% CI 19.1-19.6"
E09000003,Barnet,2022,life_expectancy_birth_female,84.9,ONS life expectancy for local areas of the UK,borough,"life expectancy at birth, female, years; rolling period 2020 to 2022 assigned to END year; higher_is_better; 95% CI 84.6-85.3"
E09000003,Barnet,2022,life_expectancy_birth_male,80.8,ONS life expectancy for local areas of the UK,borough,"life expectancy at birth, male, years; rolling period 2020 to 2022 assigned to END year; higher_is_better; 95% CI 80.5-81.2"
E09000003,Barnet,2023,life_expectancy_65_female,22.8,ONS life expectancy for local areas of the UK,borough,"life expectancy at age 65, female, years; rolling period 2021 to 2023 assigned to END year; higher_is_better; 95% CI 22.5-23.1"
E09000003,Barnet,2023,life_expectancy_65_male,20.1,ONS life expectancy for local areas of the UK,borough,"life expectancy at age 65, male, years; rolling period 2021 to 2023 assigned to END year; higher_is_better; 95% CI 19.8-20.4"
E09000003,Barnet,2023,life_expectancy_birth_female,85.5,ONS life expectancy for local areas of the UK,borough,"life expectancy at birth, female, years; rolling period 2021 to 2023 assigned to END year; higher_is_better; 95% CI 85.2-85.9"
E09000003,Barnet,2023,life_expectancy_birth_male,81.7,ONS life expectancy for local areas of the UK,borough,"life expectancy at birth, male, years; rolling period 2021 to 2023 assigned to END year; higher_is_better; 95% CI 81.3-82"
E09000003,Barnet,2024,life_expectancy_65_female,23.2,ONS life expectancy for local areas of the UK,borough,"life expectancy at age 65, female, years; rolling period 2022 to 2024 assigned to END year; higher_is_better; 95% CI 23-23.5"
E09000003,Barnet,2024,life_expectancy_65_male,20.7,ONS life expectancy for local areas of the UK,borough,"life expectancy at age 65, male, years; rolling period 2022 to 2024 assigned to END year; higher_is_better; 95% CI 20.4-21"
E09000003,Barnet,2024,life_expectancy_birth_female,85.9,ONS life expectancy for local areas of the UK,borough,"life expectancy at birth, female, years; rolling period 2022 to 2024 assigned to END year; higher_is_better; 95% CI 85.6-86.3"
E09000003,Barnet,2024,life_expectancy_birth_male,82.5,ONS life expectancy for local areas of the UK,borough,"life expectancy at birth, male, years; rolling period 2022 to 2024 assigned to END year; higher_is_better; 95% CI 82.2-82.9"
E09000004,Bexley,2003,life_expectancy_65_female,19.2,ONS life expectancy for local areas of the UK,borough,"life expectancy at age 65, female, years; rolling period 2001 to 2003 assigned to END year; higher_is_better; 95% CI 18.9-19.5"
E09000004,Bexley,2003,life_expectancy_65_male,16.7,ONS life expectancy for local areas of the UK,borough,"life expectancy at age 65, male, years; rolling period 2001 to 2003 assigned to END year; higher_is_better; 95% CI 16.3-17"
E09000004,Bexley,2003,life_expectancy_birth_female,81.2,ONS life expectancy for local areas of the UK,borough,"life expectancy at birth, female, years; rolling period 2001 to 2003 assigned to END year; higher_is_better; 95% CI 80.8-81.7"
E09000004,Bexley,2003,life_expectancy_birth_male,77.1,ONS life expectancy for local areas of the UK,borough,"life expectancy at birth, male, years; rolling period 2001 to 2003 assigned to END year; higher_is_better; 95% CI 76.6-77.5"
E09000004,Bexley,2004,life_expectancy_65_female,19.4,ONS life expectancy for local areas of the UK,borough,"life expectancy at age 65, female, years; rolling period 2002 to 2004 assigned to END year; higher_is_better; 95% CI 19.1-19.6"
E09000004,Bexley,2004,life_expectancy_65_male,17,ONS life expectancy for local areas of the UK,borough,"life expectancy at age 65, male, years; rolling period 2002 to 2004 assigned to END year; higher_is_better; 95% CI 16.7-17.3"
E09000004,Bexley,2004,life_expectancy_birth_female,81.6,ONS life expectancy for local areas of the UK,borough,"life expectancy at birth, female, years; rolling period 2002 to 2004 assigned to END year; higher_is_better; 95% CI 81.2-82"
E09000004,Bexley,2004,life_expectancy_birth_male,77.6,ONS life expectancy for local areas of the UK,borough,"life expectancy at birth, male, years; rolling period 2002 to 2004 assigned to END year; higher_is_better; 95% CI 77.1-78.1"
E09000004,Bexley,2005,life_expectancy_65_female,19.7,ONS life expectancy for local areas of the UK,borough,"life expectancy at age 65, female, years; rolling period 2003 to 2005 assigned to END year; higher_is_better; 95% CI 19.4-20"
E09000004,Bexley,2005,life_expectancy_65_male,17.4,ONS life expectancy for local areas of the UK,borough,"life expectancy at age 65, male, years; rolling period 2003 to 2005 assigned to END year; higher_is_better; 95% CI 17-17.7"
E09000004,Bexley,2005,life_expectancy_birth_female,82,ONS life expectancy for local areas of the UK,borough,"life expectancy at birth, female, years; rolling period 2003 to 2005 assigned to END year; higher_is_better; 95% CI 81.6-82.4"
E09000004,Bexley,2005,life_expectancy_birth_male,78.2,ONS life expectancy for local areas of the UK,borough,"life expectancy at birth, male, years; rolling period 2003 to 2005 assigned to END year; higher_is_better; 95% CI 77.7-78.7"
E09000004,Bexley,2006,life_expectancy_65_female,20.4,ONS life expectancy for local areas of the UK,borough,"life expectancy at age 65, female, years; rolling period 2004 to 2006 assigned to END year; higher_is_better; 95% CI 20.1-20.7"
E09000004,Bexley,2006,life_expectancy_65_male,17.6,ONS life expectancy for local areas of the UK,borough,"life expectancy at age 65, male, years; rolling period 2004 to 2006 assigned to END year; higher_is_better; 95% CI 17.3-18"
E09000004,Bexley,2006,life_expectancy_birth_female,82.5,ONS life expectancy for local areas of the UK,borough,"life expectancy at birth, female, years; rolling period 2004 to 2006 assigned to END year; higher_is_better; 95% CI 82.1-82.9"
E09000004,Bexley,2006,life_expectancy_birth_male,78.4,ONS life expectancy for local areas of the UK,borough,"life expectancy at birth, male, years; rolling period 2004 to 2006 assigned to END year; higher_is_better; 95% CI 77.9-78.9"
E09000004,Bexley,2007,life_expectancy_65_female,20.7,ONS life expectancy for local areas of the UK,borough,"life expectancy at age 65, female, years; rolling period 2005 to 2007 assigned to END year; higher_is_better; 95% CI 20.4-21"
E09000004,Bexley,2007,life_expectancy_65_male,17.9,ONS life expectancy for local areas of the UK,borough,"life expectancy at age 65, male, years; rolling period 2005 to 2007 assigned to END year; higher_is_better; 95% CI 17.6-18.2"
E09000004,Bexley,2007,life_expectancy_birth_female,82.6,ONS life expectancy for local areas of the UK,borough,"life expectancy at birth, female, years; rolling period 2005 to 2007 assigned to END year; higher_is_better; 95% CI 82.2-83"
E09000004,Bexley,2007,life_expectancy_birth_male,78.6,ONS life expectancy for local areas of the UK,borough,"life expectancy at birth, male, years; rolling period 2005 to 2007 assigned to END year; higher_is_better; 95% CI 78.1-79.1"
E09000004,Bexley,2008,life_expectancy_65_female,20.8,ONS life expectancy for local areas of the UK,borough,"life expectancy at age 65, female, years; rolling period 2006 to 2008 assigned to END year; higher_is_better; 95% CI 20.5-21.1"
E09000004,Bexley,2008,life_expectancy_65_male,18.1,ONS life expectancy for local areas of the UK,borough,"life expectancy at age 65, male, years; rolling period 2006 to 2008 assigned to END year; higher_is_better; 95% CI 17.7-18.4"
E09000004,Bexley,2008,life_expectancy_birth_female,82.5,ONS life expectancy for local areas of the UK,borough,"life expectancy at birth, female, years; rolling period 2006 to 2008 assigned to END year; higher_is_better; 95% CI 82.1-83"
E09000004,Bexley,2008,life_expectancy_birth_male,78.9,ONS life expectancy for local areas of the UK,borough,"life expectancy at birth, male, years; rolling period 2006 to 2008 assigned to END year; higher_is_better; 95% CI 78.5-79.4"
E09000004,Bexley,2009,life_expectancy_65_female,21,ONS life expectancy for local areas of the UK,borough,"life expectancy at age 65, female, years; rolling period 2007 to 2009 assigned to END year; higher_is_better; 95% CI 20.7-21.3"
E09000004,Bexley,2009,life_expectancy_65_male,18.1,ONS life expectancy for local areas of the UK,borough,"life expectancy at age 65, male, years; rolling period 2007 to 2009 assigned to END year; higher_is_better; 95% CI 17.8-18.4"
E09000004,Bexley,2009,life_expectancy_birth_female,82.8,ONS life expectancy for local areas of the UK,borough,"life expectancy at birth, female, years; rolling period 2007 to 2009 assigned to END year; higher_is_better; 95% CI 82.4-83.3"
E09000004,Bexley,2009,life_expectancy_birth_male,79.2,ONS life expectancy for local areas of the UK,borough,"life expectancy at birth, male, years; rolling period 2007 to 2009 assigned to END year; higher_is_better; 95% CI 78.7-79.6"
E09000004,Bexley,2010,life_expectancy_65_female,21.1,ONS life expectancy for local areas of the UK,borough,"life expectancy at age 65, female, years; rolling period 2008 to 2010 assigned to END year; higher_is_better; 95% CI 20.8-21.4"
E09000004,Bexley,2010,life_expectancy_65_male,18.4,ONS life expectancy for local areas of the UK,borough,"life expectancy at age 65, male, years; rolling period 2008 to 2010 assigned to END year; higher_is_better; 95% CI 18-18.7"
E09000004,Bexley,2010,life_expectancy_birth_female,83.2,ONS life expectancy for local areas of the UK,borough,"life expectancy at birth, female, years; rolling period 2008 to 2010 assigned to END year; higher_is_better; 95% CI 82.8-83.6"
E09000004,Bexley,2010,life_expectancy_birth_male,79.7,ONS life expectancy for local areas of the UK,borough,"life expectancy at birth, male, years; rolling period 2008 to 2010 assigned to END year; higher_is_better; 95% CI 79.2-80.1"
E09000004,Bexley,2011,life_expectancy_65_female,21.4,ONS life expectancy for local areas of the UK,borough,"life expectancy at age 65, female, years; rolling period 2009 to 2011 assigned to END year; higher_is_better; 95% CI 21-21.7"
E09000004,Bexley,2011,life_expectancy_65_male,18.6,ONS life expectancy for local areas of the UK,borough,"life expectancy at age 65, male, years; rolling period 2009 to 2011 assigned to END year; higher_is_better; 95% CI 18.2-18.9"
E09000004,Bexley,2011,life_expectancy_birth_female,83.8,ONS life expectancy for local areas of the UK,borough,"life expectancy at birth, female, years; rolling period 2009 to 2011 assigned to END year; higher_is_better; 95% CI 83.4-84.2"
E09000004,Bexley,2011,life_expectancy_birth_male,79.8,ONS life expectancy for local areas of the UK,borough,"life expectancy at birth, male, years; rolling period 2009 to 2011 assigned to END year; higher_is_better; 95% CI 79.4-80.3"
E09000004,Bexley,2012,life_expectancy_65_female,21.5,ONS life expectancy for local areas of the UK,borough,"life expectancy at age 65, female, years; rolling period 2010 to 2012 assigned to END year; higher_is_better; 95% CI 21.2-21.8"
E09000004,Bexley,2012,life_expectancy_65_male,18.8,ONS life expectancy for local areas of the UK,borough,"life expectancy at age 65, male, years; rolling period 2010 to 2012 assigned to END year; higher_is_better; 95% CI 18.5-19.1"
E09000004,Bexley,2012,life_expectancy_birth_female,84.1,ONS life expectancy for local areas of the UK,borough,"life expectancy at birth, female, years; rolling period 2010 to 2012 assigned to END year; higher_is_better; 95% CI 83.6-84.5"
E09000004,Bexley,2012,life_expectancy_birth_male,80.1,ONS life expectancy for local areas of the UK,borough,"life expectancy at birth, male, years; rolling period 2010 to 2012 assigned to END year; higher_is_better; 95% CI 79.7-80.6"
E09000004,Bexley,2013,life_expectancy_65_female,21.5,ONS life expectancy for local areas of the UK,borough,"life expectancy at age 65, female, years; rolling period 2011 to 2013 assigned to END year; higher_is_better; 95% CI 21.2-21.8"
E09000004,Bexley,2013,life_expectancy_65_male,18.8,ONS life expectancy for local areas of the UK,borough,"life expectancy at age 65, male, years; rolling period 2011 to 2013 assigned to END year; higher_is_better; 95% CI 18.5-19.1"
E09000004,Bexley,2013,life_expectancy_birth_female,84.1,ONS life expectancy for local areas of the UK,borough,"life expectancy at birth, female, years; rolling period 2011 to 2013 assigned to END year; higher_is_better; 95% CI 83.6-84.5"
E09000004,Bexley,2013,life_expectancy_birth_male,80.1,ONS life expectancy for local areas of the UK,borough,"life expectancy at birth, male, years; rolling period 2011 to 2013 assigned to END year; higher_is_better; 95% CI 79.7-80.6"
E09000004,Bexley,2014,life_expectancy_65_female,21.6,ONS life expectancy for local areas of the UK,borough,"life expectancy at age 65, female, years; rolling period 2012 to 2014 assigned to END year; higher_is_better; 95% CI 21.3-21.9"
E09000004,Bexley,2014,life_expectancy_65_male,18.8,ONS life expectancy for local areas of the UK,borough,"life expectancy at age 65, male, years; rolling period 2012 to 2014 assigned to END year; higher_is_better; 95% CI 18.5-19.1"
E09000004,Bexley,2014,life_expectancy_birth_female,84.1,ONS life expectancy for local areas of the UK,borough,"life expectancy at birth, female, years; rolling period 2012 to 2014 assigned to END year; higher_is_better; 95% CI 83.7-84.5"
E09000004,Bexley,2014,life_expectancy_birth_male,80.3,ONS life expectancy for local areas of the UK,borough,"life expectancy at birth, male, years; rolling period 2012 to 2014 assigned to END year; higher_is_better; 95% CI 79.8-80.7"
E09000004,Bexley,2015,life_expectancy_65_female,21.4,ONS life expectancy for local areas of the UK,borough,"life expectancy at age 65, female, years; rolling period 2013 to 2015 assigned to END year; higher_is_better; 95% CI 21.1-21.7"
E09000004,Bexley,2015,life_expectancy_65_male,18.6,ONS life expectancy for local areas of the UK,borough,"life expectancy at age 65, male, years; rolling period 2013 to 2015 assigned to END year; higher_is_better; 95% CI 18.3-18.9"
E09000004,Bexley,2015,life_expectancy_birth_female,83.9,ONS life expectancy for local areas of the UK,borough,"life expectancy at birth, female, years; rolling period 2013 to 2015 assigned to END year; higher_is_better; 95% CI 83.5-84.3"
E09000004,Bexley,2015,life_expectancy_birth_male,80.1,ONS life expectancy for local areas of the UK,borough,"life expectancy at birth, male, years; rolling period 2013 to 2015 assigned to END year; higher_is_better; 95% CI 79.6-80.5"
E09000004,Bexley,2016,life_expectancy_65_female,21.5,ONS life expectancy for local areas of the UK,borough,"life expectancy at age 65, female, years; rolling period 2014 to 2016 assigned to END year; higher_is_better; 95% CI 21.2-21.8"
E09000004,Bexley,2016,life_expectancy_65_male,18.5,ONS life expectancy for local areas of the UK,borough,"life expectancy at age 65, male, years; rolling period 2014 to 2016 assigned to END year; higher_is_better; 95% CI 18.2-18.9"
E09000004,Bexley,2016,life_expectancy_birth_female,84,ONS life expectancy for local areas of the UK,borough,"life expectancy at birth, female, years; rolling period 2014 to 2016 assigned to END year; higher_is_better; 95% CI 83.6-84.4"
E09000004,Bexley,2016,life_expectancy_birth_male,80.1,ONS life expectancy for local areas of the UK,borough,"life expectancy at birth, male, years; rolling period 2014 to 2016 assigned to END year; higher_is_better; 95% CI 79.6-80.5"
E09000004,Bexley,2017,life_expectancy_65_female,21.5,ONS life expectancy for local areas of the UK,borough,"life expectancy at age 65, female, years; rolling period 2015 to 2017 assigned to END year; higher_is_better; 95% CI 21.2-21.8"
E09000004,Bexley,2017,life_expectancy_65_male,18.5,ONS life expectancy for local areas of the UK,borough,"life expectancy at age 65, male, years; rolling period 2015 to 2017 assigned to END year; higher_is_better; 95% CI 18.2-18.8"
E09000004,Bexley,2017,life_expectancy_birth_female,83.9,ONS life expectancy for local areas of the UK,borough,"life expectancy at birth, female, years; rolling period 2015 to 2017 assigned to END year; higher_is_better; 95% CI 83.5-84.3"
E09000004,Bexley,2017,life_expectancy_birth_male,80,ONS life expectancy for local areas of the UK,borough,"life expectancy at birth, male, years; rolling period 2015 to 2017 assigned to END year; higher_is_better; 95% CI 79.6-80.4"
E09000004,Bexley,2018,life_expectancy_65_female,21.5,ONS life expectancy for local areas of the UK,borough,"life expectancy at age 65, female, years; rolling period 2016 to 2018 assigned to END year; higher_is_better; 95% CI 21.2-21.8"
E09000004,Bexley,2018,life_expectancy_65_male,18.7,ONS life expectancy for local areas of the UK,borough,"life expectancy at age 65, male, years; rolling period 2016 to 2018 assigned to END year; higher_is_better; 95% CI 18.3-19"
E09000004,Bexley,2018,life_expectancy_birth_female,83.8,ONS life expectancy for local areas of the UK,borough,"life expectancy at birth, female, years; rolling period 2016 to 2018 assigned to END year; higher_is_better; 95% CI 83.4-84.2"
E09000004,Bexley,2018,life_expectancy_birth_male,80,ONS life expectancy for local areas of the UK,borough,"life expectancy at birth, male, years; rolling period 2016 to 2018 assigned to END year; higher_is_better; 95% CI 79.6-80.4"
E09000004,Bexley,2019,life_expectancy_65_female,21.6,ONS life expectancy for local areas of the UK,borough,"life expectancy at age 65, female, years; rolling period 2017 to 2019 assigned to END year; higher_is_better; 95% CI 21.3-21.9"
E09000004,Bexley,2019,life_expectancy_65_male,18.7,ONS life expectancy for local areas of the UK,borough,"life expectancy at age 65, male, years; rolling period 2017 to 2019 assigned to END year; higher_is_better; 95% CI 18.4-19"
E09000004,Bexley,2019,life_expectancy_birth_female,83.8,ONS life expectancy for local areas of the UK,borough,"life expectancy at birth, female, years; rolling period 2017 to 2019 assigned to END year; higher_is_better; 95% CI 83.4-84.2"
E09000004,Bexley,2019,life_expectancy_birth_male,80.1,ONS life expectancy for local areas of the UK,borough,"life expectancy at birth, male, years; rolling period 2017 to 2019 assigned to END year; higher_is_better; 95% CI 79.6-80.5"
E09000004,Bexley,2020,life_expectancy_65_female,21.2,ONS life expectancy for local areas of the UK,borough,"life expectancy at age 65, female, years; rolling period 2018 to 2020 assigned to END year; higher_is_better; 95% CI 20.9-21.5"
E09000004,Bexley,2020,life_expectancy_65_male,18.6,ONS life expectancy for local areas of the UK,borough,"life expectancy at age 65, male, years; rolling period 2018 to 2020 assigned to END year; higher_is_better; 95% CI 18.3-18.9"
E09000004,Bexley,2020,life_expectancy_birth_female,83.5,ONS life expectancy for local areas of the UK,borough,"life expectancy at birth, female, years; rolling period 2018 to 2020 assigned to END year; higher_is_better; 95% CI 83.1-83.9"
E09000004,Bexley,2020,life_expectancy_birth_male,79.8,ONS life expectancy for local areas of the UK,borough,"life expectancy at birth, male, years; rolling period 2018 to 2020 assigned to END year; higher_is_better; 95% CI 79.4-80.3"
E09000004,Bexley,2021,life_expectancy_65_female,21.1,ONS life expectancy for local areas of the UK,borough,"life expectancy at age 65, female, years; rolling period 2019 to 2021 assigned to END year; higher_is_better; 95% CI 20.8-21.4"
E09000004,Bexley,2021,life_expectancy_65_male,18.5,ONS life expectancy for local areas of the UK,borough,"life expectancy at age 65, male, years; rolling period 2019 to 2021 assigned to END year; higher_is_better; 95% CI 18.2-18.8"
E09000004,Bexley,2021,life_expectancy_birth_female,83.4,ONS life expectancy for local areas of the UK,borough,"life expectancy at birth, female, years; rolling period 2019 to 2021 assigned to END year; higher_is_better; 95% CI 83-83.8"
E09000004,Bexley,2021,life_expectancy_birth_male,79.6,ONS life expectancy for local areas of the UK,borough,"life expectancy at birth, male, years; rolling period 2019 to 2021 assigned to END year; higher_is_better; 95% CI 79.2-80.1"
E09000004,Bexley,2022,life_expectancy_65_female,20.8,ONS life expectancy for local areas of the UK,borough,"life expectancy at age 65, female, years; rolling period 2020 to 2022 assigned to END year; higher_is_better; 95% CI 20.5-21.1"
E09000004,Bexley,2022,life_expectancy_65_male,18.6,ONS life expectancy for local areas of the UK,borough,"life expectancy at age 65, male, years; rolling period 2020 to 2022 assigned to END year; higher_is_better; 95% CI 18.3-18.9"
E09000004,Bexley,2022,life_expectancy_birth_female,83.2,ONS life expectancy for local areas of the UK,borough,"life expectancy at birth, female, years; rolling period 2020 to 2022 assigned to END year; higher_is_better; 95% CI 82.8-83.6"
E09000004,Bexley,2022,life_expectancy_birth_male,79.7,ONS life expectancy for local areas of the UK,borough,"life expectancy at birth, male, years; rolling period 2020 to 2022 assigned to END year; higher_is_better; 95% CI 79.2-80.1"
E09000004,Bexley,2023,life_expectancy_65_female,20.8,ONS life expectancy for local areas of the UK,borough,"life expectancy at age 65, female, years; rolling period 2021 to 2023 assigned to END year; higher_is_better; 95% CI 20.5-21.1"
E09000004,Bexley,2023,life_expectancy_65_male,18.7,ONS life expectancy for local areas of the UK,borough,"life expectancy at age 65, male, years; rolling period 2021 to 2023 assigned to END year; higher_is_better; 95% CI 18.4-19"
E09000004,Bexley,2023,life_expectancy_birth_female,83.2,ONS life expectancy for local areas of the UK,borough,"life expectancy at birth, female, years; rolling period 2021 to 2023 assigned to END year; higher_is_better; 95% CI 82.9-83.6"
E09000004,Bexley,2023,life_expectancy_birth_male,79.9,ONS life expectancy for local areas of the UK,borough,"life expectancy at birth, male, years; rolling period 2021 to 2023 assigned to END year; higher_is_better; 95% CI 79.4-80.3"
E09000004,Bexley,2024,life_expectancy_65_female,21,ONS life expectancy for local areas of the UK,borough,"life expectancy at age 65, female, years; rolling period 2022 to 2024 assigned to END year; higher_is_better; 95% CI 20.7-21.3"
E09000004,Bexley,2024,life_expectancy_65_male,19,ONS life expectancy for local areas of the UK,borough,"life expectancy at age 65, male, years; rolling period 2022 to 2024 assigned to END year; higher_is_better; 95% CI 18.7-19.4"
E09000004,Bexley,2024,life_expectancy_birth_female,83.5,ONS life expectancy for local areas of the UK,borough,"life expectancy at birth, female, years; rolling period 2022 to 2024 assigned to END year; higher_is_better; 95% CI 83.1-83.9"
E09000004,Bexley,2024,life_expectancy_birth_male,80.3,ONS life expectancy for local areas of the UK,borough,"life expectancy at birth, male, years; rolling period 2022 to 2024 assigned to END year; higher_is_better; 95% CI 79.9-80.7"
E09000005,Brent,2003,life_expectancy_65_female,20.3,ONS life expectancy for local areas of the UK,borough,"life expectancy at age 65, female, years; rolling period 2001 to 2003 assigned to END year; higher_is_better; 95% CI 19.9-20.7"
E09000005,Brent,2003,life_expectancy_65_male,16.8,ONS life expectancy for local areas of the UK,borough,"life expectancy at age 65, male, years; rolling period 2001 to 2003 assigned to END year; higher_is_better; 95% CI 16.5-17.2"
E09000005,Brent,2003,life_expectancy_birth_female,81.6,ONS life expectancy for local areas of the UK,borough,"life expectancy at birth, female, years; rolling period 2001 to 2003 assigned to END year; higher_is_better; 95% CI 81.1-82"
E09000005,Brent,2003,life_expectancy_birth_male,76,ONS life expectancy for local areas of the UK,borough,"life expectancy at birth, male, years; rolling period 2001 to 2003 assigned to END year; higher_is_better; 95% CI 75.5-76.5"
E09000005,Brent,2004,life_expectancy_65_female,20.6,ONS life expectancy for local areas of the UK,borough,"life expectancy at age 65, female, years; rolling period 2002 to 2004 assigned to END year; higher_is_better; 95% CI 20.2-20.9"
E09000005,Brent,2004,life_expectancy_65_male,17.1,ONS life expectancy for local areas of the UK,borough,"life expectancy at age 65, male, years; rolling period 2002 to 2004 assigned to END year; higher_is_better; 95% CI 16.7-17.4"
E09000005,Brent,2004,life_expectancy_birth_female,82.1,ONS life expectancy for local areas of the UK,borough,"life expectancy at birth, female, years; rolling period 2002 to 2004 assigned to END year; higher_is_better; 95% CI 81.6-82.6"
E09000005,Brent,2004,life_expectancy_birth_male,76.5,ONS life expectancy for local areas of the UK,borough,"life expectancy at birth, male, years; rolling period 2002 to 2004 assigned to END year; higher_is_better; 95% CI 76-77"
E09000005,Brent,2005,life_expectancy_65_female,20.8,ONS life expectancy for local areas of the UK,borough,"life expectancy at age 65, female, years; rolling period 2003 to 2005 assigned to END year; higher_is_better; 95% CI 20.4-21.2"
E09000005,Brent,2005,life_expectancy_65_male,17.5,ONS life expectancy for local areas of the UK,borough,"life expectancy at age 65, male, years; rolling period 2003 to 2005 assigned to END year; higher_is_better; 95% CI 17.1-17.8"
E09000005,Brent,2005,life_expectancy_birth_female,82.6,ONS life expectancy for local areas of the UK,borough,"life expectancy at birth, female, years; rolling period 2003 to 2005 assigned to END year; higher_is_better; 95% CI 82.1-83.1"
E09000005,Brent,2005,life_expectancy_birth_male,77.2,ONS life expectancy for local areas of the UK,borough,"life expectancy at birth, male, years; rolling period 2003 to 2005 assigned to END year; higher_is_better; 95% CI 76.7-77.7"
E09000005,Brent,2006,life_expectancy_65_female,21.4,ONS life expectancy for local areas of the UK,borough,"life expectancy at age 65, female, years; rolling period 2004 to 2006 assigned to END year; higher_is_better; 95% CI 21-21.7"
E09000005,Brent,2006,life_expectancy_65_male,18.2,ONS life expectancy for local areas of the UK,borough,"life expectancy at age 65, male, years; rolling period 2004 to 2006 assigned to END year; higher_is_better; 95% CI 17.8-18.6"
E09000005,Brent,2006,life_expectancy_birth_female,83.1,ONS life expectancy for local areas of the UK,borough,"life expectancy at birth, female, years; rolling period 2004 to 2006 assigned to END year; higher_is_better; 95% CI 82.6-83.6"
E09000005,Brent,2006,life_expectancy_birth_male,77.8,ONS life expectancy for local areas of the UK,borough,"life expectancy at birth, male, years; rolling period 2004 to 2006 assigned to END year; higher_is_better; 95% CI 77.3-78.3"
E09000005,Brent,2007,life_expectancy_65_female,21.8,ONS life expectancy for local areas of the UK,borough,"life expectancy at age 65, female, years; rolling period 2005 to 2007 assigned to END year; higher_is_better; 95% CI 21.4-22.2"
E09000005,Brent,2007,life_expectancy_65_male,18.4,ONS life expectancy for local areas of the UK,borough,"life expectancy at age 65, male, years; rolling period 2005 to 2007 assigned to END year; higher_is_better; 95% CI 17.9-18.8"
E09000005,Brent,2007,life_expectancy_birth_female,83.4,ONS life expectancy for local areas of the UK,borough,"life expectancy at birth, female, years; rolling period 2005 to 2007 assigned to END year; higher_is_better; 95% CI 82.9-83.9"
E09000005,Brent,2007,life_expectancy_birth_male,78.1,ONS life expectancy for local areas of the UK,borough,"life expectancy at birth, male, years; rolling period 2005 to 2007 assigned to END year; higher_is_better; 95% CI 77.6-78.6"
E09000005,Brent,2008,life_expectancy_65_female,22,ONS life expectancy for local areas of the UK,borough,"life expectancy at age 65, female, years; rolling period 2006 to 2008 assigned to END year; higher_is_better; 95% CI 21.6-22.4"
E09000005,Brent,2008,life_expectancy_65_male,18.6,ONS life expectancy for local areas of the UK,borough,"life expectancy at age 65, male, years; rolling period 2006 to 2008 assigned to END year; higher_is_better; 95% CI 18.2-19"
E09000005,Brent,2008,life_expectancy_birth_female,83.5,ONS life expectancy for local areas of the UK,borough,"life expectancy at birth, female, years; rolling period 2006 to 2008 assigned to END year; higher_is_better; 95% CI 83-84"
E09000005,Brent,2008,life_expectancy_birth_male,78.4,ONS life expectancy for local areas of the UK,borough,"life expectancy at birth, male, years; rolling period 2006 to 2008 assigned to END year; higher_is_better; 95% CI 77.9-78.8"
E09000005,Brent,2009,life_expectancy_65_female,22,ONS life expectancy for local areas of the UK,borough,"life expectancy at age 65, female, years; rolling period 2007 to 2009 assigned to END year; higher_is_better; 95% CI 21.6-22.4"
E09000005,Brent,2009,life_expectancy_65_male,18.5,ONS life expectancy for local areas of the UK,borough,"life expectancy at age 65, male, years; rolling period 2007 to 2009 assigned to END year; higher_is_better; 95% CI 18.1-18.9"
E09000005,Brent,2009,life_expectancy_birth_female,83.6,ONS life expectancy for local areas of the UK,borough,"life expectancy at birth, female, years; rolling period 2007 to 2009 assigned to END year; higher_is_better; 95% CI 83.1-84.1"
E09000005,Brent,2009,life_expectancy_birth_male,78.6,ONS life expectancy for local areas of the UK,borough,"life expectancy at birth, male, years; rolling period 2007 to 2009 assigned to END year; higher_is_better; 95% CI 78.1-79.1"
E09000005,Brent,2010,life_expectancy_65_female,21.8,ONS life expectancy for local areas of the UK,borough,"life expectancy at age 65, female, years; rolling period 2008 to 2010 assigned to END year; higher_is_better; 95% CI 21.4-22.2"
E09000005,Brent,2010,life_expectancy_65_male,18.7,ONS life expectancy for local areas of the UK,borough,"life expectancy at age 65, male, years; rolling period 2008 to 2010 assigned to END year; higher_is_better; 95% CI 18.4-19.1"
E09000005,Brent,2010,life_expectancy_birth_female,83.6,ONS life expectancy for local areas of the UK,borough,"life expectancy at birth, female, years; rolling period 2008 to 2010 assigned to END year; higher_is_better; 95% CI 83.1-84"
E09000005,Brent,2010,life_expectancy_birth_male,79.1,ONS life expectancy for local areas of the UK,borough,"life expectancy at birth, male, years; rolling period 2008 to 2010 assigned to END year; higher_is_better; 95% CI 78.6-79.5"
E09000005,Brent,2011,life_expectancy_65_female,22.2,ONS life expectancy for local areas of the UK,borough,"life expectancy at age 65, female, years; rolling period 2009 to 2011 assigned to END year; higher_is_better; 95% CI 21.8-22.6"
E09000005,Brent,2011,life_expectancy_65_male,19.1,ONS life expectancy for local areas of the UK,borough,"life expectancy at age 65, male, years; rolling period 2009 to 2011 assigned to END year; higher_is_better; 95% CI 18.7-19.5"
E09000005,Brent,2011,life_expectancy_birth_female,84.1,ONS life expectancy for local areas of the UK,borough,"life expectancy at birth, female, years; rolling period 2009 to 2011 assigned to END year; higher_is_better; 95% CI 83.6-84.5"
E09000005,Brent,2011,life_expectancy_birth_male,79.5,ONS life expectancy for local areas of the UK,borough,"life expectancy at birth, male, years; rolling period 2009 to 2011 assigned to END year; higher_is_better; 95% CI 79.1-80"
E09000005,Brent,2012,life_expectancy_65_female,22,ONS life expectancy for local areas of the UK,borough,"life expectancy at age 65, female, years; rolling period 2010 to 2012 assigned to END year; higher_is_better; 95% CI 21.7-22.4"
E09000005,Brent,2012,life_expectancy_65_male,18.9,ONS life expectancy for local areas of the UK,borough,"life expectancy at age 65, male, years; rolling period 2010 to 2012 assigned to END year; higher_is_better; 95% CI 18.5-19.3"
E09000005,Brent,2012,life_expectancy_birth_female,84.2,ONS life expectancy for local areas of the UK,borough,"life expectancy at birth, female, years; rolling period 2010 to 2012 assigned to END year; higher_is_better; 95% CI 83.7-84.6"
E09000005,Brent,2012,life_expectancy_birth_male,79.6,ONS life expectancy for local areas of the UK,borough,"life expectancy at birth, male, years; rolling period 2010 to 2012 assigned to END year; higher_is_better; 95% CI 79.1-80.1"
E09000005,Brent,2013,life_expectancy_65_female,22.2,ONS life expectancy for local areas of the UK,borough,"life expectancy at age 65, female, years; rolling period 2011 to 2013 assigned to END year; higher_is_better; 95% CI 21.8-22.6"
E09000005,Brent,2013,life_expectancy_65_male,19,ONS life expectancy for local areas of the UK,borough,"life expectancy at age 65, male, years; rolling period 2011 to 2013 assigned to END year; higher_is_better; 95% CI 18.6-19.4"
E09000005,Brent,2013,life_expectancy_birth_female,84.4,ONS life expectancy for local areas of the UK,borough,"life expectancy at birth, female, years; rolling period 2011 to 2013 assigned to END year; higher_is_better; 95% CI 83.9-84.8"
E09000005,Brent,2013,life_expectancy_birth_male,79.7,ONS life expectancy for local areas of the UK,borough,"life expectancy at birth, male, years; rolling period 2011 to 2013 assigned to END year; higher_is_better; 95% CI 79.3-80.2"
E09000005,Brent,2014,life_expectancy_65_female,22.2,ONS life expectancy for local areas of the UK,borough,"life expectancy at age 65, female, years; rolling period 2012 to 2014 assigned to END year; higher_is_better; 95% CI 21.8-22.6"
E09000005,Brent,2014,life_expectancy_65_male,18.8,ONS life expectancy for local areas of the UK,borough,"life expectancy at age 65, male, years; rolling period 2012 to 2014 assigned to END year; higher_is_better; 95% CI 18.5-19.2"
E09000005,Brent,2014,life_expectancy_birth_female,84.5,ONS life expectancy for local areas of the UK,borough,"life expectancy at birth, female, years; rolling period 2012 to 2014 assigned to END year; higher_is_better; 95% CI 84.1-85"
E09000005,Brent,2014,life_expectancy_birth_male,79.8,ONS life expectancy for local areas of the UK,borough,"life expectancy at birth, male, years; rolling period 2012 to 2014 assigned to END year; higher_is_better; 95% CI 79.4-80.3"
E09000005,Brent,2015,life_expectancy_65_female,22.3,ONS life expectancy for local areas of the UK,borough,"life expectancy at age 65, female, years; rolling period 2013 to 2015 assigned to END year; higher_is_better; 95% CI 21.9-22.7"
E09000005,Brent,2015,life_expectancy_65_male,18.8,ONS life expectancy for local areas of the UK,borough,"life expectancy at age 65, male, years; rolling period 2013 to 2015 assigned to END year; higher_is_better; 95% CI 18.5-19.2"
E09000005,Brent,2015,life_expectancy_birth_female,84.8,ONS life expectancy for local areas of the UK,borough,"life expectancy at birth, female, years; rolling period 2013 to 2015 assigned to END year; higher_is_better; 95% CI 84.4-85.2"
E09000005,Brent,2015,life_expectancy_birth_male,79.8,ONS life expectancy for local areas of the UK,borough,"life expectancy at birth, male, years; rolling period 2013 to 2015 assigned to END year; higher_is_better; 95% CI 79.4-80.2"
E09000005,Brent,2016,life_expectancy_65_female,22.4,ONS life expectancy for local areas of the UK,borough,"life expectancy at age 65, female, years; rolling period 2014 to 2016 assigned to END year; higher_is_better; 95% CI 22-22.8"
E09000005,Brent,2016,life_expectancy_65_male,18.9,ONS life expectancy for local areas of the UK,borough,"life expectancy at age 65, male, years; rolling period 2014 to 2016 assigned to END year; higher_is_better; 95% CI 18.6-19.3"
E09000005,Brent,2016,life_expectancy_birth_female,84.9,ONS life expectancy for local areas of the UK,borough,"life expectancy at birth, female, years; rolling period 2014 to 2016 assigned to END year; higher_is_better; 95% CI 84.5-85.4"
E09000005,Brent,2016,life_expectancy_birth_male,80,ONS life expectancy for local areas of the UK,borough,"life expectancy at birth, male, years; rolling period 2014 to 2016 assigned to END year; higher_is_better; 95% CI 79.5-80.4"
E09000005,Brent,2017,life_expectancy_65_female,22.2,ONS life expectancy for local areas of the UK,borough,"life expectancy at age 65, female, years; rolling period 2015 to 2017 assigned to END year; higher_is_better; 95% CI 21.8-22.6"
E09000005,Brent,2017,life_expectancy_65_male,19.1,ONS life expectancy for local areas of the UK,borough,"life expectancy at age 65, male, years; rolling period 2015 to 2017 assigned to END year; higher_is_better; 95% CI 18.7-19.5"
E09000005,Brent,2017,life_expectancy_birth_female,84.8,ONS life expectancy for local areas of the UK,borough,"life expectancy at birth, female, years; rolling period 2015 to 2017 assigned to END year; higher_is_better; 95% CI 84.3-85.2"
E09000005,Brent,2017,life_expectancy_birth_male,80,ONS life expectancy for local areas of the UK,borough,"life expectancy at birth, male, years; rolling period 2015 to 2017 assigned to END year; higher_is_better; 95% CI 79.6-80.4"
E09000005,Brent,2018,life_expectancy_65_female,22.3,ONS life expectancy for local areas of the UK,borough,"life expectancy at age 65, female, years; rolling period 2016 to 2018 assigned to END year; higher_is_better; 95% CI 22-22.7"
E09000005,Brent,2018,life_expectancy_65_male,19.6,ONS life expectancy for local areas of the UK,borough,"life expectancy at age 65, male, years; rolling period 2016 to 2018 assigned to END year; higher_is_better; 95% CI 19.2-19.9"
E09000005,Brent,2018,life_expectancy_birth_female,84.8,ONS life expectancy for local areas of the UK,borough,"life expectancy at birth, female, years; rolling period 2016 to 2018 assigned to END year; higher_is_better; 95% CI 84.4-85.2"
E09000005,Brent,2018,life_expectancy_birth_male,80.4,ONS life expectancy for local areas of the UK,borough,"life expectancy at birth, male, years; rolling period 2016 to 2018 assigned to END year; higher_is_better; 95% CI 79.9-80.8"
E09000005,Brent,2019,life_expectancy_65_female,22.5,ONS life expectancy for local areas of the UK,borough,"life expectancy at age 65, female, years; rolling period 2017 to 2019 assigned to END year; higher_is_better; 95% CI 22.1-22.9"
E09000005,Brent,2019,life_expectancy_65_male,19.8,ONS life expectancy for local areas of the UK,borough,"life expectancy at age 65, male, years; rolling period 2017 to 2019 assigned to END year; higher_is_better; 95% CI 19.4-20.2"
E09000005,Brent,2019,life_expectancy_birth_female,85.1,ONS life expectancy for local areas of the UK,borough,"life expectancy at birth, female, years; rolling period 2017 to 2019 assigned to END year; higher_is_better; 95% CI 84.7-85.5"
E09000005,Brent,2019,life_expectancy_birth_male,80.8,ONS life expectancy for local areas of the UK,borough,"life expectancy at birth, male, years; rolling period 2017 to 2019 assigned to END year; higher_is_better; 95% CI 80.4-81.2"
E09000005,Brent,2020,life_expectancy_65_female,22.2,ONS life expectancy for local areas of the UK,borough,"life expectancy at age 65, female, years; rolling period 2018 to 2020 assigned to END year; higher_is_better; 95% CI 21.8-22.5"
E09000005,Brent,2020,life_expectancy_65_male,19,ONS life expectancy for local areas of the UK,borough,"life expectancy at age 65, male, years; rolling period 2018 to 2020 assigned to END year; higher_is_better; 95% CI 18.7-19.4"
E09000005,Brent,2020,life_expectancy_birth_female,84.6,ONS life expectancy for local areas of the UK,borough,"life expectancy at birth, female, years; rolling period 2018 to 2020 assigned to END year; higher_is_better; 95% CI 84.2-85"
E09000005,Brent,2020,life_expectancy_birth_male,79.8,ONS life expectancy for local areas of the UK,borough,"life expectancy at birth, male, years; rolling period 2018 to 2020 assigned to END year; higher_is_better; 95% CI 79.4-80.2"
E09000005,Brent,2021,life_expectancy_65_female,21.9,ONS life expectancy for local areas of the UK,borough,"life expectancy at age 65, female, years; rolling period 2019 to 2021 assigned to END year; higher_is_better; 95% CI 21.5-22.2"
E09000005,Brent,2021,life_expectancy_65_male,18.5,ONS life expectancy for local areas of the UK,borough,"life expectancy at age 65, male, years; rolling period 2019 to 2021 assigned to END year; higher_is_better; 95% CI 18.2-18.8"
E09000005,Brent,2021,life_expectancy_birth_female,84.2,ONS life expectancy for local areas of the UK,borough,"life expectancy at birth, female, years; rolling period 2019 to 2021 assigned to END year; higher_is_better; 95% CI 83.8-84.7"
E09000005,Brent,2021,life_expectancy_birth_male,79,ONS life expectancy for local areas of the UK,borough,"life expectancy at birth, male, years; rolling period 2019 to 2021 assigned to END year; higher_is_better; 95% CI 78.6-79.4"
E09000005,Brent,2022,life_expectancy_65_female,21.9,ONS life expectancy for local areas of the UK,borough,"life expectancy at age 65, female, years; rolling period 2020 to 2022 assigned to END year; higher_is_better; 95% CI 21.5-22.2"
E09000005,Brent,2022,life_expectancy_65_male,18.2,ONS life expectancy for local areas of the UK,borough,"life expectancy at age 65, male, years; rolling period 2020 to 2022 assigned to END year; higher_is_better; 95% CI 17.9-18.5"
E09000005,Brent,2022,life_expectancy_birth_female,84.3,ONS life expectancy for local areas of the UK,borough,"life expectancy at birth, female, years; rolling period 2020 to 2022 assigned to END year; higher_is_better; 95% CI 83.9-84.7"
E09000005,Brent,2022,life_expectancy_birth_male,78.5,ONS life expectancy for local areas of the UK,borough,"life expectancy at birth, male, years; rolling period 2020 to 2022 assigned to END year; higher_is_better; 95% CI 78.1-78.9"
E09000005,Brent,2023,life_expectancy_65_female,22.5,ONS life expectancy for local areas of the UK,borough,"life expectancy at age 65, female, years; rolling period 2021 to 2023 assigned to END year; higher_is_better; 95% CI 22.2-22.9"
E09000005,Brent,2023,life_expectancy_65_male,18.9,ONS life expectancy for local areas of the UK,borough,"life expectancy at age 65, male, years; rolling period 2021 to 2023 assigned to END year; higher_is_better; 95% CI 18.5-19.2"
E09000005,Brent,2023,life_expectancy_birth_female,84.9,ONS life expectancy for local areas of the UK,borough,"life expectancy at birth, female, years; rolling period 2021 to 2023 assigned to END year; higher_is_better; 95% CI 84.5-85.3"
E09000005,Brent,2023,life_expectancy_birth_male,79.4,ONS life expectancy for local areas of the UK,borough,"life expectancy at birth, male, years; rolling period 2021 to 2023 assigned to END year; higher_is_better; 95% CI 79-79.8"
E09000005,Brent,2024,life_expectancy_65_female,23,ONS life expectancy for local areas of the UK,borough,"life expectancy at age 65, female, years; rolling period 2022 to 2024 assigned to END year; higher_is_better; 95% CI 22.6-23.3"
E09000005,Brent,2024,life_expectancy_65_male,19.3,ONS life expectancy for local areas of the UK,borough,"life expectancy at age 65, male, years; rolling period 2022 to 2024 assigned to END year; higher_is_better; 95% CI 19-19.7"
E09000005,Brent,2024,life_expectancy_birth_female,85.5,ONS life expectancy for local areas of the UK,borough,"life expectancy at birth, female, years; rolling period 2022 to 2024 assigned to END year; higher_is_better; 95% CI 85.1-86"
E09000005,Brent,2024,life_expectancy_birth_male,80,ONS life expectancy for local areas of the UK,borough,"life expectancy at birth, male, years; rolling period 2022 to 2024 assigned to END year; higher_is_better; 95% CI 79.6-80.4"
E09000006,Bromley,2003,life_expectancy_65_female,20.1,ONS life expectancy for local areas of the UK,borough,"life expectancy at age 65, female, years; rolling period 2001 to 2003 assigned to END year; higher_is_better; 95% CI 19.8-20.3"
E09000006,Bromley,2003,life_expectancy_65_male,17.1,ONS life expectancy for local areas of the UK,borough,"life expectancy at age 65, male, years; rolling period 2001 to 2003 assigned to END year; higher_is_better; 95% CI 16.8-17.4"
E09000006,Bromley,2003,life_expectancy_birth_female,82,ONS life expectancy for local areas of the UK,borough,"life expectancy at birth, female, years; rolling period 2001 to 2003 assigned to END year; higher_is_better; 95% CI 81.7-82.4"
E09000006,Bromley,2003,life_expectancy_birth_male,77.7,ONS life expectancy for local areas of the UK,borough,"life expectancy at birth, male, years; rolling period 2001 to 2003 assigned to END year; higher_is_better; 95% CI 77.3-78.1"
E09000006,Bromley,2004,life_expectancy_65_female,20.3,ONS life expectancy for local areas of the UK,borough,"life expectancy at age 65, female, years; rolling period 2002 to 2004 assigned to END year; higher_is_better; 95% CI 20.1-20.6"
E09000006,Bromley,2004,life_expectancy_65_male,17.4,ONS life expectancy for local areas of the UK,borough,"life expectancy at age 65, male, years; rolling period 2002 to 2004 assigned to END year; higher_is_better; 95% CI 17.1-17.7"
E09000006,Bromley,2004,life_expectancy_birth_female,82.3,ONS life expectancy for local areas of the UK,borough,"life expectancy at birth, female, years; rolling period 2002 to 2004 assigned to END year; higher_is_better; 95% CI 81.9-82.7"
E09000006,Bromley,2004,life_expectancy_birth_male,78.1,ONS life expectancy for local areas of the UK,borough,"life expectancy at birth, male, years; rolling period 2002 to 2004 assigned to END year; higher_is_better; 95% CI 77.7-78.5"
E09000006,Bromley,2005,life_expectancy_65_female,20.6,ONS life expectancy for local areas of the UK,borough,"life expectancy at age 65, female, years; rolling period 2003 to 2005 assigned to END year; higher_is_better; 95% CI 20.3-20.8"
E09000006,Bromley,2005,life_expectancy_65_male,17.8,ONS life expectancy for local areas of the UK,borough,"life expectancy at age 65, male, years; rolling period 2003 to 2005 assigned to END year; higher_is_better; 95% CI 17.5-18"
E09000006,Bromley,2005,life_expectancy_birth_female,82.6,ONS life expectancy for local areas of the UK,borough,"life expectancy at birth, female, years; rolling period 2003 to 2005 assigned to END year; higher_is_better; 95% CI 82.2-83"
E09000006,Bromley,2005,life_expectancy_birth_male,78.5,ONS life expectancy for local areas of the UK,borough,"life expectancy at birth, male, years; rolling period 2003 to 2005 assigned to END year; higher_is_better; 95% CI 78.1-78.9"
E09000006,Bromley,2006,life_expectancy_65_female,21.1,ONS life expectancy for local areas of the UK,borough,"life expectancy at age 65, female, years; rolling period 2004 to 2006 assigned to END year; higher_is_better; 95% CI 20.8-21.3"
E09000006,Bromley,2006,life_expectancy_65_male,18.1,ONS life expectancy for local areas of the UK,borough,"life expectancy at age 65, male, years; rolling period 2004 to 2006 assigned to END year; higher_is_better; 95% CI 17.8-18.4"
E09000006,Bromley,2006,life_expectancy_birth_female,83.3,ONS life expectancy for local areas of the UK,borough,"life expectancy at birth, female, years; rolling period 2004 to 2006 assigned to END year; higher_is_better; 95% CI 82.9-83.6"
E09000006,Bromley,2006,life_expectancy_birth_male,79,ONS life expectancy for local areas of the UK,borough,"life expectancy at birth, male, years; rolling period 2004 to 2006 assigned to END year; higher_is_better; 95% CI 78.6-79.4"
E09000006,Bromley,2007,life_expectancy_65_female,21.1,ONS life expectancy for local areas of the UK,borough,"life expectancy at age 65, female, years; rolling period 2005 to 2007 assigned to END year; higher_is_better; 95% CI 20.9-21.4"
E09000006,Bromley,2007,life_expectancy_65_male,18.3,ONS life expectancy for local areas of the UK,borough,"life expectancy at age 65, male, years; rolling period 2005 to 2007 assigned to END year; higher_is_better; 95% CI 18-18.6"
E09000006,Bromley,2007,life_expectancy_birth_female,83.4,ONS life expectancy for local areas of the UK,borough,"life expectancy at birth, female, years; rolling period 2005 to 2007 assigned to END year; higher_is_better; 95% CI 83-83.7"
E09000006,Bromley,2007,life_expectancy_birth_male,79.3,ONS life expectancy for local areas of the UK,borough,"life expectancy at birth, male, years; rolling period 2005 to 2007 assigned to END year; higher_is_better; 95% CI 78.9-79.7"
E09000006,Bromley,2008,life_expectancy_65_female,21.1,ONS life expectancy for local areas of the UK,borough,"life expectancy at age 65, female, years; rolling period 2006 to 2008 assigned to END year; higher_is_better; 95% CI 20.9-21.4"
E09000006,Bromley,2008,life_expectancy_65_male,18.5,ONS life expectancy for local areas of the UK,borough,"life expectancy at age 65, male, years; rolling period 2006 to 2008 assigned to END year; higher_is_better; 95% CI 18.2-18.7"
E09000006,Bromley,2008,life_expectancy_birth_female,83.4,ONS life expectancy for local areas of the UK,borough,"life expectancy at birth, female, years; rolling period 2006 to 2008 assigned to END year; higher_is_better; 95% CI 83.1-83.8"
E09000006,Bromley,2008,life_expectancy_birth_male,79.5,ONS life expectancy for local areas of the UK,borough,"life expectancy at birth, male, years; rolling period 2006 to 2008 assigned to END year; higher_is_better; 95% CI 79.1-79.9"
E09000006,Bromley,2009,life_expectancy_65_female,21.3,ONS life expectancy for local areas of the UK,borough,"life expectancy at age 65, female, years; rolling period 2007 to 2009 assigned to END year; higher_is_better; 95% CI 21-21.5"
E09000006,Bromley,2009,life_expectancy_65_male,18.5,ONS life expectancy for local areas of the UK,borough,"life expectancy at age 65, male, years; rolling period 2007 to 2009 assigned to END year; higher_is_better; 95% CI 18.2-18.8"
E09000006,Bromley,2009,life_expectancy_birth_female,83.5,ONS life expectancy for local areas of the UK,borough,"life expectancy at birth, female, years; rolling period 2007 to 2009 assigned to END year; higher_is_better; 95% CI 83.2-83.9"
E09000006,Bromley,2009,life_expectancy_birth_male,79.7,ONS life expectancy for local areas of the UK,borough,"life expectancy at birth, male, years; rolling period 2007 to 2009 assigned to END year; higher_is_better; 95% CI 79.3-80.1"
E09000006,Bromley,2010,life_expectancy_65_female,21.5,ONS life expectancy for local areas of the UK,borough,"life expectancy at age 65, female, years; rolling period 2008 to 2010 assigned to END year; higher_is_better; 95% CI 21.2-21.7"
E09000006,Bromley,2010,life_expectancy_65_male,18.8,ONS life expectancy for local areas of the UK,borough,"life expectancy at age 65, male, years; rolling period 2008 to 2010 assigned to END year; higher_is_better; 95% CI 18.5-19.1"
E09000006,Bromley,2010,life_expectancy_birth_female,83.9,ONS life expectancy for local areas of the UK,borough,"life expectancy at birth, female, years; rolling period 2008 to 2010 assigned to END year; higher_is_better; 95% CI 83.6-84.3"
E09000006,Bromley,2010,life_expectancy_birth_male,80,ONS life expectancy for local areas of the UK,borough,"life expectancy at birth, male, years; rolling period 2008 to 2010 assigned to END year; higher_is_better; 95% CI 79.6-80.4"
E09000006,Bromley,2011,life_expectancy_65_female,21.8,ONS life expectancy for local areas of the UK,borough,"life expectancy at age 65, female, years; rolling period 2009 to 2011 assigned to END year; higher_is_better; 95% CI 21.5-22"
E09000006,Bromley,2011,life_expectancy_65_male,19,ONS life expectancy for local areas of the UK,borough,"life expectancy at age 65, male, years; rolling period 2009 to 2011 assigned to END year; higher_is_better; 95% CI 18.7-19.3"
E09000006,Bromley,2011,life_expectancy_birth_female,84.2,ONS life expectancy for local areas of the UK,borough,"life expectancy at birth, female, years; rolling period 2009 to 2011 assigned to END year; higher_is_better; 95% CI 83.9-84.6"
E09000006,Bromley,2011,life_expectancy_birth_male,80.5,ONS life expectancy for local areas of the UK,borough,"life expectancy at birth, male, years; rolling period 2009 to 2011 assigned to END year; higher_is_better; 95% CI 80.1-80.9"
E09000006,Bromley,2012,life_expectancy_65_female,21.7,ONS life expectancy for local areas of the UK,borough,"life expectancy at age 65, female, years; rolling period 2010 to 2012 assigned to END year; higher_is_better; 95% CI 21.4-22"
E09000006,Bromley,2012,life_expectancy_65_male,19.3,ONS life expectancy for local areas of the UK,borough,"life expectancy at age 65, male, years; rolling period 2010 to 2012 assigned to END year; higher_is_better; 95% CI 19-19.6"
E09000006,Bromley,2012,life_expectancy_birth_female,84.4,ONS life expectancy for local areas of the UK,borough,"life expectancy at birth, female, years; rolling period 2010 to 2012 assigned to END year; higher_is_better; 95% CI 84-84.7"
E09000006,Bromley,2012,life_expectancy_birth_male,80.8,ONS life expectancy for local areas of the UK,borough,"life expectancy at birth, male, years; rolling period 2010 to 2012 assigned to END year; higher_is_better; 95% CI 80.4-81.2"
E09000006,Bromley,2013,life_expectancy_65_female,22,ONS life expectancy for local areas of the UK,borough,"life expectancy at age 65, female, years; rolling period 2011 to 2013 assigned to END year; higher_is_better; 95% CI 21.7-22.3"
E09000006,Bromley,2013,life_expectancy_65_male,19.4,ONS life expectancy for local areas of the UK,borough,"life expectancy at age 65, male, years; rolling period 2011 to 2013 assigned to END year; higher_is_better; 95% CI 19.1-19.7"
E09000006,Bromley,2013,life_expectancy_birth_female,84.7,ONS life expectancy for local areas of the UK,borough,"life expectancy at birth, female, years; rolling period 2011 to 2013 assigned to END year; higher_is_better; 95% CI 84.4-85.1"
E09000006,Bromley,2013,life_expectancy_birth_male,81.1,ONS life expectancy for local areas of the UK,borough,"life expectancy at birth, male, years; rolling period 2011 to 2013 assigned to END year; higher_is_better; 95% CI 80.7-81.5"
E09000006,Bromley,2014,life_expectancy_65_female,22,ONS life expectancy for local areas of the UK,borough,"life expectancy at age 65, female, years; rolling period 2012 to 2014 assigned to END year; higher_is_better; 95% CI 21.8-22.3"
E09000006,Bromley,2014,life_expectancy_65_male,19.5,ONS life expectancy for local areas of the UK,borough,"life expectancy at age 65, male, years; rolling period 2012 to 2014 assigned to END year; higher_is_better; 95% CI 19.2-19.8"
E09000006,Bromley,2014,life_expectancy_birth_female,84.7,ONS life expectancy for local areas of the UK,borough,"life expectancy at birth, female, years; rolling period 2012 to 2014 assigned to END year; higher_is_better; 95% CI 84.4-85.1"
E09000006,Bromley,2014,life_expectancy_birth_male,81.2,ONS life expectancy for local areas of the UK,borough,"life expectancy at birth, male, years; rolling period 2012 to 2014 assigned to END year; higher_is_better; 95% CI 80.8-81.6"
E09000006,Bromley,2015,life_expectancy_65_female,22.3,ONS life expectancy for local areas of the UK,borough,"life expectancy at age 65, female, years; rolling period 2013 to 2015 assigned to END year; higher_is_better; 95% CI 22.1-22.6"
E09000006,Bromley,2015,life_expectancy_65_male,19.5,ONS life expectancy for local areas of the UK,borough,"life expectancy at age 65, male, years; rolling period 2013 to 2015 assigned to END year; higher_is_better; 95% CI 19.3-19.8"
E09000006,Bromley,2015,life_expectancy_birth_female,85.1,ONS life expectancy for local areas of the UK,borough,"life expectancy at birth, female, years; rolling period 2013 to 2015 assigned to END year; higher_is_better; 95% CI 84.7-85.4"
E09000006,Bromley,2015,life_expectancy_birth_male,81.3,ONS life expectancy for local areas of the UK,borough,"life expectancy at birth, male, years; rolling period 2013 to 2015 assigned to END year; higher_is_better; 95% CI 80.9-81.7"
E09000006,Bromley,2016,life_expectancy_65_female,22.2,ONS life expectancy for local areas of the UK,borough,"life expectancy at age 65, female, years; rolling period 2014 to 2016 assigned to END year; higher_is_better; 95% CI 22-22.5"
E09000006,Bromley,2016,life_expectancy_65_male,19.5,ONS life expectancy for local areas of the UK,borough,"life expectancy at age 65, male, years; rolling period 2014 to 2016 assigned to END year; higher_is_better; 95% CI 19.3-19.8"
E09000006,Bromley,2016,life_expectancy_birth_female,84.9,ONS life expectancy for local areas of the UK,borough,"life expectancy at birth, female, years; rolling period 2014 to 2016 assigned to END year; higher_is_better; 95% CI 84.5-85.2"
E09000006,Bromley,2016,life_expectancy_birth_male,81.3,ONS life expectancy for local areas of the UK,borough,"life expectancy at birth, male, years; rolling period 2014 to 2016 assigned to END year; higher_is_better; 95% CI 80.9-81.7"
E09000006,Bromley,2017,life_expectancy_65_female,22.4,ONS life expectancy for local areas of the UK,borough,"life expectancy at age 65, female, years; rolling period 2015 to 2017 assigned to END year; higher_is_better; 95% CI 22.1-22.7"
E09000006,Bromley,2017,life_expectancy_65_male,19.6,ONS life expectancy for local areas of the UK,borough,"life expectancy at age 65, male, years; rolling period 2015 to 2017 assigned to END year; higher_is_better; 95% CI 19.4-19.9"
E09000006,Bromley,2017,life_expectancy_birth_female,85.2,ONS life expectancy for local areas of the UK,borough,"life expectancy at birth, female, years; rolling period 2015 to 2017 assigned to END year; higher_is_better; 95% CI 84.9-85.6"
E09000006,Bromley,2017,life_expectancy_birth_male,81.4,ONS life expectancy for local areas of the UK,borough,"life expectancy at birth, male, years; rolling period 2015 to 2017 assigned to END year; higher_is_better; 95% CI 81-81.7"
E09000006,Bromley,2018,life_expectancy_65_female,22.2,ONS life expectancy for local areas of the UK,borough,"life expectancy at age 65, female, years; rolling period 2016 to 2018 assigned to END year; higher_is_better; 95% CI 22-22.5"
E09000006,Bromley,2018,life_expectancy_65_male,19.6,ONS life expectancy for local areas of the UK,borough,"life expectancy at age 65, male, years; rolling period 2016 to 2018 assigned to END year; higher_is_better; 95% CI 19.3-19.9"
E09000006,Bromley,2018,life_expectancy_birth_female,85,ONS life expectancy for local areas of the UK,borough,"life expectancy at birth, female, years; rolling period 2016 to 2018 assigned to END year; higher_is_better; 95% CI 84.7-85.3"
E09000006,Bromley,2018,life_expectancy_birth_male,81.4,ONS life expectancy for local areas of the UK,borough,"life expectancy at birth, male, years; rolling period 2016 to 2018 assigned to END year; higher_is_better; 95% CI 81-81.7"
E09000006,Bromley,2019,life_expectancy_65_female,22.3,ONS life expectancy for local areas of the UK,borough,"life expectancy at age 65, female, years; rolling period 2017 to 2019 assigned to END year; higher_is_better; 95% CI 22.1-22.6"
E09000006,Bromley,2019,life_expectancy_65_male,19.8,ONS life expectancy for local areas of the UK,borough,"life expectancy at age 65, male, years; rolling period 2017 to 2019 assigned to END year; higher_is_better; 95% CI 19.5-20.1"
E09000006,Bromley,2019,life_expectancy_birth_female,85.1,ONS life expectancy for local areas of the UK,borough,"life expectancy at birth, female, years; rolling period 2017 to 2019 assigned to END year; higher_is_better; 95% CI 84.7-85.4"
E09000006,Bromley,2019,life_expectancy_birth_male,81.6,ONS life expectancy for local areas of the UK,borough,"life expectancy at birth, male, years; rolling period 2017 to 2019 assigned to END year; higher_is_better; 95% CI 81.3-82"
E09000006,Bromley,2020,life_expectancy_65_female,22.2,ONS life expectancy for local areas of the UK,borough,"life expectancy at age 65, female, years; rolling period 2018 to 2020 assigned to END year; higher_is_better; 95% CI 21.9-22.4"
E09000006,Bromley,2020,life_expectancy_65_male,19.5,ONS life expectancy for local areas of the UK,borough,"life expectancy at age 65, male, years; rolling period 2018 to 2020 assigned to END year; higher_is_better; 95% CI 19.3-19.8"
E09000006,Bromley,2020,life_expectancy_birth_female,84.8,ONS life expectancy for local areas of the UK,borough,"life expectancy at birth, female, years; rolling period 2018 to 2020 assigned to END year; higher_is_better; 95% CI 84.4-85.1"
E09000006,Bromley,2020,life_expectancy_birth_male,81.4,ONS life expectancy for local areas of the UK,borough,"life expectancy at birth, male, years; rolling period 2018 to 2020 assigned to END year; higher_is_better; 95% CI 81-81.7"
E09000006,Bromley,2021,life_expectancy_65_female,22.2,ONS life expectancy for local areas of the UK,borough,"life expectancy at age 65, female, years; rolling period 2019 to 2021 assigned to END year; higher_is_better; 95% CI 21.9-22.5"
E09000006,Bromley,2021,life_expectancy_65_male,19.6,ONS life expectancy for local areas of the UK,borough,"life expectancy at age 65, male, years; rolling period 2019 to 2021 assigned to END year; higher_is_better; 95% CI 19.3-19.8"
E09000006,Bromley,2021,life_expectancy_birth_female,84.8,ONS life expectancy for local areas of the UK,borough,"life expectancy at birth, female, years; rolling period 2019 to 2021 assigned to END year; higher_is_better; 95% CI 84.4-85.1"
E09000006,Bromley,2021,life_expectancy_birth_male,81.3,ONS life expectancy for local areas of the UK,borough,"life expectancy at birth, male, years; rolling period 2019 to 2021 assigned to END year; higher_is_better; 95% CI 81-81.7"
E09000006,Bromley,2022,life_expectancy_65_female,22.3,ONS life expectancy for local areas of the UK,borough,"life expectancy at age 65, female, years; rolling period 2020 to 2022 assigned to END year; higher_is_better; 95% CI 22-22.6"
E09000006,Bromley,2022,life_expectancy_65_male,19.6,ONS life expectancy for local areas of the UK,borough,"life expectancy at age 65, male, years; rolling period 2020 to 2022 assigned to END year; higher_is_better; 95% CI 19.3-19.8"
E09000006,Bromley,2022,life_expectancy_birth_female,85,ONS life expectancy for local areas of the UK,borough,"life expectancy at birth, female, years; rolling period 2020 to 2022 assigned to END year; higher_is_better; 95% CI 84.7-85.3"
E09000006,Bromley,2022,life_expectancy_birth_male,81.3,ONS life expectancy for local areas of the UK,borough,"life expectancy at birth, male, years; rolling period 2020 to 2022 assigned to END year; higher_is_better; 95% CI 80.9-81.6"
E09000006,Bromley,2023,life_expectancy_65_female,22.6,ONS life expectancy for local areas of the UK,borough,"life expectancy at age 65, female, years; rolling period 2021 to 2023 assigned to END year; higher_is_better; 95% CI 22.4-22.9"
E09000006,Bromley,2023,life_expectancy_65_male,19.8,ONS life expectancy for local areas of the UK,borough,"life expectancy at age 65, male, years; rolling period 2021 to 2023 assigned to END year; higher_is_better; 95% CI 19.5-20"
E09000006,Bromley,2023,life_expectancy_birth_female,85.3,ONS life expectancy for local areas of the UK,borough,"life expectancy at birth, female, years; rolling period 2021 to 2023 assigned to END year; higher_is_better; 95% CI 84.9-85.6"
E09000006,Bromley,2023,life_expectancy_birth_male,81.5,ONS life expectancy for local areas of the UK,borough,"life expectancy at birth, male, years; rolling period 2021 to 2023 assigned to END year; higher_is_better; 95% CI 81.2-81.9"
E09000006,Bromley,2024,life_expectancy_65_female,22.9,ONS life expectancy for local areas of the UK,borough,"life expectancy at age 65, female, years; rolling period 2022 to 2024 assigned to END year; higher_is_better; 95% CI 22.7-23.2"
E09000006,Bromley,2024,life_expectancy_65_male,20.1,ONS life expectancy for local areas of the UK,borough,"life expectancy at age 65, male, years; rolling period 2022 to 2024 assigned to END year; higher_is_better; 95% CI 19.8-20.4"
E09000006,Bromley,2024,life_expectancy_birth_female,85.7,ONS life expectancy for local areas of the UK,borough,"life expectancy at birth, female, years; rolling period 2022 to 2024 assigned to END year; higher_is_better; 95% CI 85.3-86"
E09000006,Bromley,2024,life_expectancy_birth_male,81.9,ONS life expectancy for local areas of the UK,borough,"life expectancy at birth, male, years; rolling period 2022 to 2024 assigned to END year; higher_is_better; 95% CI 81.5-82.2"
E09000007,Camden,2003,life_expectancy_65_female,19.8,ONS life expectancy for local areas of the UK,borough,"life expectancy at age 65, female, years; rolling period 2001 to 2003 assigned to END year; higher_is_better; 95% CI 19.4-20.2"
E09000007,Camden,2003,life_expectancy_65_male,16.3,ONS life expectancy for local areas of the UK,borough,"life expectancy at age 65, male, years; rolling period 2001 to 2003 assigned to END year; higher_is_better; 95% CI 15.8-16.7"
E09000007,Camden,2003,life_expectancy_birth_female,81,ONS life expectancy for local areas of the UK,borough,"life expectancy at birth, female, years; rolling period 2001 to 2003 assigned to END year; higher_is_better; 95% CI 80.4-81.5"
E09000007,Camden,2003,life_expectancy_birth_male,74.7,ONS life expectancy for local areas of the UK,borough,"life expectancy at birth, male, years; rolling period 2001 to 2003 assigned to END year; higher_is_better; 95% CI 74.1-75.2"
E09000007,Camden,2004,life_expectancy_65_female,19.7,ONS life expectancy for local areas of the UK,borough,"life expectancy at age 65, female, years; rolling period 2002 to 2004 assigned to END year; higher_is_better; 95% CI 19.3-20.1"
E09000007,Camden,2004,life_expectancy_65_male,16.5,ONS life expectancy for local areas of the UK,borough,"life expectancy at age 65, male, years; rolling period 2002 to 2004 assigned to END year; higher_is_better; 95% CI 16-16.9"
E09000007,Camden,2004,life_expectancy_birth_female,81.2,ONS life expectancy for local areas of the UK,borough,"life expectancy at birth, female, years; rolling period 2002 to 2004 assigned to END year; higher_is_better; 95% CI 80.7-81.8"
E09000007,Camden,2004,life_expectancy_birth_male,75.4,ONS life expectancy for local areas of the UK,borough,"life expectancy at birth, male, years; rolling period 2002 to 2004 assigned to END year; higher_is_better; 95% CI 74.9-76"
E09000007,Camden,2005,life_expectancy_65_female,20,ONS life expectancy for local areas of the UK,borough,"life expectancy at age 65, female, years; rolling period 2003 to 2005 assigned to END year; higher_is_better; 95% CI 19.6-20.4"
E09000007,Camden,2005,life_expectancy_65_male,16.6,ONS life expectancy for local areas of the UK,borough,"life expectancy at age 65, male, years; rolling period 2003 to 2005 assigned to END year; higher_is_better; 95% CI 16.1-17"
E09000007,Camden,2005,life_expectancy_birth_female,81.7,ONS life expectancy for local areas of the UK,borough,"life expectancy at birth, female, years; rolling period 2003 to 2005 assigned to END year; higher_is_better; 95% CI 81.2-82.2"
E09000007,Camden,2005,life_expectancy_birth_male,75.6,ONS life expectancy for local areas of the UK,borough,"life expectancy at birth, male, years; rolling period 2003 to 2005 assigned to END year; higher_is_better; 95% CI 75.1-76.2"
E09000007,Camden,2006,life_expectancy_65_female,20.2,ONS life expectancy for local areas of the UK,borough,"life expectancy at age 65, female, years; rolling period 2004 to 2006 assigned to END year; higher_is_better; 95% CI 19.8-20.6"
E09000007,Camden,2006,life_expectancy_65_male,16.9,ONS life expectancy for local areas of the UK,borough,"life expectancy at age 65, male, years; rolling period 2004 to 2006 assigned to END year; higher_is_better; 95% CI 16.5-17.4"
E09000007,Camden,2006,life_expectancy_birth_female,81.8,ONS life expectancy for local areas of the UK,borough,"life expectancy at birth, female, years; rolling period 2004 to 2006 assigned to END year; higher_is_better; 95% CI 81.3-82.4"
E09000007,Camden,2006,life_expectancy_birth_male,76.3,ONS life expectancy for local areas of the UK,borough,"life expectancy at birth, male, years; rolling period 2004 to 2006 assigned to END year; higher_is_better; 95% CI 75.8-76.9"
E09000007,Camden,2007,life_expectancy_65_female,20.6,ONS life expectancy for local areas of the UK,borough,"life expectancy at age 65, female, years; rolling period 2005 to 2007 assigned to END year; higher_is_better; 95% CI 20.2-21"
E09000007,Camden,2007,life_expectancy_65_male,17.3,ONS life expectancy for local areas of the UK,borough,"life expectancy at age 65, male, years; rolling period 2005 to 2007 assigned to END year; higher_is_better; 95% CI 16.9-17.8"
E09000007,Camden,2007,life_expectancy_birth_female,82.4,ONS life expectancy for local areas of the UK,borough,"life expectancy at birth, female, years; rolling period 2005 to 2007 assigned to END year; higher_is_better; 95% CI 81.8-82.9"
E09000007,Camden,2007,life_expectancy_birth_male,76.9,ONS life expectancy for local areas of the UK,borough,"life expectancy at birth, male, years; rolling period 2005 to 2007 assigned to END year; higher_is_better; 95% CI 76.3-77.4"
E09000007,Camden,2008,life_expectancy_65_female,21,ONS life expectancy for local areas of the UK,borough,"life expectancy at age 65, female, years; rolling period 2006 to 2008 assigned to END year; higher_is_better; 95% CI 20.6-21.4"
E09000007,Camden,2008,life_expectancy_65_male,17.7,ONS life expectancy for local areas of the UK,borough,"life expectancy at age 65, male, years; rolling period 2006 to 2008 assigned to END year; higher_is_better; 95% CI 17.3-18.2"
E09000007,Camden,2008,life_expectancy_birth_female,82.7,ONS life expectancy for local areas of the UK,borough,"life expectancy at birth, female, years; rolling period 2006 to 2008 assigned to END year; higher_is_better; 95% CI 82.2-83.3"
E09000007,Camden,2008,life_expectancy_birth_male,77.6,ONS life expectancy for local areas of the UK,borough,"life expectancy at birth, male, years; rolling period 2006 to 2008 assigned to END year; higher_is_better; 95% CI 77.1-78.2"
E09000007,Camden,2009,life_expectancy_65_female,21.7,ONS life expectancy for local areas of the UK,borough,"life expectancy at age 65, female, years; rolling period 2007 to 2009 assigned to END year; higher_is_better; 95% CI 21.3-22.1"
E09000007,Camden,2009,life_expectancy_65_male,17.9,ONS life expectancy for local areas of the UK,borough,"life expectancy at age 65, male, years; rolling period 2007 to 2009 assigned to END year; higher_is_better; 95% CI 17.4-18.3"
E09000007,Camden,2009,life_expectancy_birth_female,83.5,ONS life expectancy for local areas of the UK,borough,"life expectancy at birth, female, years; rolling period 2007 to 2009 assigned to END year; higher_is_better; 95% CI 83-84.1"
E09000007,Camden,2009,life_expectancy_birth_male,78.2,ONS life expectancy for local areas of the UK,borough,"life expectancy at birth, male, years; rolling period 2007 to 2009 assigned to END year; higher_is_better; 95% CI 77.7-78.8"
E09000007,Camden,2010,life_expectancy_65_female,22.4,ONS life expectancy for local areas of the UK,borough,"life expectancy at age 65, female, years; rolling period 2008 to 2010 assigned to END year; higher_is_better; 95% CI 22-22.9"
E09000007,Camden,2010,life_expectancy_65_male,18.4,ONS life expectancy for local areas of the UK,borough,"life expectancy at age 65, male, years; rolling period 2008 to 2010 assigned to END year; higher_is_better; 95% CI 17.9-18.8"
E09000007,Camden,2010,life_expectancy_birth_female,84.1,ONS life expectancy for local areas of the UK,borough,"life expectancy at birth, female, years; rolling period 2008 to 2010 assigned to END year; higher_is_better; 95% CI 83.5-84.6"
E09000007,Camden,2010,life_expectancy_birth_male,78.7,ONS life expectancy for local areas of the UK,borough,"life expectancy at birth, male, years; rolling period 2008 to 2010 assigned to END year; higher_is_better; 95% CI 78.2-79.3"
E09000007,Camden,2011,life_expectancy_65_female,22.8,ONS life expectancy for local areas of the UK,borough,"life expectancy at age 65, female, years; rolling period 2009 to 2011 assigned to END year; higher_is_better; 95% CI 22.3-23.3"
E09000007,Camden,2011,life_expectancy_65_male,19.2,ONS life expectancy for local areas of the UK,borough,"life expectancy at age 65, male, years; rolling period 2009 to 2011 assigned to END year; higher_is_better; 95% CI 18.7-19.7"
E09000007,Camden,2011,life_expectancy_birth_female,84.4,ONS life expectancy for local areas of the UK,borough,"life expectancy at birth, female, years; rolling period 2009 to 2011 assigned to END year; higher_is_better; 95% CI 83.8-85"
E09000007,Camden,2011,life_expectancy_birth_male,79.6,ONS life expectancy for local areas of the UK,borough,"life expectancy at birth, male, years; rolling period 2009 to 2011 assigned to END year; higher_is_better; 95% CI 79-80.1"
E09000007,Camden,2012,life_expectancy_65_female,23.1,ONS life expectancy for local areas of the UK,borough,"life expectancy at age 65, female, years; rolling period 2010 to 2012 assigned to END year; higher_is_better; 95% CI 22.6-23.6"
E09000007,Camden,2012,life_expectancy_65_male,19.6,ONS life expectancy for local areas of the UK,borough,"life expectancy at age 65, male, years; rolling period 2010 to 2012 assigned to END year; higher_is_better; 95% CI 19.1-20.1"
E09000007,Camden,2012,life_expectancy_birth_female,84.8,ONS life expectancy for local areas of the UK,borough,"life expectancy at birth, female, years; rolling period 2010 to 2012 assigned to END year; higher_is_better; 95% CI 84.2-85.4"
E09000007,Camden,2012,life_expectancy_birth_male,80,ONS life expectancy for local areas of the UK,borough,"life expectancy at birth, male, years; rolling period 2010 to 2012 assigned to END year; higher_is_better; 95% CI 79.5-80.6"
E09000007,Camden,2013,life_expectancy_65_female,23.2,ONS life expectancy for local areas of the UK,borough,"life expectancy at age 65, female, years; rolling period 2011 to 2013 assigned to END year; higher_is_better; 95% CI 22.7-23.8"
E09000007,Camden,2013,life_expectancy_65_male,19.6,ONS life expectancy for local areas of the UK,borough,"life expectancy at age 65, male, years; rolling period 2011 to 2013 assigned to END year; higher_is_better; 95% CI 19.1-20.1"
E09000007,Camden,2013,life_expectancy_birth_female,85.2,ONS life expectancy for local areas of the UK,borough,"life expectancy at birth, female, years; rolling period 2011 to 2013 assigned to END year; higher_is_better; 95% CI 84.6-85.8"
E09000007,Camden,2013,life_expectancy_birth_male,80.4,ONS life expectancy for local areas of the UK,borough,"life expectancy at birth, male, years; rolling period 2011 to 2013 assigned to END year; higher_is_better; 95% CI 79.9-81"
E09000007,Camden,2014,life_expectancy_65_female,23.6,ONS life expectancy for local areas of the UK,borough,"life expectancy at age 65, female, years; rolling period 2012 to 2014 assigned to END year; higher_is_better; 95% CI 23.1-24.1"
E09000007,Camden,2014,life_expectancy_65_male,19.6,ONS life expectancy for local areas of the UK,borough,"life expectancy at age 65, male, years; rolling period 2012 to 2014 assigned to END year; higher_is_better; 95% CI 19.1-20.1"
E09000007,Camden,2014,life_expectancy_birth_female,85.6,ONS life expectancy for local areas of the UK,borough,"life expectancy at birth, female, years; rolling period 2012 to 2014 assigned to END year; higher_is_better; 95% CI 85-86.2"
E09000007,Camden,2014,life_expectancy_birth_male,80.8,ONS life expectancy for local areas of the UK,borough,"life expectancy at birth, male, years; rolling period 2012 to 2014 assigned to END year; higher_is_better; 95% CI 80.2-81.4"
E09000007,Camden,2015,life_expectancy_65_female,23.3,ONS life expectancy for local areas of the UK,borough,"life expectancy at age 65, female, years; rolling period 2013 to 2015 assigned to END year; higher_is_better; 95% CI 22.8-23.8"
E09000007,Camden,2015,life_expectancy_65_male,19.5,ONS life expectancy for local areas of the UK,borough,"life expectancy at age 65, male, years; rolling period 2013 to 2015 assigned to END year; higher_is_better; 95% CI 19-20"
E09000007,Camden,2015,life_expectancy_birth_female,85.5,ONS life expectancy for local areas of the UK,borough,"life expectancy at birth, female, years; rolling period 2013 to 2015 assigned to END year; higher_is_better; 95% CI 84.9-86"
E09000007,Camden,2015,life_expectancy_birth_male,80.7,ONS life expectancy for local areas of the UK,borough,"life expectancy at birth, male, years; rolling period 2013 to 2015 assigned to END year; higher_is_better; 95% CI 80.2-81.3"
E09000007,Camden,2016,life_expectancy_65_female,23.5,ONS life expectancy for local areas of the UK,borough,"life expectancy at age 65, female, years; rolling period 2014 to 2016 assigned to END year; higher_is_better; 95% CI 23-24"
E09000007,Camden,2016,life_expectancy_65_male,19.6,ONS life expectancy for local areas of the UK,borough,"life expectancy at age 65, male, years; rolling period 2014 to 2016 assigned to END year; higher_is_better; 95% CI 19.1-20.1"
E09000007,Camden,2016,life_expectancy_birth_female,85.7,ONS life expectancy for local areas of the UK,borough,"life expectancy at birth, female, years; rolling period 2014 to 2016 assigned to END year; higher_is_better; 95% CI 85.2-86.3"
E09000007,Camden,2016,life_expectancy_birth_male,80.8,ONS life expectancy for local areas of the UK,borough,"life expectancy at birth, male, years; rolling period 2014 to 2016 assigned to END year; higher_is_better; 95% CI 80.2-81.3"
E09000007,Camden,2017,life_expectancy_65_female,22.9,ONS life expectancy for local areas of the UK,borough,"life expectancy at age 65, female, years; rolling period 2015 to 2017 assigned to END year; higher_is_better; 95% CI 22.4-23.3"
E09000007,Camden,2017,life_expectancy_65_male,19.6,ONS life expectancy for local areas of the UK,borough,"life expectancy at age 65, male, years; rolling period 2015 to 2017 assigned to END year; higher_is_better; 95% CI 19.1-20"
E09000007,Camden,2017,life_expectancy_birth_female,85.2,ONS life expectancy for local areas of the UK,borough,"life expectancy at birth, female, years; rolling period 2015 to 2017 assigned to END year; higher_is_better; 95% CI 84.6-85.7"
E09000007,Camden,2017,life_expectancy_birth_male,80.5,ONS life expectancy for local areas of the UK,borough,"life expectancy at birth, male, years; rolling period 2015 to 2017 assigned to END year; higher_is_better; 95% CI 80-81.1"
E09000007,Camden,2018,life_expectancy_65_female,22.9,ONS life expectancy for local areas of the UK,borough,"life expectancy at age 65, female, years; rolling period 2016 to 2018 assigned to END year; higher_is_better; 95% CI 22.4-23.4"
E09000007,Camden,2018,life_expectancy_65_male,19.4,ONS life expectancy for local areas of the UK,borough,"life expectancy at age 65, male, years; rolling period 2016 to 2018 assigned to END year; higher_is_better; 95% CI 18.9-19.9"
E09000007,Camden,2018,life_expectancy_birth_female,85.2,ONS life expectancy for local areas of the UK,borough,"life expectancy at birth, female, years; rolling period 2016 to 2018 assigned to END year; higher_is_better; 95% CI 84.6-85.7"
E09000007,Camden,2018,life_expectancy_birth_male,80.4,ONS life expectancy for local areas of the UK,borough,"life expectancy at birth, male, years; rolling period 2016 to 2018 assigned to END year; higher_is_better; 95% CI 79.8-80.9"
E09000007,Camden,2019,life_expectancy_65_female,22.8,ONS life expectancy for local areas of the UK,borough,"life expectancy at age 65, female, years; rolling period 2017 to 2019 assigned to END year; higher_is_better; 95% CI 22.3-23.2"
E09000007,Camden,2019,life_expectancy_65_male,19.6,ONS life expectancy for local areas of the UK,borough,"life expectancy at age 65, male, years; rolling period 2017 to 2019 assigned to END year; higher_is_better; 95% CI 19.1-20.1"
E09000007,Camden,2019,life_expectancy_birth_female,84.8,ONS life expectancy for local areas of the UK,borough,"life expectancy at birth, female, years; rolling period 2017 to 2019 assigned to END year; higher_is_better; 95% CI 84.2-85.3"
E09000007,Camden,2019,life_expectancy_birth_male,80.4,ONS life expectancy for local areas of the UK,borough,"life expectancy at birth, male, years; rolling period 2017 to 2019 assigned to END year; higher_is_better; 95% CI 79.9-81"
E09000007,Camden,2020,life_expectancy_65_female,22.7,ONS life expectancy for local areas of the UK,borough,"life expectancy at age 65, female, years; rolling period 2018 to 2020 assigned to END year; higher_is_better; 95% CI 22.2-23.1"
E09000007,Camden,2020,life_expectancy_65_male,18.9,ONS life expectancy for local areas of the UK,borough,"life expectancy at age 65, male, years; rolling period 2018 to 2020 assigned to END year; higher_is_better; 95% CI 18.4-19.3"
E09000007,Camden,2020,life_expectancy_birth_female,84.9,ONS life expectancy for local areas of the UK,borough,"life expectancy at birth, female, years; rolling period 2018 to 2020 assigned to END year; higher_is_better; 95% CI 84.3-85.4"
E09000007,Camden,2020,life_expectancy_birth_male,79.6,ONS life expectancy for local areas of the UK,borough,"life expectancy at birth, male, years; rolling period 2018 to 2020 assigned to END year; higher_is_better; 95% CI 79-80.1"
E09000007,Camden,2021,life_expectancy_65_female,22.3,ONS life expectancy for local areas of the UK,borough,"life expectancy at age 65, female, years; rolling period 2019 to 2021 assigned to END year; higher_is_better; 95% CI 21.9-22.8"
E09000007,Camden,2021,life_expectancy_65_male,18.7,ONS life expectancy for local areas of the UK,borough,"life expectancy at age 65, male, years; rolling period 2019 to 2021 assigned to END year; higher_is_better; 95% CI 18.3-19.2"
E09000007,Camden,2021,life_expectancy_birth_female,84.4,ONS life expectancy for local areas of the UK,borough,"life expectancy at birth, female, years; rolling period 2019 to 2021 assigned to END year; higher_is_better; 95% CI 83.9-84.9"
E09000007,Camden,2021,life_expectancy_birth_male,79.4,ONS life expectancy for local areas of the UK,borough,"life expectancy at birth, male, years; rolling period 2019 to 2021 assigned to END year; higher_is_better; 95% CI 78.8-79.9"
E09000007,Camden,2022,life_expectancy_65_female,22.3,ONS life expectancy for local areas of the UK,borough,"life expectancy at age 65, female, years; rolling period 2020 to 2022 assigned to END year; higher_is_better; 95% CI 21.9-22.8"
E09000007,Camden,2022,life_expectancy_65_male,18.4,ONS life expectancy for local areas of the UK,borough,"life expectancy at age 65, male, years; rolling period 2020 to 2022 assigned to END year; higher_is_better; 95% CI 18-18.8"
E09000007,Camden,2022,life_expectancy_birth_female,84.5,ONS life expectancy for local areas of the UK,borough,"life expectancy at birth, female, years; rolling period 2020 to 2022 assigned to END year; higher_is_better; 95% CI 84-85"
E09000007,Camden,2022,life_expectancy_birth_male,79.2,ONS life expectancy for local areas of the UK,borough,"life expectancy at birth, male, years; rolling period 2020 to 2022 assigned to END year; higher_is_better; 95% CI 78.7-79.7"
E09000007,Camden,2023,life_expectancy_65_female,22.8,ONS life expectancy for local areas of the UK,borough,"life expectancy at age 65, female, years; rolling period 2021 to 2023 assigned to END year; higher_is_better; 95% CI 22.3-23.2"
E09000007,Camden,2023,life_expectancy_65_male,19.3,ONS life expectancy for local areas of the UK,borough,"life expectancy at age 65, male, years; rolling period 2021 to 2023 assigned to END year; higher_is_better; 95% CI 18.8-19.7"
E09000007,Camden,2023,life_expectancy_birth_female,85.1,ONS life expectancy for local areas of the UK,borough,"life expectancy at birth, female, years; rolling period 2021 to 2023 assigned to END year; higher_is_better; 95% CI 84.6-85.6"
E09000007,Camden,2023,life_expectancy_birth_male,80.3,ONS life expectancy for local areas of the UK,borough,"life expectancy at birth, male, years; rolling period 2021 to 2023 assigned to END year; higher_is_better; 95% CI 79.7-80.8"
E09000007,Camden,2024,life_expectancy_65_female,23.4,ONS life expectancy for local areas of the UK,borough,"life expectancy at age 65, female, years; rolling period 2022 to 2024 assigned to END year; higher_is_better; 95% CI 23-23.9"
E09000007,Camden,2024,life_expectancy_65_male,19.6,ONS life expectancy for local areas of the UK,borough,"life expectancy at age 65, male, years; rolling period 2022 to 2024 assigned to END year; higher_is_better; 95% CI 19.1-20"
E09000007,Camden,2024,life_expectancy_birth_female,85.9,ONS life expectancy for local areas of the UK,borough,"life expectancy at birth, female, years; rolling period 2022 to 2024 assigned to END year; higher_is_better; 95% CI 85.3-86.4"
E09000007,Camden,2024,life_expectancy_birth_male,80.7,ONS life expectancy for local areas of the UK,borough,"life expectancy at birth, male, years; rolling period 2022 to 2024 assigned to END year; higher_is_better; 95% CI 80.2-81.3"
E09000008,Croydon,2003,life_expectancy_65_female,19.1,ONS life expectancy for local areas of the UK,borough,"life expectancy at age 65, female, years; rolling period 2001 to 2003 assigned to END year; higher_is_better; 95% CI 18.9-19.4"
E09000008,Croydon,2003,life_expectancy_65_male,16.8,ONS life expectancy for local areas of the UK,borough,"life expectancy at age 65, male, years; rolling period 2001 to 2003 assigned to END year; higher_is_better; 95% CI 16.5-17.1"
E09000008,Croydon,2003,life_expectancy_birth_female,80.7,ONS life expectancy for local areas of the UK,borough,"life expectancy at birth, female, years; rolling period 2001 to 2003 assigned to END year; higher_is_better; 95% CI 80.3-81.1"
E09000008,Croydon,2003,life_expectancy_birth_male,76.8,ONS life expectancy for local areas of the UK,borough,"life expectancy at birth, male, years; rolling period 2001 to 2003 assigned to END year; higher_is_better; 95% CI 76.4-77.2"
E09000008,Croydon,2004,life_expectancy_65_female,19.2,ONS life expectancy for local areas of the UK,borough,"life expectancy at age 65, female, years; rolling period 2002 to 2004 assigned to END year; higher_is_better; 95% CI 19-19.5"
E09000008,Croydon,2004,life_expectancy_65_male,16.9,ONS life expectancy for local areas of the UK,borough,"life expectancy at age 65, male, years; rolling period 2002 to 2004 assigned to END year; higher_is_better; 95% CI 16.6-17.2"
E09000008,Croydon,2004,life_expectancy_birth_female,80.8,ONS life expectancy for local areas of the UK,borough,"life expectancy at birth, female, years; rolling period 2002 to 2004 assigned to END year; higher_is_better; 95% CI 80.4-81.2"
E09000008,Croydon,2004,life_expectancy_birth_male,76.8,ONS life expectancy for local areas of the UK,borough,"life expectancy at birth, male, years; rolling period 2002 to 2004 assigned to END year; higher_is_better; 95% CI 76.4-77.2"
E09000008,Croydon,2005,life_expectancy_65_female,19.6,ONS life expectancy for local areas of the UK,borough,"life expectancy at age 65, female, years; rolling period 2003 to 2005 assigned to END year; higher_is_better; 95% CI 19.3-19.8"
E09000008,Croydon,2005,life_expectancy_65_male,17.3,ONS life expectancy for local areas of the UK,borough,"life expectancy at age 65, male, years; rolling period 2003 to 2005 assigned to END year; higher_is_better; 95% CI 17-17.6"
E09000008,Croydon,2005,life_expectancy_birth_female,81,ONS life expectancy for local areas of the UK,borough,"life expectancy at birth, female, years; rolling period 2003 to 2005 assigned to END year; higher_is_better; 95% CI 80.6-81.4"
E09000008,Croydon,2005,life_expectancy_birth_male,77.1,ONS life expectancy for local areas of the UK,borough,"life expectancy at birth, male, years; rolling period 2003 to 2005 assigned to END year; higher_is_better; 95% CI 76.7-77.5"
E09000008,Croydon,2006,life_expectancy_65_female,19.8,ONS life expectancy for local areas of the UK,borough,"life expectancy at age 65, female, years; rolling period 2004 to 2006 assigned to END year; higher_is_better; 95% CI 19.6-20.1"
E09000008,Croydon,2006,life_expectancy_65_male,17.7,ONS life expectancy for local areas of the UK,borough,"life expectancy at age 65, male, years; rolling period 2004 to 2006 assigned to END year; higher_is_better; 95% CI 17.3-18"
E09000008,Croydon,2006,life_expectancy_birth_female,81.2,ONS life expectancy for local areas of the UK,borough,"life expectancy at birth, female, years; rolling period 2004 to 2006 assigned to END year; higher_is_better; 95% CI 80.9-81.6"
E09000008,Croydon,2006,life_expectancy_birth_male,77.4,ONS life expectancy for local areas of the UK,borough,"life expectancy at birth, male, years; rolling period 2004 to 2006 assigned to END year; higher_is_better; 95% CI 77-77.8"
E09000008,Croydon,2007,life_expectancy_65_female,20.3,ONS life expectancy for local areas of the UK,borough,"life expectancy at age 65, female, years; rolling period 2005 to 2007 assigned to END year; higher_is_better; 95% CI 20-20.6"
E09000008,Croydon,2007,life_expectancy_65_male,17.9,ONS life expectancy for local areas of the UK,borough,"life expectancy at age 65, male, years; rolling period 2005 to 2007 assigned to END year; higher_is_better; 95% CI 17.6-18.3"
E09000008,Croydon,2007,life_expectancy_birth_female,81.9,ONS life expectancy for local areas of the UK,borough,"life expectancy at birth, female, years; rolling period 2005 to 2007 assigned to END year; higher_is_better; 95% CI 81.5-82.2"
E09000008,Croydon,2007,life_expectancy_birth_male,77.8,ONS life expectancy for local areas of the UK,borough,"life expectancy at birth, male, years; rolling period 2005 to 2007 assigned to END year; higher_is_better; 95% CI 77.4-78.2"
E09000008,Croydon,2008,life_expectancy_65_female,20.3,ONS life expectancy for local areas of the UK,borough,"life expectancy at age 65, female, years; rolling period 2006 to 2008 assigned to END year; higher_is_better; 95% CI 20-20.6"
E09000008,Croydon,2008,life_expectancy_65_male,18,ONS life expectancy for local areas of the UK,borough,"life expectancy at age 65, male, years; rolling period 2006 to 2008 assigned to END year; higher_is_better; 95% CI 17.7-18.3"
E09000008,Croydon,2008,life_expectancy_birth_female,82.1,ONS life expectancy for local areas of the UK,borough,"life expectancy at birth, female, years; rolling period 2006 to 2008 assigned to END year; higher_is_better; 95% CI 81.7-82.5"
E09000008,Croydon,2008,life_expectancy_birth_male,78.2,ONS life expectancy for local areas of the UK,borough,"life expectancy at birth, male, years; rolling period 2006 to 2008 assigned to END year; higher_is_better; 95% CI 77.8-78.7"
E09000008,Croydon,2009,life_expectancy_65_female,20.6,ONS life expectancy for local areas of the UK,borough,"life expectancy at age 65, female, years; rolling period 2007 to 2009 assigned to END year; higher_is_better; 95% CI 20.3-20.9"
E09000008,Croydon,2009,life_expectancy_65_male,18.3,ONS life expectancy for local areas of the UK,borough,"life expectancy at age 65, male, years; rolling period 2007 to 2009 assigned to END year; higher_is_better; 95% CI 17.9-18.6"
E09000008,Croydon,2009,life_expectancy_birth_female,82.6,ONS life expectancy for local areas of the UK,borough,"life expectancy at birth, female, years; rolling period 2007 to 2009 assigned to END year; higher_is_better; 95% CI 82.3-83"
E09000008,Croydon,2009,life_expectancy_birth_male,78.9,ONS life expectancy for local areas of the UK,borough,"life expectancy at birth, male, years; rolling period 2007 to 2009 assigned to END year; higher_is_better; 95% CI 78.5-79.3"
E09000008,Croydon,2010,life_expectancy_65_female,20.6,ONS life expectancy for local areas of the UK,borough,"life expectancy at age 65, female, years; rolling period 2008 to 2010 assigned to END year; higher_is_better; 95% CI 20.3-20.8"
E09000008,Croydon,2010,life_expectancy_65_male,18.3,ONS life expectancy for local areas of the UK,borough,"life expectancy at age 65, male, years; rolling period 2008 to 2010 assigned to END year; higher_is_better; 95% CI 18-18.7"
E09000008,Croydon,2010,life_expectancy_birth_female,82.5,ONS life expectancy for local areas of the UK,borough,"life expectancy at birth, female, years; rolling period 2008 to 2010 assigned to END year; higher_is_better; 95% CI 82.1-82.8"
E09000008,Croydon,2010,life_expectancy_birth_male,79,ONS life expectancy for local areas of the UK,borough,"life expectancy at birth, male, years; rolling period 2008 to 2010 assigned to END year; higher_is_better; 95% CI 78.6-79.4"
E09000008,Croydon,2011,life_expectancy_65_female,20.9,ONS life expectancy for local areas of the UK,borough,"life expectancy at age 65, female, years; rolling period 2009 to 2011 assigned to END year; higher_is_better; 95% CI 20.6-21.2"
E09000008,Croydon,2011,life_expectancy_65_male,18.5,ONS life expectancy for local areas of the UK,borough,"life expectancy at age 65, male, years; rolling period 2009 to 2011 assigned to END year; higher_is_better; 95% CI 18.2-18.8"
E09000008,Croydon,2011,life_expectancy_birth_female,82.9,ONS life expectancy for local areas of the UK,borough,"life expectancy at birth, female, years; rolling period 2009 to 2011 assigned to END year; higher_is_better; 95% CI 82.5-83.2"
E09000008,Croydon,2011,life_expectancy_birth_male,79.1,ONS life expectancy for local areas of the UK,borough,"life expectancy at birth, male, years; rolling period 2009 to 2011 assigned to END year; higher_is_better; 95% CI 78.7-79.5"
E09000008,Croydon,2012,life_expectancy_65_female,21.1,ONS life expectancy for local areas of the UK,borough,"life expectancy at age 65, female, years; rolling period 2010 to 2012 assigned to END year; higher_is_better; 95% CI 20.8-21.4"
E09000008,Croydon,2012,life_expectancy_65_male,18.4,ONS life expectancy for local areas of the UK,borough,"life expectancy at age 65, male, years; rolling period 2010 to 2012 assigned to END year; higher_is_better; 95% CI 18.1-18.7"
E09000008,Croydon,2012,life_expectancy_birth_female,83,ONS life expectancy for local areas of the UK,borough,"life expectancy at birth, female, years; rolling period 2010 to 2012 assigned to END year; higher_is_better; 95% CI 82.7-83.4"
E09000008,Croydon,2012,life_expectancy_birth_male,79.1,ONS life expectancy for local areas of the UK,borough,"life expectancy at birth, male, years; rolling period 2010 to 2012 assigned to END year; higher_is_better; 95% CI 78.7-79.5"
E09000008,Croydon,2013,life_expectancy_65_female,21.3,ONS life expectancy for local areas of the UK,borough,"life expectancy at age 65, female, years; rolling period 2011 to 2013 assigned to END year; higher_is_better; 95% CI 21-21.6"
E09000008,Croydon,2013,life_expectancy_65_male,18.9,ONS life expectancy for local areas of the UK,borough,"life expectancy at age 65, male, years; rolling period 2011 to 2013 assigned to END year; higher_is_better; 95% CI 18.5-19.2"
E09000008,Croydon,2013,life_expectancy_birth_female,83.3,ONS life expectancy for local areas of the UK,borough,"life expectancy at birth, female, years; rolling period 2011 to 2013 assigned to END year; higher_is_better; 95% CI 82.9-83.7"
E09000008,Croydon,2013,life_expectancy_birth_male,79.8,ONS life expectancy for local areas of the UK,borough,"life expectancy at birth, male, years; rolling period 2011 to 2013 assigned to END year; higher_is_better; 95% CI 79.4-80.2"
E09000008,Croydon,2014,life_expectancy_65_female,21.4,ONS life expectancy for local areas of the UK,borough,"life expectancy at age 65, female, years; rolling period 2012 to 2014 assigned to END year; higher_is_better; 95% CI 21.1-21.7"
E09000008,Croydon,2014,life_expectancy_65_male,18.9,ONS life expectancy for local areas of the UK,borough,"life expectancy at age 65, male, years; rolling period 2012 to 2014 assigned to END year; higher_is_better; 95% CI 18.6-19.2"
E09000008,Croydon,2014,life_expectancy_birth_female,83.4,ONS life expectancy for local areas of the UK,borough,"life expectancy at birth, female, years; rolling period 2012 to 2014 assigned to END year; higher_is_better; 95% CI 83-83.7"
E09000008,Croydon,2014,life_expectancy_birth_male,80.1,ONS life expectancy for local areas of the UK,borough,"life expectancy at birth, male, years; rolling period 2012 to 2014 assigned to END year; higher_is_better; 95% CI 79.7-80.4"
E09000008,Croydon,2015,life_expectancy_65_female,21.2,ONS life expectancy for local areas of the UK,borough,"life expectancy at age 65, female, years; rolling period 2013 to 2015 assigned to END year; higher_is_better; 95% CI 20.9-21.5"
E09000008,Croydon,2015,life_expectancy_65_male,19.1,ONS life expectancy for local areas of the UK,borough,"life expectancy at age 65, male, years; rolling period 2013 to 2015 assigned to END year; higher_is_better; 95% CI 18.8-19.5"
E09000008,Croydon,2015,life_expectancy_birth_female,83.3,ONS life expectancy for local areas of the UK,borough,"life expectancy at birth, female, years; rolling period 2013 to 2015 assigned to END year; higher_is_better; 95% CI 83-83.7"
E09000008,Croydon,2015,life_expectancy_birth_male,80.3,ONS life expectancy for local areas of the UK,borough,"life expectancy at birth, male, years; rolling period 2013 to 2015 assigned to END year; higher_is_better; 95% CI 79.9-80.7"
E09000008,Croydon,2016,life_expectancy_65_female,21.3,ONS life expectancy for local areas of the UK,borough,"life expectancy at age 65, female, years; rolling period 2014 to 2016 assigned to END year; higher_is_better; 95% CI 21-21.6"
E09000008,Croydon,2016,life_expectancy_65_male,19.1,ONS life expectancy for local areas of the UK,borough,"life expectancy at age 65, male, years; rolling period 2014 to 2016 assigned to END year; higher_is_better; 95% CI 18.8-19.4"
E09000008,Croydon,2016,life_expectancy_birth_female,83.5,ONS life expectancy for local areas of the UK,borough,"life expectancy at birth, female, years; rolling period 2014 to 2016 assigned to END year; higher_is_better; 95% CI 83.2-83.9"
E09000008,Croydon,2016,life_expectancy_birth_male,80.2,ONS life expectancy for local areas of the UK,borough,"life expectancy at birth, male, years; rolling period 2014 to 2016 assigned to END year; higher_is_better; 95% CI 79.8-80.5"
E09000008,Croydon,2017,life_expectancy_65_female,21.3,ONS life expectancy for local areas of the UK,borough,"life expectancy at age 65, female, years; rolling period 2015 to 2017 assigned to END year; higher_is_better; 95% CI 21.1-21.6"
E09000008,Croydon,2017,life_expectancy_65_male,19.2,ONS life expectancy for local areas of the UK,borough,"life expectancy at age 65, male, years; rolling period 2015 to 2017 assigned to END year; higher_is_better; 95% CI 18.9-19.5"
E09000008,Croydon,2017,life_expectancy_birth_female,83.6,ONS life expectancy for local areas of the UK,borough,"life expectancy at birth, female, years; rolling period 2015 to 2017 assigned to END year; higher_is_better; 95% CI 83.2-83.9"
E09000008,Croydon,2017,life_expectancy_birth_male,80.2,ONS life expectancy for local areas of the UK,borough,"life expectancy at birth, male, years; rolling period 2015 to 2017 assigned to END year; higher_is_better; 95% CI 79.8-80.5"
E09000008,Croydon,2018,life_expectancy_65_female,21.5,ONS life expectancy for local areas of the UK,borough,"life expectancy at age 65, female, years; rolling period 2016 to 2018 assigned to END year; higher_is_better; 95% CI 21.3-21.8"
E09000008,Croydon,2018,life_expectancy_65_male,19.2,ONS life expectancy for local areas of the UK,borough,"life expectancy at age 65, male, years; rolling period 2016 to 2018 assigned to END year; higher_is_better; 95% CI 18.9-19.5"
E09000008,Croydon,2018,life_expectancy_birth_female,83.9,ONS life expectancy for local areas of the UK,borough,"life expectancy at birth, female, years; rolling period 2016 to 2018 assigned to END year; higher_is_better; 95% CI 83.5-84.2"
E09000008,Croydon,2018,life_expectancy_birth_male,80,ONS life expectancy for local areas of the UK,borough,"life expectancy at birth, male, years; rolling period 2016 to 2018 assigned to END year; higher_is_better; 95% CI 79.6-80.4"
E09000008,Croydon,2019,life_expectancy_65_female,21.6,ONS life expectancy for local areas of the UK,borough,"life expectancy at age 65, female, years; rolling period 2017 to 2019 assigned to END year; higher_is_better; 95% CI 21.3-21.9"
E09000008,Croydon,2019,life_expectancy_65_male,19.2,ONS life expectancy for local areas of the UK,borough,"life expectancy at age 65, male, years; rolling period 2017 to 2019 assigned to END year; higher_is_better; 95% CI 18.9-19.5"
E09000008,Croydon,2019,life_expectancy_birth_female,83.8,ONS life expectancy for local areas of the UK,borough,"life expectancy at birth, female, years; rolling period 2017 to 2019 assigned to END year; higher_is_better; 95% CI 83.5-84.2"
E09000008,Croydon,2019,life_expectancy_birth_male,80.1,ONS life expectancy for local areas of the UK,borough,"life expectancy at birth, male, years; rolling period 2017 to 2019 assigned to END year; higher_is_better; 95% CI 79.8-80.5"
E09000008,Croydon,2020,life_expectancy_65_female,21.3,ONS life expectancy for local areas of the UK,borough,"life expectancy at age 65, female, years; rolling period 2018 to 2020 assigned to END year; higher_is_better; 95% CI 21-21.6"
E09000008,Croydon,2020,life_expectancy_65_male,18.6,ONS life expectancy for local areas of the UK,borough,"life expectancy at age 65, male, years; rolling period 2018 to 2020 assigned to END year; higher_is_better; 95% CI 18.3-18.9"
E09000008,Croydon,2020,life_expectancy_birth_female,83.6,ONS life expectancy for local areas of the UK,borough,"life expectancy at birth, female, years; rolling period 2018 to 2020 assigned to END year; higher_is_better; 95% CI 83.2-83.9"
E09000008,Croydon,2020,life_expectancy_birth_male,79.4,ONS life expectancy for local areas of the UK,borough,"life expectancy at birth, male, years; rolling period 2018 to 2020 assigned to END year; higher_is_better; 95% CI 79-79.7"
E09000008,Croydon,2021,life_expectancy_65_female,21.3,ONS life expectancy for local areas of the UK,borough,"life expectancy at age 65, female, years; rolling period 2019 to 2021 assigned to END year; higher_is_better; 95% CI 21-21.6"
E09000008,Croydon,2021,life_expectancy_65_male,18.5,ONS life expectancy for local areas of the UK,borough,"life expectancy at age 65, male, years; rolling period 2019 to 2021 assigned to END year; higher_is_better; 95% CI 18.2-18.8"
E09000008,Croydon,2021,life_expectancy_birth_female,83.5,ONS life expectancy for local areas of the UK,borough,"life expectancy at birth, female, years; rolling period 2019 to 2021 assigned to END year; higher_is_better; 95% CI 83.1-83.8"
E09000008,Croydon,2021,life_expectancy_birth_male,79,ONS life expectancy for local areas of the UK,borough,"life expectancy at birth, male, years; rolling period 2019 to 2021 assigned to END year; higher_is_better; 95% CI 78.6-79.4"
E09000008,Croydon,2022,life_expectancy_65_female,21.3,ONS life expectancy for local areas of the UK,borough,"life expectancy at age 65, female, years; rolling period 2020 to 2022 assigned to END year; higher_is_better; 95% CI 21.1-21.6"
E09000008,Croydon,2022,life_expectancy_65_male,18.5,ONS life expectancy for local areas of the UK,borough,"life expectancy at age 65, male, years; rolling period 2020 to 2022 assigned to END year; higher_is_better; 95% CI 18.2-18.8"
E09000008,Croydon,2022,life_expectancy_birth_female,83.6,ONS life expectancy for local areas of the UK,borough,"life expectancy at birth, female, years; rolling period 2020 to 2022 assigned to END year; higher_is_better; 95% CI 83.3-84"
E09000008,Croydon,2022,life_expectancy_birth_male,79,ONS life expectancy for local areas of the UK,borough,"life expectancy at birth, male, years; rolling period 2020 to 2022 assigned to END year; higher_is_better; 95% CI 78.6-79.3"
E09000008,Croydon,2023,life_expectancy_65_female,21.7,ONS life expectancy for local areas of the UK,borough,"life expectancy at age 65, female, years; rolling period 2021 to 2023 assigned to END year; higher_is_better; 95% CI 21.4-22"
E09000008,Croydon,2023,life_expectancy_65_male,18.9,ONS life expectancy for local areas of the UK,borough,"life expectancy at age 65, male, years; rolling period 2021 to 2023 assigned to END year; higher_is_better; 95% CI 18.6-19.1"
E09000008,Croydon,2023,life_expectancy_birth_female,84.1,ONS life expectancy for local areas of the UK,borough,"life expectancy at birth, female, years; rolling period 2021 to 2023 assigned to END year; higher_is_better; 95% CI 83.7-84.4"
E09000008,Croydon,2023,life_expectancy_birth_male,79.4,ONS life expectancy for local areas of the UK,borough,"life expectancy at birth, male, years; rolling period 2021 to 2023 assigned to END year; higher_is_better; 95% CI 79-79.8"
E09000008,Croydon,2024,life_expectancy_65_female,21.9,ONS life expectancy for local areas of the UK,borough,"life expectancy at age 65, female, years; rolling period 2022 to 2024 assigned to END year; higher_is_better; 95% CI 21.7-22.2"
E09000008,Croydon,2024,life_expectancy_65_male,19.1,ONS life expectancy for local areas of the UK,borough,"life expectancy at age 65, male, years; rolling period 2022 to 2024 assigned to END year; higher_is_better; 95% CI 18.8-19.4"
E09000008,Croydon,2024,life_expectancy_birth_female,84.3,ONS life expectancy for local areas of the UK,borough,"life expectancy at birth, female, years; rolling period 2022 to 2024 assigned to END year; higher_is_better; 95% CI 84-84.7"
E09000008,Croydon,2024,life_expectancy_birth_male,79.9,ONS life expectancy for local areas of the UK,borough,"life expectancy at birth, male, years; rolling period 2022 to 2024 assigned to END year; higher_is_better; 95% CI 79.6-80.3"
E09000009,Ealing,2003,life_expectancy_65_female,19.7,ONS life expectancy for local areas of the UK,borough,"life expectancy at age 65, female, years; rolling period 2001 to 2003 assigned to END year; higher_is_better; 95% CI 19.4-20"
E09000009,Ealing,2003,life_expectancy_65_male,16.3,ONS life expectancy for local areas of the UK,borough,"life expectancy at age 65, male, years; rolling period 2001 to 2003 assigned to END year; higher_is_better; 95% CI 16-16.7"
E09000009,Ealing,2003,life_expectancy_birth_female,81.2,ONS life expectancy for local areas of the UK,borough,"life expectancy at birth, female, years; rolling period 2001 to 2003 assigned to END year; higher_is_better; 95% CI 80.8-81.6"
E09000009,Ealing,2003,life_expectancy_birth_male,75.9,ONS life expectancy for local areas of the UK,borough,"life expectancy at birth, male, years; rolling period 2001 to 2003 assigned to END year; higher_is_better; 95% CI 75.5-76.4"
E09000009,Ealing,2004,life_expectancy_65_female,19.9,ONS life expectancy for local areas of the UK,borough,"life expectancy at age 65, female, years; rolling period 2002 to 2004 assigned to END year; higher_is_better; 95% CI 19.6-20.2"
E09000009,Ealing,2004,life_expectancy_65_male,16.5,ONS life expectancy for local areas of the UK,borough,"life expectancy at age 65, male, years; rolling period 2002 to 2004 assigned to END year; higher_is_better; 95% CI 16.2-16.9"
E09000009,Ealing,2004,life_expectancy_birth_female,81.3,ONS life expectancy for local areas of the UK,borough,"life expectancy at birth, female, years; rolling period 2002 to 2004 assigned to END year; higher_is_better; 95% CI 80.9-81.7"
E09000009,Ealing,2004,life_expectancy_birth_male,76.3,ONS life expectancy for local areas of the UK,borough,"life expectancy at birth, male, years; rolling period 2002 to 2004 assigned to END year; higher_is_better; 95% CI 75.9-76.8"
E09000009,Ealing,2005,life_expectancy_65_female,20.1,ONS life expectancy for local areas of the UK,borough,"life expectancy at age 65, female, years; rolling period 2003 to 2005 assigned to END year; higher_is_better; 95% CI 19.8-20.4"
E09000009,Ealing,2005,life_expectancy_65_male,16.7,ONS life expectancy for local areas of the UK,borough,"life expectancy at age 65, male, years; rolling period 2003 to 2005 assigned to END year; higher_is_better; 95% CI 16.3-17"
E09000009,Ealing,2005,life_expectancy_birth_female,81.6,ONS life expectancy for local areas of the UK,borough,"life expectancy at birth, female, years; rolling period 2003 to 2005 assigned to END year; higher_is_better; 95% CI 81.2-82"
E09000009,Ealing,2005,life_expectancy_birth_male,76.8,ONS life expectancy for local areas of the UK,borough,"life expectancy at birth, male, years; rolling period 2003 to 2005 assigned to END year; higher_is_better; 95% CI 76.4-77.2"
E09000009,Ealing,2006,life_expectancy_65_female,20.5,ONS life expectancy for local areas of the UK,borough,"life expectancy at age 65, female, years; rolling period 2004 to 2006 assigned to END year; higher_is_better; 95% CI 20.1-20.8"
E09000009,Ealing,2006,life_expectancy_65_male,17.4,ONS life expectancy for local areas of the UK,borough,"life expectancy at age 65, male, years; rolling period 2004 to 2006 assigned to END year; higher_is_better; 95% CI 17-17.7"
E09000009,Ealing,2006,life_expectancy_birth_female,82,ONS life expectancy for local areas of the UK,borough,"life expectancy at birth, female, years; rolling period 2004 to 2006 assigned to END year; higher_is_better; 95% CI 81.6-82.5"
E09000009,Ealing,2006,life_expectancy_birth_male,77.4,ONS life expectancy for local areas of the UK,borough,"life expectancy at birth, male, years; rolling period 2004 to 2006 assigned to END year; higher_is_better; 95% CI 77-77.9"
E09000009,Ealing,2007,life_expectancy_65_female,20.8,ONS life expectancy for local areas of the UK,borough,"life expectancy at age 65, female, years; rolling period 2005 to 2007 assigned to END year; higher_is_better; 95% CI 20.5-21.2"
E09000009,Ealing,2007,life_expectancy_65_male,17.8,ONS life expectancy for local areas of the UK,borough,"life expectancy at age 65, male, years; rolling period 2005 to 2007 assigned to END year; higher_is_better; 95% CI 17.4-18.1"
E09000009,Ealing,2007,life_expectancy_birth_female,82.7,ONS life expectancy for local areas of the UK,borough,"life expectancy at birth, female, years; rolling period 2005 to 2007 assigned to END year; higher_is_better; 95% CI 82.3-83.2"
E09000009,Ealing,2007,life_expectancy_birth_male,77.9,ONS life expectancy for local areas of the UK,borough,"life expectancy at birth, male, years; rolling period 2005 to 2007 assigned to END year; higher_is_better; 95% CI 77.4-78.3"
E09000009,Ealing,2008,life_expectancy_65_female,20.8,ONS life expectancy for local areas of the UK,borough,"life expectancy at age 65, female, years; rolling period 2006 to 2008 assigned to END year; higher_is_better; 95% CI 20.5-21.2"
E09000009,Ealing,2008,life_expectancy_65_male,18.2,ONS life expectancy for local areas of the UK,borough,"life expectancy at age 65, male, years; rolling period 2006 to 2008 assigned to END year; higher_is_better; 95% CI 17.8-18.6"
E09000009,Ealing,2008,life_expectancy_birth_female,82.8,ONS life expectancy for local areas of the UK,borough,"life expectancy at birth, female, years; rolling period 2006 to 2008 assigned to END year; higher_is_better; 95% CI 82.4-83.2"
E09000009,Ealing,2008,life_expectancy_birth_male,78.3,ONS life expectancy for local areas of the UK,borough,"life expectancy at birth, male, years; rolling period 2006 to 2008 assigned to END year; higher_is_better; 95% CI 77.9-78.8"
E09000009,Ealing,2009,life_expectancy_65_female,20.7,ONS life expectancy for local areas of the UK,borough,"life expectancy at age 65, female, years; rolling period 2007 to 2009 assigned to END year; higher_is_better; 95% CI 20.3-21"
E09000009,Ealing,2009,life_expectancy_65_male,18.3,ONS life expectancy for local areas of the UK,borough,"life expectancy at age 65, male, years; rolling period 2007 to 2009 assigned to END year; higher_is_better; 95% CI 17.9-18.6"
E09000009,Ealing,2009,life_expectancy_birth_female,82.9,ONS life expectancy for local areas of the UK,borough,"life expectancy at birth, female, years; rolling period 2007 to 2009 assigned to END year; higher_is_better; 95% CI 82.5-83.3"
E09000009,Ealing,2009,life_expectancy_birth_male,78.5,ONS life expectancy for local areas of the UK,borough,"life expectancy at birth, male, years; rolling period 2007 to 2009 assigned to END year; higher_is_better; 95% CI 78.1-79"
E09000009,Ealing,2010,life_expectancy_65_female,20.8,ONS life expectancy for local areas of the UK,borough,"life expectancy at age 65, female, years; rolling period 2008 to 2010 assigned to END year; higher_is_better; 95% CI 20.5-21.2"
E09000009,Ealing,2010,life_expectancy_65_male,18.4,ONS life expectancy for local areas of the UK,borough,"life expectancy at age 65, male, years; rolling period 2008 to 2010 assigned to END year; higher_is_better; 95% CI 18-18.7"
E09000009,Ealing,2010,life_expectancy_birth_female,83,ONS life expectancy for local areas of the UK,borough,"life expectancy at birth, female, years; rolling period 2008 to 2010 assigned to END year; higher_is_better; 95% CI 82.6-83.4"
E09000009,Ealing,2010,life_expectancy_birth_male,78.4,ONS life expectancy for local areas of the UK,borough,"life expectancy at birth, male, years; rolling period 2008 to 2010 assigned to END year; higher_is_better; 95% CI 78-78.9"
E09000009,Ealing,2011,life_expectancy_65_female,21.2,ONS life expectancy for local areas of the UK,borough,"life expectancy at age 65, female, years; rolling period 2009 to 2011 assigned to END year; higher_is_better; 95% CI 20.8-21.6"
E09000009,Ealing,2011,life_expectancy_65_male,18.5,ONS life expectancy for local areas of the UK,borough,"life expectancy at age 65, male, years; rolling period 2009 to 2011 assigned to END year; higher_is_better; 95% CI 18.1-18.9"
E09000009,Ealing,2011,life_expectancy_birth_female,83.6,ONS life expectancy for local areas of the UK,borough,"life expectancy at birth, female, years; rolling period 2009 to 2011 assigned to END year; higher_is_better; 95% CI 83.2-84"
E09000009,Ealing,2011,life_expectancy_birth_male,78.5,ONS life expectancy for local areas of the UK,borough,"life expectancy at birth, male, years; rolling period 2009 to 2011 assigned to END year; higher_is_better; 95% CI 78.1-79"
E09000009,Ealing,2012,life_expectancy_65_female,21.4,ONS life expectancy for local areas of the UK,borough,"life expectancy at age 65, female, years; rolling period 2010 to 2012 assigned to END year; higher_is_better; 95% CI 21.1-21.8"
E09000009,Ealing,2012,life_expectancy_65_male,18.7,ONS life expectancy for local areas of the UK,borough,"life expectancy at age 65, male, years; rolling period 2010 to 2012 assigned to END year; higher_is_better; 95% CI 18.3-19.1"
E09000009,Ealing,2012,life_expectancy_birth_female,83.9,ONS life expectancy for local areas of the UK,borough,"life expectancy at birth, female, years; rolling period 2010 to 2012 assigned to END year; higher_is_better; 95% CI 83.5-84.3"
E09000009,Ealing,2012,life_expectancy_birth_male,79,ONS life expectancy for local areas of the UK,borough,"life expectancy at birth, male, years; rolling period 2010 to 2012 assigned to END year; higher_is_better; 95% CI 78.6-79.5"
E09000009,Ealing,2013,life_expectancy_65_female,21.5,ONS life expectancy for local areas of the UK,borough,"life expectancy at age 65, female, years; rolling period 2011 to 2013 assigned to END year; higher_is_better; 95% CI 21.1-21.8"
E09000009,Ealing,2013,life_expectancy_65_male,18.9,ONS life expectancy for local areas of the UK,borough,"life expectancy at age 65, male, years; rolling period 2011 to 2013 assigned to END year; higher_is_better; 95% CI 18.6-19.3"
E09000009,Ealing,2013,life_expectancy_birth_female,84.1,ONS life expectancy for local areas of the UK,borough,"life expectancy at birth, female, years; rolling period 2011 to 2013 assigned to END year; higher_is_better; 95% CI 83.7-84.5"
E09000009,Ealing,2013,life_expectancy_birth_male,79.7,ONS life expectancy for local areas of the UK,borough,"life expectancy at birth, male, years; rolling period 2011 to 2013 assigned to END year; higher_is_better; 95% CI 79.3-80.2"
E09000009,Ealing,2014,life_expectancy_65_female,21.5,ONS life expectancy for local areas of the UK,borough,"life expectancy at age 65, female, years; rolling period 2012 to 2014 assigned to END year; higher_is_better; 95% CI 21.1-21.8"
E09000009,Ealing,2014,life_expectancy_65_male,19.2,ONS life expectancy for local areas of the UK,borough,"life expectancy at age 65, male, years; rolling period 2012 to 2014 assigned to END year; higher_is_better; 95% CI 18.8-19.6"
E09000009,Ealing,2014,life_expectancy_birth_female,84,ONS life expectancy for local areas of the UK,borough,"life expectancy at birth, female, years; rolling period 2012 to 2014 assigned to END year; higher_is_better; 95% CI 83.6-84.4"
E09000009,Ealing,2014,life_expectancy_birth_male,80.4,ONS life expectancy for local areas of the UK,borough,"life expectancy at birth, male, years; rolling period 2012 to 2014 assigned to END year; higher_is_better; 95% CI 79.9-80.8"
E09000009,Ealing,2015,life_expectancy_65_female,21.5,ONS life expectancy for local areas of the UK,borough,"life expectancy at age 65, female, years; rolling period 2013 to 2015 assigned to END year; higher_is_better; 95% CI 21.2-21.8"
E09000009,Ealing,2015,life_expectancy_65_male,19.4,ONS life expectancy for local areas of the UK,borough,"life expectancy at age 65, male, years; rolling period 2013 to 2015 assigned to END year; higher_is_better; 95% CI 19-19.8"
E09000009,Ealing,2015,life_expectancy_birth_female,84,ONS life expectancy for local areas of the UK,borough,"life expectancy at birth, female, years; rolling period 2013 to 2015 assigned to END year; higher_is_better; 95% CI 83.6-84.4"
E09000009,Ealing,2015,life_expectancy_birth_male,80.7,ONS life expectancy for local areas of the UK,borough,"life expectancy at birth, male, years; rolling period 2013 to 2015 assigned to END year; higher_is_better; 95% CI 80.3-81.1"
E09000009,Ealing,2016,life_expectancy_65_female,21.7,ONS life expectancy for local areas of the UK,borough,"life expectancy at age 65, female, years; rolling period 2014 to 2016 assigned to END year; higher_is_better; 95% CI 21.3-22"
E09000009,Ealing,2016,life_expectancy_65_male,19.5,ONS life expectancy for local areas of the UK,borough,"life expectancy at age 65, male, years; rolling period 2014 to 2016 assigned to END year; higher_is_better; 95% CI 19.1-19.8"
E09000009,Ealing,2016,life_expectancy_birth_female,84.2,ONS life expectancy for local areas of the UK,borough,"life expectancy at birth, female, years; rolling period 2014 to 2016 assigned to END year; higher_is_better; 95% CI 83.8-84.6"
E09000009,Ealing,2016,life_expectancy_birth_male,80.6,ONS life expectancy for local areas of the UK,borough,"life expectancy at birth, male, years; rolling period 2014 to 2016 assigned to END year; higher_is_better; 95% CI 80.2-81"
E09000009,Ealing,2017,life_expectancy_65_female,22,ONS life expectancy for local areas of the UK,borough,"life expectancy at age 65, female, years; rolling period 2015 to 2017 assigned to END year; higher_is_better; 95% CI 21.6-22.3"
E09000009,Ealing,2017,life_expectancy_65_male,19.4,ONS life expectancy for local areas of the UK,borough,"life expectancy at age 65, male, years; rolling period 2015 to 2017 assigned to END year; higher_is_better; 95% CI 19-19.7"
E09000009,Ealing,2017,life_expectancy_birth_female,84.5,ONS life expectancy for local areas of the UK,borough,"life expectancy at birth, female, years; rolling period 2015 to 2017 assigned to END year; higher_is_better; 95% CI 84.1-84.9"
E09000009,Ealing,2017,life_expectancy_birth_male,80.7,ONS life expectancy for local areas of the UK,borough,"life expectancy at birth, male, years; rolling period 2015 to 2017 assigned to END year; higher_is_better; 95% CI 80.3-81.2"
E09000009,Ealing,2018,life_expectancy_65_female,22.1,ONS life expectancy for local areas of the UK,borough,"life expectancy at age 65, female, years; rolling period 2016 to 2018 assigned to END year; higher_is_better; 95% CI 21.7-22.4"
E09000009,Ealing,2018,life_expectancy_65_male,19.4,ONS life expectancy for local areas of the UK,borough,"life expectancy at age 65, male, years; rolling period 2016 to 2018 assigned to END year; higher_is_better; 95% CI 19-19.7"
E09000009,Ealing,2018,life_expectancy_birth_female,84.7,ONS life expectancy for local areas of the UK,borough,"life expectancy at birth, female, years; rolling period 2016 to 2018 assigned to END year; higher_is_better; 95% CI 84.3-85.1"
E09000009,Ealing,2018,life_expectancy_birth_male,80.5,ONS life expectancy for local areas of the UK,borough,"life expectancy at birth, male, years; rolling period 2016 to 2018 assigned to END year; higher_is_better; 95% CI 80.1-80.9"
E09000009,Ealing,2019,life_expectancy_65_female,22.1,ONS life expectancy for local areas of the UK,borough,"life expectancy at age 65, female, years; rolling period 2017 to 2019 assigned to END year; higher_is_better; 95% CI 21.8-22.4"
E09000009,Ealing,2019,life_expectancy_65_male,19.6,ONS life expectancy for local areas of the UK,borough,"life expectancy at age 65, male, years; rolling period 2017 to 2019 assigned to END year; higher_is_better; 95% CI 19.2-19.9"
E09000009,Ealing,2019,life_expectancy_birth_female,84.6,ONS life expectancy for local areas of the UK,borough,"life expectancy at birth, female, years; rolling period 2017 to 2019 assigned to END year; higher_is_better; 95% CI 84.2-85"
E09000009,Ealing,2019,life_expectancy_birth_male,80.8,ONS life expectancy for local areas of the UK,borough,"life expectancy at birth, male, years; rolling period 2017 to 2019 assigned to END year; higher_is_better; 95% CI 80.4-81.2"
E09000009,Ealing,2020,life_expectancy_65_female,21.5,ONS life expectancy for local areas of the UK,borough,"life expectancy at age 65, female, years; rolling period 2018 to 2020 assigned to END year; higher_is_better; 95% CI 21.2-21.8"
E09000009,Ealing,2020,life_expectancy_65_male,18.9,ONS life expectancy for local areas of the UK,borough,"life expectancy at age 65, male, years; rolling period 2018 to 2020 assigned to END year; higher_is_better; 95% CI 18.6-19.2"
E09000009,Ealing,2020,life_expectancy_birth_female,84,ONS life expectancy for local areas of the UK,borough,"life expectancy at birth, female, years; rolling period 2018 to 2020 assigned to END year; higher_is_better; 95% CI 83.6-84.4"
E09000009,Ealing,2020,life_expectancy_birth_male,79.7,ONS life expectancy for local areas of the UK,borough,"life expectancy at birth, male, years; rolling period 2018 to 2020 assigned to END year; higher_is_better; 95% CI 79.3-80.1"
E09000009,Ealing,2021,life_expectancy_65_female,21.3,ONS life expectancy for local areas of the UK,borough,"life expectancy at age 65, female, years; rolling period 2019 to 2021 assigned to END year; higher_is_better; 95% CI 21-21.6"
E09000009,Ealing,2021,life_expectancy_65_male,18.5,ONS life expectancy for local areas of the UK,borough,"life expectancy at age 65, male, years; rolling period 2019 to 2021 assigned to END year; higher_is_better; 95% CI 18.2-18.8"
E09000009,Ealing,2021,life_expectancy_birth_female,83.8,ONS life expectancy for local areas of the UK,borough,"life expectancy at birth, female, years; rolling period 2019 to 2021 assigned to END year; higher_is_better; 95% CI 83.4-84.1"
E09000009,Ealing,2021,life_expectancy_birth_male,79.1,ONS life expectancy for local areas of the UK,borough,"life expectancy at birth, male, years; rolling period 2019 to 2021 assigned to END year; higher_is_better; 95% CI 78.7-79.5"
E09000009,Ealing,2022,life_expectancy_65_female,21.4,ONS life expectancy for local areas of the UK,borough,"life expectancy at age 65, female, years; rolling period 2020 to 2022 assigned to END year; higher_is_better; 95% CI 21.1-21.7"
E09000009,Ealing,2022,life_expectancy_65_male,18.4,ONS life expectancy for local areas of the UK,borough,"life expectancy at age 65, male, years; rolling period 2020 to 2022 assigned to END year; higher_is_better; 95% CI 18.1-18.7"
E09000009,Ealing,2022,life_expectancy_birth_female,84,ONS life expectancy for local areas of the UK,borough,"life expectancy at birth, female, years; rolling period 2020 to 2022 assigned to END year; higher_is_better; 95% CI 83.6-84.3"
E09000009,Ealing,2022,life_expectancy_birth_male,78.9,ONS life expectancy for local areas of the UK,borough,"life expectancy at birth, male, years; rolling period 2020 to 2022 assigned to END year; higher_is_better; 95% CI 78.5-79.3"
E09000009,Ealing,2023,life_expectancy_65_female,22,ONS life expectancy for local areas of the UK,borough,"life expectancy at age 65, female, years; rolling period 2021 to 2023 assigned to END year; higher_is_better; 95% CI 21.7-22.4"
E09000009,Ealing,2023,life_expectancy_65_male,19,ONS life expectancy for local areas of the UK,borough,"life expectancy at age 65, male, years; rolling period 2021 to 2023 assigned to END year; higher_is_better; 95% CI 18.7-19.3"
E09000009,Ealing,2023,life_expectancy_birth_female,84.7,ONS life expectancy for local areas of the UK,borough,"life expectancy at birth, female, years; rolling period 2021 to 2023 assigned to END year; higher_is_better; 95% CI 84.3-85"
E09000009,Ealing,2023,life_expectancy_birth_male,79.6,ONS life expectancy for local areas of the UK,borough,"life expectancy at birth, male, years; rolling period 2021 to 2023 assigned to END year; higher_is_better; 95% CI 79.2-79.9"
E09000009,Ealing,2024,life_expectancy_65_female,22.6,ONS life expectancy for local areas of the UK,borough,"life expectancy at age 65, female, years; rolling period 2022 to 2024 assigned to END year; higher_is_better; 95% CI 22.2-22.9"
E09000009,Ealing,2024,life_expectancy_65_male,19.7,ONS life expectancy for local areas of the UK,borough,"life expectancy at age 65, male, years; rolling period 2022 to 2024 assigned to END year; higher_is_better; 95% CI 19.4-20.1"
E09000009,Ealing,2024,life_expectancy_birth_female,85.4,ONS life expectancy for local areas of the UK,borough,"life expectancy at birth, female, years; rolling period 2022 to 2024 assigned to END year; higher_is_better; 95% CI 85-85.7"
E09000009,Ealing,2024,life_expectancy_birth_male,80.6,ONS life expectancy for local areas of the UK,borough,"life expectancy at birth, male, years; rolling period 2022 to 2024 assigned to END year; higher_is_better; 95% CI 80.2-81"
E09000010,Enfield,2003,life_expectancy_65_female,19.5,ONS life expectancy for local areas of the UK,borough,"life expectancy at age 65, female, years; rolling period 2001 to 2003 assigned to END year; higher_is_better; 95% CI 19.2-19.7"
E09000010,Enfield,2003,life_expectancy_65_male,16.5,ONS life expectancy for local areas of the UK,borough,"life expectancy at age 65, male, years; rolling period 2001 to 2003 assigned to END year; higher_is_better; 95% CI 16.2-16.8"
E09000010,Enfield,2003,life_expectancy_birth_female,81,ONS life expectancy for local areas of the UK,borough,"life expectancy at birth, female, years; rolling period 2001 to 2003 assigned to END year; higher_is_better; 95% CI 80.6-81.4"
E09000010,Enfield,2003,life_expectancy_birth_male,76.6,ONS life expectancy for local areas of the UK,borough,"life expectancy at birth, male, years; rolling period 2001 to 2003 assigned to END year; higher_is_better; 95% CI 76.2-77.1"
E09000010,Enfield,2004,life_expectancy_65_female,19.6,ONS life expectancy for local areas of the UK,borough,"life expectancy at age 65, female, years; rolling period 2002 to 2004 assigned to END year; higher_is_better; 95% CI 19.3-19.9"
E09000010,Enfield,2004,life_expectancy_65_male,16.7,ONS life expectancy for local areas of the UK,borough,"life expectancy at age 65, male, years; rolling period 2002 to 2004 assigned to END year; higher_is_better; 95% CI 16.4-17"
E09000010,Enfield,2004,life_expectancy_birth_female,81.1,ONS life expectancy for local areas of the UK,borough,"life expectancy at birth, female, years; rolling period 2002 to 2004 assigned to END year; higher_is_better; 95% CI 80.7-81.5"
E09000010,Enfield,2004,life_expectancy_birth_male,76.8,ONS life expectancy for local areas of the UK,borough,"life expectancy at birth, male, years; rolling period 2002 to 2004 assigned to END year; higher_is_better; 95% CI 76.4-77.2"
E09000010,Enfield,2005,life_expectancy_65_female,19.9,ONS life expectancy for local areas of the UK,borough,"life expectancy at age 65, female, years; rolling period 2003 to 2005 assigned to END year; higher_is_better; 95% CI 19.6-20.2"
E09000010,Enfield,2005,life_expectancy_65_male,17.1,ONS life expectancy for local areas of the UK,borough,"life expectancy at age 65, male, years; rolling period 2003 to 2005 assigned to END year; higher_is_better; 95% CI 16.7-17.4"
E09000010,Enfield,2005,life_expectancy_birth_female,81.3,ONS life expectancy for local areas of the UK,borough,"life expectancy at birth, female, years; rolling period 2003 to 2005 assigned to END year; higher_is_better; 95% CI 80.9-81.7"
E09000010,Enfield,2005,life_expectancy_birth_male,77,ONS life expectancy for local areas of the UK,borough,"life expectancy at birth, male, years; rolling period 2003 to 2005 assigned to END year; higher_is_better; 95% CI 76.5-77.4"
E09000010,Enfield,2006,life_expectancy_65_female,20.2,ONS life expectancy for local areas of the UK,borough,"life expectancy at age 65, female, years; rolling period 2004 to 2006 assigned to END year; higher_is_better; 95% CI 19.9-20.5"
E09000010,Enfield,2006,life_expectancy_65_male,17.5,ONS life expectancy for local areas of the UK,borough,"life expectancy at age 65, male, years; rolling period 2004 to 2006 assigned to END year; higher_is_better; 95% CI 17.2-17.8"
E09000010,Enfield,2006,life_expectancy_birth_female,81.9,ONS life expectancy for local areas of the UK,borough,"life expectancy at birth, female, years; rolling period 2004 to 2006 assigned to END year; higher_is_better; 95% CI 81.5-82.3"
E09000010,Enfield,2006,life_expectancy_birth_male,77.7,ONS life expectancy for local areas of the UK,borough,"life expectancy at birth, male, years; rolling period 2004 to 2006 assigned to END year; higher_is_better; 95% CI 77.2-78.1"
E09000010,Enfield,2007,life_expectancy_65_female,20.5,ONS life expectancy for local areas of the UK,borough,"life expectancy at age 65, female, years; rolling period 2005 to 2007 assigned to END year; higher_is_better; 95% CI 20.2-20.8"
E09000010,Enfield,2007,life_expectancy_65_male,17.9,ONS life expectancy for local areas of the UK,borough,"life expectancy at age 65, male, years; rolling period 2005 to 2007 assigned to END year; higher_is_better; 95% CI 17.5-18.2"
E09000010,Enfield,2007,life_expectancy_birth_female,82.3,ONS life expectancy for local areas of the UK,borough,"life expectancy at birth, female, years; rolling period 2005 to 2007 assigned to END year; higher_is_better; 95% CI 81.9-82.7"
E09000010,Enfield,2007,life_expectancy_birth_male,78.2,ONS life expectancy for local areas of the UK,borough,"life expectancy at birth, male, years; rolling period 2005 to 2007 assigned to END year; higher_is_better; 95% CI 77.8-78.7"
E09000010,Enfield,2008,life_expectancy_65_female,20.6,ONS life expectancy for local areas of the UK,borough,"life expectancy at age 65, female, years; rolling period 2006 to 2008 assigned to END year; higher_is_better; 95% CI 20.3-20.9"
E09000010,Enfield,2008,life_expectancy_65_male,17.9,ONS life expectancy for local areas of the UK,borough,"life expectancy at age 65, male, years; rolling period 2006 to 2008 assigned to END year; higher_is_better; 95% CI 17.6-18.3"
E09000010,Enfield,2008,life_expectancy_birth_female,82.5,ONS life expectancy for local areas of the UK,borough,"life expectancy at birth, female, years; rolling period 2006 to 2008 assigned to END year; higher_is_better; 95% CI 82.1-82.9"
E09000010,Enfield,2008,life_expectancy_birth_male,78.5,ONS life expectancy for local areas of the UK,borough,"life expectancy at birth, male, years; rolling period 2006 to 2008 assigned to END year; higher_is_better; 95% CI 78-78.9"
E09000010,Enfield,2009,life_expectancy_65_female,20.8,ONS life expectancy for local areas of the UK,borough,"life expectancy at age 65, female, years; rolling period 2007 to 2009 assigned to END year; higher_is_better; 95% CI 20.5-21.1"
E09000010,Enfield,2009,life_expectancy_65_male,18.1,ONS life expectancy for local areas of the UK,borough,"life expectancy at age 65, male, years; rolling period 2007 to 2009 assigned to END year; higher_is_better; 95% CI 17.8-18.4"
E09000010,Enfield,2009,life_expectancy_birth_female,82.7,ONS life expectancy for local areas of the UK,borough,"life expectancy at birth, female, years; rolling period 2007 to 2009 assigned to END year; higher_is_better; 95% CI 82.3-83.1"
E09000010,Enfield,2009,life_expectancy_birth_male,78.8,ONS life expectancy for local areas of the UK,borough,"life expectancy at birth, male, years; rolling period 2007 to 2009 assigned to END year; higher_is_better; 95% CI 78.3-79.2"
E09000010,Enfield,2010,life_expectancy_65_female,20.9,ONS life expectancy for local areas of the UK,borough,"life expectancy at age 65, female, years; rolling period 2008 to 2010 assigned to END year; higher_is_better; 95% CI 20.6-21.2"
E09000010,Enfield,2010,life_expectancy_65_male,18.4,ONS life expectancy for local areas of the UK,borough,"life expectancy at age 65, male, years; rolling period 2008 to 2010 assigned to END year; higher_is_better; 95% CI 18.1-18.8"
E09000010,Enfield,2010,life_expectancy_birth_female,82.7,ONS life expectancy for local areas of the UK,borough,"life expectancy at birth, female, years; rolling period 2008 to 2010 assigned to END year; higher_is_better; 95% CI 82.3-83.2"
E09000010,Enfield,2010,life_expectancy_birth_male,79.1,ONS life expectancy for local areas of the UK,borough,"life expectancy at birth, male, years; rolling period 2008 to 2010 assigned to END year; higher_is_better; 95% CI 78.6-79.5"
E09000010,Enfield,2011,life_expectancy_65_female,21.5,ONS life expectancy for local areas of the UK,borough,"life expectancy at age 65, female, years; rolling period 2009 to 2011 assigned to END year; higher_is_better; 95% CI 21.1-21.8"
E09000010,Enfield,2011,life_expectancy_65_male,18.7,ONS life expectancy for local areas of the UK,borough,"life expectancy at age 65, male, years; rolling period 2009 to 2011 assigned to END year; higher_is_better; 95% CI 18.4-19.1"
E09000010,Enfield,2011,life_expectancy_birth_female,83.7,ONS life expectancy for local areas of the UK,borough,"life expectancy at birth, female, years; rolling period 2009 to 2011 assigned to END year; higher_is_better; 95% CI 83.3-84.1"
E09000010,Enfield,2011,life_expectancy_birth_male,79.7,ONS life expectancy for local areas of the UK,borough,"life expectancy at birth, male, years; rolling period 2009 to 2011 assigned to END year; higher_is_better; 95% CI 79.2-80.1"
E09000010,Enfield,2012,life_expectancy_65_female,21.6,ONS life expectancy for local areas of the UK,borough,"life expectancy at age 65, female, years; rolling period 2010 to 2012 assigned to END year; higher_is_better; 95% CI 21.2-21.9"
E09000010,Enfield,2012,life_expectancy_65_male,19.2,ONS life expectancy for local areas of the UK,borough,"life expectancy at age 65, male, years; rolling period 2010 to 2012 assigned to END year; higher_is_better; 95% CI 18.8-19.5"
E09000010,Enfield,2012,life_expectancy_birth_female,83.8,ONS life expectancy for local areas of the UK,borough,"life expectancy at birth, female, years; rolling period 2010 to 2012 assigned to END year; higher_is_better; 95% CI 83.4-84.2"
E09000010,Enfield,2012,life_expectancy_birth_male,80.4,ONS life expectancy for local areas of the UK,borough,"life expectancy at birth, male, years; rolling period 2010 to 2012 assigned to END year; higher_is_better; 95% CI 79.9-80.8"
E09000010,Enfield,2013,life_expectancy_65_female,21.8,ONS life expectancy for local areas of the UK,borough,"life expectancy at age 65, female, years; rolling period 2011 to 2013 assigned to END year; higher_is_better; 95% CI 21.5-22.2"
E09000010,Enfield,2013,life_expectancy_65_male,19.2,ONS life expectancy for local areas of the UK,borough,"life expectancy at age 65, male, years; rolling period 2011 to 2013 assigned to END year; higher_is_better; 95% CI 18.8-19.5"
E09000010,Enfield,2013,life_expectancy_birth_female,84.2,ONS life expectancy for local areas of the UK,borough,"life expectancy at birth, female, years; rolling period 2011 to 2013 assigned to END year; higher_is_better; 95% CI 83.8-84.6"
E09000010,Enfield,2013,life_expectancy_birth_male,80.4,ONS life expectancy for local areas of the UK,borough,"life expectancy at birth, male, years; rolling period 2011 to 2013 assigned to END year; higher_is_better; 95% CI 80-80.8"
E09000010,Enfield,2014,life_expectancy_65_female,21.7,ONS life expectancy for local areas of the UK,borough,"life expectancy at age 65, female, years; rolling period 2012 to 2014 assigned to END year; higher_is_better; 95% CI 21.4-22.1"
E09000010,Enfield,2014,life_expectancy_65_male,19.3,ONS life expectancy for local areas of the UK,borough,"life expectancy at age 65, male, years; rolling period 2012 to 2014 assigned to END year; higher_is_better; 95% CI 18.9-19.6"
E09000010,Enfield,2014,life_expectancy_birth_female,84.1,ONS life expectancy for local areas of the UK,borough,"life expectancy at birth, female, years; rolling period 2012 to 2014 assigned to END year; higher_is_better; 95% CI 83.7-84.5"
E09000010,Enfield,2014,life_expectancy_birth_male,80.4,ONS life expectancy for local areas of the UK,borough,"life expectancy at birth, male, years; rolling period 2012 to 2014 assigned to END year; higher_is_better; 95% CI 80-80.8"
E09000010,Enfield,2015,life_expectancy_65_female,21.8,ONS life expectancy for local areas of the UK,borough,"life expectancy at age 65, female, years; rolling period 2013 to 2015 assigned to END year; higher_is_better; 95% CI 21.5-22.1"
E09000010,Enfield,2015,life_expectancy_65_male,19,ONS life expectancy for local areas of the UK,borough,"life expectancy at age 65, male, years; rolling period 2013 to 2015 assigned to END year; higher_is_better; 95% CI 18.6-19.3"
E09000010,Enfield,2015,life_expectancy_birth_female,84.2,ONS life expectancy for local areas of the UK,borough,"life expectancy at birth, female, years; rolling period 2013 to 2015 assigned to END year; higher_is_better; 95% CI 83.8-84.6"
E09000010,Enfield,2015,life_expectancy_birth_male,80.1,ONS life expectancy for local areas of the UK,borough,"life expectancy at birth, male, years; rolling period 2013 to 2015 assigned to END year; higher_is_better; 95% CI 79.7-80.5"
E09000010,Enfield,2016,life_expectancy_65_female,21.9,ONS life expectancy for local areas of the UK,borough,"life expectancy at age 65, female, years; rolling period 2014 to 2016 assigned to END year; higher_is_better; 95% CI 21.6-22.2"
E09000010,Enfield,2016,life_expectancy_65_male,19,ONS life expectancy for local areas of the UK,borough,"life expectancy at age 65, male, years; rolling period 2014 to 2016 assigned to END year; higher_is_better; 95% CI 18.6-19.3"
E09000010,Enfield,2016,life_expectancy_birth_female,84.6,ONS life expectancy for local areas of the UK,borough,"life expectancy at birth, female, years; rolling period 2014 to 2016 assigned to END year; higher_is_better; 95% CI 84.2-84.9"
E09000010,Enfield,2016,life_expectancy_birth_male,80.1,ONS life expectancy for local areas of the UK,borough,"life expectancy at birth, male, years; rolling period 2014 to 2016 assigned to END year; higher_is_better; 95% CI 79.7-80.5"
E09000010,Enfield,2017,life_expectancy_65_female,22,ONS life expectancy for local areas of the UK,borough,"life expectancy at age 65, female, years; rolling period 2015 to 2017 assigned to END year; higher_is_better; 95% CI 21.7-22.3"
E09000010,Enfield,2017,life_expectancy_65_male,19,ONS life expectancy for local areas of the UK,borough,"life expectancy at age 65, male, years; rolling period 2015 to 2017 assigned to END year; higher_is_better; 95% CI 18.7-19.3"
E09000010,Enfield,2017,life_expectancy_birth_female,84.5,ONS life expectancy for local areas of the UK,borough,"life expectancy at birth, female, years; rolling period 2015 to 2017 assigned to END year; higher_is_better; 95% CI 84.2-84.9"
E09000010,Enfield,2017,life_expectancy_birth_male,80.3,ONS life expectancy for local areas of the UK,borough,"life expectancy at birth, male, years; rolling period 2015 to 2017 assigned to END year; higher_is_better; 95% CI 79.9-80.7"
E09000010,Enfield,2018,life_expectancy_65_female,22.3,ONS life expectancy for local areas of the UK,borough,"life expectancy at age 65, female, years; rolling period 2016 to 2018 assigned to END year; higher_is_better; 95% CI 22-22.6"
E09000010,Enfield,2018,life_expectancy_65_male,19.3,ONS life expectancy for local areas of the UK,borough,"life expectancy at age 65, male, years; rolling period 2016 to 2018 assigned to END year; higher_is_better; 95% CI 19-19.6"
E09000010,Enfield,2018,life_expectancy_birth_female,84.8,ONS life expectancy for local areas of the UK,borough,"life expectancy at birth, female, years; rolling period 2016 to 2018 assigned to END year; higher_is_better; 95% CI 84.4-85.2"
E09000010,Enfield,2018,life_expectancy_birth_male,80.6,ONS life expectancy for local areas of the UK,borough,"life expectancy at birth, male, years; rolling period 2016 to 2018 assigned to END year; higher_is_better; 95% CI 80.2-81"
E09000010,Enfield,2019,life_expectancy_65_female,22.4,ONS life expectancy for local areas of the UK,borough,"life expectancy at age 65, female, years; rolling period 2017 to 2019 assigned to END year; higher_is_better; 95% CI 22.1-22.8"
E09000010,Enfield,2019,life_expectancy_65_male,19.5,ONS life expectancy for local areas of the UK,borough,"life expectancy at age 65, male, years; rolling period 2017 to 2019 assigned to END year; higher_is_better; 95% CI 19.2-19.8"
E09000010,Enfield,2019,life_expectancy_birth_female,84.8,ONS life expectancy for local areas of the UK,borough,"life expectancy at birth, female, years; rolling period 2017 to 2019 assigned to END year; higher_is_better; 95% CI 84.4-85.2"
E09000010,Enfield,2019,life_expectancy_birth_male,80.9,ONS life expectancy for local areas of the UK,borough,"life expectancy at birth, male, years; rolling period 2017 to 2019 assigned to END year; higher_is_better; 95% CI 80.5-81.3"
E09000010,Enfield,2020,life_expectancy_65_female,22.1,ONS life expectancy for local areas of the UK,borough,"life expectancy at age 65, female, years; rolling period 2018 to 2020 assigned to END year; higher_is_better; 95% CI 21.8-22.4"
E09000010,Enfield,2020,life_expectancy_65_male,19,ONS life expectancy for local areas of the UK,borough,"life expectancy at age 65, male, years; rolling period 2018 to 2020 assigned to END year; higher_is_better; 95% CI 18.7-19.3"
E09000010,Enfield,2020,life_expectancy_birth_female,84.3,ONS life expectancy for local areas of the UK,borough,"life expectancy at birth, female, years; rolling period 2018 to 2020 assigned to END year; higher_is_better; 95% CI 83.9-84.7"
E09000010,Enfield,2020,life_expectancy_birth_male,79.9,ONS life expectancy for local areas of the UK,borough,"life expectancy at birth, male, years; rolling period 2018 to 2020 assigned to END year; higher_is_better; 95% CI 79.5-80.3"
E09000010,Enfield,2021,life_expectancy_65_female,21.9,ONS life expectancy for local areas of the UK,borough,"life expectancy at age 65, female, years; rolling period 2019 to 2021 assigned to END year; higher_is_better; 95% CI 21.6-22.2"
E09000010,Enfield,2021,life_expectancy_65_male,18.8,ONS life expectancy for local areas of the UK,borough,"life expectancy at age 65, male, years; rolling period 2019 to 2021 assigned to END year; higher_is_better; 95% CI 18.5-19.1"
E09000010,Enfield,2021,life_expectancy_birth_female,84.1,ONS life expectancy for local areas of the UK,borough,"life expectancy at birth, female, years; rolling period 2019 to 2021 assigned to END year; higher_is_better; 95% CI 83.8-84.5"
E09000010,Enfield,2021,life_expectancy_birth_male,79.3,ONS life expectancy for local areas of the UK,borough,"life expectancy at birth, male, years; rolling period 2019 to 2021 assigned to END year; higher_is_better; 95% CI 78.9-79.7"
E09000010,Enfield,2022,life_expectancy_65_female,21.8,ONS life expectancy for local areas of the UK,borough,"life expectancy at age 65, female, years; rolling period 2020 to 2022 assigned to END year; higher_is_better; 95% CI 21.5-22.1"
E09000010,Enfield,2022,life_expectancy_65_male,19,ONS life expectancy for local areas of the UK,borough,"life expectancy at age 65, male, years; rolling period 2020 to 2022 assigned to END year; higher_is_better; 95% CI 18.7-19.3"
E09000010,Enfield,2022,life_expectancy_birth_female,84.1,ONS life expectancy for local areas of the UK,borough,"life expectancy at birth, female, years; rolling period 2020 to 2022 assigned to END year; higher_is_better; 95% CI 83.7-84.5"
E09000010,Enfield,2022,life_expectancy_birth_male,79.3,ONS life expectancy for local areas of the UK,borough,"life expectancy at birth, male, years; rolling period 2020 to 2022 assigned to END year; higher_is_better; 95% CI 78.9-79.7"
E09000010,Enfield,2023,life_expectancy_65_female,22.4,ONS life expectancy for local areas of the UK,borough,"life expectancy at age 65, female, years; rolling period 2021 to 2023 assigned to END year; higher_is_better; 95% CI 22.1-22.7"
E09000010,Enfield,2023,life_expectancy_65_male,19.8,ONS life expectancy for local areas of the UK,borough,"life expectancy at age 65, male, years; rolling period 2021 to 2023 assigned to END year; higher_is_better; 95% CI 19.5-20.1"
E09000010,Enfield,2023,life_expectancy_birth_female,84.8,ONS life expectancy for local areas of the UK,borough,"life expectancy at birth, female, years; rolling period 2021 to 2023 assigned to END year; higher_is_better; 95% CI 84.4-85.1"
E09000010,Enfield,2023,life_expectancy_birth_male,80.5,ONS life expectancy for local areas of the UK,borough,"life expectancy at birth, male, years; rolling period 2021 to 2023 assigned to END year; higher_is_better; 95% CI 80-80.9"
E09000010,Enfield,2024,life_expectancy_65_female,22.7,ONS life expectancy for local areas of the UK,borough,"life expectancy at age 65, female, years; rolling period 2022 to 2024 assigned to END year; higher_is_better; 95% CI 22.4-23"
E09000010,Enfield,2024,life_expectancy_65_male,20.3,ONS life expectancy for local areas of the UK,borough,"life expectancy at age 65, male, years; rolling period 2022 to 2024 assigned to END year; higher_is_better; 95% CI 19.9-20.6"
E09000010,Enfield,2024,life_expectancy_birth_female,85.1,ONS life expectancy for local areas of the UK,borough,"life expectancy at birth, female, years; rolling period 2022 to 2024 assigned to END year; higher_is_better; 95% CI 84.7-85.4"
E09000010,Enfield,2024,life_expectancy_birth_male,81.2,ONS life expectancy for local areas of the UK,borough,"life expectancy at birth, male, years; rolling period 2022 to 2024 assigned to END year; higher_is_better; 95% CI 80.8-81.6"
E09000011,Greenwich,2003,life_expectancy_65_female,18.9,ONS life expectancy for local areas of the UK,borough,"life expectancy at age 65, female, years; rolling period 2001 to 2003 assigned to END year; higher_is_better; 95% CI 18.5-19.2"
E09000011,Greenwich,2003,life_expectancy_65_male,15.3,ONS life expectancy for local areas of the UK,borough,"life expectancy at age 65, male, years; rolling period 2001 to 2003 assigned to END year; higher_is_better; 95% CI 14.9-15.6"
E09000011,Greenwich,2003,life_expectancy_birth_female,79.9,ONS life expectancy for local areas of the UK,borough,"life expectancy at birth, female, years; rolling period 2001 to 2003 assigned to END year; higher_is_better; 95% CI 79.5-80.4"
E09000011,Greenwich,2003,life_expectancy_birth_male,74.1,ONS life expectancy for local areas of the UK,borough,"life expectancy at birth, male, years; rolling period 2001 to 2003 assigned to END year; higher_is_better; 95% CI 73.6-74.6"
E09000011,Greenwich,2004,life_expectancy_65_female,18.9,ONS life expectancy for local areas of the UK,borough,"life expectancy at age 65, female, years; rolling period 2002 to 2004 assigned to END year; higher_is_better; 95% CI 18.6-19.3"
E09000011,Greenwich,2004,life_expectancy_65_male,15.3,ONS life expectancy for local areas of the UK,borough,"life expectancy at age 65, male, years; rolling period 2002 to 2004 assigned to END year; higher_is_better; 95% CI 14.9-15.6"
E09000011,Greenwich,2004,life_expectancy_birth_female,80,ONS life expectancy for local areas of the UK,borough,"life expectancy at birth, female, years; rolling period 2002 to 2004 assigned to END year; higher_is_better; 95% CI 79.5-80.5"
E09000011,Greenwich,2004,life_expectancy_birth_male,74.6,ONS life expectancy for local areas of the UK,borough,"life expectancy at birth, male, years; rolling period 2002 to 2004 assigned to END year; higher_is_better; 95% CI 74.1-75.1"
E09000011,Greenwich,2005,life_expectancy_65_female,19,ONS life expectancy for local areas of the UK,borough,"life expectancy at age 65, female, years; rolling period 2003 to 2005 assigned to END year; higher_is_better; 95% CI 18.7-19.3"
E09000011,Greenwich,2005,life_expectancy_65_male,15.2,ONS life expectancy for local areas of the UK,borough,"life expectancy at age 65, male, years; rolling period 2003 to 2005 assigned to END year; higher_is_better; 95% CI 14.9-15.6"
E09000011,Greenwich,2005,life_expectancy_birth_female,80.1,ONS life expectancy for local areas of the UK,borough,"life expectancy at birth, female, years; rolling period 2003 to 2005 assigned to END year; higher_is_better; 95% CI 79.6-80.5"
E09000011,Greenwich,2005,life_expectancy_birth_male,74.8,ONS life expectancy for local areas of the UK,borough,"life expectancy at birth, male, years; rolling period 2003 to 2005 assigned to END year; higher_is_better; 95% CI 74.3-75.3"
E09000011,Greenwich,2006,life_expectancy_65_female,19.6,ONS life expectancy for local areas of the UK,borough,"life expectancy at age 65, female, years; rolling period 2004 to 2006 assigned to END year; higher_is_better; 95% CI 19.2-19.9"
E09000011,Greenwich,2006,life_expectancy_65_male,15.6,ONS life expectancy for local areas of the UK,borough,"life expectancy at age 65, male, years; rolling period 2004 to 2006 assigned to END year; higher_is_better; 95% CI 15.3-16"
E09000011,Greenwich,2006,life_expectancy_birth_female,80.5,ONS life expectancy for local areas of the UK,borough,"life expectancy at birth, female, years; rolling period 2004 to 2006 assigned to END year; higher_is_better; 95% CI 80.1-81"
E09000011,Greenwich,2006,life_expectancy_birth_male,75.1,ONS life expectancy for local areas of the UK,borough,"life expectancy at birth, male, years; rolling period 2004 to 2006 assigned to END year; higher_is_better; 95% CI 74.7-75.6"
E09000011,Greenwich,2007,life_expectancy_65_female,19.8,ONS life expectancy for local areas of the UK,borough,"life expectancy at age 65, female, years; rolling period 2005 to 2007 assigned to END year; higher_is_better; 95% CI 19.5-20.2"
E09000011,Greenwich,2007,life_expectancy_65_male,15.9,ONS life expectancy for local areas of the UK,borough,"life expectancy at age 65, male, years; rolling period 2005 to 2007 assigned to END year; higher_is_better; 95% CI 15.5-16.2"
E09000011,Greenwich,2007,life_expectancy_birth_female,81.1,ONS life expectancy for local areas of the UK,borough,"life expectancy at birth, female, years; rolling period 2005 to 2007 assigned to END year; higher_is_better; 95% CI 80.7-81.6"
E09000011,Greenwich,2007,life_expectancy_birth_male,75.1,ONS life expectancy for local areas of the UK,borough,"life expectancy at birth, male, years; rolling period 2005 to 2007 assigned to END year; higher_is_better; 95% CI 74.6-75.5"
E09000011,Greenwich,2008,life_expectancy_65_female,19.8,ONS life expectancy for local areas of the UK,borough,"life expectancy at age 65, female, years; rolling period 2006 to 2008 assigned to END year; higher_is_better; 95% CI 19.5-20.2"
E09000011,Greenwich,2008,life_expectancy_65_male,16.3,ONS life expectancy for local areas of the UK,borough,"life expectancy at age 65, male, years; rolling period 2006 to 2008 assigned to END year; higher_is_better; 95% CI 15.9-16.6"
E09000011,Greenwich,2008,life_expectancy_birth_female,81.4,ONS life expectancy for local areas of the UK,borough,"life expectancy at birth, female, years; rolling period 2006 to 2008 assigned to END year; higher_is_better; 95% CI 81-81.9"
E09000011,Greenwich,2008,life_expectancy_birth_male,75.6,ONS life expectancy for local areas of the UK,borough,"life expectancy at birth, male, years; rolling period 2006 to 2008 assigned to END year; higher_is_better; 95% CI 75.2-76.1"
E09000011,Greenwich,2009,life_expectancy_65_female,19.8,ONS life expectancy for local areas of the UK,borough,"life expectancy at age 65, female, years; rolling period 2007 to 2009 assigned to END year; higher_is_better; 95% CI 19.4-20.1"
E09000011,Greenwich,2009,life_expectancy_65_male,16.5,ONS life expectancy for local areas of the UK,borough,"life expectancy at age 65, male, years; rolling period 2007 to 2009 assigned to END year; higher_is_better; 95% CI 16.1-16.8"
E09000011,Greenwich,2009,life_expectancy_birth_female,81.6,ONS life expectancy for local areas of the UK,borough,"life expectancy at birth, female, years; rolling period 2007 to 2009 assigned to END year; higher_is_better; 95% CI 81.1-82"
E09000011,Greenwich,2009,life_expectancy_birth_male,76.1,ONS life expectancy for local areas of the UK,borough,"life expectancy at birth, male, years; rolling period 2007 to 2009 assigned to END year; higher_is_better; 95% CI 75.6-76.6"
E09000011,Greenwich,2010,life_expectancy_65_female,19.8,ONS life expectancy for local areas of the UK,borough,"life expectancy at age 65, female, years; rolling period 2008 to 2010 assigned to END year; higher_is_better; 95% CI 19.4-20.2"
E09000011,Greenwich,2010,life_expectancy_65_male,16.9,ONS life expectancy for local areas of the UK,borough,"life expectancy at age 65, male, years; rolling period 2008 to 2010 assigned to END year; higher_is_better; 95% CI 16.6-17.3"
E09000011,Greenwich,2010,life_expectancy_birth_female,81.5,ONS life expectancy for local areas of the UK,borough,"life expectancy at birth, female, years; rolling period 2008 to 2010 assigned to END year; higher_is_better; 95% CI 81-81.9"
E09000011,Greenwich,2010,life_expectancy_birth_male,77,ONS life expectancy for local areas of the UK,borough,"life expectancy at birth, male, years; rolling period 2008 to 2010 assigned to END year; higher_is_better; 95% CI 76.5-77.5"
E09000011,Greenwich,2011,life_expectancy_65_female,20.3,ONS life expectancy for local areas of the UK,borough,"life expectancy at age 65, female, years; rolling period 2009 to 2011 assigned to END year; higher_is_better; 95% CI 19.9-20.6"
E09000011,Greenwich,2011,life_expectancy_65_male,17.3,ONS life expectancy for local areas of the UK,borough,"life expectancy at age 65, male, years; rolling period 2009 to 2011 assigned to END year; higher_is_better; 95% CI 16.9-17.7"
E09000011,Greenwich,2011,life_expectancy_birth_female,82,ONS life expectancy for local areas of the UK,borough,"life expectancy at birth, female, years; rolling period 2009 to 2011 assigned to END year; higher_is_better; 95% CI 81.5-82.5"
E09000011,Greenwich,2011,life_expectancy_birth_male,77.8,ONS life expectancy for local areas of the UK,borough,"life expectancy at birth, male, years; rolling period 2009 to 2011 assigned to END year; higher_is_better; 95% CI 77.3-78.2"
E09000011,Greenwich,2012,life_expectancy_65_female,20.3,ONS life expectancy for local areas of the UK,borough,"life expectancy at age 65, female, years; rolling period 2010 to 2012 assigned to END year; higher_is_better; 95% CI 20-20.7"
E09000011,Greenwich,2012,life_expectancy_65_male,17.5,ONS life expectancy for local areas of the UK,borough,"life expectancy at age 65, male, years; rolling period 2010 to 2012 assigned to END year; higher_is_better; 95% CI 17.1-17.9"
E09000011,Greenwich,2012,life_expectancy_birth_female,82.1,ONS life expectancy for local areas of the UK,borough,"life expectancy at birth, female, years; rolling period 2010 to 2012 assigned to END year; higher_is_better; 95% CI 81.6-82.6"
E09000011,Greenwich,2012,life_expectancy_birth_male,78.4,ONS life expectancy for local areas of the UK,borough,"life expectancy at birth, male, years; rolling period 2010 to 2012 assigned to END year; higher_is_better; 95% CI 77.9-78.9"
E09000011,Greenwich,2013,life_expectancy_65_female,20.7,ONS life expectancy for local areas of the UK,borough,"life expectancy at age 65, female, years; rolling period 2011 to 2013 assigned to END year; higher_is_better; 95% CI 20.3-21.1"
E09000011,Greenwich,2013,life_expectancy_65_male,17.5,ONS life expectancy for local areas of the UK,borough,"life expectancy at age 65, male, years; rolling period 2011 to 2013 assigned to END year; higher_is_better; 95% CI 17.2-17.9"
E09000011,Greenwich,2013,life_expectancy_birth_female,82.6,ONS life expectancy for local areas of the UK,borough,"life expectancy at birth, female, years; rolling period 2011 to 2013 assigned to END year; higher_is_better; 95% CI 82.2-83.1"
E09000011,Greenwich,2013,life_expectancy_birth_male,78.6,ONS life expectancy for local areas of the UK,borough,"life expectancy at birth, male, years; rolling period 2011 to 2013 assigned to END year; higher_is_better; 95% CI 78.1-79"
E09000011,Greenwich,2014,life_expectancy_65_female,20.5,ONS life expectancy for local areas of the UK,borough,"life expectancy at age 65, female, years; rolling period 2012 to 2014 assigned to END year; higher_is_better; 95% CI 20.1-20.8"
E09000011,Greenwich,2014,life_expectancy_65_male,17.7,ONS life expectancy for local areas of the UK,borough,"life expectancy at age 65, male, years; rolling period 2012 to 2014 assigned to END year; higher_is_better; 95% CI 17.3-18.1"
E09000011,Greenwich,2014,life_expectancy_birth_female,82.4,ONS life expectancy for local areas of the UK,borough,"life expectancy at birth, female, years; rolling period 2012 to 2014 assigned to END year; higher_is_better; 95% CI 82-82.9"
E09000011,Greenwich,2014,life_expectancy_birth_male,78.8,ONS life expectancy for local areas of the UK,borough,"life expectancy at birth, male, years; rolling period 2012 to 2014 assigned to END year; higher_is_better; 95% CI 78.4-79.3"
E09000011,Greenwich,2015,life_expectancy_65_female,20.6,ONS life expectancy for local areas of the UK,borough,"life expectancy at age 65, female, years; rolling period 2013 to 2015 assigned to END year; higher_is_better; 95% CI 20.2-21"
E09000011,Greenwich,2015,life_expectancy_65_male,17.8,ONS life expectancy for local areas of the UK,borough,"life expectancy at age 65, male, years; rolling period 2013 to 2015 assigned to END year; higher_is_better; 95% CI 17.5-18.2"
E09000011,Greenwich,2015,life_expectancy_birth_female,82.5,ONS life expectancy for local areas of the UK,borough,"life expectancy at birth, female, years; rolling period 2013 to 2015 assigned to END year; higher_is_better; 95% CI 82.1-83"
E09000011,Greenwich,2015,life_expectancy_birth_male,78.8,ONS life expectancy for local areas of the UK,borough,"life expectancy at birth, male, years; rolling period 2013 to 2015 assigned to END year; higher_is_better; 95% CI 78.4-79.3"
E09000011,Greenwich,2016,life_expectancy_65_female,20.4,ONS life expectancy for local areas of the UK,borough,"life expectancy at age 65, female, years; rolling period 2014 to 2016 assigned to END year; higher_is_better; 95% CI 20-20.7"
E09000011,Greenwich,2016,life_expectancy_65_male,18,ONS life expectancy for local areas of the UK,borough,"life expectancy at age 65, male, years; rolling period 2014 to 2016 assigned to END year; higher_is_better; 95% CI 17.7-18.4"
E09000011,Greenwich,2016,life_expectancy_birth_female,82.3,ONS life expectancy for local areas of the UK,borough,"life expectancy at birth, female, years; rolling period 2014 to 2016 assigned to END year; higher_is_better; 95% CI 81.9-82.8"
E09000011,Greenwich,2016,life_expectancy_birth_male,79.1,ONS life expectancy for local areas of the UK,borough,"life expectancy at birth, male, years; rolling period 2014 to 2016 assigned to END year; higher_is_better; 95% CI 78.6-79.5"
E09000011,Greenwich,2017,life_expectancy_65_female,20.6,ONS life expectancy for local areas of the UK,borough,"life expectancy at age 65, female, years; rolling period 2015 to 2017 assigned to END year; higher_is_better; 95% CI 20.2-21"
E09000011,Greenwich,2017,life_expectancy_65_male,18.1,ONS life expectancy for local areas of the UK,borough,"life expectancy at age 65, male, years; rolling period 2015 to 2017 assigned to END year; higher_is_better; 95% CI 17.8-18.5"
E09000011,Greenwich,2017,life_expectancy_birth_female,82.7,ONS life expectancy for local areas of the UK,borough,"life expectancy at birth, female, years; rolling period 2015 to 2017 assigned to END year; higher_is_better; 95% CI 82.2-83.1"
E09000011,Greenwich,2017,life_expectancy_birth_male,78.8,ONS life expectancy for local areas of the UK,borough,"life expectancy at birth, male, years; rolling period 2015 to 2017 assigned to END year; higher_is_better; 95% CI 78.4-79.3"
E09000011,Greenwich,2018,life_expectancy_65_female,20.7,ONS life expectancy for local areas of the UK,borough,"life expectancy at age 65, female, years; rolling period 2016 to 2018 assigned to END year; higher_is_better; 95% CI 20.4-21.1"
E09000011,Greenwich,2018,life_expectancy_65_male,18.4,ONS life expectancy for local areas of the UK,borough,"life expectancy at age 65, male, years; rolling period 2016 to 2018 assigned to END year; higher_is_better; 95% CI 18-18.8"
E09000011,Greenwich,2018,life_expectancy_birth_female,82.9,ONS life expectancy for local areas of the UK,borough,"life expectancy at birth, female, years; rolling period 2016 to 2018 assigned to END year; higher_is_better; 95% CI 82.4-83.3"
E09000011,Greenwich,2018,life_expectancy_birth_male,79.1,ONS life expectancy for local areas of the UK,borough,"life expectancy at birth, male, years; rolling period 2016 to 2018 assigned to END year; higher_is_better; 95% CI 78.6-79.6"
E09000011,Greenwich,2019,life_expectancy_65_female,21.1,ONS life expectancy for local areas of the UK,borough,"life expectancy at age 65, female, years; rolling period 2017 to 2019 assigned to END year; higher_is_better; 95% CI 20.7-21.5"
E09000011,Greenwich,2019,life_expectancy_65_male,18.3,ONS life expectancy for local areas of the UK,borough,"life expectancy at age 65, male, years; rolling period 2017 to 2019 assigned to END year; higher_is_better; 95% CI 17.9-18.7"
E09000011,Greenwich,2019,life_expectancy_birth_female,83.3,ONS life expectancy for local areas of the UK,borough,"life expectancy at birth, female, years; rolling period 2017 to 2019 assigned to END year; higher_is_better; 95% CI 82.9-83.7"
E09000011,Greenwich,2019,life_expectancy_birth_male,79.1,ONS life expectancy for local areas of the UK,borough,"life expectancy at birth, male, years; rolling period 2017 to 2019 assigned to END year; higher_is_better; 95% CI 78.7-79.6"
E09000011,Greenwich,2020,life_expectancy_65_female,20.7,ONS life expectancy for local areas of the UK,borough,"life expectancy at age 65, female, years; rolling period 2018 to 2020 assigned to END year; higher_is_better; 95% CI 20.3-21.1"
E09000011,Greenwich,2020,life_expectancy_65_male,17.9,ONS life expectancy for local areas of the UK,borough,"life expectancy at age 65, male, years; rolling period 2018 to 2020 assigned to END year; higher_is_better; 95% CI 17.5-18.3"
E09000011,Greenwich,2020,life_expectancy_birth_female,82.7,ONS life expectancy for local areas of the UK,borough,"life expectancy at birth, female, years; rolling period 2018 to 2020 assigned to END year; higher_is_better; 95% CI 82.2-83.1"
E09000011,Greenwich,2020,life_expectancy_birth_male,78.6,ONS life expectancy for local areas of the UK,borough,"life expectancy at birth, male, years; rolling period 2018 to 2020 assigned to END year; higher_is_better; 95% CI 78.2-79.1"
E09000011,Greenwich,2021,life_expectancy_65_female,20.4,ONS life expectancy for local areas of the UK,borough,"life expectancy at age 65, female, years; rolling period 2019 to 2021 assigned to END year; higher_is_better; 95% CI 20-20.7"
E09000011,Greenwich,2021,life_expectancy_65_male,17.5,ONS life expectancy for local areas of the UK,borough,"life expectancy at age 65, male, years; rolling period 2019 to 2021 assigned to END year; higher_is_better; 95% CI 17.1-17.9"
E09000011,Greenwich,2021,life_expectancy_birth_female,82.3,ONS life expectancy for local areas of the UK,borough,"life expectancy at birth, female, years; rolling period 2019 to 2021 assigned to END year; higher_is_better; 95% CI 81.8-82.7"
E09000011,Greenwich,2021,life_expectancy_birth_male,78.1,ONS life expectancy for local areas of the UK,borough,"life expectancy at birth, male, years; rolling period 2019 to 2021 assigned to END year; higher_is_better; 95% CI 77.6-78.5"
E09000011,Greenwich,2022,life_expectancy_65_female,20.2,ONS life expectancy for local areas of the UK,borough,"life expectancy at age 65, female, years; rolling period 2020 to 2022 assigned to END year; higher_is_better; 95% CI 19.8-20.5"
E09000011,Greenwich,2022,life_expectancy_65_male,17.5,ONS life expectancy for local areas of the UK,borough,"life expectancy at age 65, male, years; rolling period 2020 to 2022 assigned to END year; higher_is_better; 95% CI 17.2-17.9"
E09000011,Greenwich,2022,life_expectancy_birth_female,82.2,ONS life expectancy for local areas of the UK,borough,"life expectancy at birth, female, years; rolling period 2020 to 2022 assigned to END year; higher_is_better; 95% CI 81.7-82.6"
E09000011,Greenwich,2022,life_expectancy_birth_male,78.2,ONS life expectancy for local areas of the UK,borough,"life expectancy at birth, male, years; rolling period 2020 to 2022 assigned to END year; higher_is_better; 95% CI 77.7-78.6"
E09000011,Greenwich,2023,life_expectancy_65_female,20.6,ONS life expectancy for local areas of the UK,borough,"life expectancy at age 65, female, years; rolling period 2021 to 2023 assigned to END year; higher_is_better; 95% CI 20.2-20.9"
E09000011,Greenwich,2023,life_expectancy_65_male,18.1,ONS life expectancy for local areas of the UK,borough,"life expectancy at age 65, male, years; rolling period 2021 to 2023 assigned to END year; higher_is_better; 95% CI 17.7-18.4"
E09000011,Greenwich,2023,life_expectancy_birth_female,82.6,ONS life expectancy for local areas of the UK,borough,"life expectancy at birth, female, years; rolling period 2021 to 2023 assigned to END year; higher_is_better; 95% CI 82.1-83"
E09000011,Greenwich,2023,life_expectancy_birth_male,78.9,ONS life expectancy for local areas of the UK,borough,"life expectancy at birth, male, years; rolling period 2021 to 2023 assigned to END year; higher_is_better; 95% CI 78.4-79.3"
E09000011,Greenwich,2024,life_expectancy_65_female,20.8,ONS life expectancy for local areas of the UK,borough,"life expectancy at age 65, female, years; rolling period 2022 to 2024 assigned to END year; higher_is_better; 95% CI 20.4-21.2"
E09000011,Greenwich,2024,life_expectancy_65_male,18.6,ONS life expectancy for local areas of the UK,borough,"life expectancy at age 65, male, years; rolling period 2022 to 2024 assigned to END year; higher_is_better; 95% CI 18.3-19"
E09000011,Greenwich,2024,life_expectancy_birth_female,82.9,ONS life expectancy for local areas of the UK,borough,"life expectancy at birth, female, years; rolling period 2022 to 2024 assigned to END year; higher_is_better; 95% CI 82.5-83.4"
E09000011,Greenwich,2024,life_expectancy_birth_male,79.4,ONS life expectancy for local areas of the UK,borough,"life expectancy at birth, male, years; rolling period 2022 to 2024 assigned to END year; higher_is_better; 95% CI 79-79.9"
E09000012,Hackney,2003,life_expectancy_65_female,19.7,ONS life expectancy for local areas of the UK,borough,"life expectancy at age 65, female, years; rolling period 2001 to 2003 assigned to END year; higher_is_better; 95% CI 19.2-20.2"
E09000012,Hackney,2003,life_expectancy_65_male,16.3,ONS life expectancy for local areas of the UK,borough,"life expectancy at age 65, male, years; rolling period 2001 to 2003 assigned to END year; higher_is_better; 95% CI 15.8-16.8"
E09000012,Hackney,2003,life_expectancy_birth_female,80.2,ONS life expectancy for local areas of the UK,borough,"life expectancy at birth, female, years; rolling period 2001 to 2003 assigned to END year; higher_is_better; 95% CI 79.6-80.8"
E09000012,Hackney,2003,life_expectancy_birth_male,74.4,ONS life expectancy for local areas of the UK,borough,"life expectancy at birth, male, years; rolling period 2001 to 2003 assigned to END year; higher_is_better; 95% CI 73.8-75"
E09000012,Hackney,2004,life_expectancy_65_female,19.8,ONS life expectancy for local areas of the UK,borough,"life expectancy at age 65, female, years; rolling period 2002 to 2004 assigned to END year; higher_is_better; 95% CI 19.3-20.3"
E09000012,Hackney,2004,life_expectancy_65_male,16.5,ONS life expectancy for local areas of the UK,borough,"life expectancy at age 65, male, years; rolling period 2002 to 2004 assigned to END year; higher_is_better; 95% CI 16-17"
E09000012,Hackney,2004,life_expectancy_birth_female,80.6,ONS life expectancy for local areas of the UK,borough,"life expectancy at birth, female, years; rolling period 2002 to 2004 assigned to END year; higher_is_better; 95% CI 80-81.2"
E09000012,Hackney,2004,life_expectancy_birth_male,74.5,ONS life expectancy for local areas of the UK,borough,"life expectancy at birth, male, years; rolling period 2002 to 2004 assigned to END year; higher_is_better; 95% CI 73.9-75.1"
E09000012,Hackney,2005,life_expectancy_65_female,20,ONS life expectancy for local areas of the UK,borough,"life expectancy at age 65, female, years; rolling period 2003 to 2005 assigned to END year; higher_is_better; 95% CI 19.5-20.5"
E09000012,Hackney,2005,life_expectancy_65_male,16.5,ONS life expectancy for local areas of the UK,borough,"life expectancy at age 65, male, years; rolling period 2003 to 2005 assigned to END year; higher_is_better; 95% CI 16-17"
E09000012,Hackney,2005,life_expectancy_birth_female,81.1,ONS life expectancy for local areas of the UK,borough,"life expectancy at birth, female, years; rolling period 2003 to 2005 assigned to END year; higher_is_better; 95% CI 80.5-81.7"
E09000012,Hackney,2005,life_expectancy_birth_male,75,ONS life expectancy for local areas of the UK,borough,"life expectancy at birth, male, years; rolling period 2003 to 2005 assigned to END year; higher_is_better; 95% CI 74.4-75.6"
E09000012,Hackney,2006,life_expectancy_65_female,20,ONS life expectancy for local areas of the UK,borough,"life expectancy at age 65, female, years; rolling period 2004 to 2006 assigned to END year; higher_is_better; 95% CI 19.5-20.5"
E09000012,Hackney,2006,life_expectancy_65_male,16.3,ONS life expectancy for local areas of the UK,borough,"life expectancy at age 65, male, years; rolling period 2004 to 2006 assigned to END year; higher_is_better; 95% CI 15.8-16.7"
E09000012,Hackney,2006,life_expectancy_birth_female,81.2,ONS life expectancy for local areas of the UK,borough,"life expectancy at birth, female, years; rolling period 2004 to 2006 assigned to END year; higher_is_better; 95% CI 80.6-81.8"
E09000012,Hackney,2006,life_expectancy_birth_male,74.9,ONS life expectancy for local areas of the UK,borough,"life expectancy at birth, male, years; rolling period 2004 to 2006 assigned to END year; higher_is_better; 95% CI 74.4-75.5"
E09000012,Hackney,2007,life_expectancy_65_female,20.3,ONS life expectancy for local areas of the UK,borough,"life expectancy at age 65, female, years; rolling period 2005 to 2007 assigned to END year; higher_is_better; 95% CI 19.7-20.8"
E09000012,Hackney,2007,life_expectancy_65_male,16.5,ONS life expectancy for local areas of the UK,borough,"life expectancy at age 65, male, years; rolling period 2005 to 2007 assigned to END year; higher_is_better; 95% CI 16-16.9"
E09000012,Hackney,2007,life_expectancy_birth_female,81.3,ONS life expectancy for local areas of the UK,borough,"life expectancy at birth, female, years; rolling period 2005 to 2007 assigned to END year; higher_is_better; 95% CI 80.7-81.9"
E09000012,Hackney,2007,life_expectancy_birth_male,75.4,ONS life expectancy for local areas of the UK,borough,"life expectancy at birth, male, years; rolling period 2005 to 2007 assigned to END year; higher_is_better; 95% CI 74.9-76"
E09000012,Hackney,2008,life_expectancy_65_female,20.4,ONS life expectancy for local areas of the UK,borough,"life expectancy at age 65, female, years; rolling period 2006 to 2008 assigned to END year; higher_is_better; 95% CI 19.9-21"
E09000012,Hackney,2008,life_expectancy_65_male,16.8,ONS life expectancy for local areas of the UK,borough,"life expectancy at age 65, male, years; rolling period 2006 to 2008 assigned to END year; higher_is_better; 95% CI 16.3-17.3"
E09000012,Hackney,2008,life_expectancy_birth_female,81.1,ONS life expectancy for local areas of the UK,borough,"life expectancy at birth, female, years; rolling period 2006 to 2008 assigned to END year; higher_is_better; 95% CI 80.5-81.8"
E09000012,Hackney,2008,life_expectancy_birth_male,75.5,ONS life expectancy for local areas of the UK,borough,"life expectancy at birth, male, years; rolling period 2006 to 2008 assigned to END year; higher_is_better; 95% CI 75-76.1"
E09000012,Hackney,2009,life_expectancy_65_female,20.5,ONS life expectancy for local areas of the UK,borough,"life expectancy at age 65, female, years; rolling period 2007 to 2009 assigned to END year; higher_is_better; 95% CI 20-21.1"
E09000012,Hackney,2009,life_expectancy_65_male,17.7,ONS life expectancy for local areas of the UK,borough,"life expectancy at age 65, male, years; rolling period 2007 to 2009 assigned to END year; higher_is_better; 95% CI 17.2-18.3"
E09000012,Hackney,2009,life_expectancy_birth_female,81.3,ONS life expectancy for local areas of the UK,borough,"life expectancy at birth, female, years; rolling period 2007 to 2009 assigned to END year; higher_is_better; 95% CI 80.7-82"
E09000012,Hackney,2009,life_expectancy_birth_male,76.6,ONS life expectancy for local areas of the UK,borough,"life expectancy at birth, male, years; rolling period 2007 to 2009 assigned to END year; higher_is_better; 95% CI 76-77.3"
E09000012,Hackney,2010,life_expectancy_65_female,20.4,ONS life expectancy for local areas of the UK,borough,"life expectancy at age 65, female, years; rolling period 2008 to 2010 assigned to END year; higher_is_better; 95% CI 19.8-20.9"
E09000012,Hackney,2010,life_expectancy_65_male,17.9,ONS life expectancy for local areas of the UK,borough,"life expectancy at age 65, male, years; rolling period 2008 to 2010 assigned to END year; higher_is_better; 95% CI 17.4-18.5"
E09000012,Hackney,2010,life_expectancy_birth_female,81.5,ONS life expectancy for local areas of the UK,borough,"life expectancy at birth, female, years; rolling period 2008 to 2010 assigned to END year; higher_is_better; 95% CI 80.9-82.1"
E09000012,Hackney,2010,life_expectancy_birth_male,76.9,ONS life expectancy for local areas of the UK,borough,"life expectancy at birth, male, years; rolling period 2008 to 2010 assigned to END year; higher_is_better; 95% CI 76.3-77.6"
E09000012,Hackney,2011,life_expectancy_65_female,20.3,ONS life expectancy for local areas of the UK,borough,"life expectancy at age 65, female, years; rolling period 2009 to 2011 assigned to END year; higher_is_better; 95% CI 19.8-20.8"
E09000012,Hackney,2011,life_expectancy_65_male,18.1,ONS life expectancy for local areas of the UK,borough,"life expectancy at age 65, male, years; rolling period 2009 to 2011 assigned to END year; higher_is_better; 95% CI 17.5-18.6"
E09000012,Hackney,2011,life_expectancy_birth_female,82.1,ONS life expectancy for local areas of the UK,borough,"life expectancy at birth, female, years; rolling period 2009 to 2011 assigned to END year; higher_is_better; 95% CI 81.5-82.7"
E09000012,Hackney,2011,life_expectancy_birth_male,77.5,ONS life expectancy for local areas of the UK,borough,"life expectancy at birth, male, years; rolling period 2009 to 2011 assigned to END year; higher_is_better; 95% CI 76.9-78.1"
E09000012,Hackney,2012,life_expectancy_65_female,20.6,ONS life expectancy for local areas of the UK,borough,"life expectancy at age 65, female, years; rolling period 2010 to 2012 assigned to END year; higher_is_better; 95% CI 20.1-21.1"
E09000012,Hackney,2012,life_expectancy_65_male,17.8,ONS life expectancy for local areas of the UK,borough,"life expectancy at age 65, male, years; rolling period 2010 to 2012 assigned to END year; higher_is_better; 95% CI 17.3-18.4"
E09000012,Hackney,2012,life_expectancy_birth_female,82.4,ONS life expectancy for local areas of the UK,borough,"life expectancy at birth, female, years; rolling period 2010 to 2012 assigned to END year; higher_is_better; 95% CI 81.8-83"
E09000012,Hackney,2012,life_expectancy_birth_male,77.5,ONS life expectancy for local areas of the UK,borough,"life expectancy at birth, male, years; rolling period 2010 to 2012 assigned to END year; higher_is_better; 95% CI 76.9-78.1"
E09000012,Hackney,2013,life_expectancy_65_female,20.8,ONS life expectancy for local areas of the UK,borough,"life expectancy at age 65, female, years; rolling period 2011 to 2013 assigned to END year; higher_is_better; 95% CI 20.3-21.4"
E09000012,Hackney,2013,life_expectancy_65_male,18.2,ONS life expectancy for local areas of the UK,borough,"life expectancy at age 65, male, years; rolling period 2011 to 2013 assigned to END year; higher_is_better; 95% CI 17.6-18.7"
E09000012,Hackney,2013,life_expectancy_birth_female,82.8,ONS life expectancy for local areas of the UK,borough,"life expectancy at birth, female, years; rolling period 2011 to 2013 assigned to END year; higher_is_better; 95% CI 82.2-83.3"
E09000012,Hackney,2013,life_expectancy_birth_male,77.9,ONS life expectancy for local areas of the UK,borough,"life expectancy at birth, male, years; rolling period 2011 to 2013 assigned to END year; higher_is_better; 95% CI 77.3-78.5"
E09000012,Hackney,2014,life_expectancy_65_female,21,ONS life expectancy for local areas of the UK,borough,"life expectancy at age 65, female, years; rolling period 2012 to 2014 assigned to END year; higher_is_better; 95% CI 20.5-21.5"
E09000012,Hackney,2014,life_expectancy_65_male,18.2,ONS life expectancy for local areas of the UK,borough,"life expectancy at age 65, male, years; rolling period 2012 to 2014 assigned to END year; higher_is_better; 95% CI 17.7-18.8"
E09000012,Hackney,2014,life_expectancy_birth_female,82.7,ONS life expectancy for local areas of the UK,borough,"life expectancy at birth, female, years; rolling period 2012 to 2014 assigned to END year; higher_is_better; 95% CI 82.2-83.3"
E09000012,Hackney,2014,life_expectancy_birth_male,78.2,ONS life expectancy for local areas of the UK,borough,"life expectancy at birth, male, years; rolling period 2012 to 2014 assigned to END year; higher_is_better; 95% CI 77.6-78.8"
E09000012,Hackney,2015,life_expectancy_65_female,20.8,ONS life expectancy for local areas of the UK,borough,"life expectancy at age 65, female, years; rolling period 2013 to 2015 assigned to END year; higher_is_better; 95% CI 20.2-21.3"
E09000012,Hackney,2015,life_expectancy_65_male,18.2,ONS life expectancy for local areas of the UK,borough,"life expectancy at age 65, male, years; rolling period 2013 to 2015 assigned to END year; higher_is_better; 95% CI 17.6-18.7"
E09000012,Hackney,2015,life_expectancy_birth_female,82.5,ONS life expectancy for local areas of the UK,borough,"life expectancy at birth, female, years; rolling period 2013 to 2015 assigned to END year; higher_is_better; 95% CI 81.9-83.1"
E09000012,Hackney,2015,life_expectancy_birth_male,78.3,ONS life expectancy for local areas of the UK,borough,"life expectancy at birth, male, years; rolling period 2013 to 2015 assigned to END year; higher_is_better; 95% CI 77.7-78.9"
E09000012,Hackney,2016,life_expectancy_65_female,20.7,ONS life expectancy for local areas of the UK,borough,"life expectancy at age 65, female, years; rolling period 2014 to 2016 assigned to END year; higher_is_better; 95% CI 20.2-21.2"
E09000012,Hackney,2016,life_expectancy_65_male,18,ONS life expectancy for local areas of the UK,borough,"life expectancy at age 65, male, years; rolling period 2014 to 2016 assigned to END year; higher_is_better; 95% CI 17.4-18.5"
E09000012,Hackney,2016,life_expectancy_birth_female,82.5,ONS life expectancy for local areas of the UK,borough,"life expectancy at birth, female, years; rolling period 2014 to 2016 assigned to END year; higher_is_better; 95% CI 81.9-83"
E09000012,Hackney,2016,life_expectancy_birth_male,78.4,ONS life expectancy for local areas of the UK,borough,"life expectancy at birth, male, years; rolling period 2014 to 2016 assigned to END year; higher_is_better; 95% CI 77.8-78.9"
E09000012,Hackney,2017,life_expectancy_65_female,20.7,ONS life expectancy for local areas of the UK,borough,"life expectancy at age 65, female, years; rolling period 2015 to 2017 assigned to END year; higher_is_better; 95% CI 20.2-21.2"
E09000012,Hackney,2017,life_expectancy_65_male,17.8,ONS life expectancy for local areas of the UK,borough,"life expectancy at age 65, male, years; rolling period 2015 to 2017 assigned to END year; higher_is_better; 95% CI 17.3-18.3"
E09000012,Hackney,2017,life_expectancy_birth_female,82.5,ONS life expectancy for local areas of the UK,borough,"life expectancy at birth, female, years; rolling period 2015 to 2017 assigned to END year; higher_is_better; 95% CI 82-83.1"
E09000012,Hackney,2017,life_expectancy_birth_male,78,ONS life expectancy for local areas of the UK,borough,"life expectancy at birth, male, years; rolling period 2015 to 2017 assigned to END year; higher_is_better; 95% CI 77.5-78.6"
E09000012,Hackney,2018,life_expectancy_65_female,21,ONS life expectancy for local areas of the UK,borough,"life expectancy at age 65, female, years; rolling period 2016 to 2018 assigned to END year; higher_is_better; 95% CI 20.5-21.5"
E09000012,Hackney,2018,life_expectancy_65_male,18.2,ONS life expectancy for local areas of the UK,borough,"life expectancy at age 65, male, years; rolling period 2016 to 2018 assigned to END year; higher_is_better; 95% CI 17.7-18.8"
E09000012,Hackney,2018,life_expectancy_birth_female,83.1,ONS life expectancy for local areas of the UK,borough,"life expectancy at birth, female, years; rolling period 2016 to 2018 assigned to END year; higher_is_better; 95% CI 82.6-83.7"
E09000012,Hackney,2018,life_expectancy_birth_male,78.6,ONS life expectancy for local areas of the UK,borough,"life expectancy at birth, male, years; rolling period 2016 to 2018 assigned to END year; higher_is_better; 95% CI 78.1-79.2"
E09000012,Hackney,2019,life_expectancy_65_female,21.3,ONS life expectancy for local areas of the UK,borough,"life expectancy at age 65, female, years; rolling period 2017 to 2019 assigned to END year; higher_is_better; 95% CI 20.8-21.9"
E09000012,Hackney,2019,life_expectancy_65_male,18.3,ONS life expectancy for local areas of the UK,borough,"life expectancy at age 65, male, years; rolling period 2017 to 2019 assigned to END year; higher_is_better; 95% CI 17.8-18.8"
E09000012,Hackney,2019,life_expectancy_birth_female,83.5,ONS life expectancy for local areas of the UK,borough,"life expectancy at birth, female, years; rolling period 2017 to 2019 assigned to END year; higher_is_better; 95% CI 83-84.1"
E09000012,Hackney,2019,life_expectancy_birth_male,78.6,ONS life expectancy for local areas of the UK,borough,"life expectancy at birth, male, years; rolling period 2017 to 2019 assigned to END year; higher_is_better; 95% CI 78.1-79.2"
E09000012,Hackney,2020,life_expectancy_65_female,20.8,ONS life expectancy for local areas of the UK,borough,"life expectancy at age 65, female, years; rolling period 2018 to 2020 assigned to END year; higher_is_better; 95% CI 20.3-21.2"
E09000012,Hackney,2020,life_expectancy_65_male,17.6,ONS life expectancy for local areas of the UK,borough,"life expectancy at age 65, male, years; rolling period 2018 to 2020 assigned to END year; higher_is_better; 95% CI 17.1-18.1"
E09000012,Hackney,2020,life_expectancy_birth_female,83,ONS life expectancy for local areas of the UK,borough,"life expectancy at birth, female, years; rolling period 2018 to 2020 assigned to END year; higher_is_better; 95% CI 82.4-83.5"
E09000012,Hackney,2020,life_expectancy_birth_male,78,ONS life expectancy for local areas of the UK,borough,"life expectancy at birth, male, years; rolling period 2018 to 2020 assigned to END year; higher_is_better; 95% CI 77.4-78.5"
E09000012,Hackney,2021,life_expectancy_65_female,20.2,ONS life expectancy for local areas of the UK,borough,"life expectancy at age 65, female, years; rolling period 2019 to 2021 assigned to END year; higher_is_better; 95% CI 19.7-20.6"
E09000012,Hackney,2021,life_expectancy_65_male,16.7,ONS life expectancy for local areas of the UK,borough,"life expectancy at age 65, male, years; rolling period 2019 to 2021 assigned to END year; higher_is_better; 95% CI 16.3-17.1"
E09000012,Hackney,2021,life_expectancy_birth_female,82.3,ONS life expectancy for local areas of the UK,borough,"life expectancy at birth, female, years; rolling period 2019 to 2021 assigned to END year; higher_is_better; 95% CI 81.8-82.8"
E09000012,Hackney,2021,life_expectancy_birth_male,76.7,ONS life expectancy for local areas of the UK,borough,"life expectancy at birth, male, years; rolling period 2019 to 2021 assigned to END year; higher_is_better; 95% CI 76.2-77.2"
E09000012,Hackney,2022,life_expectancy_65_female,20,ONS life expectancy for local areas of the UK,borough,"life expectancy at age 65, female, years; rolling period 2020 to 2022 assigned to END year; higher_is_better; 95% CI 19.5-20.4"
E09000012,Hackney,2022,life_expectancy_65_male,16.5,ONS life expectancy for local areas of the UK,borough,"life expectancy at age 65, male, years; rolling period 2020 to 2022 assigned to END year; higher_is_better; 95% CI 16.1-16.9"
E09000012,Hackney,2022,life_expectancy_birth_female,81.8,ONS life expectancy for local areas of the UK,borough,"life expectancy at birth, female, years; rolling period 2020 to 2022 assigned to END year; higher_is_better; 95% CI 81.3-82.3"
E09000012,Hackney,2022,life_expectancy_birth_male,76.7,ONS life expectancy for local areas of the UK,borough,"life expectancy at birth, male, years; rolling period 2020 to 2022 assigned to END year; higher_is_better; 95% CI 76.2-77.2"
E09000012,Hackney,2023,life_expectancy_65_female,20.3,ONS life expectancy for local areas of the UK,borough,"life expectancy at age 65, female, years; rolling period 2021 to 2023 assigned to END year; higher_is_better; 95% CI 19.9-20.8"
E09000012,Hackney,2023,life_expectancy_65_male,16.9,ONS life expectancy for local areas of the UK,borough,"life expectancy at age 65, male, years; rolling period 2021 to 2023 assigned to END year; higher_is_better; 95% CI 16.5-17.4"
E09000012,Hackney,2023,life_expectancy_birth_female,82.2,ONS life expectancy for local areas of the UK,borough,"life expectancy at birth, female, years; rolling period 2021 to 2023 assigned to END year; higher_is_better; 95% CI 81.7-82.7"
E09000012,Hackney,2023,life_expectancy_birth_male,77.4,ONS life expectancy for local areas of the UK,borough,"life expectancy at birth, male, years; rolling period 2021 to 2023 assigned to END year; higher_is_better; 95% CI 76.9-77.9"
E09000012,Hackney,2024,life_expectancy_65_female,21,ONS life expectancy for local areas of the UK,borough,"life expectancy at age 65, female, years; rolling period 2022 to 2024 assigned to END year; higher_is_better; 95% CI 20.6-21.5"
E09000012,Hackney,2024,life_expectancy_65_male,17.5,ONS life expectancy for local areas of the UK,borough,"life expectancy at age 65, male, years; rolling period 2022 to 2024 assigned to END year; higher_is_better; 95% CI 17.1-18"
E09000012,Hackney,2024,life_expectancy_birth_female,82.9,ONS life expectancy for local areas of the UK,borough,"life expectancy at birth, female, years; rolling period 2022 to 2024 assigned to END year; higher_is_better; 95% CI 82.3-83.4"
E09000012,Hackney,2024,life_expectancy_birth_male,78.3,ONS life expectancy for local areas of the UK,borough,"life expectancy at birth, male, years; rolling period 2022 to 2024 assigned to END year; higher_is_better; 95% CI 77.8-78.8"
E09000013,Hammersmith and Fulham,2003,life_expectancy_65_female,20.5,ONS life expectancy for local areas of the UK,borough,"life expectancy at age 65, female, years; rolling period 2001 to 2003 assigned to END year; higher_is_better; 95% CI 20-21"
E09000013,Hammersmith and Fulham,2003,life_expectancy_65_male,16.4,ONS life expectancy for local areas of the UK,borough,"life expectancy at age 65, male, years; rolling period 2001 to 2003 assigned to END year; higher_is_better; 95% CI 15.9-16.9"
E09000013,Hammersmith and Fulham,2003,life_expectancy_birth_female,81.3,ONS life expectancy for local areas of the UK,borough,"life expectancy at birth, female, years; rolling period 2001 to 2003 assigned to END year; higher_is_better; 95% CI 80.7-82"
E09000013,Hammersmith and Fulham,2003,life_expectancy_birth_male,75.6,ONS life expectancy for local areas of the UK,borough,"life expectancy at birth, male, years; rolling period 2001 to 2003 assigned to END year; higher_is_better; 95% CI 75-76.3"
E09000013,Hammersmith and Fulham,2004,life_expectancy_65_female,20.7,ONS life expectancy for local areas of the UK,borough,"life expectancy at age 65, female, years; rolling period 2002 to 2004 assigned to END year; higher_is_better; 95% CI 20.2-21.2"
E09000013,Hammersmith and Fulham,2004,life_expectancy_65_male,16.8,ONS life expectancy for local areas of the UK,borough,"life expectancy at age 65, male, years; rolling period 2002 to 2004 assigned to END year; higher_is_better; 95% CI 16.3-17.3"
E09000013,Hammersmith and Fulham,2004,life_expectancy_birth_female,81.7,ONS life expectancy for local areas of the UK,borough,"life expectancy at birth, female, years; rolling period 2002 to 2004 assigned to END year; higher_is_better; 95% CI 81-82.3"
E09000013,Hammersmith and Fulham,2004,life_expectancy_birth_male,76,ONS life expectancy for local areas of the UK,borough,"life expectancy at birth, male, years; rolling period 2002 to 2004 assigned to END year; higher_is_better; 95% CI 75.3-76.6"
E09000013,Hammersmith and Fulham,2005,life_expectancy_65_female,20.8,ONS life expectancy for local areas of the UK,borough,"life expectancy at age 65, female, years; rolling period 2003 to 2005 assigned to END year; higher_is_better; 95% CI 20.2-21.3"
E09000013,Hammersmith and Fulham,2005,life_expectancy_65_male,17,ONS life expectancy for local areas of the UK,borough,"life expectancy at age 65, male, years; rolling period 2003 to 2005 assigned to END year; higher_is_better; 95% CI 16.5-17.5"
E09000013,Hammersmith and Fulham,2005,life_expectancy_birth_female,81.9,ONS life expectancy for local areas of the UK,borough,"life expectancy at birth, female, years; rolling period 2003 to 2005 assigned to END year; higher_is_better; 95% CI 81.3-82.6"
E09000013,Hammersmith and Fulham,2005,life_expectancy_birth_male,76.3,ONS life expectancy for local areas of the UK,borough,"life expectancy at birth, male, years; rolling period 2003 to 2005 assigned to END year; higher_is_better; 95% CI 75.7-76.9"
E09000013,Hammersmith and Fulham,2006,life_expectancy_65_female,21.2,ONS life expectancy for local areas of the UK,borough,"life expectancy at age 65, female, years; rolling period 2004 to 2006 assigned to END year; higher_is_better; 95% CI 20.6-21.7"
E09000013,Hammersmith and Fulham,2006,life_expectancy_65_male,18,ONS life expectancy for local areas of the UK,borough,"life expectancy at age 65, male, years; rolling period 2004 to 2006 assigned to END year; higher_is_better; 95% CI 17.4-18.6"
E09000013,Hammersmith and Fulham,2006,life_expectancy_birth_female,82.8,ONS life expectancy for local areas of the UK,borough,"life expectancy at birth, female, years; rolling period 2004 to 2006 assigned to END year; higher_is_better; 95% CI 82.2-83.5"
E09000013,Hammersmith and Fulham,2006,life_expectancy_birth_male,77.4,ONS life expectancy for local areas of the UK,borough,"life expectancy at birth, male, years; rolling period 2004 to 2006 assigned to END year; higher_is_better; 95% CI 76.8-78.1"
E09000013,Hammersmith and Fulham,2007,life_expectancy_65_female,21.3,ONS life expectancy for local areas of the UK,borough,"life expectancy at age 65, female, years; rolling period 2005 to 2007 assigned to END year; higher_is_better; 95% CI 20.8-21.9"
E09000013,Hammersmith and Fulham,2007,life_expectancy_65_male,17.4,ONS life expectancy for local areas of the UK,borough,"life expectancy at age 65, male, years; rolling period 2005 to 2007 assigned to END year; higher_is_better; 95% CI 16.8-18"
E09000013,Hammersmith and Fulham,2007,life_expectancy_birth_female,83.2,ONS life expectancy for local areas of the UK,borough,"life expectancy at birth, female, years; rolling period 2005 to 2007 assigned to END year; higher_is_better; 95% CI 82.6-83.8"
E09000013,Hammersmith and Fulham,2007,life_expectancy_birth_male,77.2,ONS life expectancy for local areas of the UK,borough,"life expectancy at birth, male, years; rolling period 2005 to 2007 assigned to END year; higher_is_better; 95% CI 76.6-77.9"
E09000013,Hammersmith and Fulham,2008,life_expectancy_65_female,21.3,ONS life expectancy for local areas of the UK,borough,"life expectancy at age 65, female, years; rolling period 2006 to 2008 assigned to END year; higher_is_better; 95% CI 20.8-21.9"
E09000013,Hammersmith and Fulham,2008,life_expectancy_65_male,17.1,ONS life expectancy for local areas of the UK,borough,"life expectancy at age 65, male, years; rolling period 2006 to 2008 assigned to END year; higher_is_better; 95% CI 16.6-17.7"
E09000013,Hammersmith and Fulham,2008,life_expectancy_birth_female,83.3,ONS life expectancy for local areas of the UK,borough,"life expectancy at birth, female, years; rolling period 2006 to 2008 assigned to END year; higher_is_better; 95% CI 82.7-83.9"
E09000013,Hammersmith and Fulham,2008,life_expectancy_birth_male,77.3,ONS life expectancy for local areas of the UK,borough,"life expectancy at birth, male, years; rolling period 2006 to 2008 assigned to END year; higher_is_better; 95% CI 76.6-77.9"
E09000013,Hammersmith and Fulham,2009,life_expectancy_65_female,21.4,ONS life expectancy for local areas of the UK,borough,"life expectancy at age 65, female, years; rolling period 2007 to 2009 assigned to END year; higher_is_better; 95% CI 20.8-21.9"
E09000013,Hammersmith and Fulham,2009,life_expectancy_65_male,16.9,ONS life expectancy for local areas of the UK,borough,"life expectancy at age 65, male, years; rolling period 2007 to 2009 assigned to END year; higher_is_better; 95% CI 16.4-17.4"
E09000013,Hammersmith and Fulham,2009,life_expectancy_birth_female,83.3,ONS life expectancy for local areas of the UK,borough,"life expectancy at birth, female, years; rolling period 2007 to 2009 assigned to END year; higher_is_better; 95% CI 82.7-83.9"
E09000013,Hammersmith and Fulham,2009,life_expectancy_birth_male,77.2,ONS life expectancy for local areas of the UK,borough,"life expectancy at birth, male, years; rolling period 2007 to 2009 assigned to END year; higher_is_better; 95% CI 76.6-77.8"
E09000013,Hammersmith and Fulham,2010,life_expectancy_65_female,21.2,ONS life expectancy for local areas of the UK,borough,"life expectancy at age 65, female, years; rolling period 2008 to 2010 assigned to END year; higher_is_better; 95% CI 20.7-21.7"
E09000013,Hammersmith and Fulham,2010,life_expectancy_65_male,17.8,ONS life expectancy for local areas of the UK,borough,"life expectancy at age 65, male, years; rolling period 2008 to 2010 assigned to END year; higher_is_better; 95% CI 17.3-18.4"
E09000013,Hammersmith and Fulham,2010,life_expectancy_birth_female,83.1,ONS life expectancy for local areas of the UK,borough,"life expectancy at birth, female, years; rolling period 2008 to 2010 assigned to END year; higher_is_better; 95% CI 82.5-83.7"
E09000013,Hammersmith and Fulham,2010,life_expectancy_birth_male,78,ONS life expectancy for local areas of the UK,borough,"life expectancy at birth, male, years; rolling period 2008 to 2010 assigned to END year; higher_is_better; 95% CI 77.3-78.6"
E09000013,Hammersmith and Fulham,2011,life_expectancy_65_female,21.4,ONS life expectancy for local areas of the UK,borough,"life expectancy at age 65, female, years; rolling period 2009 to 2011 assigned to END year; higher_is_better; 95% CI 20.8-21.9"
E09000013,Hammersmith and Fulham,2011,life_expectancy_65_male,18.1,ONS life expectancy for local areas of the UK,borough,"life expectancy at age 65, male, years; rolling period 2009 to 2011 assigned to END year; higher_is_better; 95% CI 17.5-18.7"
E09000013,Hammersmith and Fulham,2011,life_expectancy_birth_female,83.2,ONS life expectancy for local areas of the UK,borough,"life expectancy at birth, female, years; rolling period 2009 to 2011 assigned to END year; higher_is_better; 95% CI 82.6-83.8"
E09000013,Hammersmith and Fulham,2011,life_expectancy_birth_male,78.4,ONS life expectancy for local areas of the UK,borough,"life expectancy at birth, male, years; rolling period 2009 to 2011 assigned to END year; higher_is_better; 95% CI 77.7-79"
E09000013,Hammersmith and Fulham,2012,life_expectancy_65_female,21.4,ONS life expectancy for local areas of the UK,borough,"life expectancy at age 65, female, years; rolling period 2010 to 2012 assigned to END year; higher_is_better; 95% CI 20.9-21.9"
E09000013,Hammersmith and Fulham,2012,life_expectancy_65_male,18.4,ONS life expectancy for local areas of the UK,borough,"life expectancy at age 65, male, years; rolling period 2010 to 2012 assigned to END year; higher_is_better; 95% CI 17.8-19"
E09000013,Hammersmith and Fulham,2012,life_expectancy_birth_female,83.2,ONS life expectancy for local areas of the UK,borough,"life expectancy at birth, female, years; rolling period 2010 to 2012 assigned to END year; higher_is_better; 95% CI 82.6-83.8"
E09000013,Hammersmith and Fulham,2012,life_expectancy_birth_male,78.8,ONS life expectancy for local areas of the UK,borough,"life expectancy at birth, male, years; rolling period 2010 to 2012 assigned to END year; higher_is_better; 95% CI 78.1-79.4"
E09000013,Hammersmith and Fulham,2013,life_expectancy_65_female,21.4,ONS life expectancy for local areas of the UK,borough,"life expectancy at age 65, female, years; rolling period 2011 to 2013 assigned to END year; higher_is_better; 95% CI 20.9-21.9"
E09000013,Hammersmith and Fulham,2013,life_expectancy_65_male,18.2,ONS life expectancy for local areas of the UK,borough,"life expectancy at age 65, male, years; rolling period 2011 to 2013 assigned to END year; higher_is_better; 95% CI 17.6-18.7"
E09000013,Hammersmith and Fulham,2013,life_expectancy_birth_female,83.3,ONS life expectancy for local areas of the UK,borough,"life expectancy at birth, female, years; rolling period 2011 to 2013 assigned to END year; higher_is_better; 95% CI 82.7-83.9"
E09000013,Hammersmith and Fulham,2013,life_expectancy_birth_male,78.8,ONS life expectancy for local areas of the UK,borough,"life expectancy at birth, male, years; rolling period 2011 to 2013 assigned to END year; higher_is_better; 95% CI 78.2-79.4"
E09000013,Hammersmith and Fulham,2014,life_expectancy_65_female,21.7,ONS life expectancy for local areas of the UK,borough,"life expectancy at age 65, female, years; rolling period 2012 to 2014 assigned to END year; higher_is_better; 95% CI 21.2-22.2"
E09000013,Hammersmith and Fulham,2014,life_expectancy_65_male,18.5,ONS life expectancy for local areas of the UK,borough,"life expectancy at age 65, male, years; rolling period 2012 to 2014 assigned to END year; higher_is_better; 95% CI 18-19"
E09000013,Hammersmith and Fulham,2014,life_expectancy_birth_female,83.8,ONS life expectancy for local areas of the UK,borough,"life expectancy at birth, female, years; rolling period 2012 to 2014 assigned to END year; higher_is_better; 95% CI 83.2-84.4"
E09000013,Hammersmith and Fulham,2014,life_expectancy_birth_male,79.4,ONS life expectancy for local areas of the UK,borough,"life expectancy at birth, male, years; rolling period 2012 to 2014 assigned to END year; higher_is_better; 95% CI 78.8-80"
E09000013,Hammersmith and Fulham,2015,life_expectancy_65_female,21.5,ONS life expectancy for local areas of the UK,borough,"life expectancy at age 65, female, years; rolling period 2013 to 2015 assigned to END year; higher_is_better; 95% CI 21-22"
E09000013,Hammersmith and Fulham,2015,life_expectancy_65_male,18,ONS life expectancy for local areas of the UK,borough,"life expectancy at age 65, male, years; rolling period 2013 to 2015 assigned to END year; higher_is_better; 95% CI 17.5-18.5"
E09000013,Hammersmith and Fulham,2015,life_expectancy_birth_female,83.8,ONS life expectancy for local areas of the UK,borough,"life expectancy at birth, female, years; rolling period 2013 to 2015 assigned to END year; higher_is_better; 95% CI 83.2-84.4"
E09000013,Hammersmith and Fulham,2015,life_expectancy_birth_male,79,ONS life expectancy for local areas of the UK,borough,"life expectancy at birth, male, years; rolling period 2013 to 2015 assigned to END year; higher_is_better; 95% CI 78.4-79.6"
E09000013,Hammersmith and Fulham,2016,life_expectancy_65_female,21.8,ONS life expectancy for local areas of the UK,borough,"life expectancy at age 65, female, years; rolling period 2014 to 2016 assigned to END year; higher_is_better; 95% CI 21.3-22.3"
E09000013,Hammersmith and Fulham,2016,life_expectancy_65_male,18.1,ONS life expectancy for local areas of the UK,borough,"life expectancy at age 65, male, years; rolling period 2014 to 2016 assigned to END year; higher_is_better; 95% CI 17.6-18.6"
E09000013,Hammersmith and Fulham,2016,life_expectancy_birth_female,84.1,ONS life expectancy for local areas of the UK,borough,"life expectancy at birth, female, years; rolling period 2014 to 2016 assigned to END year; higher_is_better; 95% CI 83.5-84.7"
E09000013,Hammersmith and Fulham,2016,life_expectancy_birth_male,79.3,ONS life expectancy for local areas of the UK,borough,"life expectancy at birth, male, years; rolling period 2014 to 2016 assigned to END year; higher_is_better; 95% CI 78.8-79.9"
E09000013,Hammersmith and Fulham,2017,life_expectancy_65_female,21.6,ONS life expectancy for local areas of the UK,borough,"life expectancy at age 65, female, years; rolling period 2015 to 2017 assigned to END year; higher_is_better; 95% CI 21.1-22.1"
E09000013,Hammersmith and Fulham,2017,life_expectancy_65_male,17.8,ONS life expectancy for local areas of the UK,borough,"life expectancy at age 65, male, years; rolling period 2015 to 2017 assigned to END year; higher_is_better; 95% CI 17.3-18.4"
E09000013,Hammersmith and Fulham,2017,life_expectancy_birth_female,84.1,ONS life expectancy for local areas of the UK,borough,"life expectancy at birth, female, years; rolling period 2015 to 2017 assigned to END year; higher_is_better; 95% CI 83.5-84.7"
E09000013,Hammersmith and Fulham,2017,life_expectancy_birth_male,79.1,ONS life expectancy for local areas of the UK,borough,"life expectancy at birth, male, years; rolling period 2015 to 2017 assigned to END year; higher_is_better; 95% CI 78.5-79.7"
E09000013,Hammersmith and Fulham,2018,life_expectancy_65_female,21.6,ONS life expectancy for local areas of the UK,borough,"life expectancy at age 65, female, years; rolling period 2016 to 2018 assigned to END year; higher_is_better; 95% CI 21.2-22.1"
E09000013,Hammersmith and Fulham,2018,life_expectancy_65_male,18.2,ONS life expectancy for local areas of the UK,borough,"life expectancy at age 65, male, years; rolling period 2016 to 2018 assigned to END year; higher_is_better; 95% CI 17.6-18.7"
E09000013,Hammersmith and Fulham,2018,life_expectancy_birth_female,84.1,ONS life expectancy for local areas of the UK,borough,"life expectancy at birth, female, years; rolling period 2016 to 2018 assigned to END year; higher_is_better; 95% CI 83.5-84.6"
E09000013,Hammersmith and Fulham,2018,life_expectancy_birth_male,79.2,ONS life expectancy for local areas of the UK,borough,"life expectancy at birth, male, years; rolling period 2016 to 2018 assigned to END year; higher_is_better; 95% CI 78.6-79.8"
E09000013,Hammersmith and Fulham,2019,life_expectancy_65_female,21.7,ONS life expectancy for local areas of the UK,borough,"life expectancy at age 65, female, years; rolling period 2017 to 2019 assigned to END year; higher_is_better; 95% CI 21.2-22.2"
E09000013,Hammersmith and Fulham,2019,life_expectancy_65_male,18.3,ONS life expectancy for local areas of the UK,borough,"life expectancy at age 65, male, years; rolling period 2017 to 2019 assigned to END year; higher_is_better; 95% CI 17.8-18.8"
E09000013,Hammersmith and Fulham,2019,life_expectancy_birth_female,84.1,ONS life expectancy for local areas of the UK,borough,"life expectancy at birth, female, years; rolling period 2017 to 2019 assigned to END year; higher_is_better; 95% CI 83.5-84.7"
E09000013,Hammersmith and Fulham,2019,life_expectancy_birth_male,79.1,ONS life expectancy for local areas of the UK,borough,"life expectancy at birth, male, years; rolling period 2017 to 2019 assigned to END year; higher_is_better; 95% CI 78.5-79.7"
E09000013,Hammersmith and Fulham,2020,life_expectancy_65_female,21,ONS life expectancy for local areas of the UK,borough,"life expectancy at age 65, female, years; rolling period 2018 to 2020 assigned to END year; higher_is_better; 95% CI 20.6-21.5"
E09000013,Hammersmith and Fulham,2020,life_expectancy_65_male,17.9,ONS life expectancy for local areas of the UK,borough,"life expectancy at age 65, male, years; rolling period 2018 to 2020 assigned to END year; higher_is_better; 95% CI 17.5-18.4"
E09000013,Hammersmith and Fulham,2020,life_expectancy_birth_female,83.1,ONS life expectancy for local areas of the UK,borough,"life expectancy at birth, female, years; rolling period 2018 to 2020 assigned to END year; higher_is_better; 95% CI 82.6-83.7"
E09000013,Hammersmith and Fulham,2020,life_expectancy_birth_male,78.2,ONS life expectancy for local areas of the UK,borough,"life expectancy at birth, male, years; rolling period 2018 to 2020 assigned to END year; higher_is_better; 95% CI 77.7-78.8"
E09000013,Hammersmith and Fulham,2021,life_expectancy_65_female,21,ONS life expectancy for local areas of the UK,borough,"life expectancy at age 65, female, years; rolling period 2019 to 2021 assigned to END year; higher_is_better; 95% CI 20.5-21.4"
E09000013,Hammersmith and Fulham,2021,life_expectancy_65_male,17.7,ONS life expectancy for local areas of the UK,borough,"life expectancy at age 65, male, years; rolling period 2019 to 2021 assigned to END year; higher_is_better; 95% CI 17.2-18.1"
E09000013,Hammersmith and Fulham,2021,life_expectancy_birth_female,83,ONS life expectancy for local areas of the UK,borough,"life expectancy at birth, female, years; rolling period 2019 to 2021 assigned to END year; higher_is_better; 95% CI 82.5-83.6"
E09000013,Hammersmith and Fulham,2021,life_expectancy_birth_male,77.5,ONS life expectancy for local areas of the UK,borough,"life expectancy at birth, male, years; rolling period 2019 to 2021 assigned to END year; higher_is_better; 95% CI 77-78.1"
E09000013,Hammersmith and Fulham,2022,life_expectancy_65_female,21.1,ONS life expectancy for local areas of the UK,borough,"life expectancy at age 65, female, years; rolling period 2020 to 2022 assigned to END year; higher_is_better; 95% CI 20.7-21.6"
E09000013,Hammersmith and Fulham,2022,life_expectancy_65_male,17.5,ONS life expectancy for local areas of the UK,borough,"life expectancy at age 65, male, years; rolling period 2020 to 2022 assigned to END year; higher_is_better; 95% CI 17.1-18"
E09000013,Hammersmith and Fulham,2022,life_expectancy_birth_female,83.1,ONS life expectancy for local areas of the UK,borough,"life expectancy at birth, female, years; rolling period 2020 to 2022 assigned to END year; higher_is_better; 95% CI 82.6-83.7"
E09000013,Hammersmith and Fulham,2022,life_expectancy_birth_male,77.6,ONS life expectancy for local areas of the UK,borough,"life expectancy at birth, male, years; rolling period 2020 to 2022 assigned to END year; higher_is_better; 95% CI 77-78.1"
E09000013,Hammersmith and Fulham,2023,life_expectancy_65_female,21.9,ONS life expectancy for local areas of the UK,borough,"life expectancy at age 65, female, years; rolling period 2021 to 2023 assigned to END year; higher_is_better; 95% CI 21.5-22.4"
E09000013,Hammersmith and Fulham,2023,life_expectancy_65_male,18.2,ONS life expectancy for local areas of the UK,borough,"life expectancy at age 65, male, years; rolling period 2021 to 2023 assigned to END year; higher_is_better; 95% CI 17.8-18.7"
E09000013,Hammersmith and Fulham,2023,life_expectancy_birth_female,84.1,ONS life expectancy for local areas of the UK,borough,"life expectancy at birth, female, years; rolling period 2021 to 2023 assigned to END year; higher_is_better; 95% CI 83.6-84.7"
E09000013,Hammersmith and Fulham,2023,life_expectancy_birth_male,78.6,ONS life expectancy for local areas of the UK,borough,"life expectancy at birth, male, years; rolling period 2021 to 2023 assigned to END year; higher_is_better; 95% CI 78-79.2"
E09000013,Hammersmith and Fulham,2024,life_expectancy_65_female,22.2,ONS life expectancy for local areas of the UK,borough,"life expectancy at age 65, female, years; rolling period 2022 to 2024 assigned to END year; higher_is_better; 95% CI 21.8-22.7"
E09000013,Hammersmith and Fulham,2024,life_expectancy_65_male,19.1,ONS life expectancy for local areas of the UK,borough,"life expectancy at age 65, male, years; rolling period 2022 to 2024 assigned to END year; higher_is_better; 95% CI 18.6-19.6"
E09000013,Hammersmith and Fulham,2024,life_expectancy_birth_female,84.6,ONS life expectancy for local areas of the UK,borough,"life expectancy at birth, female, years; rolling period 2022 to 2024 assigned to END year; higher_is_better; 95% CI 84-85.1"
E09000013,Hammersmith and Fulham,2024,life_expectancy_birth_male,80,ONS life expectancy for local areas of the UK,borough,"life expectancy at birth, male, years; rolling period 2022 to 2024 assigned to END year; higher_is_better; 95% CI 79.4-80.6"
E09000014,Haringey,2003,life_expectancy_65_female,19,ONS life expectancy for local areas of the UK,borough,"life expectancy at age 65, female, years; rolling period 2001 to 2003 assigned to END year; higher_is_better; 95% CI 18.6-19.4"
E09000014,Haringey,2003,life_expectancy_65_male,15.5,ONS life expectancy for local areas of the UK,borough,"life expectancy at age 65, male, years; rolling period 2001 to 2003 assigned to END year; higher_is_better; 95% CI 15.1-15.9"
E09000014,Haringey,2003,life_expectancy_birth_female,79.8,ONS life expectancy for local areas of the UK,borough,"life expectancy at birth, female, years; rolling period 2001 to 2003 assigned to END year; higher_is_better; 95% CI 79.2-80.3"
E09000014,Haringey,2003,life_expectancy_birth_male,74.6,ONS life expectancy for local areas of the UK,borough,"life expectancy at birth, male, years; rolling period 2001 to 2003 assigned to END year; higher_is_better; 95% CI 74.1-75.1"
E09000014,Haringey,2004,life_expectancy_65_female,19.3,ONS life expectancy for local areas of the UK,borough,"life expectancy at age 65, female, years; rolling period 2002 to 2004 assigned to END year; higher_is_better; 95% CI 18.9-19.7"
E09000014,Haringey,2004,life_expectancy_65_male,15.8,ONS life expectancy for local areas of the UK,borough,"life expectancy at age 65, male, years; rolling period 2002 to 2004 assigned to END year; higher_is_better; 95% CI 15.4-16.2"
E09000014,Haringey,2004,life_expectancy_birth_female,80.2,ONS life expectancy for local areas of the UK,borough,"life expectancy at birth, female, years; rolling period 2002 to 2004 assigned to END year; higher_is_better; 95% CI 79.7-80.7"
E09000014,Haringey,2004,life_expectancy_birth_male,74.7,ONS life expectancy for local areas of the UK,borough,"life expectancy at birth, male, years; rolling period 2002 to 2004 assigned to END year; higher_is_better; 95% CI 74.2-75.2"
E09000014,Haringey,2005,life_expectancy_65_female,19.9,ONS life expectancy for local areas of the UK,borough,"life expectancy at age 65, female, years; rolling period 2003 to 2005 assigned to END year; higher_is_better; 95% CI 19.5-20.4"
E09000014,Haringey,2005,life_expectancy_65_male,16.3,ONS life expectancy for local areas of the UK,borough,"life expectancy at age 65, male, years; rolling period 2003 to 2005 assigned to END year; higher_is_better; 95% CI 15.9-16.7"
E09000014,Haringey,2005,life_expectancy_birth_female,80.9,ONS life expectancy for local areas of the UK,borough,"life expectancy at birth, female, years; rolling period 2003 to 2005 assigned to END year; higher_is_better; 95% CI 80.3-81.4"
E09000014,Haringey,2005,life_expectancy_birth_male,75.2,ONS life expectancy for local areas of the UK,borough,"life expectancy at birth, male, years; rolling period 2003 to 2005 assigned to END year; higher_is_better; 95% CI 74.7-75.8"
E09000014,Haringey,2006,life_expectancy_65_female,20.6,ONS life expectancy for local areas of the UK,borough,"life expectancy at age 65, female, years; rolling period 2004 to 2006 assigned to END year; higher_is_better; 95% CI 20.1-21.1"
E09000014,Haringey,2006,life_expectancy_65_male,17,ONS life expectancy for local areas of the UK,borough,"life expectancy at age 65, male, years; rolling period 2004 to 2006 assigned to END year; higher_is_better; 95% CI 16.5-17.4"
E09000014,Haringey,2006,life_expectancy_birth_female,82,ONS life expectancy for local areas of the UK,borough,"life expectancy at birth, female, years; rolling period 2004 to 2006 assigned to END year; higher_is_better; 95% CI 81.4-82.5"
E09000014,Haringey,2006,life_expectancy_birth_male,76,ONS life expectancy for local areas of the UK,borough,"life expectancy at birth, male, years; rolling period 2004 to 2006 assigned to END year; higher_is_better; 95% CI 75.5-76.6"
E09000014,Haringey,2007,life_expectancy_65_female,21,ONS life expectancy for local areas of the UK,borough,"life expectancy at age 65, female, years; rolling period 2005 to 2007 assigned to END year; higher_is_better; 95% CI 20.6-21.5"
E09000014,Haringey,2007,life_expectancy_65_male,17,ONS life expectancy for local areas of the UK,borough,"life expectancy at age 65, male, years; rolling period 2005 to 2007 assigned to END year; higher_is_better; 95% CI 16.6-17.4"
E09000014,Haringey,2007,life_expectancy_birth_female,82.6,ONS life expectancy for local areas of the UK,borough,"life expectancy at birth, female, years; rolling period 2005 to 2007 assigned to END year; higher_is_better; 95% CI 82.1-83.2"
E09000014,Haringey,2007,life_expectancy_birth_male,76.2,ONS life expectancy for local areas of the UK,borough,"life expectancy at birth, male, years; rolling period 2005 to 2007 assigned to END year; higher_is_better; 95% CI 75.7-76.7"
E09000014,Haringey,2008,life_expectancy_65_female,21.3,ONS life expectancy for local areas of the UK,borough,"life expectancy at age 65, female, years; rolling period 2006 to 2008 assigned to END year; higher_is_better; 95% CI 20.8-21.7"
E09000014,Haringey,2008,life_expectancy_65_male,17.1,ONS life expectancy for local areas of the UK,borough,"life expectancy at age 65, male, years; rolling period 2006 to 2008 assigned to END year; higher_is_better; 95% CI 16.7-17.5"
E09000014,Haringey,2008,life_expectancy_birth_female,83,ONS life expectancy for local areas of the UK,borough,"life expectancy at birth, female, years; rolling period 2006 to 2008 assigned to END year; higher_is_better; 95% CI 82.4-83.5"
E09000014,Haringey,2008,life_expectancy_birth_male,76.4,ONS life expectancy for local areas of the UK,borough,"life expectancy at birth, male, years; rolling period 2006 to 2008 assigned to END year; higher_is_better; 95% CI 75.9-77"
E09000014,Haringey,2009,life_expectancy_65_female,21.7,ONS life expectancy for local areas of the UK,borough,"life expectancy at age 65, female, years; rolling period 2007 to 2009 assigned to END year; higher_is_better; 95% CI 21.2-22.2"
E09000014,Haringey,2009,life_expectancy_65_male,17.4,ONS life expectancy for local areas of the UK,borough,"life expectancy at age 65, male, years; rolling period 2007 to 2009 assigned to END year; higher_is_better; 95% CI 17-17.8"
E09000014,Haringey,2009,life_expectancy_birth_female,83.5,ONS life expectancy for local areas of the UK,borough,"life expectancy at birth, female, years; rolling period 2007 to 2009 assigned to END year; higher_is_better; 95% CI 82.9-84.1"
E09000014,Haringey,2009,life_expectancy_birth_male,76.9,ONS life expectancy for local areas of the UK,borough,"life expectancy at birth, male, years; rolling period 2007 to 2009 assigned to END year; higher_is_better; 95% CI 76.4-77.4"
E09000014,Haringey,2010,life_expectancy_65_female,21.8,ONS life expectancy for local areas of the UK,borough,"life expectancy at age 65, female, years; rolling period 2008 to 2010 assigned to END year; higher_is_better; 95% CI 21.3-22.3"
E09000014,Haringey,2010,life_expectancy_65_male,18.1,ONS life expectancy for local areas of the UK,borough,"life expectancy at age 65, male, years; rolling period 2008 to 2010 assigned to END year; higher_is_better; 95% CI 17.7-18.6"
E09000014,Haringey,2010,life_expectancy_birth_female,83.5,ONS life expectancy for local areas of the UK,borough,"life expectancy at birth, female, years; rolling period 2008 to 2010 assigned to END year; higher_is_better; 95% CI 82.9-84.1"
E09000014,Haringey,2010,life_expectancy_birth_male,77.8,ONS life expectancy for local areas of the UK,borough,"life expectancy at birth, male, years; rolling period 2008 to 2010 assigned to END year; higher_is_better; 95% CI 77.3-78.3"
E09000014,Haringey,2011,life_expectancy_65_female,21.8,ONS life expectancy for local areas of the UK,borough,"life expectancy at age 65, female, years; rolling period 2009 to 2011 assigned to END year; higher_is_better; 95% CI 21.3-22.3"
E09000014,Haringey,2011,life_expectancy_65_male,18.7,ONS life expectancy for local areas of the UK,borough,"life expectancy at age 65, male, years; rolling period 2009 to 2011 assigned to END year; higher_is_better; 95% CI 18.2-19.2"
E09000014,Haringey,2011,life_expectancy_birth_female,83.5,ONS life expectancy for local areas of the UK,borough,"life expectancy at birth, female, years; rolling period 2009 to 2011 assigned to END year; higher_is_better; 95% CI 82.9-84.1"
E09000014,Haringey,2011,life_expectancy_birth_male,78.7,ONS life expectancy for local areas of the UK,borough,"life expectancy at birth, male, years; rolling period 2009 to 2011 assigned to END year; higher_is_better; 95% CI 78.1-79.2"
E09000014,Haringey,2012,life_expectancy_65_female,21.7,ONS life expectancy for local areas of the UK,borough,"life expectancy at age 65, female, years; rolling period 2010 to 2012 assigned to END year; higher_is_better; 95% CI 21.2-22.1"
E09000014,Haringey,2012,life_expectancy_65_male,18.9,ONS life expectancy for local areas of the UK,borough,"life expectancy at age 65, male, years; rolling period 2010 to 2012 assigned to END year; higher_is_better; 95% CI 18.4-19.4"
E09000014,Haringey,2012,life_expectancy_birth_female,83.5,ONS life expectancy for local areas of the UK,borough,"life expectancy at birth, female, years; rolling period 2010 to 2012 assigned to END year; higher_is_better; 95% CI 83-84.1"
E09000014,Haringey,2012,life_expectancy_birth_male,79.2,ONS life expectancy for local areas of the UK,borough,"life expectancy at birth, male, years; rolling period 2010 to 2012 assigned to END year; higher_is_better; 95% CI 78.6-79.7"
E09000014,Haringey,2013,life_expectancy_65_female,22.1,ONS life expectancy for local areas of the UK,borough,"life expectancy at age 65, female, years; rolling period 2011 to 2013 assigned to END year; higher_is_better; 95% CI 21.6-22.6"
E09000014,Haringey,2013,life_expectancy_65_male,19.1,ONS life expectancy for local areas of the UK,borough,"life expectancy at age 65, male, years; rolling period 2011 to 2013 assigned to END year; higher_is_better; 95% CI 18.6-19.6"
E09000014,Haringey,2013,life_expectancy_birth_female,84.2,ONS life expectancy for local areas of the UK,borough,"life expectancy at birth, female, years; rolling period 2011 to 2013 assigned to END year; higher_is_better; 95% CI 83.7-84.8"
E09000014,Haringey,2013,life_expectancy_birth_male,79.8,ONS life expectancy for local areas of the UK,borough,"life expectancy at birth, male, years; rolling period 2011 to 2013 assigned to END year; higher_is_better; 95% CI 79.3-80.4"
E09000014,Haringey,2014,life_expectancy_65_female,22.3,ONS life expectancy for local areas of the UK,borough,"life expectancy at age 65, female, years; rolling period 2012 to 2014 assigned to END year; higher_is_better; 95% CI 21.8-22.8"
E09000014,Haringey,2014,life_expectancy_65_male,19.1,ONS life expectancy for local areas of the UK,borough,"life expectancy at age 65, male, years; rolling period 2012 to 2014 assigned to END year; higher_is_better; 95% CI 18.6-19.6"
E09000014,Haringey,2014,life_expectancy_birth_female,84.4,ONS life expectancy for local areas of the UK,borough,"life expectancy at birth, female, years; rolling period 2012 to 2014 assigned to END year; higher_is_better; 95% CI 83.9-85"
E09000014,Haringey,2014,life_expectancy_birth_male,79.9,ONS life expectancy for local areas of the UK,borough,"life expectancy at birth, male, years; rolling period 2012 to 2014 assigned to END year; higher_is_better; 95% CI 79.3-80.4"
E09000014,Haringey,2015,life_expectancy_65_female,22.2,ONS life expectancy for local areas of the UK,borough,"life expectancy at age 65, female, years; rolling period 2013 to 2015 assigned to END year; higher_is_better; 95% CI 21.7-22.7"
E09000014,Haringey,2015,life_expectancy_65_male,19.1,ONS life expectancy for local areas of the UK,borough,"life expectancy at age 65, male, years; rolling period 2013 to 2015 assigned to END year; higher_is_better; 95% CI 18.6-19.5"
E09000014,Haringey,2015,life_expectancy_birth_female,84.4,ONS life expectancy for local areas of the UK,borough,"life expectancy at birth, female, years; rolling period 2013 to 2015 assigned to END year; higher_is_better; 95% CI 83.8-84.9"
E09000014,Haringey,2015,life_expectancy_birth_male,79.8,ONS life expectancy for local areas of the UK,borough,"life expectancy at birth, male, years; rolling period 2013 to 2015 assigned to END year; higher_is_better; 95% CI 79.3-80.3"
E09000014,Haringey,2016,life_expectancy_65_female,22.1,ONS life expectancy for local areas of the UK,borough,"life expectancy at age 65, female, years; rolling period 2014 to 2016 assigned to END year; higher_is_better; 95% CI 21.6-22.6"
E09000014,Haringey,2016,life_expectancy_65_male,19,ONS life expectancy for local areas of the UK,borough,"life expectancy at age 65, male, years; rolling period 2014 to 2016 assigned to END year; higher_is_better; 95% CI 18.6-19.5"
E09000014,Haringey,2016,life_expectancy_birth_female,84.4,ONS life expectancy for local areas of the UK,borough,"life expectancy at birth, female, years; rolling period 2014 to 2016 assigned to END year; higher_is_better; 95% CI 83.9-84.9"
E09000014,Haringey,2016,life_expectancy_birth_male,79.8,ONS life expectancy for local areas of the UK,borough,"life expectancy at birth, male, years; rolling period 2014 to 2016 assigned to END year; higher_is_better; 95% CI 79.3-80.3"
E09000014,Haringey,2017,life_expectancy_65_female,22.2,ONS life expectancy for local areas of the UK,borough,"life expectancy at age 65, female, years; rolling period 2015 to 2017 assigned to END year; higher_is_better; 95% CI 21.8-22.7"
E09000014,Haringey,2017,life_expectancy_65_male,19.1,ONS life expectancy for local areas of the UK,borough,"life expectancy at age 65, male, years; rolling period 2015 to 2017 assigned to END year; higher_is_better; 95% CI 18.7-19.6"
E09000014,Haringey,2017,life_expectancy_birth_female,84.5,ONS life expectancy for local areas of the UK,borough,"life expectancy at birth, female, years; rolling period 2015 to 2017 assigned to END year; higher_is_better; 95% CI 84-85"
E09000014,Haringey,2017,life_expectancy_birth_male,80.1,ONS life expectancy for local areas of the UK,borough,"life expectancy at birth, male, years; rolling period 2015 to 2017 assigned to END year; higher_is_better; 95% CI 79.6-80.7"
E09000014,Haringey,2018,life_expectancy_65_female,22.5,ONS life expectancy for local areas of the UK,borough,"life expectancy at age 65, female, years; rolling period 2016 to 2018 assigned to END year; higher_is_better; 95% CI 22-22.9"
E09000014,Haringey,2018,life_expectancy_65_male,19.2,ONS life expectancy for local areas of the UK,borough,"life expectancy at age 65, male, years; rolling period 2016 to 2018 assigned to END year; higher_is_better; 95% CI 18.7-19.6"
E09000014,Haringey,2018,life_expectancy_birth_female,84.7,ONS life expectancy for local areas of the UK,borough,"life expectancy at birth, female, years; rolling period 2016 to 2018 assigned to END year; higher_is_better; 95% CI 84.2-85.2"
E09000014,Haringey,2018,life_expectancy_birth_male,80.4,ONS life expectancy for local areas of the UK,borough,"life expectancy at birth, male, years; rolling period 2016 to 2018 assigned to END year; higher_is_better; 95% CI 79.9-80.9"
E09000014,Haringey,2019,life_expectancy_65_female,22.3,ONS life expectancy for local areas of the UK,borough,"life expectancy at age 65, female, years; rolling period 2017 to 2019 assigned to END year; higher_is_better; 95% CI 21.9-22.7"
E09000014,Haringey,2019,life_expectancy_65_male,19.1,ONS life expectancy for local areas of the UK,borough,"life expectancy at age 65, male, years; rolling period 2017 to 2019 assigned to END year; higher_is_better; 95% CI 18.7-19.6"
E09000014,Haringey,2019,life_expectancy_birth_female,84.6,ONS life expectancy for local areas of the UK,borough,"life expectancy at birth, female, years; rolling period 2017 to 2019 assigned to END year; higher_is_better; 95% CI 84.1-85.1"
E09000014,Haringey,2019,life_expectancy_birth_male,80.2,ONS life expectancy for local areas of the UK,borough,"life expectancy at birth, male, years; rolling period 2017 to 2019 assigned to END year; higher_is_better; 95% CI 79.7-80.7"
E09000014,Haringey,2020,life_expectancy_65_female,21.7,ONS life expectancy for local areas of the UK,borough,"life expectancy at age 65, female, years; rolling period 2018 to 2020 assigned to END year; higher_is_better; 95% CI 21.3-22.1"
E09000014,Haringey,2020,life_expectancy_65_male,18.4,ONS life expectancy for local areas of the UK,borough,"life expectancy at age 65, male, years; rolling period 2018 to 2020 assigned to END year; higher_is_better; 95% CI 18-18.8"
E09000014,Haringey,2020,life_expectancy_birth_female,84.1,ONS life expectancy for local areas of the UK,borough,"life expectancy at birth, female, years; rolling period 2018 to 2020 assigned to END year; higher_is_better; 95% CI 83.7-84.6"
E09000014,Haringey,2020,life_expectancy_birth_male,79.1,ONS life expectancy for local areas of the UK,borough,"life expectancy at birth, male, years; rolling period 2018 to 2020 assigned to END year; higher_is_better; 95% CI 78.7-79.6"
E09000014,Haringey,2021,life_expectancy_65_female,21.4,ONS life expectancy for local areas of the UK,borough,"life expectancy at age 65, female, years; rolling period 2019 to 2021 assigned to END year; higher_is_better; 95% CI 21-21.8"
E09000014,Haringey,2021,life_expectancy_65_male,18,ONS life expectancy for local areas of the UK,borough,"life expectancy at age 65, male, years; rolling period 2019 to 2021 assigned to END year; higher_is_better; 95% CI 17.7-18.4"
E09000014,Haringey,2021,life_expectancy_birth_female,83.7,ONS life expectancy for local areas of the UK,borough,"life expectancy at birth, female, years; rolling period 2019 to 2021 assigned to END year; higher_is_better; 95% CI 83.3-84.2"
E09000014,Haringey,2021,life_expectancy_birth_male,78.5,ONS life expectancy for local areas of the UK,borough,"life expectancy at birth, male, years; rolling period 2019 to 2021 assigned to END year; higher_is_better; 95% CI 78-79"
E09000014,Haringey,2022,life_expectancy_65_female,21.6,ONS life expectancy for local areas of the UK,borough,"life expectancy at age 65, female, years; rolling period 2020 to 2022 assigned to END year; higher_is_better; 95% CI 21.2-22.1"
E09000014,Haringey,2022,life_expectancy_65_male,18.1,ONS life expectancy for local areas of the UK,borough,"life expectancy at age 65, male, years; rolling period 2020 to 2022 assigned to END year; higher_is_better; 95% CI 17.7-18.5"
E09000014,Haringey,2022,life_expectancy_birth_female,84,ONS life expectancy for local areas of the UK,borough,"life expectancy at birth, female, years; rolling period 2020 to 2022 assigned to END year; higher_is_better; 95% CI 83.5-84.4"
E09000014,Haringey,2022,life_expectancy_birth_male,78.4,ONS life expectancy for local areas of the UK,borough,"life expectancy at birth, male, years; rolling period 2020 to 2022 assigned to END year; higher_is_better; 95% CI 78-78.9"
E09000014,Haringey,2023,life_expectancy_65_female,22.2,ONS life expectancy for local areas of the UK,borough,"life expectancy at age 65, female, years; rolling period 2021 to 2023 assigned to END year; higher_is_better; 95% CI 21.8-22.6"
E09000014,Haringey,2023,life_expectancy_65_male,18.8,ONS life expectancy for local areas of the UK,borough,"life expectancy at age 65, male, years; rolling period 2021 to 2023 assigned to END year; higher_is_better; 95% CI 18.4-19.2"
E09000014,Haringey,2023,life_expectancy_birth_female,84.5,ONS life expectancy for local areas of the UK,borough,"life expectancy at birth, female, years; rolling period 2021 to 2023 assigned to END year; higher_is_better; 95% CI 84-85"
E09000014,Haringey,2023,life_expectancy_birth_male,79.2,ONS life expectancy for local areas of the UK,borough,"life expectancy at birth, male, years; rolling period 2021 to 2023 assigned to END year; higher_is_better; 95% CI 78.7-79.7"
E09000014,Haringey,2024,life_expectancy_65_female,23,ONS life expectancy for local areas of the UK,borough,"life expectancy at age 65, female, years; rolling period 2022 to 2024 assigned to END year; higher_is_better; 95% CI 22.6-23.5"
E09000014,Haringey,2024,life_expectancy_65_male,19.4,ONS life expectancy for local areas of the UK,borough,"life expectancy at age 65, male, years; rolling period 2022 to 2024 assigned to END year; higher_is_better; 95% CI 19-19.8"
E09000014,Haringey,2024,life_expectancy_birth_female,85.5,ONS life expectancy for local areas of the UK,borough,"life expectancy at birth, female, years; rolling period 2022 to 2024 assigned to END year; higher_is_better; 95% CI 85-86"
E09000014,Haringey,2024,life_expectancy_birth_male,80,ONS life expectancy for local areas of the UK,borough,"life expectancy at birth, male, years; rolling period 2022 to 2024 assigned to END year; higher_is_better; 95% CI 79.5-80.5"
E09000015,Harrow,2003,life_expectancy_65_female,20.9,ONS life expectancy for local areas of the UK,borough,"life expectancy at age 65, female, years; rolling period 2001 to 2003 assigned to END year; higher_is_better; 95% CI 20.6-21.3"
E09000015,Harrow,2003,life_expectancy_65_male,17.8,ONS life expectancy for local areas of the UK,borough,"life expectancy at age 65, male, years; rolling period 2001 to 2003 assigned to END year; higher_is_better; 95% CI 17.4-18.2"
E09000015,Harrow,2003,life_expectancy_birth_female,82.8,ONS life expectancy for local areas of the UK,borough,"life expectancy at birth, female, years; rolling period 2001 to 2003 assigned to END year; higher_is_better; 95% CI 82.4-83.3"
E09000015,Harrow,2003,life_expectancy_birth_male,78.4,ONS life expectancy for local areas of the UK,borough,"life expectancy at birth, male, years; rolling period 2001 to 2003 assigned to END year; higher_is_better; 95% CI 77.9-78.9"
E09000015,Harrow,2004,life_expectancy_65_female,20.9,ONS life expectancy for local areas of the UK,borough,"life expectancy at age 65, female, years; rolling period 2002 to 2004 assigned to END year; higher_is_better; 95% CI 20.5-21.2"
E09000015,Harrow,2004,life_expectancy_65_male,18,ONS life expectancy for local areas of the UK,borough,"life expectancy at age 65, male, years; rolling period 2002 to 2004 assigned to END year; higher_is_better; 95% CI 17.6-18.4"
E09000015,Harrow,2004,life_expectancy_birth_female,82.8,ONS life expectancy for local areas of the UK,borough,"life expectancy at birth, female, years; rolling period 2002 to 2004 assigned to END year; higher_is_better; 95% CI 82.3-83.3"
E09000015,Harrow,2004,life_expectancy_birth_male,78.5,ONS life expectancy for local areas of the UK,borough,"life expectancy at birth, male, years; rolling period 2002 to 2004 assigned to END year; higher_is_better; 95% CI 78-79"
E09000015,Harrow,2005,life_expectancy_65_female,20.7,ONS life expectancy for local areas of the UK,borough,"life expectancy at age 65, female, years; rolling period 2003 to 2005 assigned to END year; higher_is_better; 95% CI 20.4-21.1"
E09000015,Harrow,2005,life_expectancy_65_male,18.2,ONS life expectancy for local areas of the UK,borough,"life expectancy at age 65, male, years; rolling period 2003 to 2005 assigned to END year; higher_is_better; 95% CI 17.8-18.6"
E09000015,Harrow,2005,life_expectancy_birth_female,82.6,ONS life expectancy for local areas of the UK,borough,"life expectancy at birth, female, years; rolling period 2003 to 2005 assigned to END year; higher_is_better; 95% CI 82.2-83.1"
E09000015,Harrow,2005,life_expectancy_birth_male,78.8,ONS life expectancy for local areas of the UK,borough,"life expectancy at birth, male, years; rolling period 2003 to 2005 assigned to END year; higher_is_better; 95% CI 78.3-79.3"
E09000015,Harrow,2006,life_expectancy_65_female,21.1,ONS life expectancy for local areas of the UK,borough,"life expectancy at age 65, female, years; rolling period 2004 to 2006 assigned to END year; higher_is_better; 95% CI 20.8-21.5"
E09000015,Harrow,2006,life_expectancy_65_male,18.4,ONS life expectancy for local areas of the UK,borough,"life expectancy at age 65, male, years; rolling period 2004 to 2006 assigned to END year; higher_is_better; 95% CI 18-18.8"
E09000015,Harrow,2006,life_expectancy_birth_female,83.1,ONS life expectancy for local areas of the UK,borough,"life expectancy at birth, female, years; rolling period 2004 to 2006 assigned to END year; higher_is_better; 95% CI 82.6-83.6"
E09000015,Harrow,2006,life_expectancy_birth_male,79,ONS life expectancy for local areas of the UK,borough,"life expectancy at birth, male, years; rolling period 2004 to 2006 assigned to END year; higher_is_better; 95% CI 78.5-79.5"
E09000015,Harrow,2007,life_expectancy_65_female,21.4,ONS life expectancy for local areas of the UK,borough,"life expectancy at age 65, female, years; rolling period 2005 to 2007 assigned to END year; higher_is_better; 95% CI 21-21.8"
E09000015,Harrow,2007,life_expectancy_65_male,18.6,ONS life expectancy for local areas of the UK,borough,"life expectancy at age 65, male, years; rolling period 2005 to 2007 assigned to END year; higher_is_better; 95% CI 18.2-19"
E09000015,Harrow,2007,life_expectancy_birth_female,83.6,ONS life expectancy for local areas of the UK,borough,"life expectancy at birth, female, years; rolling period 2005 to 2007 assigned to END year; higher_is_better; 95% CI 83.1-84.1"
E09000015,Harrow,2007,life_expectancy_birth_male,79.7,ONS life expectancy for local areas of the UK,borough,"life expectancy at birth, male, years; rolling period 2005 to 2007 assigned to END year; higher_is_better; 95% CI 79.2-80.2"
E09000015,Harrow,2008,life_expectancy_65_female,21.8,ONS life expectancy for local areas of the UK,borough,"life expectancy at age 65, female, years; rolling period 2006 to 2008 assigned to END year; higher_is_better; 95% CI 21.4-22.2"
E09000015,Harrow,2008,life_expectancy_65_male,19.1,ONS life expectancy for local areas of the UK,borough,"life expectancy at age 65, male, years; rolling period 2006 to 2008 assigned to END year; higher_is_better; 95% CI 18.7-19.5"
E09000015,Harrow,2008,life_expectancy_birth_female,84.1,ONS life expectancy for local areas of the UK,borough,"life expectancy at birth, female, years; rolling period 2006 to 2008 assigned to END year; higher_is_better; 95% CI 83.6-84.5"
E09000015,Harrow,2008,life_expectancy_birth_male,80.5,ONS life expectancy for local areas of the UK,borough,"life expectancy at birth, male, years; rolling period 2006 to 2008 assigned to END year; higher_is_better; 95% CI 80-81"
E09000015,Harrow,2009,life_expectancy_65_female,22,ONS life expectancy for local areas of the UK,borough,"life expectancy at age 65, female, years; rolling period 2007 to 2009 assigned to END year; higher_is_better; 95% CI 21.6-22.4"
E09000015,Harrow,2009,life_expectancy_65_male,19.7,ONS life expectancy for local areas of the UK,borough,"life expectancy at age 65, male, years; rolling period 2007 to 2009 assigned to END year; higher_is_better; 95% CI 19.3-20.1"
E09000015,Harrow,2009,life_expectancy_birth_female,84.3,ONS life expectancy for local areas of the UK,borough,"life expectancy at birth, female, years; rolling period 2007 to 2009 assigned to END year; higher_is_better; 95% CI 83.8-84.8"
E09000015,Harrow,2009,life_expectancy_birth_male,81.1,ONS life expectancy for local areas of the UK,borough,"life expectancy at birth, male, years; rolling period 2007 to 2009 assigned to END year; higher_is_better; 95% CI 80.6-81.7"
E09000015,Harrow,2010,life_expectancy_65_female,22.3,ONS life expectancy for local areas of the UK,borough,"life expectancy at age 65, female, years; rolling period 2008 to 2010 assigned to END year; higher_is_better; 95% CI 22-22.7"
E09000015,Harrow,2010,life_expectancy_65_male,20.2,ONS life expectancy for local areas of the UK,borough,"life expectancy at age 65, male, years; rolling period 2008 to 2010 assigned to END year; higher_is_better; 95% CI 19.8-20.6"
E09000015,Harrow,2010,life_expectancy_birth_female,84.4,ONS life expectancy for local areas of the UK,borough,"life expectancy at birth, female, years; rolling period 2008 to 2010 assigned to END year; higher_is_better; 95% CI 84-84.9"
E09000015,Harrow,2010,life_expectancy_birth_male,81.4,ONS life expectancy for local areas of the UK,borough,"life expectancy at birth, male, years; rolling period 2008 to 2010 assigned to END year; higher_is_better; 95% CI 80.9-81.9"
E09000015,Harrow,2011,life_expectancy_65_female,22.8,ONS life expectancy for local areas of the UK,borough,"life expectancy at age 65, female, years; rolling period 2009 to 2011 assigned to END year; higher_is_better; 95% CI 22.4-23.1"
E09000015,Harrow,2011,life_expectancy_65_male,20.4,ONS life expectancy for local areas of the UK,borough,"life expectancy at age 65, male, years; rolling period 2009 to 2011 assigned to END year; higher_is_better; 95% CI 20-20.8"
E09000015,Harrow,2011,life_expectancy_birth_female,84.9,ONS life expectancy for local areas of the UK,borough,"life expectancy at birth, female, years; rolling period 2009 to 2011 assigned to END year; higher_is_better; 95% CI 84.5-85.4"
E09000015,Harrow,2011,life_expectancy_birth_male,81.4,ONS life expectancy for local areas of the UK,borough,"life expectancy at birth, male, years; rolling period 2009 to 2011 assigned to END year; higher_is_better; 95% CI 80.9-81.9"
E09000015,Harrow,2012,life_expectancy_65_female,22.9,ONS life expectancy for local areas of the UK,borough,"life expectancy at age 65, female, years; rolling period 2010 to 2012 assigned to END year; higher_is_better; 95% CI 22.5-23.3"
E09000015,Harrow,2012,life_expectancy_65_male,20.5,ONS life expectancy for local areas of the UK,borough,"life expectancy at age 65, male, years; rolling period 2010 to 2012 assigned to END year; higher_is_better; 95% CI 20.1-20.9"
E09000015,Harrow,2012,life_expectancy_birth_female,85.1,ONS life expectancy for local areas of the UK,borough,"life expectancy at birth, female, years; rolling period 2010 to 2012 assigned to END year; higher_is_better; 95% CI 84.6-85.6"
E09000015,Harrow,2012,life_expectancy_birth_male,81.6,ONS life expectancy for local areas of the UK,borough,"life expectancy at birth, male, years; rolling period 2010 to 2012 assigned to END year; higher_is_better; 95% CI 81.1-82.2"
E09000015,Harrow,2013,life_expectancy_65_female,23,ONS life expectancy for local areas of the UK,borough,"life expectancy at age 65, female, years; rolling period 2011 to 2013 assigned to END year; higher_is_better; 95% CI 22.6-23.4"
E09000015,Harrow,2013,life_expectancy_65_male,20.6,ONS life expectancy for local areas of the UK,borough,"life expectancy at age 65, male, years; rolling period 2011 to 2013 assigned to END year; higher_is_better; 95% CI 20.2-21.1"
E09000015,Harrow,2013,life_expectancy_birth_female,85.5,ONS life expectancy for local areas of the UK,borough,"life expectancy at birth, female, years; rolling period 2011 to 2013 assigned to END year; higher_is_better; 95% CI 85-86"
E09000015,Harrow,2013,life_expectancy_birth_male,82,ONS life expectancy for local areas of the UK,borough,"life expectancy at birth, male, years; rolling period 2011 to 2013 assigned to END year; higher_is_better; 95% CI 81.5-82.6"
E09000015,Harrow,2014,life_expectancy_65_female,23.1,ONS life expectancy for local areas of the UK,borough,"life expectancy at age 65, female, years; rolling period 2012 to 2014 assigned to END year; higher_is_better; 95% CI 22.7-23.4"
E09000015,Harrow,2014,life_expectancy_65_male,20.8,ONS life expectancy for local areas of the UK,borough,"life expectancy at age 65, male, years; rolling period 2012 to 2014 assigned to END year; higher_is_better; 95% CI 20.4-21.2"
E09000015,Harrow,2014,life_expectancy_birth_female,85.7,ONS life expectancy for local areas of the UK,borough,"life expectancy at birth, female, years; rolling period 2012 to 2014 assigned to END year; higher_is_better; 95% CI 85.2-86.1"
E09000015,Harrow,2014,life_expectancy_birth_male,82.3,ONS life expectancy for local areas of the UK,borough,"life expectancy at birth, male, years; rolling period 2012 to 2014 assigned to END year; higher_is_better; 95% CI 81.8-82.8"
E09000015,Harrow,2015,life_expectancy_65_female,23.1,ONS life expectancy for local areas of the UK,borough,"life expectancy at age 65, female, years; rolling period 2013 to 2015 assigned to END year; higher_is_better; 95% CI 22.7-23.5"
E09000015,Harrow,2015,life_expectancy_65_male,20.7,ONS life expectancy for local areas of the UK,borough,"life expectancy at age 65, male, years; rolling period 2013 to 2015 assigned to END year; higher_is_better; 95% CI 20.3-21.1"
E09000015,Harrow,2015,life_expectancy_birth_female,85.9,ONS life expectancy for local areas of the UK,borough,"life expectancy at birth, female, years; rolling period 2013 to 2015 assigned to END year; higher_is_better; 95% CI 85.4-86.3"
E09000015,Harrow,2015,life_expectancy_birth_male,82.2,ONS life expectancy for local areas of the UK,borough,"life expectancy at birth, male, years; rolling period 2013 to 2015 assigned to END year; higher_is_better; 95% CI 81.7-82.7"
E09000015,Harrow,2016,life_expectancy_65_female,23.1,ONS life expectancy for local areas of the UK,borough,"life expectancy at age 65, female, years; rolling period 2014 to 2016 assigned to END year; higher_is_better; 95% CI 22.7-23.5"
E09000015,Harrow,2016,life_expectancy_65_male,20.8,ONS life expectancy for local areas of the UK,borough,"life expectancy at age 65, male, years; rolling period 2014 to 2016 assigned to END year; higher_is_better; 95% CI 20.4-21.2"
E09000015,Harrow,2016,life_expectancy_birth_female,85.8,ONS life expectancy for local areas of the UK,borough,"life expectancy at birth, female, years; rolling period 2014 to 2016 assigned to END year; higher_is_better; 95% CI 85.4-86.3"
E09000015,Harrow,2016,life_expectancy_birth_male,82.3,ONS life expectancy for local areas of the UK,borough,"life expectancy at birth, male, years; rolling period 2014 to 2016 assigned to END year; higher_is_better; 95% CI 81.8-82.8"
E09000015,Harrow,2017,life_expectancy_65_female,23.1,ONS life expectancy for local areas of the UK,borough,"life expectancy at age 65, female, years; rolling period 2015 to 2017 assigned to END year; higher_is_better; 95% CI 22.7-23.5"
E09000015,Harrow,2017,life_expectancy_65_male,20.9,ONS life expectancy for local areas of the UK,borough,"life expectancy at age 65, male, years; rolling period 2015 to 2017 assigned to END year; higher_is_better; 95% CI 20.5-21.3"
E09000015,Harrow,2017,life_expectancy_birth_female,85.8,ONS life expectancy for local areas of the UK,borough,"life expectancy at birth, female, years; rolling period 2015 to 2017 assigned to END year; higher_is_better; 95% CI 85.3-86.2"
E09000015,Harrow,2017,life_expectancy_birth_male,82.4,ONS life expectancy for local areas of the UK,borough,"life expectancy at birth, male, years; rolling period 2015 to 2017 assigned to END year; higher_is_better; 95% CI 81.9-82.9"
E09000015,Harrow,2018,life_expectancy_65_female,23.2,ONS life expectancy for local areas of the UK,borough,"life expectancy at age 65, female, years; rolling period 2016 to 2018 assigned to END year; higher_is_better; 95% CI 22.9-23.6"
E09000015,Harrow,2018,life_expectancy_65_male,21.2,ONS life expectancy for local areas of the UK,borough,"life expectancy at age 65, male, years; rolling period 2016 to 2018 assigned to END year; higher_is_better; 95% CI 20.8-21.6"
E09000015,Harrow,2018,life_expectancy_birth_female,85.9,ONS life expectancy for local areas of the UK,borough,"life expectancy at birth, female, years; rolling period 2016 to 2018 assigned to END year; higher_is_better; 95% CI 85.4-86.3"
E09000015,Harrow,2018,life_expectancy_birth_male,82.9,ONS life expectancy for local areas of the UK,borough,"life expectancy at birth, male, years; rolling period 2016 to 2018 assigned to END year; higher_is_better; 95% CI 82.4-83.4"
E09000015,Harrow,2019,life_expectancy_65_female,23.4,ONS life expectancy for local areas of the UK,borough,"life expectancy at age 65, female, years; rolling period 2017 to 2019 assigned to END year; higher_is_better; 95% CI 23-23.8"
E09000015,Harrow,2019,life_expectancy_65_male,21.2,ONS life expectancy for local areas of the UK,borough,"life expectancy at age 65, male, years; rolling period 2017 to 2019 assigned to END year; higher_is_better; 95% CI 20.8-21.6"
E09000015,Harrow,2019,life_expectancy_birth_female,86.1,ONS life expectancy for local areas of the UK,borough,"life expectancy at birth, female, years; rolling period 2017 to 2019 assigned to END year; higher_is_better; 95% CI 85.6-86.5"
E09000015,Harrow,2019,life_expectancy_birth_male,82.8,ONS life expectancy for local areas of the UK,borough,"life expectancy at birth, male, years; rolling period 2017 to 2019 assigned to END year; higher_is_better; 95% CI 82.3-83.3"
E09000015,Harrow,2020,life_expectancy_65_female,23,ONS life expectancy for local areas of the UK,borough,"life expectancy at age 65, female, years; rolling period 2018 to 2020 assigned to END year; higher_is_better; 95% CI 22.6-23.3"
E09000015,Harrow,2020,life_expectancy_65_male,20.3,ONS life expectancy for local areas of the UK,borough,"life expectancy at age 65, male, years; rolling period 2018 to 2020 assigned to END year; higher_is_better; 95% CI 20-20.7"
E09000015,Harrow,2020,life_expectancy_birth_female,85.5,ONS life expectancy for local areas of the UK,borough,"life expectancy at birth, female, years; rolling period 2018 to 2020 assigned to END year; higher_is_better; 95% CI 85.1-86"
E09000015,Harrow,2020,life_expectancy_birth_male,81.8,ONS life expectancy for local areas of the UK,borough,"life expectancy at birth, male, years; rolling period 2018 to 2020 assigned to END year; higher_is_better; 95% CI 81.3-82.3"
E09000015,Harrow,2021,life_expectancy_65_female,22.6,ONS life expectancy for local areas of the UK,borough,"life expectancy at age 65, female, years; rolling period 2019 to 2021 assigned to END year; higher_is_better; 95% CI 22.2-22.9"
E09000015,Harrow,2021,life_expectancy_65_male,19.9,ONS life expectancy for local areas of the UK,borough,"life expectancy at age 65, male, years; rolling period 2019 to 2021 assigned to END year; higher_is_better; 95% CI 19.6-20.3"
E09000015,Harrow,2021,life_expectancy_birth_female,85.2,ONS life expectancy for local areas of the UK,borough,"life expectancy at birth, female, years; rolling period 2019 to 2021 assigned to END year; higher_is_better; 95% CI 84.8-85.6"
E09000015,Harrow,2021,life_expectancy_birth_male,80.9,ONS life expectancy for local areas of the UK,borough,"life expectancy at birth, male, years; rolling period 2019 to 2021 assigned to END year; higher_is_better; 95% CI 80.4-81.3"
E09000015,Harrow,2022,life_expectancy_65_female,22.4,ONS life expectancy for local areas of the UK,borough,"life expectancy at age 65, female, years; rolling period 2020 to 2022 assigned to END year; higher_is_better; 95% CI 22.1-22.7"
E09000015,Harrow,2022,life_expectancy_65_male,19.7,ONS life expectancy for local areas of the UK,borough,"life expectancy at age 65, male, years; rolling period 2020 to 2022 assigned to END year; higher_is_better; 95% CI 19.4-20.1"
E09000015,Harrow,2022,life_expectancy_birth_female,84.9,ONS life expectancy for local areas of the UK,borough,"life expectancy at birth, female, years; rolling period 2020 to 2022 assigned to END year; higher_is_better; 95% CI 84.5-85.4"
E09000015,Harrow,2022,life_expectancy_birth_male,80.8,ONS life expectancy for local areas of the UK,borough,"life expectancy at birth, male, years; rolling period 2020 to 2022 assigned to END year; higher_is_better; 95% CI 80.3-81.2"
E09000015,Harrow,2023,life_expectancy_65_female,22.7,ONS life expectancy for local areas of the UK,borough,"life expectancy at age 65, female, years; rolling period 2021 to 2023 assigned to END year; higher_is_better; 95% CI 22.4-23.1"
E09000015,Harrow,2023,life_expectancy_65_male,20.3,ONS life expectancy for local areas of the UK,borough,"life expectancy at age 65, male, years; rolling period 2021 to 2023 assigned to END year; higher_is_better; 95% CI 20-20.7"
E09000015,Harrow,2023,life_expectancy_birth_female,85.3,ONS life expectancy for local areas of the UK,borough,"life expectancy at birth, female, years; rolling period 2021 to 2023 assigned to END year; higher_is_better; 95% CI 84.9-85.7"
E09000015,Harrow,2023,life_expectancy_birth_male,81.3,ONS life expectancy for local areas of the UK,borough,"life expectancy at birth, male, years; rolling period 2021 to 2023 assigned to END year; higher_is_better; 95% CI 80.9-81.8"
E09000015,Harrow,2024,life_expectancy_65_female,23.2,ONS life expectancy for local areas of the UK,borough,"life expectancy at age 65, female, years; rolling period 2022 to 2024 assigned to END year; higher_is_better; 95% CI 22.8-23.5"
E09000015,Harrow,2024,life_expectancy_65_male,20.7,ONS life expectancy for local areas of the UK,borough,"life expectancy at age 65, male, years; rolling period 2022 to 2024 assigned to END year; higher_is_better; 95% CI 20.3-21"
E09000015,Harrow,2024,life_expectancy_birth_female,85.8,ONS life expectancy for local areas of the UK,borough,"life expectancy at birth, female, years; rolling period 2022 to 2024 assigned to END year; higher_is_better; 95% CI 85.4-86.3"
E09000015,Harrow,2024,life_expectancy_birth_male,81.9,ONS life expectancy for local areas of the UK,borough,"life expectancy at birth, male, years; rolling period 2022 to 2024 assigned to END year; higher_is_better; 95% CI 81.5-82.4"
E09000016,Havering,2003,life_expectancy_65_female,19,ONS life expectancy for local areas of the UK,borough,"life expectancy at age 65, female, years; rolling period 2001 to 2003 assigned to END year; higher_is_better; 95% CI 18.8-19.3"
E09000016,Havering,2003,life_expectancy_65_male,16.2,ONS life expectancy for local areas of the UK,borough,"life expectancy at age 65, male, years; rolling period 2001 to 2003 assigned to END year; higher_is_better; 95% CI 16-16.5"
E09000016,Havering,2003,life_expectancy_birth_female,80.9,ONS life expectancy for local areas of the UK,borough,"life expectancy at birth, female, years; rolling period 2001 to 2003 assigned to END year; higher_is_better; 95% CI 80.5-81.3"
E09000016,Havering,2003,life_expectancy_birth_male,76.6,ONS life expectancy for local areas of the UK,borough,"life expectancy at birth, male, years; rolling period 2001 to 2003 assigned to END year; higher_is_better; 95% CI 76.2-77.1"
E09000016,Havering,2004,life_expectancy_65_female,19.2,ONS life expectancy for local areas of the UK,borough,"life expectancy at age 65, female, years; rolling period 2002 to 2004 assigned to END year; higher_is_better; 95% CI 18.9-19.5"
E09000016,Havering,2004,life_expectancy_65_male,16.4,ONS life expectancy for local areas of the UK,borough,"life expectancy at age 65, male, years; rolling period 2002 to 2004 assigned to END year; higher_is_better; 95% CI 16.1-16.7"
E09000016,Havering,2004,life_expectancy_birth_female,81.1,ONS life expectancy for local areas of the UK,borough,"life expectancy at birth, female, years; rolling period 2002 to 2004 assigned to END year; higher_is_better; 95% CI 80.7-81.5"
E09000016,Havering,2004,life_expectancy_birth_male,77,ONS life expectancy for local areas of the UK,borough,"life expectancy at birth, male, years; rolling period 2002 to 2004 assigned to END year; higher_is_better; 95% CI 76.6-77.5"
E09000016,Havering,2005,life_expectancy_65_female,19.3,ONS life expectancy for local areas of the UK,borough,"life expectancy at age 65, female, years; rolling period 2003 to 2005 assigned to END year; higher_is_better; 95% CI 19-19.6"
E09000016,Havering,2005,life_expectancy_65_male,16.7,ONS life expectancy for local areas of the UK,borough,"life expectancy at age 65, male, years; rolling period 2003 to 2005 assigned to END year; higher_is_better; 95% CI 16.4-16.9"
E09000016,Havering,2005,life_expectancy_birth_female,81.4,ONS life expectancy for local areas of the UK,borough,"life expectancy at birth, female, years; rolling period 2003 to 2005 assigned to END year; higher_is_better; 95% CI 81-81.8"
E09000016,Havering,2005,life_expectancy_birth_male,77.7,ONS life expectancy for local areas of the UK,borough,"life expectancy at birth, male, years; rolling period 2003 to 2005 assigned to END year; higher_is_better; 95% CI 77.3-78.1"
E09000016,Havering,2006,life_expectancy_65_female,19.8,ONS life expectancy for local areas of the UK,borough,"life expectancy at age 65, female, years; rolling period 2004 to 2006 assigned to END year; higher_is_better; 95% CI 19.6-20.1"
E09000016,Havering,2006,life_expectancy_65_male,17,ONS life expectancy for local areas of the UK,borough,"life expectancy at age 65, male, years; rolling period 2004 to 2006 assigned to END year; higher_is_better; 95% CI 16.7-17.3"
E09000016,Havering,2006,life_expectancy_birth_female,81.9,ONS life expectancy for local areas of the UK,borough,"life expectancy at birth, female, years; rolling period 2004 to 2006 assigned to END year; higher_is_better; 95% CI 81.5-82.3"
E09000016,Havering,2006,life_expectancy_birth_male,78.1,ONS life expectancy for local areas of the UK,borough,"life expectancy at birth, male, years; rolling period 2004 to 2006 assigned to END year; higher_is_better; 95% CI 77.7-78.5"
E09000016,Havering,2007,life_expectancy_65_female,20,ONS life expectancy for local areas of the UK,borough,"life expectancy at age 65, female, years; rolling period 2005 to 2007 assigned to END year; higher_is_better; 95% CI 19.7-20.3"
E09000016,Havering,2007,life_expectancy_65_male,17.2,ONS life expectancy for local areas of the UK,borough,"life expectancy at age 65, male, years; rolling period 2005 to 2007 assigned to END year; higher_is_better; 95% CI 17-17.5"
E09000016,Havering,2007,life_expectancy_birth_female,82,ONS life expectancy for local areas of the UK,borough,"life expectancy at birth, female, years; rolling period 2005 to 2007 assigned to END year; higher_is_better; 95% CI 81.6-82.4"
E09000016,Havering,2007,life_expectancy_birth_male,78.2,ONS life expectancy for local areas of the UK,borough,"life expectancy at birth, male, years; rolling period 2005 to 2007 assigned to END year; higher_is_better; 95% CI 77.7-78.6"
E09000016,Havering,2008,life_expectancy_65_female,20.5,ONS life expectancy for local areas of the UK,borough,"life expectancy at age 65, female, years; rolling period 2006 to 2008 assigned to END year; higher_is_better; 95% CI 20.2-20.7"
E09000016,Havering,2008,life_expectancy_65_male,17.5,ONS life expectancy for local areas of the UK,borough,"life expectancy at age 65, male, years; rolling period 2006 to 2008 assigned to END year; higher_is_better; 95% CI 17.2-17.8"
E09000016,Havering,2008,life_expectancy_birth_female,82.3,ONS life expectancy for local areas of the UK,borough,"life expectancy at birth, female, years; rolling period 2006 to 2008 assigned to END year; higher_is_better; 95% CI 81.9-82.8"
E09000016,Havering,2008,life_expectancy_birth_male,78.3,ONS life expectancy for local areas of the UK,borough,"life expectancy at birth, male, years; rolling period 2006 to 2008 assigned to END year; higher_is_better; 95% CI 77.9-78.8"
E09000016,Havering,2009,life_expectancy_65_female,20.8,ONS life expectancy for local areas of the UK,borough,"life expectancy at age 65, female, years; rolling period 2007 to 2009 assigned to END year; higher_is_better; 95% CI 20.5-21.1"
E09000016,Havering,2009,life_expectancy_65_male,17.7,ONS life expectancy for local areas of the UK,borough,"life expectancy at age 65, male, years; rolling period 2007 to 2009 assigned to END year; higher_is_better; 95% CI 17.4-18"
E09000016,Havering,2009,life_expectancy_birth_female,82.7,ONS life expectancy for local areas of the UK,borough,"life expectancy at birth, female, years; rolling period 2007 to 2009 assigned to END year; higher_is_better; 95% CI 82.3-83.1"
E09000016,Havering,2009,life_expectancy_birth_male,78.6,ONS life expectancy for local areas of the UK,borough,"life expectancy at birth, male, years; rolling period 2007 to 2009 assigned to END year; higher_is_better; 95% CI 78.2-79"
E09000016,Havering,2010,life_expectancy_65_female,21,ONS life expectancy for local areas of the UK,borough,"life expectancy at age 65, female, years; rolling period 2008 to 2010 assigned to END year; higher_is_better; 95% CI 20.7-21.3"
E09000016,Havering,2010,life_expectancy_65_male,17.9,ONS life expectancy for local areas of the UK,borough,"life expectancy at age 65, male, years; rolling period 2008 to 2010 assigned to END year; higher_is_better; 95% CI 17.6-18.2"
E09000016,Havering,2010,life_expectancy_birth_female,83.1,ONS life expectancy for local areas of the UK,borough,"life expectancy at birth, female, years; rolling period 2008 to 2010 assigned to END year; higher_is_better; 95% CI 82.7-83.5"
E09000016,Havering,2010,life_expectancy_birth_male,78.6,ONS life expectancy for local areas of the UK,borough,"life expectancy at birth, male, years; rolling period 2008 to 2010 assigned to END year; higher_is_better; 95% CI 78.2-79"
E09000016,Havering,2011,life_expectancy_65_female,21.4,ONS life expectancy for local areas of the UK,borough,"life expectancy at age 65, female, years; rolling period 2009 to 2011 assigned to END year; higher_is_better; 95% CI 21.1-21.7"
E09000016,Havering,2011,life_expectancy_65_male,18.2,ONS life expectancy for local areas of the UK,borough,"life expectancy at age 65, male, years; rolling period 2009 to 2011 assigned to END year; higher_is_better; 95% CI 17.9-18.5"
E09000016,Havering,2011,life_expectancy_birth_female,83.6,ONS life expectancy for local areas of the UK,borough,"life expectancy at birth, female, years; rolling period 2009 to 2011 assigned to END year; higher_is_better; 95% CI 83.2-84"
E09000016,Havering,2011,life_expectancy_birth_male,78.9,ONS life expectancy for local areas of the UK,borough,"life expectancy at birth, male, years; rolling period 2009 to 2011 assigned to END year; higher_is_better; 95% CI 78.5-79.4"
E09000016,Havering,2012,life_expectancy_65_female,21.5,ONS life expectancy for local areas of the UK,borough,"life expectancy at age 65, female, years; rolling period 2010 to 2012 assigned to END year; higher_is_better; 95% CI 21.2-21.8"
E09000016,Havering,2012,life_expectancy_65_male,18.4,ONS life expectancy for local areas of the UK,borough,"life expectancy at age 65, male, years; rolling period 2010 to 2012 assigned to END year; higher_is_better; 95% CI 18.1-18.7"
E09000016,Havering,2012,life_expectancy_birth_female,83.5,ONS life expectancy for local areas of the UK,borough,"life expectancy at birth, female, years; rolling period 2010 to 2012 assigned to END year; higher_is_better; 95% CI 83-83.9"
E09000016,Havering,2012,life_expectancy_birth_male,79.2,ONS life expectancy for local areas of the UK,borough,"life expectancy at birth, male, years; rolling period 2010 to 2012 assigned to END year; higher_is_better; 95% CI 78.7-79.6"
E09000016,Havering,2013,life_expectancy_65_female,21.5,ONS life expectancy for local areas of the UK,borough,"life expectancy at age 65, female, years; rolling period 2011 to 2013 assigned to END year; higher_is_better; 95% CI 21.2-21.8"
E09000016,Havering,2013,life_expectancy_65_male,18.6,ONS life expectancy for local areas of the UK,borough,"life expectancy at age 65, male, years; rolling period 2011 to 2013 assigned to END year; higher_is_better; 95% CI 18.2-18.9"
E09000016,Havering,2013,life_expectancy_birth_female,83.6,ONS life expectancy for local areas of the UK,borough,"life expectancy at birth, female, years; rolling period 2011 to 2013 assigned to END year; higher_is_better; 95% CI 83.2-84"
E09000016,Havering,2013,life_expectancy_birth_male,79.6,ONS life expectancy for local areas of the UK,borough,"life expectancy at birth, male, years; rolling period 2011 to 2013 assigned to END year; higher_is_better; 95% CI 79.2-80.1"
E09000016,Havering,2014,life_expectancy_65_female,21.4,ONS life expectancy for local areas of the UK,borough,"life expectancy at age 65, female, years; rolling period 2012 to 2014 assigned to END year; higher_is_better; 95% CI 21.1-21.7"
E09000016,Havering,2014,life_expectancy_65_male,18.8,ONS life expectancy for local areas of the UK,borough,"life expectancy at age 65, male, years; rolling period 2012 to 2014 assigned to END year; higher_is_better; 95% CI 18.5-19.1"
E09000016,Havering,2014,life_expectancy_birth_female,83.7,ONS life expectancy for local areas of the UK,borough,"life expectancy at birth, female, years; rolling period 2012 to 2014 assigned to END year; higher_is_better; 95% CI 83.3-84.1"
E09000016,Havering,2014,life_expectancy_birth_male,80.1,ONS life expectancy for local areas of the UK,borough,"life expectancy at birth, male, years; rolling period 2012 to 2014 assigned to END year; higher_is_better; 95% CI 79.7-80.5"
E09000016,Havering,2015,life_expectancy_65_female,21.6,ONS life expectancy for local areas of the UK,borough,"life expectancy at age 65, female, years; rolling period 2013 to 2015 assigned to END year; higher_is_better; 95% CI 21.3-21.8"
E09000016,Havering,2015,life_expectancy_65_male,18.9,ONS life expectancy for local areas of the UK,borough,"life expectancy at age 65, male, years; rolling period 2013 to 2015 assigned to END year; higher_is_better; 95% CI 18.6-19.2"
E09000016,Havering,2015,life_expectancy_birth_female,84.1,ONS life expectancy for local areas of the UK,borough,"life expectancy at birth, female, years; rolling period 2013 to 2015 assigned to END year; higher_is_better; 95% CI 83.7-84.5"
E09000016,Havering,2015,life_expectancy_birth_male,80.3,ONS life expectancy for local areas of the UK,borough,"life expectancy at birth, male, years; rolling period 2013 to 2015 assigned to END year; higher_is_better; 95% CI 79.8-80.7"
E09000016,Havering,2016,life_expectancy_65_female,21.6,ONS life expectancy for local areas of the UK,borough,"life expectancy at age 65, female, years; rolling period 2014 to 2016 assigned to END year; higher_is_better; 95% CI 21.3-21.8"
E09000016,Havering,2016,life_expectancy_65_male,18.9,ONS life expectancy for local areas of the UK,borough,"life expectancy at age 65, male, years; rolling period 2014 to 2016 assigned to END year; higher_is_better; 95% CI 18.6-19.2"
E09000016,Havering,2016,life_expectancy_birth_female,84.1,ONS life expectancy for local areas of the UK,borough,"life expectancy at birth, female, years; rolling period 2014 to 2016 assigned to END year; higher_is_better; 95% CI 83.7-84.5"
E09000016,Havering,2016,life_expectancy_birth_male,80.2,ONS life expectancy for local areas of the UK,borough,"life expectancy at birth, male, years; rolling period 2014 to 2016 assigned to END year; higher_is_better; 95% CI 79.8-80.6"
E09000016,Havering,2017,life_expectancy_65_female,21.4,ONS life expectancy for local areas of the UK,borough,"life expectancy at age 65, female, years; rolling period 2015 to 2017 assigned to END year; higher_is_better; 95% CI 21.2-21.7"
E09000016,Havering,2017,life_expectancy_65_male,18.5,ONS life expectancy for local areas of the UK,borough,"life expectancy at age 65, male, years; rolling period 2015 to 2017 assigned to END year; higher_is_better; 95% CI 18.3-18.8"
E09000016,Havering,2017,life_expectancy_birth_female,84.1,ONS life expectancy for local areas of the UK,borough,"life expectancy at birth, female, years; rolling period 2015 to 2017 assigned to END year; higher_is_better; 95% CI 83.7-84.5"
E09000016,Havering,2017,life_expectancy_birth_male,79.6,ONS life expectancy for local areas of the UK,borough,"life expectancy at birth, male, years; rolling period 2015 to 2017 assigned to END year; higher_is_better; 95% CI 79.2-80"
E09000016,Havering,2018,life_expectancy_65_female,21.4,ONS life expectancy for local areas of the UK,borough,"life expectancy at age 65, female, years; rolling period 2016 to 2018 assigned to END year; higher_is_better; 95% CI 21.1-21.7"
E09000016,Havering,2018,life_expectancy_65_male,18.6,ONS life expectancy for local areas of the UK,borough,"life expectancy at age 65, male, years; rolling period 2016 to 2018 assigned to END year; higher_is_better; 95% CI 18.3-18.9"
E09000016,Havering,2018,life_expectancy_birth_female,83.9,ONS life expectancy for local areas of the UK,borough,"life expectancy at birth, female, years; rolling period 2016 to 2018 assigned to END year; higher_is_better; 95% CI 83.5-84.2"
E09000016,Havering,2018,life_expectancy_birth_male,79.8,ONS life expectancy for local areas of the UK,borough,"life expectancy at birth, male, years; rolling period 2016 to 2018 assigned to END year; higher_is_better; 95% CI 79.4-80.2"
E09000016,Havering,2019,life_expectancy_65_female,21.3,ONS life expectancy for local areas of the UK,borough,"life expectancy at age 65, female, years; rolling period 2017 to 2019 assigned to END year; higher_is_better; 95% CI 21.1-21.6"
E09000016,Havering,2019,life_expectancy_65_male,18.6,ONS life expectancy for local areas of the UK,borough,"life expectancy at age 65, male, years; rolling period 2017 to 2019 assigned to END year; higher_is_better; 95% CI 18.4-18.9"
E09000016,Havering,2019,life_expectancy_birth_female,83.9,ONS life expectancy for local areas of the UK,borough,"life expectancy at birth, female, years; rolling period 2017 to 2019 assigned to END year; higher_is_better; 95% CI 83.5-84.3"
E09000016,Havering,2019,life_expectancy_birth_male,80.2,ONS life expectancy for local areas of the UK,borough,"life expectancy at birth, male, years; rolling period 2017 to 2019 assigned to END year; higher_is_better; 95% CI 79.8-80.6"
E09000016,Havering,2020,life_expectancy_65_female,20.9,ONS life expectancy for local areas of the UK,borough,"life expectancy at age 65, female, years; rolling period 2018 to 2020 assigned to END year; higher_is_better; 95% CI 20.7-21.2"
E09000016,Havering,2020,life_expectancy_65_male,18.3,ONS life expectancy for local areas of the UK,borough,"life expectancy at age 65, male, years; rolling period 2018 to 2020 assigned to END year; higher_is_better; 95% CI 18-18.6"
E09000016,Havering,2020,life_expectancy_birth_female,83.3,ONS life expectancy for local areas of the UK,borough,"life expectancy at birth, female, years; rolling period 2018 to 2020 assigned to END year; higher_is_better; 95% CI 82.9-83.7"
E09000016,Havering,2020,life_expectancy_birth_male,79.8,ONS life expectancy for local areas of the UK,borough,"life expectancy at birth, male, years; rolling period 2018 to 2020 assigned to END year; higher_is_better; 95% CI 79.4-80.1"
E09000016,Havering,2021,life_expectancy_65_female,20.6,ONS life expectancy for local areas of the UK,borough,"life expectancy at age 65, female, years; rolling period 2019 to 2021 assigned to END year; higher_is_better; 95% CI 20.3-20.9"
E09000016,Havering,2021,life_expectancy_65_male,18.1,ONS life expectancy for local areas of the UK,borough,"life expectancy at age 65, male, years; rolling period 2019 to 2021 assigned to END year; higher_is_better; 95% CI 17.8-18.4"
E09000016,Havering,2021,life_expectancy_birth_female,83,ONS life expectancy for local areas of the UK,borough,"life expectancy at birth, female, years; rolling period 2019 to 2021 assigned to END year; higher_is_better; 95% CI 82.6-83.4"
E09000016,Havering,2021,life_expectancy_birth_male,79.2,ONS life expectancy for local areas of the UK,borough,"life expectancy at birth, male, years; rolling period 2019 to 2021 assigned to END year; higher_is_better; 95% CI 78.8-79.6"
E09000016,Havering,2022,life_expectancy_65_female,20.6,ONS life expectancy for local areas of the UK,borough,"life expectancy at age 65, female, years; rolling period 2020 to 2022 assigned to END year; higher_is_better; 95% CI 20.3-20.9"
E09000016,Havering,2022,life_expectancy_65_male,18.2,ONS life expectancy for local areas of the UK,borough,"life expectancy at age 65, male, years; rolling period 2020 to 2022 assigned to END year; higher_is_better; 95% CI 17.9-18.4"
E09000016,Havering,2022,life_expectancy_birth_female,82.8,ONS life expectancy for local areas of the UK,borough,"life expectancy at birth, female, years; rolling period 2020 to 2022 assigned to END year; higher_is_better; 95% CI 82.4-83.2"
E09000016,Havering,2022,life_expectancy_birth_male,79.1,ONS life expectancy for local areas of the UK,borough,"life expectancy at birth, male, years; rolling period 2020 to 2022 assigned to END year; higher_is_better; 95% CI 78.7-79.5"
E09000016,Havering,2023,life_expectancy_65_female,21.2,ONS life expectancy for local areas of the UK,borough,"life expectancy at age 65, female, years; rolling period 2021 to 2023 assigned to END year; higher_is_better; 95% CI 20.9-21.5"
E09000016,Havering,2023,life_expectancy_65_male,18.9,ONS life expectancy for local areas of the UK,borough,"life expectancy at age 65, male, years; rolling period 2021 to 2023 assigned to END year; higher_is_better; 95% CI 18.6-19.2"
E09000016,Havering,2023,life_expectancy_birth_female,83.5,ONS life expectancy for local areas of the UK,borough,"life expectancy at birth, female, years; rolling period 2021 to 2023 assigned to END year; higher_is_better; 95% CI 83.1-83.9"
E09000016,Havering,2023,life_expectancy_birth_male,79.9,ONS life expectancy for local areas of the UK,borough,"life expectancy at birth, male, years; rolling period 2021 to 2023 assigned to END year; higher_is_better; 95% CI 79.4-80.3"
E09000016,Havering,2024,life_expectancy_65_female,21.7,ONS life expectancy for local areas of the UK,borough,"life expectancy at age 65, female, years; rolling period 2022 to 2024 assigned to END year; higher_is_better; 95% CI 21.4-22"
E09000016,Havering,2024,life_expectancy_65_male,19.3,ONS life expectancy for local areas of the UK,borough,"life expectancy at age 65, male, years; rolling period 2022 to 2024 assigned to END year; higher_is_better; 95% CI 19-19.6"
E09000016,Havering,2024,life_expectancy_birth_female,84,ONS life expectancy for local areas of the UK,borough,"life expectancy at birth, female, years; rolling period 2022 to 2024 assigned to END year; higher_is_better; 95% CI 83.6-84.4"
E09000016,Havering,2024,life_expectancy_birth_male,80.5,ONS life expectancy for local areas of the UK,borough,"life expectancy at birth, male, years; rolling period 2022 to 2024 assigned to END year; higher_is_better; 95% CI 80.1-81"
E09000017,Hillingdon,2003,life_expectancy_65_female,19.5,ONS life expectancy for local areas of the UK,borough,"life expectancy at age 65, female, years; rolling period 2001 to 2003 assigned to END year; higher_is_better; 95% CI 19.2-19.8"
E09000017,Hillingdon,2003,life_expectancy_65_male,16.7,ONS life expectancy for local areas of the UK,borough,"life expectancy at age 65, male, years; rolling period 2001 to 2003 assigned to END year; higher_is_better; 95% CI 16.4-17"
E09000017,Hillingdon,2003,life_expectancy_birth_female,81.3,ONS life expectancy for local areas of the UK,borough,"life expectancy at birth, female, years; rolling period 2001 to 2003 assigned to END year; higher_is_better; 95% CI 80.9-81.7"
E09000017,Hillingdon,2003,life_expectancy_birth_male,76.5,ONS life expectancy for local areas of the UK,borough,"life expectancy at birth, male, years; rolling period 2001 to 2003 assigned to END year; higher_is_better; 95% CI 76-77"
E09000017,Hillingdon,2004,life_expectancy_65_female,19.6,ONS life expectancy for local areas of the UK,borough,"life expectancy at age 65, female, years; rolling period 2002 to 2004 assigned to END year; higher_is_better; 95% CI 19.3-19.9"
E09000017,Hillingdon,2004,life_expectancy_65_male,16.6,ONS life expectancy for local areas of the UK,borough,"life expectancy at age 65, male, years; rolling period 2002 to 2004 assigned to END year; higher_is_better; 95% CI 16.3-17"
E09000017,Hillingdon,2004,life_expectancy_birth_female,81.3,ONS life expectancy for local areas of the UK,borough,"life expectancy at birth, female, years; rolling period 2002 to 2004 assigned to END year; higher_is_better; 95% CI 80.9-81.7"
E09000017,Hillingdon,2004,life_expectancy_birth_male,76.7,ONS life expectancy for local areas of the UK,borough,"life expectancy at birth, male, years; rolling period 2002 to 2004 assigned to END year; higher_is_better; 95% CI 76.3-77.2"
E09000017,Hillingdon,2005,life_expectancy_65_female,19.8,ONS life expectancy for local areas of the UK,borough,"life expectancy at age 65, female, years; rolling period 2003 to 2005 assigned to END year; higher_is_better; 95% CI 19.5-20.1"
E09000017,Hillingdon,2005,life_expectancy_65_male,17,ONS life expectancy for local areas of the UK,borough,"life expectancy at age 65, male, years; rolling period 2003 to 2005 assigned to END year; higher_is_better; 95% CI 16.7-17.3"
E09000017,Hillingdon,2005,life_expectancy_birth_female,81.5,ONS life expectancy for local areas of the UK,borough,"life expectancy at birth, female, years; rolling period 2003 to 2005 assigned to END year; higher_is_better; 95% CI 81.1-82"
E09000017,Hillingdon,2005,life_expectancy_birth_male,77.3,ONS life expectancy for local areas of the UK,borough,"life expectancy at birth, male, years; rolling period 2003 to 2005 assigned to END year; higher_is_better; 95% CI 76.9-77.8"
E09000017,Hillingdon,2006,life_expectancy_65_female,20.4,ONS life expectancy for local areas of the UK,borough,"life expectancy at age 65, female, years; rolling period 2004 to 2006 assigned to END year; higher_is_better; 95% CI 20.1-20.8"
E09000017,Hillingdon,2006,life_expectancy_65_male,17,ONS life expectancy for local areas of the UK,borough,"life expectancy at age 65, male, years; rolling period 2004 to 2006 assigned to END year; higher_is_better; 95% CI 16.7-17.3"
E09000017,Hillingdon,2006,life_expectancy_birth_female,82.1,ONS life expectancy for local areas of the UK,borough,"life expectancy at birth, female, years; rolling period 2004 to 2006 assigned to END year; higher_is_better; 95% CI 81.6-82.5"
E09000017,Hillingdon,2006,life_expectancy_birth_male,77.4,ONS life expectancy for local areas of the UK,borough,"life expectancy at birth, male, years; rolling period 2004 to 2006 assigned to END year; higher_is_better; 95% CI 76.9-77.8"
E09000017,Hillingdon,2007,life_expectancy_65_female,20.8,ONS life expectancy for local areas of the UK,borough,"life expectancy at age 65, female, years; rolling period 2005 to 2007 assigned to END year; higher_is_better; 95% CI 20.5-21.1"
E09000017,Hillingdon,2007,life_expectancy_65_male,17.5,ONS life expectancy for local areas of the UK,borough,"life expectancy at age 65, male, years; rolling period 2005 to 2007 assigned to END year; higher_is_better; 95% CI 17.2-17.8"
E09000017,Hillingdon,2007,life_expectancy_birth_female,82.5,ONS life expectancy for local areas of the UK,borough,"life expectancy at birth, female, years; rolling period 2005 to 2007 assigned to END year; higher_is_better; 95% CI 82.1-82.9"
E09000017,Hillingdon,2007,life_expectancy_birth_male,78,ONS life expectancy for local areas of the UK,borough,"life expectancy at birth, male, years; rolling period 2005 to 2007 assigned to END year; higher_is_better; 95% CI 77.6-78.5"
E09000017,Hillingdon,2008,life_expectancy_65_female,21,ONS life expectancy for local areas of the UK,borough,"life expectancy at age 65, female, years; rolling period 2006 to 2008 assigned to END year; higher_is_better; 95% CI 20.6-21.3"
E09000017,Hillingdon,2008,life_expectancy_65_male,17.7,ONS life expectancy for local areas of the UK,borough,"life expectancy at age 65, male, years; rolling period 2006 to 2008 assigned to END year; higher_is_better; 95% CI 17.3-18"
E09000017,Hillingdon,2008,life_expectancy_birth_female,82.9,ONS life expectancy for local areas of the UK,borough,"life expectancy at birth, female, years; rolling period 2006 to 2008 assigned to END year; higher_is_better; 95% CI 82.5-83.4"
E09000017,Hillingdon,2008,life_expectancy_birth_male,78.2,ONS life expectancy for local areas of the UK,borough,"life expectancy at birth, male, years; rolling period 2006 to 2008 assigned to END year; higher_is_better; 95% CI 77.7-78.6"
E09000017,Hillingdon,2009,life_expectancy_65_female,20.9,ONS life expectancy for local areas of the UK,borough,"life expectancy at age 65, female, years; rolling period 2007 to 2009 assigned to END year; higher_is_better; 95% CI 20.6-21.3"
E09000017,Hillingdon,2009,life_expectancy_65_male,18.2,ONS life expectancy for local areas of the UK,borough,"life expectancy at age 65, male, years; rolling period 2007 to 2009 assigned to END year; higher_is_better; 95% CI 17.8-18.5"
E09000017,Hillingdon,2009,life_expectancy_birth_female,83.1,ONS life expectancy for local areas of the UK,borough,"life expectancy at birth, female, years; rolling period 2007 to 2009 assigned to END year; higher_is_better; 95% CI 82.7-83.5"
E09000017,Hillingdon,2009,life_expectancy_birth_male,78.6,ONS life expectancy for local areas of the UK,borough,"life expectancy at birth, male, years; rolling period 2007 to 2009 assigned to END year; higher_is_better; 95% CI 78.2-79.1"
E09000017,Hillingdon,2010,life_expectancy_65_female,21.2,ONS life expectancy for local areas of the UK,borough,"life expectancy at age 65, female, years; rolling period 2008 to 2010 assigned to END year; higher_is_better; 95% CI 20.8-21.5"
E09000017,Hillingdon,2010,life_expectancy_65_male,18.4,ONS life expectancy for local areas of the UK,borough,"life expectancy at age 65, male, years; rolling period 2008 to 2010 assigned to END year; higher_is_better; 95% CI 18-18.7"
E09000017,Hillingdon,2010,life_expectancy_birth_female,83.3,ONS life expectancy for local areas of the UK,borough,"life expectancy at birth, female, years; rolling period 2008 to 2010 assigned to END year; higher_is_better; 95% CI 82.8-83.7"
E09000017,Hillingdon,2010,life_expectancy_birth_male,78.7,ONS life expectancy for local areas of the UK,borough,"life expectancy at birth, male, years; rolling period 2008 to 2010 assigned to END year; higher_is_better; 95% CI 78.3-79.2"
E09000017,Hillingdon,2011,life_expectancy_65_female,21.3,ONS life expectancy for local areas of the UK,borough,"life expectancy at age 65, female, years; rolling period 2009 to 2011 assigned to END year; higher_is_better; 95% CI 21-21.7"
E09000017,Hillingdon,2011,life_expectancy_65_male,18.7,ONS life expectancy for local areas of the UK,borough,"life expectancy at age 65, male, years; rolling period 2009 to 2011 assigned to END year; higher_is_better; 95% CI 18.4-19.1"
E09000017,Hillingdon,2011,life_expectancy_birth_female,83.4,ONS life expectancy for local areas of the UK,borough,"life expectancy at birth, female, years; rolling period 2009 to 2011 assigned to END year; higher_is_better; 95% CI 82.9-83.8"
E09000017,Hillingdon,2011,life_expectancy_birth_male,79.5,ONS life expectancy for local areas of the UK,borough,"life expectancy at birth, male, years; rolling period 2009 to 2011 assigned to END year; higher_is_better; 95% CI 79-79.9"
E09000017,Hillingdon,2012,life_expectancy_65_female,21.3,ONS life expectancy for local areas of the UK,borough,"life expectancy at age 65, female, years; rolling period 2010 to 2012 assigned to END year; higher_is_better; 95% CI 21-21.7"
E09000017,Hillingdon,2012,life_expectancy_65_male,18.7,ONS life expectancy for local areas of the UK,borough,"life expectancy at age 65, male, years; rolling period 2010 to 2012 assigned to END year; higher_is_better; 95% CI 18.3-19"
E09000017,Hillingdon,2012,life_expectancy_birth_female,83.3,ONS life expectancy for local areas of the UK,borough,"life expectancy at birth, female, years; rolling period 2010 to 2012 assigned to END year; higher_is_better; 95% CI 82.9-83.7"
E09000017,Hillingdon,2012,life_expectancy_birth_male,79.8,ONS life expectancy for local areas of the UK,borough,"life expectancy at birth, male, years; rolling period 2010 to 2012 assigned to END year; higher_is_better; 95% CI 79.4-80.2"
E09000017,Hillingdon,2013,life_expectancy_65_female,21.5,ONS life expectancy for local areas of the UK,borough,"life expectancy at age 65, female, years; rolling period 2011 to 2013 assigned to END year; higher_is_better; 95% CI 21.2-21.9"
E09000017,Hillingdon,2013,life_expectancy_65_male,18.8,ONS life expectancy for local areas of the UK,borough,"life expectancy at age 65, male, years; rolling period 2011 to 2013 assigned to END year; higher_is_better; 95% CI 18.5-19.2"
E09000017,Hillingdon,2013,life_expectancy_birth_female,83.6,ONS life expectancy for local areas of the UK,borough,"life expectancy at birth, female, years; rolling period 2011 to 2013 assigned to END year; higher_is_better; 95% CI 83.1-84"
E09000017,Hillingdon,2013,life_expectancy_birth_male,80.2,ONS life expectancy for local areas of the UK,borough,"life expectancy at birth, male, years; rolling period 2011 to 2013 assigned to END year; higher_is_better; 95% CI 79.7-80.6"
E09000017,Hillingdon,2014,life_expectancy_65_female,21.5,ONS life expectancy for local areas of the UK,borough,"life expectancy at age 65, female, years; rolling period 2012 to 2014 assigned to END year; higher_is_better; 95% CI 21.2-21.9"
E09000017,Hillingdon,2014,life_expectancy_65_male,18.8,ONS life expectancy for local areas of the UK,borough,"life expectancy at age 65, male, years; rolling period 2012 to 2014 assigned to END year; higher_is_better; 95% CI 18.5-19.2"
E09000017,Hillingdon,2014,life_expectancy_birth_female,83.8,ONS life expectancy for local areas of the UK,borough,"life expectancy at birth, female, years; rolling period 2012 to 2014 assigned to END year; higher_is_better; 95% CI 83.3-84.2"
E09000017,Hillingdon,2014,life_expectancy_birth_male,80.2,ONS life expectancy for local areas of the UK,borough,"life expectancy at birth, male, years; rolling period 2012 to 2014 assigned to END year; higher_is_better; 95% CI 79.8-80.6"
E09000017,Hillingdon,2015,life_expectancy_65_female,21.4,ONS life expectancy for local areas of the UK,borough,"life expectancy at age 65, female, years; rolling period 2013 to 2015 assigned to END year; higher_is_better; 95% CI 21-21.7"
E09000017,Hillingdon,2015,life_expectancy_65_male,19.1,ONS life expectancy for local areas of the UK,borough,"life expectancy at age 65, male, years; rolling period 2013 to 2015 assigned to END year; higher_is_better; 95% CI 18.7-19.4"
E09000017,Hillingdon,2015,life_expectancy_birth_female,83.7,ONS life expectancy for local areas of the UK,borough,"life expectancy at birth, female, years; rolling period 2013 to 2015 assigned to END year; higher_is_better; 95% CI 83.3-84.1"
E09000017,Hillingdon,2015,life_expectancy_birth_male,80.3,ONS life expectancy for local areas of the UK,borough,"life expectancy at birth, male, years; rolling period 2013 to 2015 assigned to END year; higher_is_better; 95% CI 79.8-80.7"
E09000017,Hillingdon,2016,life_expectancy_65_female,21.5,ONS life expectancy for local areas of the UK,borough,"life expectancy at age 65, female, years; rolling period 2014 to 2016 assigned to END year; higher_is_better; 95% CI 21.1-21.8"
E09000017,Hillingdon,2016,life_expectancy_65_male,19.2,ONS life expectancy for local areas of the UK,borough,"life expectancy at age 65, male, years; rolling period 2014 to 2016 assigned to END year; higher_is_better; 95% CI 18.9-19.5"
E09000017,Hillingdon,2016,life_expectancy_birth_female,83.8,ONS life expectancy for local areas of the UK,borough,"life expectancy at birth, female, years; rolling period 2014 to 2016 assigned to END year; higher_is_better; 95% CI 83.4-84.2"
E09000017,Hillingdon,2016,life_expectancy_birth_male,80.5,ONS life expectancy for local areas of the UK,borough,"life expectancy at birth, male, years; rolling period 2014 to 2016 assigned to END year; higher_is_better; 95% CI 80.1-80.9"
E09000017,Hillingdon,2017,life_expectancy_65_female,21.5,ONS life expectancy for local areas of the UK,borough,"life expectancy at age 65, female, years; rolling period 2015 to 2017 assigned to END year; higher_is_better; 95% CI 21.2-21.9"
E09000017,Hillingdon,2017,life_expectancy_65_male,19.3,ONS life expectancy for local areas of the UK,borough,"life expectancy at age 65, male, years; rolling period 2015 to 2017 assigned to END year; higher_is_better; 95% CI 18.9-19.6"
E09000017,Hillingdon,2017,life_expectancy_birth_female,83.8,ONS life expectancy for local areas of the UK,borough,"life expectancy at birth, female, years; rolling period 2015 to 2017 assigned to END year; higher_is_better; 95% CI 83.4-84.2"
E09000017,Hillingdon,2017,life_expectancy_birth_male,80.4,ONS life expectancy for local areas of the UK,borough,"life expectancy at birth, male, years; rolling period 2015 to 2017 assigned to END year; higher_is_better; 95% CI 80-80.9"
E09000017,Hillingdon,2018,life_expectancy_65_female,21.7,ONS life expectancy for local areas of the UK,borough,"life expectancy at age 65, female, years; rolling period 2016 to 2018 assigned to END year; higher_is_better; 95% CI 21.4-22"
E09000017,Hillingdon,2018,life_expectancy_65_male,19,ONS life expectancy for local areas of the UK,borough,"life expectancy at age 65, male, years; rolling period 2016 to 2018 assigned to END year; higher_is_better; 95% CI 18.7-19.3"
E09000017,Hillingdon,2018,life_expectancy_birth_female,84,ONS life expectancy for local areas of the UK,borough,"life expectancy at birth, female, years; rolling period 2016 to 2018 assigned to END year; higher_is_better; 95% CI 83.6-84.4"
E09000017,Hillingdon,2018,life_expectancy_birth_male,80,ONS life expectancy for local areas of the UK,borough,"life expectancy at birth, male, years; rolling period 2016 to 2018 assigned to END year; higher_is_better; 95% CI 79.6-80.4"
E09000017,Hillingdon,2019,life_expectancy_65_female,21.6,ONS life expectancy for local areas of the UK,borough,"life expectancy at age 65, female, years; rolling period 2017 to 2019 assigned to END year; higher_is_better; 95% CI 21.3-21.9"
E09000017,Hillingdon,2019,life_expectancy_65_male,18.9,ONS life expectancy for local areas of the UK,borough,"life expectancy at age 65, male, years; rolling period 2017 to 2019 assigned to END year; higher_is_better; 95% CI 18.5-19.2"
E09000017,Hillingdon,2019,life_expectancy_birth_female,84,ONS life expectancy for local areas of the UK,borough,"life expectancy at birth, female, years; rolling period 2017 to 2019 assigned to END year; higher_is_better; 95% CI 83.7-84.4"
E09000017,Hillingdon,2019,life_expectancy_birth_male,79.7,ONS life expectancy for local areas of the UK,borough,"life expectancy at birth, male, years; rolling period 2017 to 2019 assigned to END year; higher_is_better; 95% CI 79.3-80.1"
E09000017,Hillingdon,2020,life_expectancy_65_female,21.2,ONS life expectancy for local areas of the UK,borough,"life expectancy at age 65, female, years; rolling period 2018 to 2020 assigned to END year; higher_is_better; 95% CI 20.9-21.5"
E09000017,Hillingdon,2020,life_expectancy_65_male,18.4,ONS life expectancy for local areas of the UK,borough,"life expectancy at age 65, male, years; rolling period 2018 to 2020 assigned to END year; higher_is_better; 95% CI 18.1-18.8"
E09000017,Hillingdon,2020,life_expectancy_birth_female,83.7,ONS life expectancy for local areas of the UK,borough,"life expectancy at birth, female, years; rolling period 2018 to 2020 assigned to END year; higher_is_better; 95% CI 83.3-84.1"
E09000017,Hillingdon,2020,life_expectancy_birth_male,79.1,ONS life expectancy for local areas of the UK,borough,"life expectancy at birth, male, years; rolling period 2018 to 2020 assigned to END year; higher_is_better; 95% CI 78.7-79.6"
E09000017,Hillingdon,2021,life_expectancy_65_female,21,ONS life expectancy for local areas of the UK,borough,"life expectancy at age 65, female, years; rolling period 2019 to 2021 assigned to END year; higher_is_better; 95% CI 20.7-21.3"
E09000017,Hillingdon,2021,life_expectancy_65_male,18.2,ONS life expectancy for local areas of the UK,borough,"life expectancy at age 65, male, years; rolling period 2019 to 2021 assigned to END year; higher_is_better; 95% CI 17.9-18.6"
E09000017,Hillingdon,2021,life_expectancy_birth_female,83.5,ONS life expectancy for local areas of the UK,borough,"life expectancy at birth, female, years; rolling period 2019 to 2021 assigned to END year; higher_is_better; 95% CI 83.1-83.8"
E09000017,Hillingdon,2021,life_expectancy_birth_male,79,ONS life expectancy for local areas of the UK,borough,"life expectancy at birth, male, years; rolling period 2019 to 2021 assigned to END year; higher_is_better; 95% CI 78.6-79.4"
E09000017,Hillingdon,2022,life_expectancy_65_female,21.1,ONS life expectancy for local areas of the UK,borough,"life expectancy at age 65, female, years; rolling period 2020 to 2022 assigned to END year; higher_is_better; 95% CI 20.8-21.4"
E09000017,Hillingdon,2022,life_expectancy_65_male,18.2,ONS life expectancy for local areas of the UK,borough,"life expectancy at age 65, male, years; rolling period 2020 to 2022 assigned to END year; higher_is_better; 95% CI 17.9-18.5"
E09000017,Hillingdon,2022,life_expectancy_birth_female,83.5,ONS life expectancy for local areas of the UK,borough,"life expectancy at birth, female, years; rolling period 2020 to 2022 assigned to END year; higher_is_better; 95% CI 83.1-83.8"
E09000017,Hillingdon,2022,life_expectancy_birth_male,78.9,ONS life expectancy for local areas of the UK,borough,"life expectancy at birth, male, years; rolling period 2020 to 2022 assigned to END year; higher_is_better; 95% CI 78.5-79.3"
E09000017,Hillingdon,2023,life_expectancy_65_female,21.6,ONS life expectancy for local areas of the UK,borough,"life expectancy at age 65, female, years; rolling period 2021 to 2023 assigned to END year; higher_is_better; 95% CI 21.3-21.9"
E09000017,Hillingdon,2023,life_expectancy_65_male,18.7,ONS life expectancy for local areas of the UK,borough,"life expectancy at age 65, male, years; rolling period 2021 to 2023 assigned to END year; higher_is_better; 95% CI 18.3-19"
E09000017,Hillingdon,2023,life_expectancy_birth_female,83.9,ONS life expectancy for local areas of the UK,borough,"life expectancy at birth, female, years; rolling period 2021 to 2023 assigned to END year; higher_is_better; 95% CI 83.5-84.3"
E09000017,Hillingdon,2023,life_expectancy_birth_male,79.4,ONS life expectancy for local areas of the UK,borough,"life expectancy at birth, male, years; rolling period 2021 to 2023 assigned to END year; higher_is_better; 95% CI 79-79.8"
E09000017,Hillingdon,2024,life_expectancy_65_female,22.1,ONS life expectancy for local areas of the UK,borough,"life expectancy at age 65, female, years; rolling period 2022 to 2024 assigned to END year; higher_is_better; 95% CI 21.8-22.5"
E09000017,Hillingdon,2024,life_expectancy_65_male,19.1,ONS life expectancy for local areas of the UK,borough,"life expectancy at age 65, male, years; rolling period 2022 to 2024 assigned to END year; higher_is_better; 95% CI 18.8-19.4"
E09000017,Hillingdon,2024,life_expectancy_birth_female,84.5,ONS life expectancy for local areas of the UK,borough,"life expectancy at birth, female, years; rolling period 2022 to 2024 assigned to END year; higher_is_better; 95% CI 84.1-84.9"
E09000017,Hillingdon,2024,life_expectancy_birth_male,80,ONS life expectancy for local areas of the UK,borough,"life expectancy at birth, male, years; rolling period 2022 to 2024 assigned to END year; higher_is_better; 95% CI 79.6-80.4"
E09000018,Hounslow,2003,life_expectancy_65_female,18.7,ONS life expectancy for local areas of the UK,borough,"life expectancy at age 65, female, years; rolling period 2001 to 2003 assigned to END year; higher_is_better; 95% CI 18.4-19.1"
E09000018,Hounslow,2003,life_expectancy_65_male,15.7,ONS life expectancy for local areas of the UK,borough,"life expectancy at age 65, male, years; rolling period 2001 to 2003 assigned to END year; higher_is_better; 95% CI 15.4-16.1"
E09000018,Hounslow,2003,life_expectancy_birth_female,79.9,ONS life expectancy for local areas of the UK,borough,"life expectancy at birth, female, years; rolling period 2001 to 2003 assigned to END year; higher_is_better; 95% CI 79.4-80.4"
E09000018,Hounslow,2003,life_expectancy_birth_male,75.4,ONS life expectancy for local areas of the UK,borough,"life expectancy at birth, male, years; rolling period 2001 to 2003 assigned to END year; higher_is_better; 95% CI 74.9-75.9"
E09000018,Hounslow,2004,life_expectancy_65_female,18.7,ONS life expectancy for local areas of the UK,borough,"life expectancy at age 65, female, years; rolling period 2002 to 2004 assigned to END year; higher_is_better; 95% CI 18.4-19.1"
E09000018,Hounslow,2004,life_expectancy_65_male,15.8,ONS life expectancy for local areas of the UK,borough,"life expectancy at age 65, male, years; rolling period 2002 to 2004 assigned to END year; higher_is_better; 95% CI 15.4-16.1"
E09000018,Hounslow,2004,life_expectancy_birth_female,80.1,ONS life expectancy for local areas of the UK,borough,"life expectancy at birth, female, years; rolling period 2002 to 2004 assigned to END year; higher_is_better; 95% CI 79.6-80.6"
E09000018,Hounslow,2004,life_expectancy_birth_male,75.7,ONS life expectancy for local areas of the UK,borough,"life expectancy at birth, male, years; rolling period 2002 to 2004 assigned to END year; higher_is_better; 95% CI 75.3-76.2"
E09000018,Hounslow,2005,life_expectancy_65_female,19,ONS life expectancy for local areas of the UK,borough,"life expectancy at age 65, female, years; rolling period 2003 to 2005 assigned to END year; higher_is_better; 95% CI 18.6-19.3"
E09000018,Hounslow,2005,life_expectancy_65_male,16.2,ONS life expectancy for local areas of the UK,borough,"life expectancy at age 65, male, years; rolling period 2003 to 2005 assigned to END year; higher_is_better; 95% CI 15.9-16.6"
E09000018,Hounslow,2005,life_expectancy_birth_female,80.5,ONS life expectancy for local areas of the UK,borough,"life expectancy at birth, female, years; rolling period 2003 to 2005 assigned to END year; higher_is_better; 95% CI 80-80.9"
E09000018,Hounslow,2005,life_expectancy_birth_male,76.3,ONS life expectancy for local areas of the UK,borough,"life expectancy at birth, male, years; rolling period 2003 to 2005 assigned to END year; higher_is_better; 95% CI 75.9-76.8"
E09000018,Hounslow,2006,life_expectancy_65_female,19.2,ONS life expectancy for local areas of the UK,borough,"life expectancy at age 65, female, years; rolling period 2004 to 2006 assigned to END year; higher_is_better; 95% CI 18.9-19.6"
E09000018,Hounslow,2006,life_expectancy_65_male,16.6,ONS life expectancy for local areas of the UK,borough,"life expectancy at age 65, male, years; rolling period 2004 to 2006 assigned to END year; higher_is_better; 95% CI 16.2-16.9"
E09000018,Hounslow,2006,life_expectancy_birth_female,80.9,ONS life expectancy for local areas of the UK,borough,"life expectancy at birth, female, years; rolling period 2004 to 2006 assigned to END year; higher_is_better; 95% CI 80.4-81.3"
E09000018,Hounslow,2006,life_expectancy_birth_male,76.8,ONS life expectancy for local areas of the UK,borough,"life expectancy at birth, male, years; rolling period 2004 to 2006 assigned to END year; higher_is_better; 95% CI 76.3-77.3"
E09000018,Hounslow,2007,life_expectancy_65_female,19.7,ONS life expectancy for local areas of the UK,borough,"life expectancy at age 65, female, years; rolling period 2005 to 2007 assigned to END year; higher_is_better; 95% CI 19.3-20"
E09000018,Hounslow,2007,life_expectancy_65_male,17,ONS life expectancy for local areas of the UK,borough,"life expectancy at age 65, male, years; rolling period 2005 to 2007 assigned to END year; higher_is_better; 95% CI 16.7-17.4"
E09000018,Hounslow,2007,life_expectancy_birth_female,81.5,ONS life expectancy for local areas of the UK,borough,"life expectancy at birth, female, years; rolling period 2005 to 2007 assigned to END year; higher_is_better; 95% CI 81-81.9"
E09000018,Hounslow,2007,life_expectancy_birth_male,77.1,ONS life expectancy for local areas of the UK,borough,"life expectancy at birth, male, years; rolling period 2005 to 2007 assigned to END year; higher_is_better; 95% CI 76.6-77.5"
E09000018,Hounslow,2008,life_expectancy_65_female,19.9,ONS life expectancy for local areas of the UK,borough,"life expectancy at age 65, female, years; rolling period 2006 to 2008 assigned to END year; higher_is_better; 95% CI 19.5-20.3"
E09000018,Hounslow,2008,life_expectancy_65_male,17.4,ONS life expectancy for local areas of the UK,borough,"life expectancy at age 65, male, years; rolling period 2006 to 2008 assigned to END year; higher_is_better; 95% CI 17-17.8"
E09000018,Hounslow,2008,life_expectancy_birth_female,81.9,ONS life expectancy for local areas of the UK,borough,"life expectancy at birth, female, years; rolling period 2006 to 2008 assigned to END year; higher_is_better; 95% CI 81.4-82.4"
E09000018,Hounslow,2008,life_expectancy_birth_male,77.6,ONS life expectancy for local areas of the UK,borough,"life expectancy at birth, male, years; rolling period 2006 to 2008 assigned to END year; higher_is_better; 95% CI 77.1-78.1"
E09000018,Hounslow,2009,life_expectancy_65_female,20.4,ONS life expectancy for local areas of the UK,borough,"life expectancy at age 65, female, years; rolling period 2007 to 2009 assigned to END year; higher_is_better; 95% CI 20-20.7"
E09000018,Hounslow,2009,life_expectancy_65_male,17.8,ONS life expectancy for local areas of the UK,borough,"life expectancy at age 65, male, years; rolling period 2007 to 2009 assigned to END year; higher_is_better; 95% CI 17.4-18.2"
E09000018,Hounslow,2009,life_expectancy_birth_female,82.3,ONS life expectancy for local areas of the UK,borough,"life expectancy at birth, female, years; rolling period 2007 to 2009 assigned to END year; higher_is_better; 95% CI 81.8-82.8"
E09000018,Hounslow,2009,life_expectancy_birth_male,78,ONS life expectancy for local areas of the UK,borough,"life expectancy at birth, male, years; rolling period 2007 to 2009 assigned to END year; higher_is_better; 95% CI 77.5-78.5"
E09000018,Hounslow,2010,life_expectancy_65_female,20.7,ONS life expectancy for local areas of the UK,borough,"life expectancy at age 65, female, years; rolling period 2008 to 2010 assigned to END year; higher_is_better; 95% CI 20.4-21.1"
E09000018,Hounslow,2010,life_expectancy_65_male,18.1,ONS life expectancy for local areas of the UK,borough,"life expectancy at age 65, male, years; rolling period 2008 to 2010 assigned to END year; higher_is_better; 95% CI 17.7-18.4"
E09000018,Hounslow,2010,life_expectancy_birth_female,82.5,ONS life expectancy for local areas of the UK,borough,"life expectancy at birth, female, years; rolling period 2008 to 2010 assigned to END year; higher_is_better; 95% CI 82.1-83"
E09000018,Hounslow,2010,life_expectancy_birth_male,78.6,ONS life expectancy for local areas of the UK,borough,"life expectancy at birth, male, years; rolling period 2008 to 2010 assigned to END year; higher_is_better; 95% CI 78.1-79.1"
E09000018,Hounslow,2011,life_expectancy_65_female,21.1,ONS life expectancy for local areas of the UK,borough,"life expectancy at age 65, female, years; rolling period 2009 to 2011 assigned to END year; higher_is_better; 95% CI 20.7-21.5"
E09000018,Hounslow,2011,life_expectancy_65_male,18.4,ONS life expectancy for local areas of the UK,borough,"life expectancy at age 65, male, years; rolling period 2009 to 2011 assigned to END year; higher_is_better; 95% CI 18-18.8"
E09000018,Hounslow,2011,life_expectancy_birth_female,82.8,ONS life expectancy for local areas of the UK,borough,"life expectancy at birth, female, years; rolling period 2009 to 2011 assigned to END year; higher_is_better; 95% CI 82.3-83.3"
E09000018,Hounslow,2011,life_expectancy_birth_male,79,ONS life expectancy for local areas of the UK,borough,"life expectancy at birth, male, years; rolling period 2009 to 2011 assigned to END year; higher_is_better; 95% CI 78.5-79.5"
E09000018,Hounslow,2012,life_expectancy_65_female,21.3,ONS life expectancy for local areas of the UK,borough,"life expectancy at age 65, female, years; rolling period 2010 to 2012 assigned to END year; higher_is_better; 95% CI 20.9-21.7"
E09000018,Hounslow,2012,life_expectancy_65_male,18.4,ONS life expectancy for local areas of the UK,borough,"life expectancy at age 65, male, years; rolling period 2010 to 2012 assigned to END year; higher_is_better; 95% CI 18-18.8"
E09000018,Hounslow,2012,life_expectancy_birth_female,83,ONS life expectancy for local areas of the UK,borough,"life expectancy at birth, female, years; rolling period 2010 to 2012 assigned to END year; higher_is_better; 95% CI 82.6-83.5"
E09000018,Hounslow,2012,life_expectancy_birth_male,79.4,ONS life expectancy for local areas of the UK,borough,"life expectancy at birth, male, years; rolling period 2010 to 2012 assigned to END year; higher_is_better; 95% CI 78.9-79.9"
E09000018,Hounslow,2013,life_expectancy_65_female,21.3,ONS life expectancy for local areas of the UK,borough,"life expectancy at age 65, female, years; rolling period 2011 to 2013 assigned to END year; higher_is_better; 95% CI 20.9-21.7"
E09000018,Hounslow,2013,life_expectancy_65_male,18.6,ONS life expectancy for local areas of the UK,borough,"life expectancy at age 65, male, years; rolling period 2011 to 2013 assigned to END year; higher_is_better; 95% CI 18.2-18.9"
E09000018,Hounslow,2013,life_expectancy_birth_female,83.2,ONS life expectancy for local areas of the UK,borough,"life expectancy at birth, female, years; rolling period 2011 to 2013 assigned to END year; higher_is_better; 95% CI 82.7-83.7"
E09000018,Hounslow,2013,life_expectancy_birth_male,79.6,ONS life expectancy for local areas of the UK,borough,"life expectancy at birth, male, years; rolling period 2011 to 2013 assigned to END year; higher_is_better; 95% CI 79.1-80"
E09000018,Hounslow,2014,life_expectancy_65_female,21.6,ONS life expectancy for local areas of the UK,borough,"life expectancy at age 65, female, years; rolling period 2012 to 2014 assigned to END year; higher_is_better; 95% CI 21.2-22"
E09000018,Hounslow,2014,life_expectancy_65_male,18.4,ONS life expectancy for local areas of the UK,borough,"life expectancy at age 65, male, years; rolling period 2012 to 2014 assigned to END year; higher_is_better; 95% CI 18-18.8"
E09000018,Hounslow,2014,life_expectancy_birth_female,83.7,ONS life expectancy for local areas of the UK,borough,"life expectancy at birth, female, years; rolling period 2012 to 2014 assigned to END year; higher_is_better; 95% CI 83.3-84.2"
E09000018,Hounslow,2014,life_expectancy_birth_male,79.8,ONS life expectancy for local areas of the UK,borough,"life expectancy at birth, male, years; rolling period 2012 to 2014 assigned to END year; higher_is_better; 95% CI 79.3-80.2"
E09000018,Hounslow,2015,life_expectancy_65_female,21.6,ONS life expectancy for local areas of the UK,borough,"life expectancy at age 65, female, years; rolling period 2013 to 2015 assigned to END year; higher_is_better; 95% CI 21.2-22"
E09000018,Hounslow,2015,life_expectancy_65_male,18.5,ONS life expectancy for local areas of the UK,borough,"life expectancy at age 65, male, years; rolling period 2013 to 2015 assigned to END year; higher_is_better; 95% CI 18.2-18.9"
E09000018,Hounslow,2015,life_expectancy_birth_female,84.1,ONS life expectancy for local areas of the UK,borough,"life expectancy at birth, female, years; rolling period 2013 to 2015 assigned to END year; higher_is_better; 95% CI 83.6-84.6"
E09000018,Hounslow,2015,life_expectancy_birth_male,79.8,ONS life expectancy for local areas of the UK,borough,"life expectancy at birth, male, years; rolling period 2013 to 2015 assigned to END year; higher_is_better; 95% CI 79.3-80.2"
E09000018,Hounslow,2016,life_expectancy_65_female,21.8,ONS life expectancy for local areas of the UK,borough,"life expectancy at age 65, female, years; rolling period 2014 to 2016 assigned to END year; higher_is_better; 95% CI 21.4-22.2"
E09000018,Hounslow,2016,life_expectancy_65_male,18.6,ONS life expectancy for local areas of the UK,borough,"life expectancy at age 65, male, years; rolling period 2014 to 2016 assigned to END year; higher_is_better; 95% CI 18.2-19"
E09000018,Hounslow,2016,life_expectancy_birth_female,84.2,ONS life expectancy for local areas of the UK,borough,"life expectancy at birth, female, years; rolling period 2014 to 2016 assigned to END year; higher_is_better; 95% CI 83.8-84.7"
E09000018,Hounslow,2016,life_expectancy_birth_male,79.9,ONS life expectancy for local areas of the UK,borough,"life expectancy at birth, male, years; rolling period 2014 to 2016 assigned to END year; higher_is_better; 95% CI 79.4-80.4"
E09000018,Hounslow,2017,life_expectancy_65_female,21.4,ONS life expectancy for local areas of the UK,borough,"life expectancy at age 65, female, years; rolling period 2015 to 2017 assigned to END year; higher_is_better; 95% CI 21-21.8"
E09000018,Hounslow,2017,life_expectancy_65_male,18.7,ONS life expectancy for local areas of the UK,borough,"life expectancy at age 65, male, years; rolling period 2015 to 2017 assigned to END year; higher_is_better; 95% CI 18.4-19.1"
E09000018,Hounslow,2017,life_expectancy_birth_female,84,ONS life expectancy for local areas of the UK,borough,"life expectancy at birth, female, years; rolling period 2015 to 2017 assigned to END year; higher_is_better; 95% CI 83.5-84.4"
E09000018,Hounslow,2017,life_expectancy_birth_male,79.9,ONS life expectancy for local areas of the UK,borough,"life expectancy at birth, male, years; rolling period 2015 to 2017 assigned to END year; higher_is_better; 95% CI 79.5-80.4"
E09000018,Hounslow,2018,life_expectancy_65_female,21.4,ONS life expectancy for local areas of the UK,borough,"life expectancy at age 65, female, years; rolling period 2016 to 2018 assigned to END year; higher_is_better; 95% CI 21-21.7"
E09000018,Hounslow,2018,life_expectancy_65_male,18.7,ONS life expectancy for local areas of the UK,borough,"life expectancy at age 65, male, years; rolling period 2016 to 2018 assigned to END year; higher_is_better; 95% CI 18.3-19.1"
E09000018,Hounslow,2018,life_expectancy_birth_female,83.7,ONS life expectancy for local areas of the UK,borough,"life expectancy at birth, female, years; rolling period 2016 to 2018 assigned to END year; higher_is_better; 95% CI 83.3-84.2"
E09000018,Hounslow,2018,life_expectancy_birth_male,79.9,ONS life expectancy for local areas of the UK,borough,"life expectancy at birth, male, years; rolling period 2016 to 2018 assigned to END year; higher_is_better; 95% CI 79.5-80.4"
E09000018,Hounslow,2019,life_expectancy_65_female,21.5,ONS life expectancy for local areas of the UK,borough,"life expectancy at age 65, female, years; rolling period 2017 to 2019 assigned to END year; higher_is_better; 95% CI 21.2-21.9"
E09000018,Hounslow,2019,life_expectancy_65_male,18.8,ONS life expectancy for local areas of the UK,borough,"life expectancy at age 65, male, years; rolling period 2017 to 2019 assigned to END year; higher_is_better; 95% CI 18.4-19.1"
E09000018,Hounslow,2019,life_expectancy_birth_female,83.9,ONS life expectancy for local areas of the UK,borough,"life expectancy at birth, female, years; rolling period 2017 to 2019 assigned to END year; higher_is_better; 95% CI 83.5-84.4"
E09000018,Hounslow,2019,life_expectancy_birth_male,80.1,ONS life expectancy for local areas of the UK,borough,"life expectancy at birth, male, years; rolling period 2017 to 2019 assigned to END year; higher_is_better; 95% CI 79.7-80.5"
E09000018,Hounslow,2020,life_expectancy_65_female,21.4,ONS life expectancy for local areas of the UK,borough,"life expectancy at age 65, female, years; rolling period 2018 to 2020 assigned to END year; higher_is_better; 95% CI 21.1-21.8"
E09000018,Hounslow,2020,life_expectancy_65_male,18.2,ONS life expectancy for local areas of the UK,borough,"life expectancy at age 65, male, years; rolling period 2018 to 2020 assigned to END year; higher_is_better; 95% CI 17.9-18.6"
E09000018,Hounslow,2020,life_expectancy_birth_female,83.7,ONS life expectancy for local areas of the UK,borough,"life expectancy at birth, female, years; rolling period 2018 to 2020 assigned to END year; higher_is_better; 95% CI 83.2-84.1"
E09000018,Hounslow,2020,life_expectancy_birth_male,79.3,ONS life expectancy for local areas of the UK,borough,"life expectancy at birth, male, years; rolling period 2018 to 2020 assigned to END year; higher_is_better; 95% CI 78.9-79.7"
E09000018,Hounslow,2021,life_expectancy_65_female,21.3,ONS life expectancy for local areas of the UK,borough,"life expectancy at age 65, female, years; rolling period 2019 to 2021 assigned to END year; higher_is_better; 95% CI 20.9-21.6"
E09000018,Hounslow,2021,life_expectancy_65_male,18.2,ONS life expectancy for local areas of the UK,borough,"life expectancy at age 65, male, years; rolling period 2019 to 2021 assigned to END year; higher_is_better; 95% CI 17.8-18.5"
E09000018,Hounslow,2021,life_expectancy_birth_female,83.4,ONS life expectancy for local areas of the UK,borough,"life expectancy at birth, female, years; rolling period 2019 to 2021 assigned to END year; higher_is_better; 95% CI 83-83.9"
E09000018,Hounslow,2021,life_expectancy_birth_male,78.9,ONS life expectancy for local areas of the UK,borough,"life expectancy at birth, male, years; rolling period 2019 to 2021 assigned to END year; higher_is_better; 95% CI 78.5-79.4"
E09000018,Hounslow,2022,life_expectancy_65_female,21.2,ONS life expectancy for local areas of the UK,borough,"life expectancy at age 65, female, years; rolling period 2020 to 2022 assigned to END year; higher_is_better; 95% CI 20.9-21.5"
E09000018,Hounslow,2022,life_expectancy_65_male,18.3,ONS life expectancy for local areas of the UK,borough,"life expectancy at age 65, male, years; rolling period 2020 to 2022 assigned to END year; higher_is_better; 95% CI 17.9-18.6"
E09000018,Hounslow,2022,life_expectancy_birth_female,83.5,ONS life expectancy for local areas of the UK,borough,"life expectancy at birth, female, years; rolling period 2020 to 2022 assigned to END year; higher_is_better; 95% CI 83.1-83.9"
E09000018,Hounslow,2022,life_expectancy_birth_male,79,ONS life expectancy for local areas of the UK,borough,"life expectancy at birth, male, years; rolling period 2020 to 2022 assigned to END year; higher_is_better; 95% CI 78.5-79.4"
E09000018,Hounslow,2023,life_expectancy_65_female,21.6,ONS life expectancy for local areas of the UK,borough,"life expectancy at age 65, female, years; rolling period 2021 to 2023 assigned to END year; higher_is_better; 95% CI 21.3-22"
E09000018,Hounslow,2023,life_expectancy_65_male,18.9,ONS life expectancy for local areas of the UK,borough,"life expectancy at age 65, male, years; rolling period 2021 to 2023 assigned to END year; higher_is_better; 95% CI 18.6-19.3"
E09000018,Hounslow,2023,life_expectancy_birth_female,84,ONS life expectancy for local areas of the UK,borough,"life expectancy at birth, female, years; rolling period 2021 to 2023 assigned to END year; higher_is_better; 95% CI 83.6-84.4"
E09000018,Hounslow,2023,life_expectancy_birth_male,79.7,ONS life expectancy for local areas of the UK,borough,"life expectancy at birth, male, years; rolling period 2021 to 2023 assigned to END year; higher_is_better; 95% CI 79.2-80.1"
E09000018,Hounslow,2024,life_expectancy_65_female,22.3,ONS life expectancy for local areas of the UK,borough,"life expectancy at age 65, female, years; rolling period 2022 to 2024 assigned to END year; higher_is_better; 95% CI 21.9-22.6"
E09000018,Hounslow,2024,life_expectancy_65_male,19.5,ONS life expectancy for local areas of the UK,borough,"life expectancy at age 65, male, years; rolling period 2022 to 2024 assigned to END year; higher_is_better; 95% CI 19.1-19.8"
E09000018,Hounslow,2024,life_expectancy_birth_female,84.7,ONS life expectancy for local areas of the UK,borough,"life expectancy at birth, female, years; rolling period 2022 to 2024 assigned to END year; higher_is_better; 95% CI 84.3-85.1"
E09000018,Hounslow,2024,life_expectancy_birth_male,80.3,ONS life expectancy for local areas of the UK,borough,"life expectancy at birth, male, years; rolling period 2022 to 2024 assigned to END year; higher_is_better; 95% CI 79.8-80.8"
E09000019,Islington,2003,life_expectancy_65_female,18.7,ONS life expectancy for local areas of the UK,borough,"life expectancy at age 65, female, years; rolling period 2001 to 2003 assigned to END year; higher_is_better; 95% CI 18.3-19.2"
E09000019,Islington,2003,life_expectancy_65_male,15.3,ONS life expectancy for local areas of the UK,borough,"life expectancy at age 65, male, years; rolling period 2001 to 2003 assigned to END year; higher_is_better; 95% CI 14.9-15.8"
E09000019,Islington,2003,life_expectancy_birth_female,79.5,ONS life expectancy for local areas of the UK,borough,"life expectancy at birth, female, years; rolling period 2001 to 2003 assigned to END year; higher_is_better; 95% CI 78.9-80.1"
E09000019,Islington,2003,life_expectancy_birth_male,73.3,ONS life expectancy for local areas of the UK,borough,"life expectancy at birth, male, years; rolling period 2001 to 2003 assigned to END year; higher_is_better; 95% CI 72.7-73.9"
E09000019,Islington,2004,life_expectancy_65_female,18.7,ONS life expectancy for local areas of the UK,borough,"life expectancy at age 65, female, years; rolling period 2002 to 2004 assigned to END year; higher_is_better; 95% CI 18.2-19.1"
E09000019,Islington,2004,life_expectancy_65_male,15.9,ONS life expectancy for local areas of the UK,borough,"life expectancy at age 65, male, years; rolling period 2002 to 2004 assigned to END year; higher_is_better; 95% CI 15.4-16.4"
E09000019,Islington,2004,life_expectancy_birth_female,79.4,ONS life expectancy for local areas of the UK,borough,"life expectancy at birth, female, years; rolling period 2002 to 2004 assigned to END year; higher_is_better; 95% CI 78.9-80"
E09000019,Islington,2004,life_expectancy_birth_male,73.9,ONS life expectancy for local areas of the UK,borough,"life expectancy at birth, male, years; rolling period 2002 to 2004 assigned to END year; higher_is_better; 95% CI 73.3-74.6"
E09000019,Islington,2005,life_expectancy_65_female,18.7,ONS life expectancy for local areas of the UK,borough,"life expectancy at age 65, female, years; rolling period 2003 to 2005 assigned to END year; higher_is_better; 95% CI 18.3-19.2"
E09000019,Islington,2005,life_expectancy_65_male,16.3,ONS life expectancy for local areas of the UK,borough,"life expectancy at age 65, male, years; rolling period 2003 to 2005 assigned to END year; higher_is_better; 95% CI 15.8-16.8"
E09000019,Islington,2005,life_expectancy_birth_female,79.8,ONS life expectancy for local areas of the UK,borough,"life expectancy at birth, female, years; rolling period 2003 to 2005 assigned to END year; higher_is_better; 95% CI 79.2-80.3"
E09000019,Islington,2005,life_expectancy_birth_male,74.6,ONS life expectancy for local areas of the UK,borough,"life expectancy at birth, male, years; rolling period 2003 to 2005 assigned to END year; higher_is_better; 95% CI 74-75.3"
E09000019,Islington,2006,life_expectancy_65_female,19.1,ONS life expectancy for local areas of the UK,borough,"life expectancy at age 65, female, years; rolling period 2004 to 2006 assigned to END year; higher_is_better; 95% CI 18.7-19.6"
E09000019,Islington,2006,life_expectancy_65_male,16.1,ONS life expectancy for local areas of the UK,borough,"life expectancy at age 65, male, years; rolling period 2004 to 2006 assigned to END year; higher_is_better; 95% CI 15.6-16.6"
E09000019,Islington,2006,life_expectancy_birth_female,80.1,ONS life expectancy for local areas of the UK,borough,"life expectancy at birth, female, years; rolling period 2004 to 2006 assigned to END year; higher_is_better; 95% CI 79.5-80.7"
E09000019,Islington,2006,life_expectancy_birth_male,74.9,ONS life expectancy for local areas of the UK,borough,"life expectancy at birth, male, years; rolling period 2004 to 2006 assigned to END year; higher_is_better; 95% CI 74.3-75.5"
E09000019,Islington,2007,life_expectancy_65_female,19.5,ONS life expectancy for local areas of the UK,borough,"life expectancy at age 65, female, years; rolling period 2005 to 2007 assigned to END year; higher_is_better; 95% CI 19-19.9"
E09000019,Islington,2007,life_expectancy_65_male,16.3,ONS life expectancy for local areas of the UK,borough,"life expectancy at age 65, male, years; rolling period 2005 to 2007 assigned to END year; higher_is_better; 95% CI 15.8-16.7"
E09000019,Islington,2007,life_expectancy_birth_female,80.9,ONS life expectancy for local areas of the UK,borough,"life expectancy at birth, female, years; rolling period 2005 to 2007 assigned to END year; higher_is_better; 95% CI 80.4-81.5"
E09000019,Islington,2007,life_expectancy_birth_male,75.1,ONS life expectancy for local areas of the UK,borough,"life expectancy at birth, male, years; rolling period 2005 to 2007 assigned to END year; higher_is_better; 95% CI 74.5-75.7"
E09000019,Islington,2008,life_expectancy_65_female,19.6,ONS life expectancy for local areas of the UK,borough,"life expectancy at age 65, female, years; rolling period 2006 to 2008 assigned to END year; higher_is_better; 95% CI 19.2-20.1"
E09000019,Islington,2008,life_expectancy_65_male,16.4,ONS life expectancy for local areas of the UK,borough,"life expectancy at age 65, male, years; rolling period 2006 to 2008 assigned to END year; higher_is_better; 95% CI 15.9-16.9"
E09000019,Islington,2008,life_expectancy_birth_female,81.1,ONS life expectancy for local areas of the UK,borough,"life expectancy at birth, female, years; rolling period 2006 to 2008 assigned to END year; higher_is_better; 95% CI 80.5-81.7"
E09000019,Islington,2008,life_expectancy_birth_male,75.2,ONS life expectancy for local areas of the UK,borough,"life expectancy at birth, male, years; rolling period 2006 to 2008 assigned to END year; higher_is_better; 95% CI 74.6-75.8"
E09000019,Islington,2009,life_expectancy_65_female,19.6,ONS life expectancy for local areas of the UK,borough,"life expectancy at age 65, female, years; rolling period 2007 to 2009 assigned to END year; higher_is_better; 95% CI 19.2-20.1"
E09000019,Islington,2009,life_expectancy_65_male,16.8,ONS life expectancy for local areas of the UK,borough,"life expectancy at age 65, male, years; rolling period 2007 to 2009 assigned to END year; higher_is_better; 95% CI 16.3-17.2"
E09000019,Islington,2009,life_expectancy_birth_female,81.3,ONS life expectancy for local areas of the UK,borough,"life expectancy at birth, female, years; rolling period 2007 to 2009 assigned to END year; higher_is_better; 95% CI 80.8-81.9"
E09000019,Islington,2009,life_expectancy_birth_male,75.9,ONS life expectancy for local areas of the UK,borough,"life expectancy at birth, male, years; rolling period 2007 to 2009 assigned to END year; higher_is_better; 95% CI 75.3-76.4"
E09000019,Islington,2010,life_expectancy_65_female,20,ONS life expectancy for local areas of the UK,borough,"life expectancy at age 65, female, years; rolling period 2008 to 2010 assigned to END year; higher_is_better; 95% CI 19.5-20.5"
E09000019,Islington,2010,life_expectancy_65_male,17.3,ONS life expectancy for local areas of the UK,borough,"life expectancy at age 65, male, years; rolling period 2008 to 2010 assigned to END year; higher_is_better; 95% CI 16.8-17.8"
E09000019,Islington,2010,life_expectancy_birth_female,81.6,ONS life expectancy for local areas of the UK,borough,"life expectancy at birth, female, years; rolling period 2008 to 2010 assigned to END year; higher_is_better; 95% CI 81-82.2"
E09000019,Islington,2010,life_expectancy_birth_male,76.6,ONS life expectancy for local areas of the UK,borough,"life expectancy at birth, male, years; rolling period 2008 to 2010 assigned to END year; higher_is_better; 95% CI 76-77.2"
E09000019,Islington,2011,life_expectancy_65_female,20.4,ONS life expectancy for local areas of the UK,borough,"life expectancy at age 65, female, years; rolling period 2009 to 2011 assigned to END year; higher_is_better; 95% CI 19.9-20.9"
E09000019,Islington,2011,life_expectancy_65_male,17.4,ONS life expectancy for local areas of the UK,borough,"life expectancy at age 65, male, years; rolling period 2009 to 2011 assigned to END year; higher_is_better; 95% CI 17-17.9"
E09000019,Islington,2011,life_expectancy_birth_female,82.2,ONS life expectancy for local areas of the UK,borough,"life expectancy at birth, female, years; rolling period 2009 to 2011 assigned to END year; higher_is_better; 95% CI 81.7-82.8"
E09000019,Islington,2011,life_expectancy_birth_male,77.1,ONS life expectancy for local areas of the UK,borough,"life expectancy at birth, male, years; rolling period 2009 to 2011 assigned to END year; higher_is_better; 95% CI 76.5-77.7"
E09000019,Islington,2012,life_expectancy_65_female,20.9,ONS life expectancy for local areas of the UK,borough,"life expectancy at age 65, female, years; rolling period 2010 to 2012 assigned to END year; higher_is_better; 95% CI 20.4-21.4"
E09000019,Islington,2012,life_expectancy_65_male,17.4,ONS life expectancy for local areas of the UK,borough,"life expectancy at age 65, male, years; rolling period 2010 to 2012 assigned to END year; higher_is_better; 95% CI 17-17.9"
E09000019,Islington,2012,life_expectancy_birth_female,82.9,ONS life expectancy for local areas of the UK,borough,"life expectancy at birth, female, years; rolling period 2010 to 2012 assigned to END year; higher_is_better; 95% CI 82.3-83.4"
E09000019,Islington,2012,life_expectancy_birth_male,77.6,ONS life expectancy for local areas of the UK,borough,"life expectancy at birth, male, years; rolling period 2010 to 2012 assigned to END year; higher_is_better; 95% CI 77-78.2"
E09000019,Islington,2013,life_expectancy_65_female,20.9,ONS life expectancy for local areas of the UK,borough,"life expectancy at age 65, female, years; rolling period 2011 to 2013 assigned to END year; higher_is_better; 95% CI 20.4-21.4"
E09000019,Islington,2013,life_expectancy_65_male,17.2,ONS life expectancy for local areas of the UK,borough,"life expectancy at age 65, male, years; rolling period 2011 to 2013 assigned to END year; higher_is_better; 95% CI 16.7-17.7"
E09000019,Islington,2013,life_expectancy_birth_female,83.1,ONS life expectancy for local areas of the UK,borough,"life expectancy at birth, female, years; rolling period 2011 to 2013 assigned to END year; higher_is_better; 95% CI 82.5-83.6"
E09000019,Islington,2013,life_expectancy_birth_male,77.8,ONS life expectancy for local areas of the UK,borough,"life expectancy at birth, male, years; rolling period 2011 to 2013 assigned to END year; higher_is_better; 95% CI 77.3-78.4"
E09000019,Islington,2014,life_expectancy_65_female,21.1,ONS life expectancy for local areas of the UK,borough,"life expectancy at age 65, female, years; rolling period 2012 to 2014 assigned to END year; higher_is_better; 95% CI 20.6-21.6"
E09000019,Islington,2014,life_expectancy_65_male,17.5,ONS life expectancy for local areas of the UK,borough,"life expectancy at age 65, male, years; rolling period 2012 to 2014 assigned to END year; higher_is_better; 95% CI 17.1-18"
E09000019,Islington,2014,life_expectancy_birth_female,83.1,ONS life expectancy for local areas of the UK,borough,"life expectancy at birth, female, years; rolling period 2012 to 2014 assigned to END year; higher_is_better; 95% CI 82.5-83.7"
E09000019,Islington,2014,life_expectancy_birth_male,78.5,ONS life expectancy for local areas of the UK,borough,"life expectancy at birth, male, years; rolling period 2012 to 2014 assigned to END year; higher_is_better; 95% CI 77.9-79"
E09000019,Islington,2015,life_expectancy_65_female,21,ONS life expectancy for local areas of the UK,borough,"life expectancy at age 65, female, years; rolling period 2013 to 2015 assigned to END year; higher_is_better; 95% CI 20.5-21.4"
E09000019,Islington,2015,life_expectancy_65_male,17.9,ONS life expectancy for local areas of the UK,borough,"life expectancy at age 65, male, years; rolling period 2013 to 2015 assigned to END year; higher_is_better; 95% CI 17.4-18.3"
E09000019,Islington,2015,life_expectancy_birth_female,82.9,ONS life expectancy for local areas of the UK,borough,"life expectancy at birth, female, years; rolling period 2013 to 2015 assigned to END year; higher_is_better; 95% CI 82.3-83.4"
E09000019,Islington,2015,life_expectancy_birth_male,78.4,ONS life expectancy for local areas of the UK,borough,"life expectancy at birth, male, years; rolling period 2013 to 2015 assigned to END year; higher_is_better; 95% CI 77.8-78.9"
E09000019,Islington,2016,life_expectancy_65_female,21,ONS life expectancy for local areas of the UK,borough,"life expectancy at age 65, female, years; rolling period 2014 to 2016 assigned to END year; higher_is_better; 95% CI 20.5-21.6"
E09000019,Islington,2016,life_expectancy_65_male,18.5,ONS life expectancy for local areas of the UK,borough,"life expectancy at age 65, male, years; rolling period 2014 to 2016 assigned to END year; higher_is_better; 95% CI 18-19"
E09000019,Islington,2016,life_expectancy_birth_female,83.1,ONS life expectancy for local areas of the UK,borough,"life expectancy at birth, female, years; rolling period 2014 to 2016 assigned to END year; higher_is_better; 95% CI 82.5-83.7"
E09000019,Islington,2016,life_expectancy_birth_male,78.9,ONS life expectancy for local areas of the UK,borough,"life expectancy at birth, male, years; rolling period 2014 to 2016 assigned to END year; higher_is_better; 95% CI 78.3-79.5"
E09000019,Islington,2017,life_expectancy_65_female,20.7,ONS life expectancy for local areas of the UK,borough,"life expectancy at age 65, female, years; rolling period 2015 to 2017 assigned to END year; higher_is_better; 95% CI 20.3-21.2"
E09000019,Islington,2017,life_expectancy_65_male,18.3,ONS life expectancy for local areas of the UK,borough,"life expectancy at age 65, male, years; rolling period 2015 to 2017 assigned to END year; higher_is_better; 95% CI 17.8-18.8"
E09000019,Islington,2017,life_expectancy_birth_female,82.9,ONS life expectancy for local areas of the UK,borough,"life expectancy at birth, female, years; rolling period 2015 to 2017 assigned to END year; higher_is_better; 95% CI 82.4-83.5"
E09000019,Islington,2017,life_expectancy_birth_male,78.8,ONS life expectancy for local areas of the UK,borough,"life expectancy at birth, male, years; rolling period 2015 to 2017 assigned to END year; higher_is_better; 95% CI 78.2-79.3"
E09000019,Islington,2018,life_expectancy_65_female,20.8,ONS life expectancy for local areas of the UK,borough,"life expectancy at age 65, female, years; rolling period 2016 to 2018 assigned to END year; higher_is_better; 95% CI 20.4-21.3"
E09000019,Islington,2018,life_expectancy_65_male,18.2,ONS life expectancy for local areas of the UK,borough,"life expectancy at age 65, male, years; rolling period 2016 to 2018 assigned to END year; higher_is_better; 95% CI 17.7-18.7"
E09000019,Islington,2018,life_expectancy_birth_female,82.9,ONS life expectancy for local areas of the UK,borough,"life expectancy at birth, female, years; rolling period 2016 to 2018 assigned to END year; higher_is_better; 95% CI 82.4-83.5"
E09000019,Islington,2018,life_expectancy_birth_male,78.9,ONS life expectancy for local areas of the UK,borough,"life expectancy at birth, male, years; rolling period 2016 to 2018 assigned to END year; higher_is_better; 95% CI 78.3-79.4"
E09000019,Islington,2019,life_expectancy_65_female,21,ONS life expectancy for local areas of the UK,borough,"life expectancy at age 65, female, years; rolling period 2017 to 2019 assigned to END year; higher_is_better; 95% CI 20.6-21.5"
E09000019,Islington,2019,life_expectancy_65_male,18,ONS life expectancy for local areas of the UK,borough,"life expectancy at age 65, male, years; rolling period 2017 to 2019 assigned to END year; higher_is_better; 95% CI 17.5-18.5"
E09000019,Islington,2019,life_expectancy_birth_female,83,ONS life expectancy for local areas of the UK,borough,"life expectancy at birth, female, years; rolling period 2017 to 2019 assigned to END year; higher_is_better; 95% CI 82.4-83.5"
E09000019,Islington,2019,life_expectancy_birth_male,78.8,ONS life expectancy for local areas of the UK,borough,"life expectancy at birth, male, years; rolling period 2017 to 2019 assigned to END year; higher_is_better; 95% CI 78.2-79.3"
E09000019,Islington,2020,life_expectancy_65_female,20.7,ONS life expectancy for local areas of the UK,borough,"life expectancy at age 65, female, years; rolling period 2018 to 2020 assigned to END year; higher_is_better; 95% CI 20.2-21.1"
E09000019,Islington,2020,life_expectancy_65_male,17.8,ONS life expectancy for local areas of the UK,borough,"life expectancy at age 65, male, years; rolling period 2018 to 2020 assigned to END year; higher_is_better; 95% CI 17.3-18.2"
E09000019,Islington,2020,life_expectancy_birth_female,82.8,ONS life expectancy for local areas of the UK,borough,"life expectancy at birth, female, years; rolling period 2018 to 2020 assigned to END year; higher_is_better; 95% CI 82.2-83.3"
E09000019,Islington,2020,life_expectancy_birth_male,78.4,ONS life expectancy for local areas of the UK,borough,"life expectancy at birth, male, years; rolling period 2018 to 2020 assigned to END year; higher_is_better; 95% CI 77.9-79"
E09000019,Islington,2021,life_expectancy_65_female,20.5,ONS life expectancy for local areas of the UK,borough,"life expectancy at age 65, female, years; rolling period 2019 to 2021 assigned to END year; higher_is_better; 95% CI 20-20.9"
E09000019,Islington,2021,life_expectancy_65_male,17.2,ONS life expectancy for local areas of the UK,borough,"life expectancy at age 65, male, years; rolling period 2019 to 2021 assigned to END year; higher_is_better; 95% CI 16.8-17.7"
E09000019,Islington,2021,life_expectancy_birth_female,82.7,ONS life expectancy for local areas of the UK,borough,"life expectancy at birth, female, years; rolling period 2019 to 2021 assigned to END year; higher_is_better; 95% CI 82.2-83.3"
E09000019,Islington,2021,life_expectancy_birth_male,78.1,ONS life expectancy for local areas of the UK,borough,"life expectancy at birth, male, years; rolling period 2019 to 2021 assigned to END year; higher_is_better; 95% CI 77.5-78.6"
E09000019,Islington,2022,life_expectancy_65_female,20.4,ONS life expectancy for local areas of the UK,borough,"life expectancy at age 65, female, years; rolling period 2020 to 2022 assigned to END year; higher_is_better; 95% CI 19.9-20.8"
E09000019,Islington,2022,life_expectancy_65_male,17.2,ONS life expectancy for local areas of the UK,borough,"life expectancy at age 65, male, years; rolling period 2020 to 2022 assigned to END year; higher_is_better; 95% CI 16.8-17.6"
E09000019,Islington,2022,life_expectancy_birth_female,82.6,ONS life expectancy for local areas of the UK,borough,"life expectancy at birth, female, years; rolling period 2020 to 2022 assigned to END year; higher_is_better; 95% CI 82.1-83.1"
E09000019,Islington,2022,life_expectancy_birth_male,77.9,ONS life expectancy for local areas of the UK,borough,"life expectancy at birth, male, years; rolling period 2020 to 2022 assigned to END year; higher_is_better; 95% CI 77.4-78.5"
E09000019,Islington,2023,life_expectancy_65_female,20.6,ONS life expectancy for local areas of the UK,borough,"life expectancy at age 65, female, years; rolling period 2021 to 2023 assigned to END year; higher_is_better; 95% CI 20.2-21.1"
E09000019,Islington,2023,life_expectancy_65_male,17.4,ONS life expectancy for local areas of the UK,borough,"life expectancy at age 65, male, years; rolling period 2021 to 2023 assigned to END year; higher_is_better; 95% CI 17-17.8"
E09000019,Islington,2023,life_expectancy_birth_female,83,ONS life expectancy for local areas of the UK,borough,"life expectancy at birth, female, years; rolling period 2021 to 2023 assigned to END year; higher_is_better; 95% CI 82.5-83.5"
E09000019,Islington,2023,life_expectancy_birth_male,78.2,ONS life expectancy for local areas of the UK,borough,"life expectancy at birth, male, years; rolling period 2021 to 2023 assigned to END year; higher_is_better; 95% CI 77.7-78.7"
E09000019,Islington,2024,life_expectancy_65_female,21.3,ONS life expectancy for local areas of the UK,borough,"life expectancy at age 65, female, years; rolling period 2022 to 2024 assigned to END year; higher_is_better; 95% CI 20.9-21.8"
E09000019,Islington,2024,life_expectancy_65_male,18.1,ONS life expectancy for local areas of the UK,borough,"life expectancy at age 65, male, years; rolling period 2022 to 2024 assigned to END year; higher_is_better; 95% CI 17.7-18.6"
E09000019,Islington,2024,life_expectancy_birth_female,83.7,ONS life expectancy for local areas of the UK,borough,"life expectancy at birth, female, years; rolling period 2022 to 2024 assigned to END year; higher_is_better; 95% CI 83.1-84.2"
E09000019,Islington,2024,life_expectancy_birth_male,78.7,ONS life expectancy for local areas of the UK,borough,"life expectancy at birth, male, years; rolling period 2022 to 2024 assigned to END year; higher_is_better; 95% CI 78.2-79.3"
E09000020,Kensington and Chelsea,2003,life_expectancy_65_female,22.2,ONS life expectancy for local areas of the UK,borough,"life expectancy at age 65, female, years; rolling period 2001 to 2003 assigned to END year; higher_is_better; 95% CI 21.6-22.7"
E09000020,Kensington and Chelsea,2003,life_expectancy_65_male,18.7,ONS life expectancy for local areas of the UK,borough,"life expectancy at age 65, male, years; rolling period 2001 to 2003 assigned to END year; higher_is_better; 95% CI 18.1-19.2"
E09000020,Kensington and Chelsea,2003,life_expectancy_birth_female,84.3,ONS life expectancy for local areas of the UK,borough,"life expectancy at birth, female, years; rolling period 2001 to 2003 assigned to END year; higher_is_better; 95% CI 83.7-85"
E09000020,Kensington and Chelsea,2003,life_expectancy_birth_male,79,ONS life expectancy for local areas of the UK,borough,"life expectancy at birth, male, years; rolling period 2001 to 2003 assigned to END year; higher_is_better; 95% CI 78.4-79.7"
E09000020,Kensington and Chelsea,2004,life_expectancy_65_female,22.6,ONS life expectancy for local areas of the UK,borough,"life expectancy at age 65, female, years; rolling period 2002 to 2004 assigned to END year; higher_is_better; 95% CI 22.1-23.2"
E09000020,Kensington and Chelsea,2004,life_expectancy_65_male,19.2,ONS life expectancy for local areas of the UK,borough,"life expectancy at age 65, male, years; rolling period 2002 to 2004 assigned to END year; higher_is_better; 95% CI 18.6-19.8"
E09000020,Kensington and Chelsea,2004,life_expectancy_birth_female,85,ONS life expectancy for local areas of the UK,borough,"life expectancy at birth, female, years; rolling period 2002 to 2004 assigned to END year; higher_is_better; 95% CI 84.4-85.7"
E09000020,Kensington and Chelsea,2004,life_expectancy_birth_male,79.7,ONS life expectancy for local areas of the UK,borough,"life expectancy at birth, male, years; rolling period 2002 to 2004 assigned to END year; higher_is_better; 95% CI 79-80.3"
E09000020,Kensington and Chelsea,2005,life_expectancy_65_female,22.7,ONS life expectancy for local areas of the UK,borough,"life expectancy at age 65, female, years; rolling period 2003 to 2005 assigned to END year; higher_is_better; 95% CI 22.1-23.2"
E09000020,Kensington and Chelsea,2005,life_expectancy_65_male,19.5,ONS life expectancy for local areas of the UK,borough,"life expectancy at age 65, male, years; rolling period 2003 to 2005 assigned to END year; higher_is_better; 95% CI 18.9-20.1"
E09000020,Kensington and Chelsea,2005,life_expectancy_birth_female,85,ONS life expectancy for local areas of the UK,borough,"life expectancy at birth, female, years; rolling period 2003 to 2005 assigned to END year; higher_is_better; 95% CI 84.4-85.6"
E09000020,Kensington and Chelsea,2005,life_expectancy_birth_male,80.4,ONS life expectancy for local areas of the UK,borough,"life expectancy at birth, male, years; rolling period 2003 to 2005 assigned to END year; higher_is_better; 95% CI 79.8-81.1"
E09000020,Kensington and Chelsea,2006,life_expectancy_65_female,23,ONS life expectancy for local areas of the UK,borough,"life expectancy at age 65, female, years; rolling period 2004 to 2006 assigned to END year; higher_is_better; 95% CI 22.5-23.6"
E09000020,Kensington and Chelsea,2006,life_expectancy_65_male,20.3,ONS life expectancy for local areas of the UK,borough,"life expectancy at age 65, male, years; rolling period 2004 to 2006 assigned to END year; higher_is_better; 95% CI 19.6-20.9"
E09000020,Kensington and Chelsea,2006,life_expectancy_birth_female,85.4,ONS life expectancy for local areas of the UK,borough,"life expectancy at birth, female, years; rolling period 2004 to 2006 assigned to END year; higher_is_better; 95% CI 84.7-86"
E09000020,Kensington and Chelsea,2006,life_expectancy_birth_male,81.4,ONS life expectancy for local areas of the UK,borough,"life expectancy at birth, male, years; rolling period 2004 to 2006 assigned to END year; higher_is_better; 95% CI 80.6-82.1"
E09000020,Kensington and Chelsea,2007,life_expectancy_65_female,22.9,ONS life expectancy for local areas of the UK,borough,"life expectancy at age 65, female, years; rolling period 2005 to 2007 assigned to END year; higher_is_better; 95% CI 22.3-23.5"
E09000020,Kensington and Chelsea,2007,life_expectancy_65_male,20.5,ONS life expectancy for local areas of the UK,borough,"life expectancy at age 65, male, years; rolling period 2005 to 2007 assigned to END year; higher_is_better; 95% CI 19.8-21.1"
E09000020,Kensington and Chelsea,2007,life_expectancy_birth_female,85.5,ONS life expectancy for local areas of the UK,borough,"life expectancy at birth, female, years; rolling period 2005 to 2007 assigned to END year; higher_is_better; 95% CI 84.8-86.1"
E09000020,Kensington and Chelsea,2007,life_expectancy_birth_male,81.5,ONS life expectancy for local areas of the UK,borough,"life expectancy at birth, male, years; rolling period 2005 to 2007 assigned to END year; higher_is_better; 95% CI 80.8-82.3"
E09000020,Kensington and Chelsea,2008,life_expectancy_65_female,23.3,ONS life expectancy for local areas of the UK,borough,"life expectancy at age 65, female, years; rolling period 2006 to 2008 assigned to END year; higher_is_better; 95% CI 22.7-23.9"
E09000020,Kensington and Chelsea,2008,life_expectancy_65_male,20.5,ONS life expectancy for local areas of the UK,borough,"life expectancy at age 65, male, years; rolling period 2006 to 2008 assigned to END year; higher_is_better; 95% CI 19.9-21.1"
E09000020,Kensington and Chelsea,2008,life_expectancy_birth_female,85.9,ONS life expectancy for local areas of the UK,borough,"life expectancy at birth, female, years; rolling period 2006 to 2008 assigned to END year; higher_is_better; 95% CI 85.2-86.5"
E09000020,Kensington and Chelsea,2008,life_expectancy_birth_male,81.7,ONS life expectancy for local areas of the UK,borough,"life expectancy at birth, male, years; rolling period 2006 to 2008 assigned to END year; higher_is_better; 95% CI 81-82.4"
E09000020,Kensington and Chelsea,2009,life_expectancy_65_female,23.2,ONS life expectancy for local areas of the UK,borough,"life expectancy at age 65, female, years; rolling period 2007 to 2009 assigned to END year; higher_is_better; 95% CI 22.6-23.8"
E09000020,Kensington and Chelsea,2009,life_expectancy_65_male,20.5,ONS life expectancy for local areas of the UK,borough,"life expectancy at age 65, male, years; rolling period 2007 to 2009 assigned to END year; higher_is_better; 95% CI 19.9-21.1"
E09000020,Kensington and Chelsea,2009,life_expectancy_birth_female,85.8,ONS life expectancy for local areas of the UK,borough,"life expectancy at birth, female, years; rolling period 2007 to 2009 assigned to END year; higher_is_better; 95% CI 85.1-86.5"
E09000020,Kensington and Chelsea,2009,life_expectancy_birth_male,81.4,ONS life expectancy for local areas of the UK,borough,"life expectancy at birth, male, years; rolling period 2007 to 2009 assigned to END year; higher_is_better; 95% CI 80.7-82.2"
E09000020,Kensington and Chelsea,2010,life_expectancy_65_female,23.5,ONS life expectancy for local areas of the UK,borough,"life expectancy at age 65, female, years; rolling period 2008 to 2010 assigned to END year; higher_is_better; 95% CI 22.9-24.1"
E09000020,Kensington and Chelsea,2010,life_expectancy_65_male,20.5,ONS life expectancy for local areas of the UK,borough,"life expectancy at age 65, male, years; rolling period 2008 to 2010 assigned to END year; higher_is_better; 95% CI 19.9-21.1"
E09000020,Kensington and Chelsea,2010,life_expectancy_birth_female,85.9,ONS life expectancy for local areas of the UK,borough,"life expectancy at birth, female, years; rolling period 2008 to 2010 assigned to END year; higher_is_better; 95% CI 85.2-86.6"
E09000020,Kensington and Chelsea,2010,life_expectancy_birth_male,81.5,ONS life expectancy for local areas of the UK,borough,"life expectancy at birth, male, years; rolling period 2008 to 2010 assigned to END year; higher_is_better; 95% CI 80.8-82.2"
E09000020,Kensington and Chelsea,2011,life_expectancy_65_female,23.3,ONS life expectancy for local areas of the UK,borough,"life expectancy at age 65, female, years; rolling period 2009 to 2011 assigned to END year; higher_is_better; 95% CI 22.7-23.9"
E09000020,Kensington and Chelsea,2011,life_expectancy_65_male,20.5,ONS life expectancy for local areas of the UK,borough,"life expectancy at age 65, male, years; rolling period 2009 to 2011 assigned to END year; higher_is_better; 95% CI 19.9-21.1"
E09000020,Kensington and Chelsea,2011,life_expectancy_birth_female,85.8,ONS life expectancy for local areas of the UK,borough,"life expectancy at birth, female, years; rolling period 2009 to 2011 assigned to END year; higher_is_better; 95% CI 85.1-86.5"
E09000020,Kensington and Chelsea,2011,life_expectancy_birth_male,81.4,ONS life expectancy for local areas of the UK,borough,"life expectancy at birth, male, years; rolling period 2009 to 2011 assigned to END year; higher_is_better; 95% CI 80.8-82.1"
E09000020,Kensington and Chelsea,2012,life_expectancy_65_female,22.9,ONS life expectancy for local areas of the UK,borough,"life expectancy at age 65, female, years; rolling period 2010 to 2012 assigned to END year; higher_is_better; 95% CI 22.3-23.4"
E09000020,Kensington and Chelsea,2012,life_expectancy_65_male,20.4,ONS life expectancy for local areas of the UK,borough,"life expectancy at age 65, male, years; rolling period 2010 to 2012 assigned to END year; higher_is_better; 95% CI 19.8-21"
E09000020,Kensington and Chelsea,2012,life_expectancy_birth_female,85.4,ONS life expectancy for local areas of the UK,borough,"life expectancy at birth, female, years; rolling period 2010 to 2012 assigned to END year; higher_is_better; 95% CI 84.8-86.1"
E09000020,Kensington and Chelsea,2012,life_expectancy_birth_male,81.7,ONS life expectancy for local areas of the UK,borough,"life expectancy at birth, male, years; rolling period 2010 to 2012 assigned to END year; higher_is_better; 95% CI 81-82.4"
E09000020,Kensington and Chelsea,2013,life_expectancy_65_female,23.1,ONS life expectancy for local areas of the UK,borough,"life expectancy at age 65, female, years; rolling period 2011 to 2013 assigned to END year; higher_is_better; 95% CI 22.5-23.6"
E09000020,Kensington and Chelsea,2013,life_expectancy_65_male,20.3,ONS life expectancy for local areas of the UK,borough,"life expectancy at age 65, male, years; rolling period 2011 to 2013 assigned to END year; higher_is_better; 95% CI 19.7-20.8"
E09000020,Kensington and Chelsea,2013,life_expectancy_birth_female,85.7,ONS life expectancy for local areas of the UK,borough,"life expectancy at birth, female, years; rolling period 2011 to 2013 assigned to END year; higher_is_better; 95% CI 85.1-86.4"
E09000020,Kensington and Chelsea,2013,life_expectancy_birth_male,82,ONS life expectancy for local areas of the UK,borough,"life expectancy at birth, male, years; rolling period 2011 to 2013 assigned to END year; higher_is_better; 95% CI 81.4-82.7"
E09000020,Kensington and Chelsea,2014,life_expectancy_65_female,23.2,ONS life expectancy for local areas of the UK,borough,"life expectancy at age 65, female, years; rolling period 2012 to 2014 assigned to END year; higher_is_better; 95% CI 22.7-23.8"
E09000020,Kensington and Chelsea,2014,life_expectancy_65_male,20.7,ONS life expectancy for local areas of the UK,borough,"life expectancy at age 65, male, years; rolling period 2012 to 2014 assigned to END year; higher_is_better; 95% CI 20.1-21.2"
E09000020,Kensington and Chelsea,2014,life_expectancy_birth_female,85.8,ONS life expectancy for local areas of the UK,borough,"life expectancy at birth, female, years; rolling period 2012 to 2014 assigned to END year; higher_is_better; 95% CI 85.2-86.5"
E09000020,Kensington and Chelsea,2014,life_expectancy_birth_male,82.5,ONS life expectancy for local areas of the UK,borough,"life expectancy at birth, male, years; rolling period 2012 to 2014 assigned to END year; higher_is_better; 95% CI 81.8-83.1"
E09000020,Kensington and Chelsea,2015,life_expectancy_65_female,23.3,ONS life expectancy for local areas of the UK,borough,"life expectancy at age 65, female, years; rolling period 2013 to 2015 assigned to END year; higher_is_better; 95% CI 22.7-23.8"
E09000020,Kensington and Chelsea,2015,life_expectancy_65_male,20.7,ONS life expectancy for local areas of the UK,borough,"life expectancy at age 65, male, years; rolling period 2013 to 2015 assigned to END year; higher_is_better; 95% CI 20.2-21.3"
E09000020,Kensington and Chelsea,2015,life_expectancy_birth_female,86.1,ONS life expectancy for local areas of the UK,borough,"life expectancy at birth, female, years; rolling period 2013 to 2015 assigned to END year; higher_is_better; 95% CI 85.4-86.7"
E09000020,Kensington and Chelsea,2015,life_expectancy_birth_male,82.7,ONS life expectancy for local areas of the UK,borough,"life expectancy at birth, male, years; rolling period 2013 to 2015 assigned to END year; higher_is_better; 95% CI 82-83.3"
E09000020,Kensington and Chelsea,2016,life_expectancy_65_female,23,ONS life expectancy for local areas of the UK,borough,"life expectancy at age 65, female, years; rolling period 2014 to 2016 assigned to END year; higher_is_better; 95% CI 22.5-23.5"
E09000020,Kensington and Chelsea,2016,life_expectancy_65_male,21,ONS life expectancy for local areas of the UK,borough,"life expectancy at age 65, male, years; rolling period 2014 to 2016 assigned to END year; higher_is_better; 95% CI 20.4-21.6"
E09000020,Kensington and Chelsea,2016,life_expectancy_birth_female,85.9,ONS life expectancy for local areas of the UK,borough,"life expectancy at birth, female, years; rolling period 2014 to 2016 assigned to END year; higher_is_better; 95% CI 85.3-86.5"
E09000020,Kensington and Chelsea,2016,life_expectancy_birth_male,82.6,ONS life expectancy for local areas of the UK,borough,"life expectancy at birth, male, years; rolling period 2014 to 2016 assigned to END year; higher_is_better; 95% CI 82-83.3"
E09000020,Kensington and Chelsea,2017,life_expectancy_65_female,23.2,ONS life expectancy for local areas of the UK,borough,"life expectancy at age 65, female, years; rolling period 2015 to 2017 assigned to END year; higher_is_better; 95% CI 22.6-23.7"
E09000020,Kensington and Chelsea,2017,life_expectancy_65_male,20.8,ONS life expectancy for local areas of the UK,borough,"life expectancy at age 65, male, years; rolling period 2015 to 2017 assigned to END year; higher_is_better; 95% CI 20.2-21.3"
E09000020,Kensington and Chelsea,2017,life_expectancy_birth_female,85.5,ONS life expectancy for local areas of the UK,borough,"life expectancy at birth, female, years; rolling period 2015 to 2017 assigned to END year; higher_is_better; 95% CI 84.9-86.2"
E09000020,Kensington and Chelsea,2017,life_expectancy_birth_male,81.8,ONS life expectancy for local areas of the UK,borough,"life expectancy at birth, male, years; rolling period 2015 to 2017 assigned to END year; higher_is_better; 95% CI 81.1-82.5"
E09000020,Kensington and Chelsea,2018,life_expectancy_65_female,23.6,ONS life expectancy for local areas of the UK,borough,"life expectancy at age 65, female, years; rolling period 2016 to 2018 assigned to END year; higher_is_better; 95% CI 23.1-24.2"
E09000020,Kensington and Chelsea,2018,life_expectancy_65_male,20.7,ONS life expectancy for local areas of the UK,borough,"life expectancy at age 65, male, years; rolling period 2016 to 2018 assigned to END year; higher_is_better; 95% CI 20.1-21.2"
E09000020,Kensington and Chelsea,2018,life_expectancy_birth_female,86,ONS life expectancy for local areas of the UK,borough,"life expectancy at birth, female, years; rolling period 2016 to 2018 assigned to END year; higher_is_better; 95% CI 85.4-86.6"
E09000020,Kensington and Chelsea,2018,life_expectancy_birth_male,81.6,ONS life expectancy for local areas of the UK,borough,"life expectancy at birth, male, years; rolling period 2016 to 2018 assigned to END year; higher_is_better; 95% CI 80.9-82.2"
E09000020,Kensington and Chelsea,2019,life_expectancy_65_female,23.8,ONS life expectancy for local areas of the UK,borough,"life expectancy at age 65, female, years; rolling period 2017 to 2019 assigned to END year; higher_is_better; 95% CI 23.3-24.4"
E09000020,Kensington and Chelsea,2019,life_expectancy_65_male,20.8,ONS life expectancy for local areas of the UK,borough,"life expectancy at age 65, male, years; rolling period 2017 to 2019 assigned to END year; higher_is_better; 95% CI 20.3-21.3"
E09000020,Kensington and Chelsea,2019,life_expectancy_birth_female,85.9,ONS life expectancy for local areas of the UK,borough,"life expectancy at birth, female, years; rolling period 2017 to 2019 assigned to END year; higher_is_better; 95% CI 85.2-86.6"
E09000020,Kensington and Chelsea,2019,life_expectancy_birth_male,81.7,ONS life expectancy for local areas of the UK,borough,"life expectancy at birth, male, years; rolling period 2017 to 2019 assigned to END year; higher_is_better; 95% CI 81-82.3"
E09000020,Kensington and Chelsea,2020,life_expectancy_65_female,23.8,ONS life expectancy for local areas of the UK,borough,"life expectancy at age 65, female, years; rolling period 2018 to 2020 assigned to END year; higher_is_better; 95% CI 23.2-24.4"
E09000020,Kensington and Chelsea,2020,life_expectancy_65_male,20.3,ONS life expectancy for local areas of the UK,borough,"life expectancy at age 65, male, years; rolling period 2018 to 2020 assigned to END year; higher_is_better; 95% CI 19.8-20.8"
E09000020,Kensington and Chelsea,2020,life_expectancy_birth_female,86.5,ONS life expectancy for local areas of the UK,borough,"life expectancy at birth, female, years; rolling period 2018 to 2020 assigned to END year; higher_is_better; 95% CI 85.9-87.2"
E09000020,Kensington and Chelsea,2020,life_expectancy_birth_male,81.5,ONS life expectancy for local areas of the UK,borough,"life expectancy at birth, male, years; rolling period 2018 to 2020 assigned to END year; higher_is_better; 95% CI 80.9-82.2"
E09000020,Kensington and Chelsea,2021,life_expectancy_65_female,23.4,ONS life expectancy for local areas of the UK,borough,"life expectancy at age 65, female, years; rolling period 2019 to 2021 assigned to END year; higher_is_better; 95% CI 22.9-24"
E09000020,Kensington and Chelsea,2021,life_expectancy_65_male,19.7,ONS life expectancy for local areas of the UK,borough,"life expectancy at age 65, male, years; rolling period 2019 to 2021 assigned to END year; higher_is_better; 95% CI 19.2-20.2"
E09000020,Kensington and Chelsea,2021,life_expectancy_birth_female,86.1,ONS life expectancy for local areas of the UK,borough,"life expectancy at birth, female, years; rolling period 2019 to 2021 assigned to END year; higher_is_better; 95% CI 85.4-86.7"
E09000020,Kensington and Chelsea,2021,life_expectancy_birth_male,81.1,ONS life expectancy for local areas of the UK,borough,"life expectancy at birth, male, years; rolling period 2019 to 2021 assigned to END year; higher_is_better; 95% CI 80.5-81.7"
E09000020,Kensington and Chelsea,2022,life_expectancy_65_female,23.3,ONS life expectancy for local areas of the UK,borough,"life expectancy at age 65, female, years; rolling period 2020 to 2022 assigned to END year; higher_is_better; 95% CI 22.7-23.8"
E09000020,Kensington and Chelsea,2022,life_expectancy_65_male,19.2,ONS life expectancy for local areas of the UK,borough,"life expectancy at age 65, male, years; rolling period 2020 to 2022 assigned to END year; higher_is_better; 95% CI 18.8-19.7"
E09000020,Kensington and Chelsea,2022,life_expectancy_birth_female,86.3,ONS life expectancy for local areas of the UK,borough,"life expectancy at birth, female, years; rolling period 2020 to 2022 assigned to END year; higher_is_better; 95% CI 85.7-87"
E09000020,Kensington and Chelsea,2022,life_expectancy_birth_male,80.7,ONS life expectancy for local areas of the UK,borough,"life expectancy at birth, male, years; rolling period 2020 to 2022 assigned to END year; higher_is_better; 95% CI 80.1-81.3"
E09000020,Kensington and Chelsea,2023,life_expectancy_65_female,23.2,ONS life expectancy for local areas of the UK,borough,"life expectancy at age 65, female, years; rolling period 2021 to 2023 assigned to END year; higher_is_better; 95% CI 22.7-23.7"
E09000020,Kensington and Chelsea,2023,life_expectancy_65_male,19.7,ONS life expectancy for local areas of the UK,borough,"life expectancy at age 65, male, years; rolling period 2021 to 2023 assigned to END year; higher_is_better; 95% CI 19.2-20.1"
E09000020,Kensington and Chelsea,2023,life_expectancy_birth_female,86.5,ONS life expectancy for local areas of the UK,borough,"life expectancy at birth, female, years; rolling period 2021 to 2023 assigned to END year; higher_is_better; 95% CI 85.9-87"
E09000020,Kensington and Chelsea,2023,life_expectancy_birth_male,81.5,ONS life expectancy for local areas of the UK,borough,"life expectancy at birth, male, years; rolling period 2021 to 2023 assigned to END year; higher_is_better; 95% CI 80.9-82.1"
E09000020,Kensington and Chelsea,2024,life_expectancy_65_female,23.9,ONS life expectancy for local areas of the UK,borough,"life expectancy at age 65, female, years; rolling period 2022 to 2024 assigned to END year; higher_is_better; 95% CI 23.4-24.4"
E09000020,Kensington and Chelsea,2024,life_expectancy_65_male,20.5,ONS life expectancy for local areas of the UK,borough,"life expectancy at age 65, male, years; rolling period 2022 to 2024 assigned to END year; higher_is_better; 95% CI 20-21"
E09000020,Kensington and Chelsea,2024,life_expectancy_birth_female,87.1,ONS life expectancy for local areas of the UK,borough,"life expectancy at birth, female, years; rolling period 2022 to 2024 assigned to END year; higher_is_better; 95% CI 86.5-87.7"
E09000020,Kensington and Chelsea,2024,life_expectancy_birth_male,82.2,ONS life expectancy for local areas of the UK,borough,"life expectancy at birth, male, years; rolling period 2022 to 2024 assigned to END year; higher_is_better; 95% CI 81.6-82.8"
E09000021,Kingston upon Thames,2003,life_expectancy_65_female,19.3,ONS life expectancy for local areas of the UK,borough,"life expectancy at age 65, female, years; rolling period 2001 to 2003 assigned to END year; higher_is_better; 95% CI 18.9-19.7"
E09000021,Kingston upon Thames,2003,life_expectancy_65_male,16.9,ONS life expectancy for local areas of the UK,borough,"life expectancy at age 65, male, years; rolling period 2001 to 2003 assigned to END year; higher_is_better; 95% CI 16.4-17.3"
E09000021,Kingston upon Thames,2003,life_expectancy_birth_female,81.3,ONS life expectancy for local areas of the UK,borough,"life expectancy at birth, female, years; rolling period 2001 to 2003 assigned to END year; higher_is_better; 95% CI 80.8-81.8"
E09000021,Kingston upon Thames,2003,life_expectancy_birth_male,77.7,ONS life expectancy for local areas of the UK,borough,"life expectancy at birth, male, years; rolling period 2001 to 2003 assigned to END year; higher_is_better; 95% CI 77.1-78.2"
E09000021,Kingston upon Thames,2004,life_expectancy_65_female,19.5,ONS life expectancy for local areas of the UK,borough,"life expectancy at age 65, female, years; rolling period 2002 to 2004 assigned to END year; higher_is_better; 95% CI 19.1-19.9"
E09000021,Kingston upon Thames,2004,life_expectancy_65_male,17.3,ONS life expectancy for local areas of the UK,borough,"life expectancy at age 65, male, years; rolling period 2002 to 2004 assigned to END year; higher_is_better; 95% CI 16.9-17.8"
E09000021,Kingston upon Thames,2004,life_expectancy_birth_female,81.6,ONS life expectancy for local areas of the UK,borough,"life expectancy at birth, female, years; rolling period 2002 to 2004 assigned to END year; higher_is_better; 95% CI 81.1-82.1"
E09000021,Kingston upon Thames,2004,life_expectancy_birth_male,78.2,ONS life expectancy for local areas of the UK,borough,"life expectancy at birth, male, years; rolling period 2002 to 2004 assigned to END year; higher_is_better; 95% CI 77.6-78.8"
E09000021,Kingston upon Thames,2005,life_expectancy_65_female,20,ONS life expectancy for local areas of the UK,borough,"life expectancy at age 65, female, years; rolling period 2003 to 2005 assigned to END year; higher_is_better; 95% CI 19.6-20.4"
E09000021,Kingston upon Thames,2005,life_expectancy_65_male,17.3,ONS life expectancy for local areas of the UK,borough,"life expectancy at age 65, male, years; rolling period 2003 to 2005 assigned to END year; higher_is_better; 95% CI 16.8-17.7"
E09000021,Kingston upon Thames,2005,life_expectancy_birth_female,82.3,ONS life expectancy for local areas of the UK,borough,"life expectancy at birth, female, years; rolling period 2003 to 2005 assigned to END year; higher_is_better; 95% CI 81.7-82.8"
E09000021,Kingston upon Thames,2005,life_expectancy_birth_male,78.4,ONS life expectancy for local areas of the UK,borough,"life expectancy at birth, male, years; rolling period 2003 to 2005 assigned to END year; higher_is_better; 95% CI 77.8-79"
E09000021,Kingston upon Thames,2006,life_expectancy_65_female,20.6,ONS life expectancy for local areas of the UK,borough,"life expectancy at age 65, female, years; rolling period 2004 to 2006 assigned to END year; higher_is_better; 95% CI 20.2-21"
E09000021,Kingston upon Thames,2006,life_expectancy_65_male,17.6,ONS life expectancy for local areas of the UK,borough,"life expectancy at age 65, male, years; rolling period 2004 to 2006 assigned to END year; higher_is_better; 95% CI 17.1-18.1"
E09000021,Kingston upon Thames,2006,life_expectancy_birth_female,82.8,ONS life expectancy for local areas of the UK,borough,"life expectancy at birth, female, years; rolling period 2004 to 2006 assigned to END year; higher_is_better; 95% CI 82.3-83.3"
E09000021,Kingston upon Thames,2006,life_expectancy_birth_male,78.8,ONS life expectancy for local areas of the UK,borough,"life expectancy at birth, male, years; rolling period 2004 to 2006 assigned to END year; higher_is_better; 95% CI 78.2-79.4"
E09000021,Kingston upon Thames,2007,life_expectancy_65_female,20.6,ONS life expectancy for local areas of the UK,borough,"life expectancy at age 65, female, years; rolling period 2005 to 2007 assigned to END year; higher_is_better; 95% CI 20.2-21"
E09000021,Kingston upon Thames,2007,life_expectancy_65_male,17.8,ONS life expectancy for local areas of the UK,borough,"life expectancy at age 65, male, years; rolling period 2005 to 2007 assigned to END year; higher_is_better; 95% CI 17.3-18.3"
E09000021,Kingston upon Thames,2007,life_expectancy_birth_female,83,ONS life expectancy for local areas of the UK,borough,"life expectancy at birth, female, years; rolling period 2005 to 2007 assigned to END year; higher_is_better; 95% CI 82.5-83.5"
E09000021,Kingston upon Thames,2007,life_expectancy_birth_male,79.1,ONS life expectancy for local areas of the UK,borough,"life expectancy at birth, male, years; rolling period 2005 to 2007 assigned to END year; higher_is_better; 95% CI 78.5-79.7"
E09000021,Kingston upon Thames,2008,life_expectancy_65_female,20.7,ONS life expectancy for local areas of the UK,borough,"life expectancy at age 65, female, years; rolling period 2006 to 2008 assigned to END year; higher_is_better; 95% CI 20.3-21.1"
E09000021,Kingston upon Thames,2008,life_expectancy_65_male,18.3,ONS life expectancy for local areas of the UK,borough,"life expectancy at age 65, male, years; rolling period 2006 to 2008 assigned to END year; higher_is_better; 95% CI 17.9-18.8"
E09000021,Kingston upon Thames,2008,life_expectancy_birth_female,83.1,ONS life expectancy for local areas of the UK,borough,"life expectancy at birth, female, years; rolling period 2006 to 2008 assigned to END year; higher_is_better; 95% CI 82.6-83.7"
E09000021,Kingston upon Thames,2008,life_expectancy_birth_male,79.7,ONS life expectancy for local areas of the UK,borough,"life expectancy at birth, male, years; rolling period 2006 to 2008 assigned to END year; higher_is_better; 95% CI 79.1-80.3"
E09000021,Kingston upon Thames,2009,life_expectancy_65_female,21,ONS life expectancy for local areas of the UK,borough,"life expectancy at age 65, female, years; rolling period 2007 to 2009 assigned to END year; higher_is_better; 95% CI 20.6-21.4"
E09000021,Kingston upon Thames,2009,life_expectancy_65_male,18.7,ONS life expectancy for local areas of the UK,borough,"life expectancy at age 65, male, years; rolling period 2007 to 2009 assigned to END year; higher_is_better; 95% CI 18.3-19.2"
E09000021,Kingston upon Thames,2009,life_expectancy_birth_female,83.4,ONS life expectancy for local areas of the UK,borough,"life expectancy at birth, female, years; rolling period 2007 to 2009 assigned to END year; higher_is_better; 95% CI 82.9-84"
E09000021,Kingston upon Thames,2009,life_expectancy_birth_male,80.3,ONS life expectancy for local areas of the UK,borough,"life expectancy at birth, male, years; rolling period 2007 to 2009 assigned to END year; higher_is_better; 95% CI 79.7-80.8"
E09000021,Kingston upon Thames,2010,life_expectancy_65_female,21.4,ONS life expectancy for local areas of the UK,borough,"life expectancy at age 65, female, years; rolling period 2008 to 2010 assigned to END year; higher_is_better; 95% CI 21-21.8"
E09000021,Kingston upon Thames,2010,life_expectancy_65_male,19.1,ONS life expectancy for local areas of the UK,borough,"life expectancy at age 65, male, years; rolling period 2008 to 2010 assigned to END year; higher_is_better; 95% CI 18.7-19.6"
E09000021,Kingston upon Thames,2010,life_expectancy_birth_female,83.9,ONS life expectancy for local areas of the UK,borough,"life expectancy at birth, female, years; rolling period 2008 to 2010 assigned to END year; higher_is_better; 95% CI 83.3-84.4"
E09000021,Kingston upon Thames,2010,life_expectancy_birth_male,80.7,ONS life expectancy for local areas of the UK,borough,"life expectancy at birth, male, years; rolling period 2008 to 2010 assigned to END year; higher_is_better; 95% CI 80.1-81.3"
E09000021,Kingston upon Thames,2011,life_expectancy_65_female,21.7,ONS life expectancy for local areas of the UK,borough,"life expectancy at age 65, female, years; rolling period 2009 to 2011 assigned to END year; higher_is_better; 95% CI 21.3-22.1"
E09000021,Kingston upon Thames,2011,life_expectancy_65_male,19.3,ONS life expectancy for local areas of the UK,borough,"life expectancy at age 65, male, years; rolling period 2009 to 2011 assigned to END year; higher_is_better; 95% CI 18.8-19.8"
E09000021,Kingston upon Thames,2011,life_expectancy_birth_female,84.2,ONS life expectancy for local areas of the UK,borough,"life expectancy at birth, female, years; rolling period 2009 to 2011 assigned to END year; higher_is_better; 95% CI 83.7-84.8"
E09000021,Kingston upon Thames,2011,life_expectancy_birth_male,80.9,ONS life expectancy for local areas of the UK,borough,"life expectancy at birth, male, years; rolling period 2009 to 2011 assigned to END year; higher_is_better; 95% CI 80.3-81.5"
E09000021,Kingston upon Thames,2012,life_expectancy_65_female,21.8,ONS life expectancy for local areas of the UK,borough,"life expectancy at age 65, female, years; rolling period 2010 to 2012 assigned to END year; higher_is_better; 95% CI 21.4-22.2"
E09000021,Kingston upon Thames,2012,life_expectancy_65_male,19.4,ONS life expectancy for local areas of the UK,borough,"life expectancy at age 65, male, years; rolling period 2010 to 2012 assigned to END year; higher_is_better; 95% CI 19-19.9"
E09000021,Kingston upon Thames,2012,life_expectancy_birth_female,84.5,ONS life expectancy for local areas of the UK,borough,"life expectancy at birth, female, years; rolling period 2010 to 2012 assigned to END year; higher_is_better; 95% CI 84-85.1"
E09000021,Kingston upon Thames,2012,life_expectancy_birth_male,81.2,ONS life expectancy for local areas of the UK,borough,"life expectancy at birth, male, years; rolling period 2010 to 2012 assigned to END year; higher_is_better; 95% CI 80.6-81.8"
E09000021,Kingston upon Thames,2013,life_expectancy_65_female,21.6,ONS life expectancy for local areas of the UK,borough,"life expectancy at age 65, female, years; rolling period 2011 to 2013 assigned to END year; higher_is_better; 95% CI 21.2-22"
E09000021,Kingston upon Thames,2013,life_expectancy_65_male,19.2,ONS life expectancy for local areas of the UK,borough,"life expectancy at age 65, male, years; rolling period 2011 to 2013 assigned to END year; higher_is_better; 95% CI 18.8-19.7"
E09000021,Kingston upon Thames,2013,life_expectancy_birth_female,84.3,ONS life expectancy for local areas of the UK,borough,"life expectancy at birth, female, years; rolling period 2011 to 2013 assigned to END year; higher_is_better; 95% CI 83.8-84.9"
E09000021,Kingston upon Thames,2013,life_expectancy_birth_male,81.1,ONS life expectancy for local areas of the UK,borough,"life expectancy at birth, male, years; rolling period 2011 to 2013 assigned to END year; higher_is_better; 95% CI 80.5-81.7"
E09000021,Kingston upon Thames,2014,life_expectancy_65_female,21.9,ONS life expectancy for local areas of the UK,borough,"life expectancy at age 65, female, years; rolling period 2012 to 2014 assigned to END year; higher_is_better; 95% CI 21.4-22.3"
E09000021,Kingston upon Thames,2014,life_expectancy_65_male,19.6,ONS life expectancy for local areas of the UK,borough,"life expectancy at age 65, male, years; rolling period 2012 to 2014 assigned to END year; higher_is_better; 95% CI 19.2-20.1"
E09000021,Kingston upon Thames,2014,life_expectancy_birth_female,84.4,ONS life expectancy for local areas of the UK,borough,"life expectancy at birth, female, years; rolling period 2012 to 2014 assigned to END year; higher_is_better; 95% CI 83.9-84.9"
E09000021,Kingston upon Thames,2014,life_expectancy_birth_male,81.7,ONS life expectancy for local areas of the UK,borough,"life expectancy at birth, male, years; rolling period 2012 to 2014 assigned to END year; higher_is_better; 95% CI 81.1-82.2"
E09000021,Kingston upon Thames,2015,life_expectancy_65_female,21.8,ONS life expectancy for local areas of the UK,borough,"life expectancy at age 65, female, years; rolling period 2013 to 2015 assigned to END year; higher_is_better; 95% CI 21.3-22.2"
E09000021,Kingston upon Thames,2015,life_expectancy_65_male,19.5,ONS life expectancy for local areas of the UK,borough,"life expectancy at age 65, male, years; rolling period 2013 to 2015 assigned to END year; higher_is_better; 95% CI 19.1-20"
E09000021,Kingston upon Thames,2015,life_expectancy_birth_female,84.3,ONS life expectancy for local areas of the UK,borough,"life expectancy at birth, female, years; rolling period 2013 to 2015 assigned to END year; higher_is_better; 95% CI 83.7-84.8"
E09000021,Kingston upon Thames,2015,life_expectancy_birth_male,81.3,ONS life expectancy for local areas of the UK,borough,"life expectancy at birth, male, years; rolling period 2013 to 2015 assigned to END year; higher_is_better; 95% CI 80.8-81.9"
E09000021,Kingston upon Thames,2016,life_expectancy_65_female,22.3,ONS life expectancy for local areas of the UK,borough,"life expectancy at age 65, female, years; rolling period 2014 to 2016 assigned to END year; higher_is_better; 95% CI 21.9-22.7"
E09000021,Kingston upon Thames,2016,life_expectancy_65_male,19.8,ONS life expectancy for local areas of the UK,borough,"life expectancy at age 65, male, years; rolling period 2014 to 2016 assigned to END year; higher_is_better; 95% CI 19.3-20.2"
E09000021,Kingston upon Thames,2016,life_expectancy_birth_female,84.6,ONS life expectancy for local areas of the UK,borough,"life expectancy at birth, female, years; rolling period 2014 to 2016 assigned to END year; higher_is_better; 95% CI 84.1-85.2"
E09000021,Kingston upon Thames,2016,life_expectancy_birth_male,81.4,ONS life expectancy for local areas of the UK,borough,"life expectancy at birth, male, years; rolling period 2014 to 2016 assigned to END year; higher_is_better; 95% CI 80.8-82"
E09000021,Kingston upon Thames,2017,life_expectancy_65_female,22,ONS life expectancy for local areas of the UK,borough,"life expectancy at age 65, female, years; rolling period 2015 to 2017 assigned to END year; higher_is_better; 95% CI 21.6-22.4"
E09000021,Kingston upon Thames,2017,life_expectancy_65_male,19.5,ONS life expectancy for local areas of the UK,borough,"life expectancy at age 65, male, years; rolling period 2015 to 2017 assigned to END year; higher_is_better; 95% CI 19-19.9"
E09000021,Kingston upon Thames,2017,life_expectancy_birth_female,84.5,ONS life expectancy for local areas of the UK,borough,"life expectancy at birth, female, years; rolling period 2015 to 2017 assigned to END year; higher_is_better; 95% CI 84-85.1"
E09000021,Kingston upon Thames,2017,life_expectancy_birth_male,81.1,ONS life expectancy for local areas of the UK,borough,"life expectancy at birth, male, years; rolling period 2015 to 2017 assigned to END year; higher_is_better; 95% CI 80.5-81.6"
E09000021,Kingston upon Thames,2018,life_expectancy_65_female,22.1,ONS life expectancy for local areas of the UK,borough,"life expectancy at age 65, female, years; rolling period 2016 to 2018 assigned to END year; higher_is_better; 95% CI 21.7-22.5"
E09000021,Kingston upon Thames,2018,life_expectancy_65_male,19.5,ONS life expectancy for local areas of the UK,borough,"life expectancy at age 65, male, years; rolling period 2016 to 2018 assigned to END year; higher_is_better; 95% CI 19-19.9"
E09000021,Kingston upon Thames,2018,life_expectancy_birth_female,84.6,ONS life expectancy for local areas of the UK,borough,"life expectancy at birth, female, years; rolling period 2016 to 2018 assigned to END year; higher_is_better; 95% CI 84-85.1"
E09000021,Kingston upon Thames,2018,life_expectancy_birth_male,81.2,ONS life expectancy for local areas of the UK,borough,"life expectancy at birth, male, years; rolling period 2016 to 2018 assigned to END year; higher_is_better; 95% CI 80.6-81.7"
E09000021,Kingston upon Thames,2019,life_expectancy_65_female,22.1,ONS life expectancy for local areas of the UK,borough,"life expectancy at age 65, female, years; rolling period 2017 to 2019 assigned to END year; higher_is_better; 95% CI 21.6-22.5"
E09000021,Kingston upon Thames,2019,life_expectancy_65_male,19.6,ONS life expectancy for local areas of the UK,borough,"life expectancy at age 65, male, years; rolling period 2017 to 2019 assigned to END year; higher_is_better; 95% CI 19.2-20"
E09000021,Kingston upon Thames,2019,life_expectancy_birth_female,84.7,ONS life expectancy for local areas of the UK,borough,"life expectancy at birth, female, years; rolling period 2017 to 2019 assigned to END year; higher_is_better; 95% CI 84.2-85.2"
E09000021,Kingston upon Thames,2019,life_expectancy_birth_male,81.4,ONS life expectancy for local areas of the UK,borough,"life expectancy at birth, male, years; rolling period 2017 to 2019 assigned to END year; higher_is_better; 95% CI 80.8-81.9"
E09000021,Kingston upon Thames,2020,life_expectancy_65_female,22,ONS life expectancy for local areas of the UK,borough,"life expectancy at age 65, female, years; rolling period 2018 to 2020 assigned to END year; higher_is_better; 95% CI 21.6-22.4"
E09000021,Kingston upon Thames,2020,life_expectancy_65_male,19.4,ONS life expectancy for local areas of the UK,borough,"life expectancy at age 65, male, years; rolling period 2018 to 2020 assigned to END year; higher_is_better; 95% CI 18.9-19.8"
E09000021,Kingston upon Thames,2020,life_expectancy_birth_female,84.7,ONS life expectancy for local areas of the UK,borough,"life expectancy at birth, female, years; rolling period 2018 to 2020 assigned to END year; higher_is_better; 95% CI 84.1-85.2"
E09000021,Kingston upon Thames,2020,life_expectancy_birth_male,81.2,ONS life expectancy for local areas of the UK,borough,"life expectancy at birth, male, years; rolling period 2018 to 2020 assigned to END year; higher_is_better; 95% CI 80.7-81.8"
E09000021,Kingston upon Thames,2021,life_expectancy_65_female,22,ONS life expectancy for local areas of the UK,borough,"life expectancy at age 65, female, years; rolling period 2019 to 2021 assigned to END year; higher_is_better; 95% CI 21.6-22.4"
E09000021,Kingston upon Thames,2021,life_expectancy_65_male,19.4,ONS life expectancy for local areas of the UK,borough,"life expectancy at age 65, male, years; rolling period 2019 to 2021 assigned to END year; higher_is_better; 95% CI 19-19.8"
E09000021,Kingston upon Thames,2021,life_expectancy_birth_female,84.7,ONS life expectancy for local areas of the UK,borough,"life expectancy at birth, female, years; rolling period 2019 to 2021 assigned to END year; higher_is_better; 95% CI 84.2-85.2"
E09000021,Kingston upon Thames,2021,life_expectancy_birth_male,81.1,ONS life expectancy for local areas of the UK,borough,"life expectancy at birth, male, years; rolling period 2019 to 2021 assigned to END year; higher_is_better; 95% CI 80.5-81.6"
E09000021,Kingston upon Thames,2022,life_expectancy_65_female,21.9,ONS life expectancy for local areas of the UK,borough,"life expectancy at age 65, female, years; rolling period 2020 to 2022 assigned to END year; higher_is_better; 95% CI 21.5-22.2"
E09000021,Kingston upon Thames,2022,life_expectancy_65_male,19.3,ONS life expectancy for local areas of the UK,borough,"life expectancy at age 65, male, years; rolling period 2020 to 2022 assigned to END year; higher_is_better; 95% CI 18.9-19.7"
E09000021,Kingston upon Thames,2022,life_expectancy_birth_female,84.7,ONS life expectancy for local areas of the UK,borough,"life expectancy at birth, female, years; rolling period 2020 to 2022 assigned to END year; higher_is_better; 95% CI 84.2-85.2"
E09000021,Kingston upon Thames,2022,life_expectancy_birth_male,81.1,ONS life expectancy for local areas of the UK,borough,"life expectancy at birth, male, years; rolling period 2020 to 2022 assigned to END year; higher_is_better; 95% CI 80.6-81.6"
E09000021,Kingston upon Thames,2023,life_expectancy_65_female,22.3,ONS life expectancy for local areas of the UK,borough,"life expectancy at age 65, female, years; rolling period 2021 to 2023 assigned to END year; higher_is_better; 95% CI 21.9-22.7"
E09000021,Kingston upon Thames,2023,life_expectancy_65_male,19.8,ONS life expectancy for local areas of the UK,borough,"life expectancy at age 65, male, years; rolling period 2021 to 2023 assigned to END year; higher_is_better; 95% CI 19.4-20.3"
E09000021,Kingston upon Thames,2023,life_expectancy_birth_female,85,ONS life expectancy for local areas of the UK,borough,"life expectancy at birth, female, years; rolling period 2021 to 2023 assigned to END year; higher_is_better; 95% CI 84.5-85.5"
E09000021,Kingston upon Thames,2023,life_expectancy_birth_male,81.4,ONS life expectancy for local areas of the UK,borough,"life expectancy at birth, male, years; rolling period 2021 to 2023 assigned to END year; higher_is_better; 95% CI 80.8-81.9"
E09000021,Kingston upon Thames,2024,life_expectancy_65_female,22.7,ONS life expectancy for local areas of the UK,borough,"life expectancy at age 65, female, years; rolling period 2022 to 2024 assigned to END year; higher_is_better; 95% CI 22.3-23.1"
E09000021,Kingston upon Thames,2024,life_expectancy_65_male,20.2,ONS life expectancy for local areas of the UK,borough,"life expectancy at age 65, male, years; rolling period 2022 to 2024 assigned to END year; higher_is_better; 95% CI 19.8-20.6"
E09000021,Kingston upon Thames,2024,life_expectancy_birth_female,85.4,ONS life expectancy for local areas of the UK,borough,"life expectancy at birth, female, years; rolling period 2022 to 2024 assigned to END year; higher_is_better; 95% CI 84.9-86"
E09000021,Kingston upon Thames,2024,life_expectancy_birth_male,82,ONS life expectancy for local areas of the UK,borough,"life expectancy at birth, male, years; rolling period 2022 to 2024 assigned to END year; higher_is_better; 95% CI 81.4-82.5"
E09000022,Lambeth,2003,life_expectancy_65_female,18.9,ONS life expectancy for local areas of the UK,borough,"life expectancy at age 65, female, years; rolling period 2001 to 2003 assigned to END year; higher_is_better; 95% CI 18.5-19.2"
E09000022,Lambeth,2003,life_expectancy_65_male,15.6,ONS life expectancy for local areas of the UK,borough,"life expectancy at age 65, male, years; rolling period 2001 to 2003 assigned to END year; higher_is_better; 95% CI 15.2-16"
E09000022,Lambeth,2003,life_expectancy_birth_female,79.8,ONS life expectancy for local areas of the UK,borough,"life expectancy at birth, female, years; rolling period 2001 to 2003 assigned to END year; higher_is_better; 95% CI 79.3-80.3"
E09000022,Lambeth,2003,life_expectancy_birth_male,73.5,ONS life expectancy for local areas of the UK,borough,"life expectancy at birth, male, years; rolling period 2001 to 2003 assigned to END year; higher_is_better; 95% CI 73-74"
E09000022,Lambeth,2004,life_expectancy_65_female,18.8,ONS life expectancy for local areas of the UK,borough,"life expectancy at age 65, female, years; rolling period 2002 to 2004 assigned to END year; higher_is_better; 95% CI 18.4-19.2"
E09000022,Lambeth,2004,life_expectancy_65_male,15.9,ONS life expectancy for local areas of the UK,borough,"life expectancy at age 65, male, years; rolling period 2002 to 2004 assigned to END year; higher_is_better; 95% CI 15.6-16.3"
E09000022,Lambeth,2004,life_expectancy_birth_female,79.9,ONS life expectancy for local areas of the UK,borough,"life expectancy at birth, female, years; rolling period 2002 to 2004 assigned to END year; higher_is_better; 95% CI 79.4-80.4"
E09000022,Lambeth,2004,life_expectancy_birth_male,74.1,ONS life expectancy for local areas of the UK,borough,"life expectancy at birth, male, years; rolling period 2002 to 2004 assigned to END year; higher_is_better; 95% CI 73.6-74.6"
E09000022,Lambeth,2005,life_expectancy_65_female,18.8,ONS life expectancy for local areas of the UK,borough,"life expectancy at age 65, female, years; rolling period 2003 to 2005 assigned to END year; higher_is_better; 95% CI 18.4-19.2"
E09000022,Lambeth,2005,life_expectancy_65_male,16.3,ONS life expectancy for local areas of the UK,borough,"life expectancy at age 65, male, years; rolling period 2003 to 2005 assigned to END year; higher_is_better; 95% CI 15.9-16.7"
E09000022,Lambeth,2005,life_expectancy_birth_female,79.8,ONS life expectancy for local areas of the UK,borough,"life expectancy at birth, female, years; rolling period 2003 to 2005 assigned to END year; higher_is_better; 95% CI 79.3-80.3"
E09000022,Lambeth,2005,life_expectancy_birth_male,74.8,ONS life expectancy for local areas of the UK,borough,"life expectancy at birth, male, years; rolling period 2003 to 2005 assigned to END year; higher_is_better; 95% CI 74.3-75.4"
E09000022,Lambeth,2006,life_expectancy_65_female,19.1,ONS life expectancy for local areas of the UK,borough,"life expectancy at age 65, female, years; rolling period 2004 to 2006 assigned to END year; higher_is_better; 95% CI 18.7-19.5"
E09000022,Lambeth,2006,life_expectancy_65_male,16.5,ONS life expectancy for local areas of the UK,borough,"life expectancy at age 65, male, years; rolling period 2004 to 2006 assigned to END year; higher_is_better; 95% CI 16.1-16.9"
E09000022,Lambeth,2006,life_expectancy_birth_female,80.2,ONS life expectancy for local areas of the UK,borough,"life expectancy at birth, female, years; rolling period 2004 to 2006 assigned to END year; higher_is_better; 95% CI 79.7-80.7"
E09000022,Lambeth,2006,life_expectancy_birth_male,75.1,ONS life expectancy for local areas of the UK,borough,"life expectancy at birth, male, years; rolling period 2004 to 2006 assigned to END year; higher_is_better; 95% CI 74.5-75.6"
E09000022,Lambeth,2007,life_expectancy_65_female,19.6,ONS life expectancy for local areas of the UK,borough,"life expectancy at age 65, female, years; rolling period 2005 to 2007 assigned to END year; higher_is_better; 95% CI 19.2-20"
E09000022,Lambeth,2007,life_expectancy_65_male,16.7,ONS life expectancy for local areas of the UK,borough,"life expectancy at age 65, male, years; rolling period 2005 to 2007 assigned to END year; higher_is_better; 95% CI 16.3-17.2"
E09000022,Lambeth,2007,life_expectancy_birth_female,80.6,ONS life expectancy for local areas of the UK,borough,"life expectancy at birth, female, years; rolling period 2005 to 2007 assigned to END year; higher_is_better; 95% CI 80.1-81.1"
E09000022,Lambeth,2007,life_expectancy_birth_male,75.7,ONS life expectancy for local areas of the UK,borough,"life expectancy at birth, male, years; rolling period 2005 to 2007 assigned to END year; higher_is_better; 95% CI 75.2-76.3"
E09000022,Lambeth,2008,life_expectancy_65_female,19.8,ONS life expectancy for local areas of the UK,borough,"life expectancy at age 65, female, years; rolling period 2006 to 2008 assigned to END year; higher_is_better; 95% CI 19.4-20.1"
E09000022,Lambeth,2008,life_expectancy_65_male,16.6,ONS life expectancy for local areas of the UK,borough,"life expectancy at age 65, male, years; rolling period 2006 to 2008 assigned to END year; higher_is_better; 95% CI 16.1-17"
E09000022,Lambeth,2008,life_expectancy_birth_female,81,ONS life expectancy for local areas of the UK,borough,"life expectancy at birth, female, years; rolling period 2006 to 2008 assigned to END year; higher_is_better; 95% CI 80.5-81.5"
E09000022,Lambeth,2008,life_expectancy_birth_male,75.7,ONS life expectancy for local areas of the UK,borough,"life expectancy at birth, male, years; rolling period 2006 to 2008 assigned to END year; higher_is_better; 95% CI 75.2-76.2"
E09000022,Lambeth,2009,life_expectancy_65_female,19.9,ONS life expectancy for local areas of the UK,borough,"life expectancy at age 65, female, years; rolling period 2007 to 2009 assigned to END year; higher_is_better; 95% CI 19.5-20.3"
E09000022,Lambeth,2009,life_expectancy_65_male,17,ONS life expectancy for local areas of the UK,borough,"life expectancy at age 65, male, years; rolling period 2007 to 2009 assigned to END year; higher_is_better; 95% CI 16.5-17.4"
E09000022,Lambeth,2009,life_expectancy_birth_female,81,ONS life expectancy for local areas of the UK,borough,"life expectancy at birth, female, years; rolling period 2007 to 2009 assigned to END year; higher_is_better; 95% CI 80.5-81.5"
E09000022,Lambeth,2009,life_expectancy_birth_male,76.3,ONS life expectancy for local areas of the UK,borough,"life expectancy at birth, male, years; rolling period 2007 to 2009 assigned to END year; higher_is_better; 95% CI 75.8-76.8"
E09000022,Lambeth,2010,life_expectancy_65_female,20,ONS life expectancy for local areas of the UK,borough,"life expectancy at age 65, female, years; rolling period 2008 to 2010 assigned to END year; higher_is_better; 95% CI 19.6-20.4"
E09000022,Lambeth,2010,life_expectancy_65_male,17.2,ONS life expectancy for local areas of the UK,borough,"life expectancy at age 65, male, years; rolling period 2008 to 2010 assigned to END year; higher_is_better; 95% CI 16.8-17.7"
E09000022,Lambeth,2010,life_expectancy_birth_female,81.1,ONS life expectancy for local areas of the UK,borough,"life expectancy at birth, female, years; rolling period 2008 to 2010 assigned to END year; higher_is_better; 95% CI 80.6-81.6"
E09000022,Lambeth,2010,life_expectancy_birth_male,76.8,ONS life expectancy for local areas of the UK,borough,"life expectancy at birth, male, years; rolling period 2008 to 2010 assigned to END year; higher_is_better; 95% CI 76.3-77.3"
E09000022,Lambeth,2011,life_expectancy_65_female,20.7,ONS life expectancy for local areas of the UK,borough,"life expectancy at age 65, female, years; rolling period 2009 to 2011 assigned to END year; higher_is_better; 95% CI 20.3-21.1"
E09000022,Lambeth,2011,life_expectancy_65_male,17.8,ONS life expectancy for local areas of the UK,borough,"life expectancy at age 65, male, years; rolling period 2009 to 2011 assigned to END year; higher_is_better; 95% CI 17.3-18.2"
E09000022,Lambeth,2011,life_expectancy_birth_female,82,ONS life expectancy for local areas of the UK,borough,"life expectancy at birth, female, years; rolling period 2009 to 2011 assigned to END year; higher_is_better; 95% CI 81.5-82.5"
E09000022,Lambeth,2011,life_expectancy_birth_male,77.5,ONS life expectancy for local areas of the UK,borough,"life expectancy at birth, male, years; rolling period 2009 to 2011 assigned to END year; higher_is_better; 95% CI 77-78"
E09000022,Lambeth,2012,life_expectancy_65_female,21,ONS life expectancy for local areas of the UK,borough,"life expectancy at age 65, female, years; rolling period 2010 to 2012 assigned to END year; higher_is_better; 95% CI 20.6-21.4"
E09000022,Lambeth,2012,life_expectancy_65_male,17.9,ONS life expectancy for local areas of the UK,borough,"life expectancy at age 65, male, years; rolling period 2010 to 2012 assigned to END year; higher_is_better; 95% CI 17.4-18.3"
E09000022,Lambeth,2012,life_expectancy_birth_female,82.7,ONS life expectancy for local areas of the UK,borough,"life expectancy at birth, female, years; rolling period 2010 to 2012 assigned to END year; higher_is_better; 95% CI 82.2-83.2"
E09000022,Lambeth,2012,life_expectancy_birth_male,78.1,ONS life expectancy for local areas of the UK,borough,"life expectancy at birth, male, years; rolling period 2010 to 2012 assigned to END year; higher_is_better; 95% CI 77.6-78.6"
E09000022,Lambeth,2013,life_expectancy_65_female,21.2,ONS life expectancy for local areas of the UK,borough,"life expectancy at age 65, female, years; rolling period 2011 to 2013 assigned to END year; higher_is_better; 95% CI 20.8-21.7"
E09000022,Lambeth,2013,life_expectancy_65_male,17.8,ONS life expectancy for local areas of the UK,borough,"life expectancy at age 65, male, years; rolling period 2011 to 2013 assigned to END year; higher_is_better; 95% CI 17.4-18.3"
E09000022,Lambeth,2013,life_expectancy_birth_female,83.2,ONS life expectancy for local areas of the UK,borough,"life expectancy at birth, female, years; rolling period 2011 to 2013 assigned to END year; higher_is_better; 95% CI 82.7-83.7"
E09000022,Lambeth,2013,life_expectancy_birth_male,78.2,ONS life expectancy for local areas of the UK,borough,"life expectancy at birth, male, years; rolling period 2011 to 2013 assigned to END year; higher_is_better; 95% CI 77.7-78.7"
E09000022,Lambeth,2014,life_expectancy_65_female,21.2,ONS life expectancy for local areas of the UK,borough,"life expectancy at age 65, female, years; rolling period 2012 to 2014 assigned to END year; higher_is_better; 95% CI 20.7-21.6"
E09000022,Lambeth,2014,life_expectancy_65_male,18.1,ONS life expectancy for local areas of the UK,borough,"life expectancy at age 65, male, years; rolling period 2012 to 2014 assigned to END year; higher_is_better; 95% CI 17.7-18.5"
E09000022,Lambeth,2014,life_expectancy_birth_female,82.9,ONS life expectancy for local areas of the UK,borough,"life expectancy at birth, female, years; rolling period 2012 to 2014 assigned to END year; higher_is_better; 95% CI 82.4-83.4"
E09000022,Lambeth,2014,life_expectancy_birth_male,78.6,ONS life expectancy for local areas of the UK,borough,"life expectancy at birth, male, years; rolling period 2012 to 2014 assigned to END year; higher_is_better; 95% CI 78.2-79.1"
E09000022,Lambeth,2015,life_expectancy_65_female,21.1,ONS life expectancy for local areas of the UK,borough,"life expectancy at age 65, female, years; rolling period 2013 to 2015 assigned to END year; higher_is_better; 95% CI 20.7-21.6"
E09000022,Lambeth,2015,life_expectancy_65_male,18,ONS life expectancy for local areas of the UK,borough,"life expectancy at age 65, male, years; rolling period 2013 to 2015 assigned to END year; higher_is_better; 95% CI 17.6-18.4"
E09000022,Lambeth,2015,life_expectancy_birth_female,82.9,ONS life expectancy for local areas of the UK,borough,"life expectancy at birth, female, years; rolling period 2013 to 2015 assigned to END year; higher_is_better; 95% CI 82.4-83.4"
E09000022,Lambeth,2015,life_expectancy_birth_male,78.3,ONS life expectancy for local areas of the UK,borough,"life expectancy at birth, male, years; rolling period 2013 to 2015 assigned to END year; higher_is_better; 95% CI 77.9-78.8"
E09000022,Lambeth,2016,life_expectancy_65_female,21.1,ONS life expectancy for local areas of the UK,borough,"life expectancy at age 65, female, years; rolling period 2014 to 2016 assigned to END year; higher_is_better; 95% CI 20.7-21.5"
E09000022,Lambeth,2016,life_expectancy_65_male,18,ONS life expectancy for local areas of the UK,borough,"life expectancy at age 65, male, years; rolling period 2014 to 2016 assigned to END year; higher_is_better; 95% CI 17.6-18.4"
E09000022,Lambeth,2016,life_expectancy_birth_female,83,ONS life expectancy for local areas of the UK,borough,"life expectancy at birth, female, years; rolling period 2014 to 2016 assigned to END year; higher_is_better; 95% CI 82.5-83.5"
E09000022,Lambeth,2016,life_expectancy_birth_male,78.4,ONS life expectancy for local areas of the UK,borough,"life expectancy at birth, male, years; rolling period 2014 to 2016 assigned to END year; higher_is_better; 95% CI 77.9-78.9"
E09000022,Lambeth,2017,life_expectancy_65_female,21.1,ONS life expectancy for local areas of the UK,borough,"life expectancy at age 65, female, years; rolling period 2015 to 2017 assigned to END year; higher_is_better; 95% CI 20.6-21.5"
E09000022,Lambeth,2017,life_expectancy_65_male,17.9,ONS life expectancy for local areas of the UK,borough,"life expectancy at age 65, male, years; rolling period 2015 to 2017 assigned to END year; higher_is_better; 95% CI 17.4-18.3"
E09000022,Lambeth,2017,life_expectancy_birth_female,83.2,ONS life expectancy for local areas of the UK,borough,"life expectancy at birth, female, years; rolling period 2015 to 2017 assigned to END year; higher_is_better; 95% CI 82.8-83.7"
E09000022,Lambeth,2017,life_expectancy_birth_male,78.4,ONS life expectancy for local areas of the UK,borough,"life expectancy at birth, male, years; rolling period 2015 to 2017 assigned to END year; higher_is_better; 95% CI 78-78.9"
E09000022,Lambeth,2018,life_expectancy_65_female,21.1,ONS life expectancy for local areas of the UK,borough,"life expectancy at age 65, female, years; rolling period 2016 to 2018 assigned to END year; higher_is_better; 95% CI 20.7-21.6"
E09000022,Lambeth,2018,life_expectancy_65_male,18,ONS life expectancy for local areas of the UK,borough,"life expectancy at age 65, male, years; rolling period 2016 to 2018 assigned to END year; higher_is_better; 95% CI 17.6-18.4"
E09000022,Lambeth,2018,life_expectancy_birth_female,83.5,ONS life expectancy for local areas of the UK,borough,"life expectancy at birth, female, years; rolling period 2016 to 2018 assigned to END year; higher_is_better; 95% CI 83-83.9"
E09000022,Lambeth,2018,life_expectancy_birth_male,78.8,ONS life expectancy for local areas of the UK,borough,"life expectancy at birth, male, years; rolling period 2016 to 2018 assigned to END year; higher_is_better; 95% CI 78.4-79.3"
E09000022,Lambeth,2019,life_expectancy_65_female,21.6,ONS life expectancy for local areas of the UK,borough,"life expectancy at age 65, female, years; rolling period 2017 to 2019 assigned to END year; higher_is_better; 95% CI 21.2-22.1"
E09000022,Lambeth,2019,life_expectancy_65_male,18.1,ONS life expectancy for local areas of the UK,borough,"life expectancy at age 65, male, years; rolling period 2017 to 2019 assigned to END year; higher_is_better; 95% CI 17.7-18.5"
E09000022,Lambeth,2019,life_expectancy_birth_female,83.8,ONS life expectancy for local areas of the UK,borough,"life expectancy at birth, female, years; rolling period 2017 to 2019 assigned to END year; higher_is_better; 95% CI 83.3-84.3"
E09000022,Lambeth,2019,life_expectancy_birth_male,79.1,ONS life expectancy for local areas of the UK,borough,"life expectancy at birth, male, years; rolling period 2017 to 2019 assigned to END year; higher_is_better; 95% CI 78.6-79.5"
E09000022,Lambeth,2020,life_expectancy_65_female,21.3,ONS life expectancy for local areas of the UK,borough,"life expectancy at age 65, female, years; rolling period 2018 to 2020 assigned to END year; higher_is_better; 95% CI 20.9-21.7"
E09000022,Lambeth,2020,life_expectancy_65_male,17.4,ONS life expectancy for local areas of the UK,borough,"life expectancy at age 65, male, years; rolling period 2018 to 2020 assigned to END year; higher_is_better; 95% CI 17-17.7"
E09000022,Lambeth,2020,life_expectancy_birth_female,83.5,ONS life expectancy for local areas of the UK,borough,"life expectancy at birth, female, years; rolling period 2018 to 2020 assigned to END year; higher_is_better; 95% CI 83-84"
E09000022,Lambeth,2020,life_expectancy_birth_male,78.2,ONS life expectancy for local areas of the UK,borough,"life expectancy at birth, male, years; rolling period 2018 to 2020 assigned to END year; higher_is_better; 95% CI 77.8-78.6"
E09000022,Lambeth,2021,life_expectancy_65_female,21,ONS life expectancy for local areas of the UK,borough,"life expectancy at age 65, female, years; rolling period 2019 to 2021 assigned to END year; higher_is_better; 95% CI 20.6-21.5"
E09000022,Lambeth,2021,life_expectancy_65_male,17.4,ONS life expectancy for local areas of the UK,borough,"life expectancy at age 65, male, years; rolling period 2019 to 2021 assigned to END year; higher_is_better; 95% CI 17-17.7"
E09000022,Lambeth,2021,life_expectancy_birth_female,83.1,ONS life expectancy for local areas of the UK,borough,"life expectancy at birth, female, years; rolling period 2019 to 2021 assigned to END year; higher_is_better; 95% CI 82.6-83.6"
E09000022,Lambeth,2021,life_expectancy_birth_male,78.3,ONS life expectancy for local areas of the UK,borough,"life expectancy at birth, male, years; rolling period 2019 to 2021 assigned to END year; higher_is_better; 95% CI 77.8-78.7"
E09000022,Lambeth,2022,life_expectancy_65_female,20.8,ONS life expectancy for local areas of the UK,borough,"life expectancy at age 65, female, years; rolling period 2020 to 2022 assigned to END year; higher_is_better; 95% CI 20.4-21.2"
E09000022,Lambeth,2022,life_expectancy_65_male,17.3,ONS life expectancy for local areas of the UK,borough,"life expectancy at age 65, male, years; rolling period 2020 to 2022 assigned to END year; higher_is_better; 95% CI 16.9-17.6"
E09000022,Lambeth,2022,life_expectancy_birth_female,82.9,ONS life expectancy for local areas of the UK,borough,"life expectancy at birth, female, years; rolling period 2020 to 2022 assigned to END year; higher_is_better; 95% CI 82.4-83.3"
E09000022,Lambeth,2022,life_expectancy_birth_male,77.9,ONS life expectancy for local areas of the UK,borough,"life expectancy at birth, male, years; rolling period 2020 to 2022 assigned to END year; higher_is_better; 95% CI 77.5-78.4"
E09000022,Lambeth,2023,life_expectancy_65_female,21.1,ONS life expectancy for local areas of the UK,borough,"life expectancy at age 65, female, years; rolling period 2021 to 2023 assigned to END year; higher_is_better; 95% CI 20.7-21.5"
E09000022,Lambeth,2023,life_expectancy_65_male,18.1,ONS life expectancy for local areas of the UK,borough,"life expectancy at age 65, male, years; rolling period 2021 to 2023 assigned to END year; higher_is_better; 95% CI 17.7-18.5"
E09000022,Lambeth,2023,life_expectancy_birth_female,83.2,ONS life expectancy for local areas of the UK,borough,"life expectancy at birth, female, years; rolling period 2021 to 2023 assigned to END year; higher_is_better; 95% CI 82.8-83.7"
E09000022,Lambeth,2023,life_expectancy_birth_male,78.9,ONS life expectancy for local areas of the UK,borough,"life expectancy at birth, male, years; rolling period 2021 to 2023 assigned to END year; higher_is_better; 95% CI 78.4-79.3"
E09000022,Lambeth,2024,life_expectancy_65_female,21.6,ONS life expectancy for local areas of the UK,borough,"life expectancy at age 65, female, years; rolling period 2022 to 2024 assigned to END year; higher_is_better; 95% CI 21.2-22"
E09000022,Lambeth,2024,life_expectancy_65_male,18.3,ONS life expectancy for local areas of the UK,borough,"life expectancy at age 65, male, years; rolling period 2022 to 2024 assigned to END year; higher_is_better; 95% CI 17.9-18.7"
E09000022,Lambeth,2024,life_expectancy_birth_female,83.8,ONS life expectancy for local areas of the UK,borough,"life expectancy at birth, female, years; rolling period 2022 to 2024 assigned to END year; higher_is_better; 95% CI 83.3-84.2"
E09000022,Lambeth,2024,life_expectancy_birth_male,78.9,ONS life expectancy for local areas of the UK,borough,"life expectancy at birth, male, years; rolling period 2022 to 2024 assigned to END year; higher_is_better; 95% CI 78.4-79.3"
E09000023,Lewisham,2003,life_expectancy_65_female,18.2,ONS life expectancy for local areas of the UK,borough,"life expectancy at age 65, female, years; rolling period 2001 to 2003 assigned to END year; higher_is_better; 95% CI 17.8-18.5"
E09000023,Lewisham,2003,life_expectancy_65_male,15.3,ONS life expectancy for local areas of the UK,borough,"life expectancy at age 65, male, years; rolling period 2001 to 2003 assigned to END year; higher_is_better; 95% CI 15-15.7"
E09000023,Lewisham,2003,life_expectancy_birth_female,79.1,ONS life expectancy for local areas of the UK,borough,"life expectancy at birth, female, years; rolling period 2001 to 2003 assigned to END year; higher_is_better; 95% CI 78.6-79.5"
E09000023,Lewisham,2003,life_expectancy_birth_male,74.5,ONS life expectancy for local areas of the UK,borough,"life expectancy at birth, male, years; rolling period 2001 to 2003 assigned to END year; higher_is_better; 95% CI 74-75"
E09000023,Lewisham,2004,life_expectancy_65_female,18.4,ONS life expectancy for local areas of the UK,borough,"life expectancy at age 65, female, years; rolling period 2002 to 2004 assigned to END year; higher_is_better; 95% CI 18.1-18.7"
E09000023,Lewisham,2004,life_expectancy_65_male,15.6,ONS life expectancy for local areas of the UK,borough,"life expectancy at age 65, male, years; rolling period 2002 to 2004 assigned to END year; higher_is_better; 95% CI 15.2-15.9"
E09000023,Lewisham,2004,life_expectancy_birth_female,79.6,ONS life expectancy for local areas of the UK,borough,"life expectancy at birth, female, years; rolling period 2002 to 2004 assigned to END year; higher_is_better; 95% CI 79.2-80.1"
E09000023,Lewisham,2004,life_expectancy_birth_male,75.1,ONS life expectancy for local areas of the UK,borough,"life expectancy at birth, male, years; rolling period 2002 to 2004 assigned to END year; higher_is_better; 95% CI 74.6-75.6"
E09000023,Lewisham,2005,life_expectancy_65_female,18.4,ONS life expectancy for local areas of the UK,borough,"life expectancy at age 65, female, years; rolling period 2003 to 2005 assigned to END year; higher_is_better; 95% CI 18.1-18.8"
E09000023,Lewisham,2005,life_expectancy_65_male,15.6,ONS life expectancy for local areas of the UK,borough,"life expectancy at age 65, male, years; rolling period 2003 to 2005 assigned to END year; higher_is_better; 95% CI 15.2-15.9"
E09000023,Lewisham,2005,life_expectancy_birth_female,79.8,ONS life expectancy for local areas of the UK,borough,"life expectancy at birth, female, years; rolling period 2003 to 2005 assigned to END year; higher_is_better; 95% CI 79.4-80.3"
E09000023,Lewisham,2005,life_expectancy_birth_male,75.2,ONS life expectancy for local areas of the UK,borough,"life expectancy at birth, male, years; rolling period 2003 to 2005 assigned to END year; higher_is_better; 95% CI 74.7-75.7"
E09000023,Lewisham,2006,life_expectancy_65_female,19,ONS life expectancy for local areas of the UK,borough,"life expectancy at age 65, female, years; rolling period 2004 to 2006 assigned to END year; higher_is_better; 95% CI 18.6-19.3"
E09000023,Lewisham,2006,life_expectancy_65_male,15.9,ONS life expectancy for local areas of the UK,borough,"life expectancy at age 65, male, years; rolling period 2004 to 2006 assigned to END year; higher_is_better; 95% CI 15.5-16.3"
E09000023,Lewisham,2006,life_expectancy_birth_female,80.5,ONS life expectancy for local areas of the UK,borough,"life expectancy at birth, female, years; rolling period 2004 to 2006 assigned to END year; higher_is_better; 95% CI 80-80.9"
E09000023,Lewisham,2006,life_expectancy_birth_male,75.7,ONS life expectancy for local areas of the UK,borough,"life expectancy at birth, male, years; rolling period 2004 to 2006 assigned to END year; higher_is_better; 95% CI 75.2-76.2"
E09000023,Lewisham,2007,life_expectancy_65_female,19.3,ONS life expectancy for local areas of the UK,borough,"life expectancy at age 65, female, years; rolling period 2005 to 2007 assigned to END year; higher_is_better; 95% CI 19-19.7"
E09000023,Lewisham,2007,life_expectancy_65_male,16.2,ONS life expectancy for local areas of the UK,borough,"life expectancy at age 65, male, years; rolling period 2005 to 2007 assigned to END year; higher_is_better; 95% CI 15.8-16.5"
E09000023,Lewisham,2007,life_expectancy_birth_female,80.9,ONS life expectancy for local areas of the UK,borough,"life expectancy at birth, female, years; rolling period 2005 to 2007 assigned to END year; higher_is_better; 95% CI 80.5-81.4"
E09000023,Lewisham,2007,life_expectancy_birth_male,76.1,ONS life expectancy for local areas of the UK,borough,"life expectancy at birth, male, years; rolling period 2005 to 2007 assigned to END year; higher_is_better; 95% CI 75.6-76.5"
E09000023,Lewisham,2008,life_expectancy_65_female,19.5,ONS life expectancy for local areas of the UK,borough,"life expectancy at age 65, female, years; rolling period 2006 to 2008 assigned to END year; higher_is_better; 95% CI 19.2-19.9"
E09000023,Lewisham,2008,life_expectancy_65_male,16.2,ONS life expectancy for local areas of the UK,borough,"life expectancy at age 65, male, years; rolling period 2006 to 2008 assigned to END year; higher_is_better; 95% CI 15.8-16.6"
E09000023,Lewisham,2008,life_expectancy_birth_female,81.1,ONS life expectancy for local areas of the UK,borough,"life expectancy at birth, female, years; rolling period 2006 to 2008 assigned to END year; higher_is_better; 95% CI 80.7-81.6"
E09000023,Lewisham,2008,life_expectancy_birth_male,76.3,ONS life expectancy for local areas of the UK,borough,"life expectancy at birth, male, years; rolling period 2006 to 2008 assigned to END year; higher_is_better; 95% CI 75.8-76.7"
E09000023,Lewisham,2009,life_expectancy_65_female,19.9,ONS life expectancy for local areas of the UK,borough,"life expectancy at age 65, female, years; rolling period 2007 to 2009 assigned to END year; higher_is_better; 95% CI 19.6-20.3"
E09000023,Lewisham,2009,life_expectancy_65_male,16.4,ONS life expectancy for local areas of the UK,borough,"life expectancy at age 65, male, years; rolling period 2007 to 2009 assigned to END year; higher_is_better; 95% CI 16-16.8"
E09000023,Lewisham,2009,life_expectancy_birth_female,81.5,ONS life expectancy for local areas of the UK,borough,"life expectancy at birth, female, years; rolling period 2007 to 2009 assigned to END year; higher_is_better; 95% CI 81-81.9"
E09000023,Lewisham,2009,life_expectancy_birth_male,76.4,ONS life expectancy for local areas of the UK,borough,"life expectancy at birth, male, years; rolling period 2007 to 2009 assigned to END year; higher_is_better; 95% CI 76-76.9"
E09000023,Lewisham,2010,life_expectancy_65_female,20.2,ONS life expectancy for local areas of the UK,borough,"life expectancy at age 65, female, years; rolling period 2008 to 2010 assigned to END year; higher_is_better; 95% CI 19.8-20.5"
E09000023,Lewisham,2010,life_expectancy_65_male,16.7,ONS life expectancy for local areas of the UK,borough,"life expectancy at age 65, male, years; rolling period 2008 to 2010 assigned to END year; higher_is_better; 95% CI 16.4-17.1"
E09000023,Lewisham,2010,life_expectancy_birth_female,81.6,ONS life expectancy for local areas of the UK,borough,"life expectancy at birth, female, years; rolling period 2008 to 2010 assigned to END year; higher_is_better; 95% CI 81.1-82"
E09000023,Lewisham,2010,life_expectancy_birth_male,76.8,ONS life expectancy for local areas of the UK,borough,"life expectancy at birth, male, years; rolling period 2008 to 2010 assigned to END year; higher_is_better; 95% CI 76.4-77.3"
E09000023,Lewisham,2011,life_expectancy_65_female,20.6,ONS life expectancy for local areas of the UK,borough,"life expectancy at age 65, female, years; rolling period 2009 to 2011 assigned to END year; higher_is_better; 95% CI 20.2-21"
E09000023,Lewisham,2011,life_expectancy_65_male,17.4,ONS life expectancy for local areas of the UK,borough,"life expectancy at age 65, male, years; rolling period 2009 to 2011 assigned to END year; higher_is_better; 95% CI 17-17.8"
E09000023,Lewisham,2011,life_expectancy_birth_female,82.1,ONS life expectancy for local areas of the UK,borough,"life expectancy at birth, female, years; rolling period 2009 to 2011 assigned to END year; higher_is_better; 95% CI 81.7-82.6"
E09000023,Lewisham,2011,life_expectancy_birth_male,77.6,ONS life expectancy for local areas of the UK,borough,"life expectancy at birth, male, years; rolling period 2009 to 2011 assigned to END year; higher_is_better; 95% CI 77.1-78.1"
E09000023,Lewisham,2012,life_expectancy_65_female,20.7,ONS life expectancy for local areas of the UK,borough,"life expectancy at age 65, female, years; rolling period 2010 to 2012 assigned to END year; higher_is_better; 95% CI 20.3-21.1"
E09000023,Lewisham,2012,life_expectancy_65_male,17.6,ONS life expectancy for local areas of the UK,borough,"life expectancy at age 65, male, years; rolling period 2010 to 2012 assigned to END year; higher_is_better; 95% CI 17.2-18"
E09000023,Lewisham,2012,life_expectancy_birth_female,82.4,ONS life expectancy for local areas of the UK,borough,"life expectancy at birth, female, years; rolling period 2010 to 2012 assigned to END year; higher_is_better; 95% CI 81.9-82.8"
E09000023,Lewisham,2012,life_expectancy_birth_male,78.1,ONS life expectancy for local areas of the UK,borough,"life expectancy at birth, male, years; rolling period 2010 to 2012 assigned to END year; higher_is_better; 95% CI 77.7-78.6"
E09000023,Lewisham,2013,life_expectancy_65_female,20.8,ONS life expectancy for local areas of the UK,borough,"life expectancy at age 65, female, years; rolling period 2011 to 2013 assigned to END year; higher_is_better; 95% CI 20.5-21.2"
E09000023,Lewisham,2013,life_expectancy_65_male,18,ONS life expectancy for local areas of the UK,borough,"life expectancy at age 65, male, years; rolling period 2011 to 2013 assigned to END year; higher_is_better; 95% CI 17.6-18.4"
E09000023,Lewisham,2013,life_expectancy_birth_female,82.7,ONS life expectancy for local areas of the UK,borough,"life expectancy at birth, female, years; rolling period 2011 to 2013 assigned to END year; higher_is_better; 95% CI 82.3-83.2"
E09000023,Lewisham,2013,life_expectancy_birth_male,78.5,ONS life expectancy for local areas of the UK,borough,"life expectancy at birth, male, years; rolling period 2011 to 2013 assigned to END year; higher_is_better; 95% CI 78.1-79"
E09000023,Lewisham,2014,life_expectancy_65_female,21,ONS life expectancy for local areas of the UK,borough,"life expectancy at age 65, female, years; rolling period 2012 to 2014 assigned to END year; higher_is_better; 95% CI 20.6-21.4"
E09000023,Lewisham,2014,life_expectancy_65_male,18.2,ONS life expectancy for local areas of the UK,borough,"life expectancy at age 65, male, years; rolling period 2012 to 2014 assigned to END year; higher_is_better; 95% CI 17.8-18.6"
E09000023,Lewisham,2014,life_expectancy_birth_female,83.2,ONS life expectancy for local areas of the UK,borough,"life expectancy at birth, female, years; rolling period 2012 to 2014 assigned to END year; higher_is_better; 95% CI 82.7-83.6"
E09000023,Lewisham,2014,life_expectancy_birth_male,78.8,ONS life expectancy for local areas of the UK,borough,"life expectancy at birth, male, years; rolling period 2012 to 2014 assigned to END year; higher_is_better; 95% CI 78.3-79.2"
E09000023,Lewisham,2015,life_expectancy_65_female,20.8,ONS life expectancy for local areas of the UK,borough,"life expectancy at age 65, female, years; rolling period 2013 to 2015 assigned to END year; higher_is_better; 95% CI 20.4-21.2"
E09000023,Lewisham,2015,life_expectancy_65_male,18.2,ONS life expectancy for local areas of the UK,borough,"life expectancy at age 65, male, years; rolling period 2013 to 2015 assigned to END year; higher_is_better; 95% CI 17.8-18.6"
E09000023,Lewisham,2015,life_expectancy_birth_female,83.1,ONS life expectancy for local areas of the UK,borough,"life expectancy at birth, female, years; rolling period 2013 to 2015 assigned to END year; higher_is_better; 95% CI 82.6-83.5"
E09000023,Lewisham,2015,life_expectancy_birth_male,78.6,ONS life expectancy for local areas of the UK,borough,"life expectancy at birth, male, years; rolling period 2013 to 2015 assigned to END year; higher_is_better; 95% CI 78.2-79.1"
E09000023,Lewisham,2016,life_expectancy_65_female,20.9,ONS life expectancy for local areas of the UK,borough,"life expectancy at age 65, female, years; rolling period 2014 to 2016 assigned to END year; higher_is_better; 95% CI 20.5-21.3"
E09000023,Lewisham,2016,life_expectancy_65_male,18.3,ONS life expectancy for local areas of the UK,borough,"life expectancy at age 65, male, years; rolling period 2014 to 2016 assigned to END year; higher_is_better; 95% CI 17.9-18.7"
E09000023,Lewisham,2016,life_expectancy_birth_female,83.2,ONS life expectancy for local areas of the UK,borough,"life expectancy at birth, female, years; rolling period 2014 to 2016 assigned to END year; higher_is_better; 95% CI 82.7-83.6"
E09000023,Lewisham,2016,life_expectancy_birth_male,78.9,ONS life expectancy for local areas of the UK,borough,"life expectancy at birth, male, years; rolling period 2014 to 2016 assigned to END year; higher_is_better; 95% CI 78.5-79.4"
E09000023,Lewisham,2017,life_expectancy_65_female,21.2,ONS life expectancy for local areas of the UK,borough,"life expectancy at age 65, female, years; rolling period 2015 to 2017 assigned to END year; higher_is_better; 95% CI 20.8-21.6"
E09000023,Lewisham,2017,life_expectancy_65_male,18.1,ONS life expectancy for local areas of the UK,borough,"life expectancy at age 65, male, years; rolling period 2015 to 2017 assigned to END year; higher_is_better; 95% CI 17.7-18.5"
E09000023,Lewisham,2017,life_expectancy_birth_female,83.6,ONS life expectancy for local areas of the UK,borough,"life expectancy at birth, female, years; rolling period 2015 to 2017 assigned to END year; higher_is_better; 95% CI 83.1-84"
E09000023,Lewisham,2017,life_expectancy_birth_male,78.8,ONS life expectancy for local areas of the UK,borough,"life expectancy at birth, male, years; rolling period 2015 to 2017 assigned to END year; higher_is_better; 95% CI 78.4-79.3"
E09000023,Lewisham,2018,life_expectancy_65_female,21.3,ONS life expectancy for local areas of the UK,borough,"life expectancy at age 65, female, years; rolling period 2016 to 2018 assigned to END year; higher_is_better; 95% CI 20.9-21.7"
E09000023,Lewisham,2018,life_expectancy_65_male,18.2,ONS life expectancy for local areas of the UK,borough,"life expectancy at age 65, male, years; rolling period 2016 to 2018 assigned to END year; higher_is_better; 95% CI 17.8-18.6"
E09000023,Lewisham,2018,life_expectancy_birth_female,83.7,ONS life expectancy for local areas of the UK,borough,"life expectancy at birth, female, years; rolling period 2016 to 2018 assigned to END year; higher_is_better; 95% CI 83.3-84.1"
E09000023,Lewisham,2018,life_expectancy_birth_male,78.9,ONS life expectancy for local areas of the UK,borough,"life expectancy at birth, male, years; rolling period 2016 to 2018 assigned to END year; higher_is_better; 95% CI 78.5-79.4"
E09000023,Lewisham,2019,life_expectancy_65_female,21.4,ONS life expectancy for local areas of the UK,borough,"life expectancy at age 65, female, years; rolling period 2017 to 2019 assigned to END year; higher_is_better; 95% CI 21-21.8"
E09000023,Lewisham,2019,life_expectancy_65_male,18.1,ONS life expectancy for local areas of the UK,borough,"life expectancy at age 65, male, years; rolling period 2017 to 2019 assigned to END year; higher_is_better; 95% CI 17.8-18.5"
E09000023,Lewisham,2019,life_expectancy_birth_female,83.6,ONS life expectancy for local areas of the UK,borough,"life expectancy at birth, female, years; rolling period 2017 to 2019 assigned to END year; higher_is_better; 95% CI 83.2-84.1"
E09000023,Lewisham,2019,life_expectancy_birth_male,78.8,ONS life expectancy for local areas of the UK,borough,"life expectancy at birth, male, years; rolling period 2017 to 2019 assigned to END year; higher_is_better; 95% CI 78.4-79.3"
E09000023,Lewisham,2020,life_expectancy_65_female,20.9,ONS life expectancy for local areas of the UK,borough,"life expectancy at age 65, female, years; rolling period 2018 to 2020 assigned to END year; higher_is_better; 95% CI 20.5-21.2"
E09000023,Lewisham,2020,life_expectancy_65_male,17.8,ONS life expectancy for local areas of the UK,borough,"life expectancy at age 65, male, years; rolling period 2018 to 2020 assigned to END year; higher_is_better; 95% CI 17.5-18.2"
E09000023,Lewisham,2020,life_expectancy_birth_female,83,ONS life expectancy for local areas of the UK,borough,"life expectancy at birth, female, years; rolling period 2018 to 2020 assigned to END year; higher_is_better; 95% CI 82.5-83.4"
E09000023,Lewisham,2020,life_expectancy_birth_male,78.4,ONS life expectancy for local areas of the UK,borough,"life expectancy at birth, male, years; rolling period 2018 to 2020 assigned to END year; higher_is_better; 95% CI 78-78.8"
E09000023,Lewisham,2021,life_expectancy_65_female,20.7,ONS life expectancy for local areas of the UK,borough,"life expectancy at age 65, female, years; rolling period 2019 to 2021 assigned to END year; higher_is_better; 95% CI 20.3-21.1"
E09000023,Lewisham,2021,life_expectancy_65_male,17.4,ONS life expectancy for local areas of the UK,borough,"life expectancy at age 65, male, years; rolling period 2019 to 2021 assigned to END year; higher_is_better; 95% CI 17-17.7"
E09000023,Lewisham,2021,life_expectancy_birth_female,82.6,ONS life expectancy for local areas of the UK,borough,"life expectancy at birth, female, years; rolling period 2019 to 2021 assigned to END year; higher_is_better; 95% CI 82.1-83"
E09000023,Lewisham,2021,life_expectancy_birth_male,78,ONS life expectancy for local areas of the UK,borough,"life expectancy at birth, male, years; rolling period 2019 to 2021 assigned to END year; higher_is_better; 95% CI 77.6-78.4"
E09000023,Lewisham,2022,life_expectancy_65_female,20.6,ONS life expectancy for local areas of the UK,borough,"life expectancy at age 65, female, years; rolling period 2020 to 2022 assigned to END year; higher_is_better; 95% CI 20.2-20.9"
E09000023,Lewisham,2022,life_expectancy_65_male,17.3,ONS life expectancy for local areas of the UK,borough,"life expectancy at age 65, male, years; rolling period 2020 to 2022 assigned to END year; higher_is_better; 95% CI 17-17.7"
E09000023,Lewisham,2022,life_expectancy_birth_female,82.6,ONS life expectancy for local areas of the UK,borough,"life expectancy at birth, female, years; rolling period 2020 to 2022 assigned to END year; higher_is_better; 95% CI 82.2-83"
E09000023,Lewisham,2022,life_expectancy_birth_male,77.9,ONS life expectancy for local areas of the UK,borough,"life expectancy at birth, male, years; rolling period 2020 to 2022 assigned to END year; higher_is_better; 95% CI 77.4-78.3"
E09000023,Lewisham,2023,life_expectancy_65_female,20.8,ONS life expectancy for local areas of the UK,borough,"life expectancy at age 65, female, years; rolling period 2021 to 2023 assigned to END year; higher_is_better; 95% CI 20.4-21.2"
E09000023,Lewisham,2023,life_expectancy_65_male,17.7,ONS life expectancy for local areas of the UK,borough,"life expectancy at age 65, male, years; rolling period 2021 to 2023 assigned to END year; higher_is_better; 95% CI 17.3-18.1"
E09000023,Lewisham,2023,life_expectancy_birth_female,82.9,ONS life expectancy for local areas of the UK,borough,"life expectancy at birth, female, years; rolling period 2021 to 2023 assigned to END year; higher_is_better; 95% CI 82.5-83.4"
E09000023,Lewisham,2023,life_expectancy_birth_male,78.4,ONS life expectancy for local areas of the UK,borough,"life expectancy at birth, male, years; rolling period 2021 to 2023 assigned to END year; higher_is_better; 95% CI 77.9-78.8"
E09000023,Lewisham,2024,life_expectancy_65_female,21.3,ONS life expectancy for local areas of the UK,borough,"life expectancy at age 65, female, years; rolling period 2022 to 2024 assigned to END year; higher_is_better; 95% CI 20.9-21.7"
E09000023,Lewisham,2024,life_expectancy_65_male,18.2,ONS life expectancy for local areas of the UK,borough,"life expectancy at age 65, male, years; rolling period 2022 to 2024 assigned to END year; higher_is_better; 95% CI 17.8-18.6"
E09000023,Lewisham,2024,life_expectancy_birth_female,83.6,ONS life expectancy for local areas of the UK,borough,"life expectancy at birth, female, years; rolling period 2022 to 2024 assigned to END year; higher_is_better; 95% CI 83.2-84.1"
E09000023,Lewisham,2024,life_expectancy_birth_male,78.9,ONS life expectancy for local areas of the UK,borough,"life expectancy at birth, male, years; rolling period 2022 to 2024 assigned to END year; higher_is_better; 95% CI 78.5-79.4"
E09000024,Merton,2003,life_expectancy_65_female,20.1,ONS life expectancy for local areas of the UK,borough,"life expectancy at age 65, female, years; rolling period 2001 to 2003 assigned to END year; higher_is_better; 95% CI 19.7-20.5"
E09000024,Merton,2003,life_expectancy_65_male,16.7,ONS life expectancy for local areas of the UK,borough,"life expectancy at age 65, male, years; rolling period 2001 to 2003 assigned to END year; higher_is_better; 95% CI 16.3-17.1"
E09000024,Merton,2003,life_expectancy_birth_female,81.7,ONS life expectancy for local areas of the UK,borough,"life expectancy at birth, female, years; rolling period 2001 to 2003 assigned to END year; higher_is_better; 95% CI 81.2-82.2"
E09000024,Merton,2003,life_expectancy_birth_male,77,ONS life expectancy for local areas of the UK,borough,"life expectancy at birth, male, years; rolling period 2001 to 2003 assigned to END year; higher_is_better; 95% CI 76.4-77.5"
E09000024,Merton,2004,life_expectancy_65_female,20.3,ONS life expectancy for local areas of the UK,borough,"life expectancy at age 65, female, years; rolling period 2002 to 2004 assigned to END year; higher_is_better; 95% CI 19.9-20.7"
E09000024,Merton,2004,life_expectancy_65_male,17.1,ONS life expectancy for local areas of the UK,borough,"life expectancy at age 65, male, years; rolling period 2002 to 2004 assigned to END year; higher_is_better; 95% CI 16.7-17.5"
E09000024,Merton,2004,life_expectancy_birth_female,82,ONS life expectancy for local areas of the UK,borough,"life expectancy at birth, female, years; rolling period 2002 to 2004 assigned to END year; higher_is_better; 95% CI 81.5-82.6"
E09000024,Merton,2004,life_expectancy_birth_male,77.5,ONS life expectancy for local areas of the UK,borough,"life expectancy at birth, male, years; rolling period 2002 to 2004 assigned to END year; higher_is_better; 95% CI 77-78.1"
E09000024,Merton,2005,life_expectancy_65_female,20.5,ONS life expectancy for local areas of the UK,borough,"life expectancy at age 65, female, years; rolling period 2003 to 2005 assigned to END year; higher_is_better; 95% CI 20.1-20.9"
E09000024,Merton,2005,life_expectancy_65_male,17.4,ONS life expectancy for local areas of the UK,borough,"life expectancy at age 65, male, years; rolling period 2003 to 2005 assigned to END year; higher_is_better; 95% CI 17-17.9"
E09000024,Merton,2005,life_expectancy_birth_female,82.2,ONS life expectancy for local areas of the UK,borough,"life expectancy at birth, female, years; rolling period 2003 to 2005 assigned to END year; higher_is_better; 95% CI 81.7-82.8"
E09000024,Merton,2005,life_expectancy_birth_male,77.8,ONS life expectancy for local areas of the UK,borough,"life expectancy at birth, male, years; rolling period 2003 to 2005 assigned to END year; higher_is_better; 95% CI 77.2-78.3"
E09000024,Merton,2006,life_expectancy_65_female,20.6,ONS life expectancy for local areas of the UK,borough,"life expectancy at age 65, female, years; rolling period 2004 to 2006 assigned to END year; higher_is_better; 95% CI 20.2-21"
E09000024,Merton,2006,life_expectancy_65_male,18.1,ONS life expectancy for local areas of the UK,borough,"life expectancy at age 65, male, years; rolling period 2004 to 2006 assigned to END year; higher_is_better; 95% CI 17.7-18.5"
E09000024,Merton,2006,life_expectancy_birth_female,82.7,ONS life expectancy for local areas of the UK,borough,"life expectancy at birth, female, years; rolling period 2004 to 2006 assigned to END year; higher_is_better; 95% CI 82.1-83.2"
E09000024,Merton,2006,life_expectancy_birth_male,78.7,ONS life expectancy for local areas of the UK,borough,"life expectancy at birth, male, years; rolling period 2004 to 2006 assigned to END year; higher_is_better; 95% CI 78.1-79.2"
E09000024,Merton,2007,life_expectancy_65_female,20.5,ONS life expectancy for local areas of the UK,borough,"life expectancy at age 65, female, years; rolling period 2005 to 2007 assigned to END year; higher_is_better; 95% CI 20.1-20.9"
E09000024,Merton,2007,life_expectancy_65_male,18.3,ONS life expectancy for local areas of the UK,borough,"life expectancy at age 65, male, years; rolling period 2005 to 2007 assigned to END year; higher_is_better; 95% CI 17.9-18.8"
E09000024,Merton,2007,life_expectancy_birth_female,82.5,ONS life expectancy for local areas of the UK,borough,"life expectancy at birth, female, years; rolling period 2005 to 2007 assigned to END year; higher_is_better; 95% CI 82-83.1"
E09000024,Merton,2007,life_expectancy_birth_male,79.3,ONS life expectancy for local areas of the UK,borough,"life expectancy at birth, male, years; rolling period 2005 to 2007 assigned to END year; higher_is_better; 95% CI 78.8-79.8"
E09000024,Merton,2008,life_expectancy_65_female,20.5,ONS life expectancy for local areas of the UK,borough,"life expectancy at age 65, female, years; rolling period 2006 to 2008 assigned to END year; higher_is_better; 95% CI 20.1-20.9"
E09000024,Merton,2008,life_expectancy_65_male,18.3,ONS life expectancy for local areas of the UK,borough,"life expectancy at age 65, male, years; rolling period 2006 to 2008 assigned to END year; higher_is_better; 95% CI 17.9-18.8"
E09000024,Merton,2008,life_expectancy_birth_female,82.8,ONS life expectancy for local areas of the UK,borough,"life expectancy at birth, female, years; rolling period 2006 to 2008 assigned to END year; higher_is_better; 95% CI 82.3-83.3"
E09000024,Merton,2008,life_expectancy_birth_male,79.4,ONS life expectancy for local areas of the UK,borough,"life expectancy at birth, male, years; rolling period 2006 to 2008 assigned to END year; higher_is_better; 95% CI 78.9-80"
E09000024,Merton,2009,life_expectancy_65_female,20.7,ONS life expectancy for local areas of the UK,borough,"life expectancy at age 65, female, years; rolling period 2007 to 2009 assigned to END year; higher_is_better; 95% CI 20.3-21.1"
E09000024,Merton,2009,life_expectancy_65_male,18.6,ONS life expectancy for local areas of the UK,borough,"life expectancy at age 65, male, years; rolling period 2007 to 2009 assigned to END year; higher_is_better; 95% CI 18.2-19"
E09000024,Merton,2009,life_expectancy_birth_female,83,ONS life expectancy for local areas of the UK,borough,"life expectancy at birth, female, years; rolling period 2007 to 2009 assigned to END year; higher_is_better; 95% CI 82.5-83.5"
E09000024,Merton,2009,life_expectancy_birth_male,79.8,ONS life expectancy for local areas of the UK,borough,"life expectancy at birth, male, years; rolling period 2007 to 2009 assigned to END year; higher_is_better; 95% CI 79.3-80.3"
E09000024,Merton,2010,life_expectancy_65_female,21.2,ONS life expectancy for local areas of the UK,borough,"life expectancy at age 65, female, years; rolling period 2008 to 2010 assigned to END year; higher_is_better; 95% CI 20.8-21.7"
E09000024,Merton,2010,life_expectancy_65_male,18.7,ONS life expectancy for local areas of the UK,borough,"life expectancy at age 65, male, years; rolling period 2008 to 2010 assigned to END year; higher_is_better; 95% CI 18.3-19.2"
E09000024,Merton,2010,life_expectancy_birth_female,83.6,ONS life expectancy for local areas of the UK,borough,"life expectancy at birth, female, years; rolling period 2008 to 2010 assigned to END year; higher_is_better; 95% CI 83.1-84.1"
E09000024,Merton,2010,life_expectancy_birth_male,79.9,ONS life expectancy for local areas of the UK,borough,"life expectancy at birth, male, years; rolling period 2008 to 2010 assigned to END year; higher_is_better; 95% CI 79.3-80.4"
E09000024,Merton,2011,life_expectancy_65_female,21.7,ONS life expectancy for local areas of the UK,borough,"life expectancy at age 65, female, years; rolling period 2009 to 2011 assigned to END year; higher_is_better; 95% CI 21.3-22.2"
E09000024,Merton,2011,life_expectancy_65_male,19.1,ONS life expectancy for local areas of the UK,borough,"life expectancy at age 65, male, years; rolling period 2009 to 2011 assigned to END year; higher_is_better; 95% CI 18.6-19.5"
E09000024,Merton,2011,life_expectancy_birth_female,83.7,ONS life expectancy for local areas of the UK,borough,"life expectancy at birth, female, years; rolling period 2009 to 2011 assigned to END year; higher_is_better; 95% CI 83.2-84.3"
E09000024,Merton,2011,life_expectancy_birth_male,80.2,ONS life expectancy for local areas of the UK,borough,"life expectancy at birth, male, years; rolling period 2009 to 2011 assigned to END year; higher_is_better; 95% CI 79.7-80.8"
E09000024,Merton,2012,life_expectancy_65_female,21.8,ONS life expectancy for local areas of the UK,borough,"life expectancy at age 65, female, years; rolling period 2010 to 2012 assigned to END year; higher_is_better; 95% CI 21.4-22.2"
E09000024,Merton,2012,life_expectancy_65_male,18.9,ONS life expectancy for local areas of the UK,borough,"life expectancy at age 65, male, years; rolling period 2010 to 2012 assigned to END year; higher_is_better; 95% CI 18.5-19.4"
E09000024,Merton,2012,life_expectancy_birth_female,84,ONS life expectancy for local areas of the UK,borough,"life expectancy at birth, female, years; rolling period 2010 to 2012 assigned to END year; higher_is_better; 95% CI 83.5-84.5"
E09000024,Merton,2012,life_expectancy_birth_male,80.1,ONS life expectancy for local areas of the UK,borough,"life expectancy at birth, male, years; rolling period 2010 to 2012 assigned to END year; higher_is_better; 95% CI 79.6-80.6"
E09000024,Merton,2013,life_expectancy_65_female,21.6,ONS life expectancy for local areas of the UK,borough,"life expectancy at age 65, female, years; rolling period 2011 to 2013 assigned to END year; higher_is_better; 95% CI 21.2-22"
E09000024,Merton,2013,life_expectancy_65_male,18.9,ONS life expectancy for local areas of the UK,borough,"life expectancy at age 65, male, years; rolling period 2011 to 2013 assigned to END year; higher_is_better; 95% CI 18.4-19.3"
E09000024,Merton,2013,life_expectancy_birth_female,83.9,ONS life expectancy for local areas of the UK,borough,"life expectancy at birth, female, years; rolling period 2011 to 2013 assigned to END year; higher_is_better; 95% CI 83.4-84.4"
E09000024,Merton,2013,life_expectancy_birth_male,80.1,ONS life expectancy for local areas of the UK,borough,"life expectancy at birth, male, years; rolling period 2011 to 2013 assigned to END year; higher_is_better; 95% CI 79.6-80.7"
E09000024,Merton,2014,life_expectancy_65_female,21.5,ONS life expectancy for local areas of the UK,borough,"life expectancy at age 65, female, years; rolling period 2012 to 2014 assigned to END year; higher_is_better; 95% CI 21.1-21.9"
E09000024,Merton,2014,life_expectancy_65_male,18.8,ONS life expectancy for local areas of the UK,borough,"life expectancy at age 65, male, years; rolling period 2012 to 2014 assigned to END year; higher_is_better; 95% CI 18.4-19.2"
E09000024,Merton,2014,life_expectancy_birth_female,84.1,ONS life expectancy for local areas of the UK,borough,"life expectancy at birth, female, years; rolling period 2012 to 2014 assigned to END year; higher_is_better; 95% CI 83.6-84.6"
E09000024,Merton,2014,life_expectancy_birth_male,80.3,ONS life expectancy for local areas of the UK,borough,"life expectancy at birth, male, years; rolling period 2012 to 2014 assigned to END year; higher_is_better; 95% CI 79.8-80.8"
E09000024,Merton,2015,life_expectancy_65_female,21.6,ONS life expectancy for local areas of the UK,borough,"life expectancy at age 65, female, years; rolling period 2013 to 2015 assigned to END year; higher_is_better; 95% CI 21.2-22"
E09000024,Merton,2015,life_expectancy_65_male,18.8,ONS life expectancy for local areas of the UK,borough,"life expectancy at age 65, male, years; rolling period 2013 to 2015 assigned to END year; higher_is_better; 95% CI 18.3-19.2"
E09000024,Merton,2015,life_expectancy_birth_female,84.2,ONS life expectancy for local areas of the UK,borough,"life expectancy at birth, female, years; rolling period 2013 to 2015 assigned to END year; higher_is_better; 95% CI 83.8-84.7"
E09000024,Merton,2015,life_expectancy_birth_male,80.6,ONS life expectancy for local areas of the UK,borough,"life expectancy at birth, male, years; rolling period 2013 to 2015 assigned to END year; higher_is_better; 95% CI 80.1-81.1"
E09000024,Merton,2016,life_expectancy_65_female,21.7,ONS life expectancy for local areas of the UK,borough,"life expectancy at age 65, female, years; rolling period 2014 to 2016 assigned to END year; higher_is_better; 95% CI 21.3-22.1"
E09000024,Merton,2016,life_expectancy_65_male,19.1,ONS life expectancy for local areas of the UK,borough,"life expectancy at age 65, male, years; rolling period 2014 to 2016 assigned to END year; higher_is_better; 95% CI 18.7-19.5"
E09000024,Merton,2016,life_expectancy_birth_female,84.2,ONS life expectancy for local areas of the UK,borough,"life expectancy at birth, female, years; rolling period 2014 to 2016 assigned to END year; higher_is_better; 95% CI 83.8-84.7"
E09000024,Merton,2016,life_expectancy_birth_male,80.8,ONS life expectancy for local areas of the UK,borough,"life expectancy at birth, male, years; rolling period 2014 to 2016 assigned to END year; higher_is_better; 95% CI 80.4-81.3"
E09000024,Merton,2017,life_expectancy_65_female,21.7,ONS life expectancy for local areas of the UK,borough,"life expectancy at age 65, female, years; rolling period 2015 to 2017 assigned to END year; higher_is_better; 95% CI 21.3-22.1"
E09000024,Merton,2017,life_expectancy_65_male,19.3,ONS life expectancy for local areas of the UK,borough,"life expectancy at age 65, male, years; rolling period 2015 to 2017 assigned to END year; higher_is_better; 95% CI 18.9-19.7"
E09000024,Merton,2017,life_expectancy_birth_female,84.4,ONS life expectancy for local areas of the UK,borough,"life expectancy at birth, female, years; rolling period 2015 to 2017 assigned to END year; higher_is_better; 95% CI 83.9-84.9"
E09000024,Merton,2017,life_expectancy_birth_male,80.9,ONS life expectancy for local areas of the UK,borough,"life expectancy at birth, male, years; rolling period 2015 to 2017 assigned to END year; higher_is_better; 95% CI 80.4-81.4"
E09000024,Merton,2018,life_expectancy_65_female,21.9,ONS life expectancy for local areas of the UK,borough,"life expectancy at age 65, female, years; rolling period 2016 to 2018 assigned to END year; higher_is_better; 95% CI 21.5-22.3"
E09000024,Merton,2018,life_expectancy_65_male,19.4,ONS life expectancy for local areas of the UK,borough,"life expectancy at age 65, male, years; rolling period 2016 to 2018 assigned to END year; higher_is_better; 95% CI 19-19.8"
E09000024,Merton,2018,life_expectancy_birth_female,84.5,ONS life expectancy for local areas of the UK,borough,"life expectancy at birth, female, years; rolling period 2016 to 2018 assigned to END year; higher_is_better; 95% CI 84-84.9"
E09000024,Merton,2018,life_expectancy_birth_male,81.1,ONS life expectancy for local areas of the UK,borough,"life expectancy at birth, male, years; rolling period 2016 to 2018 assigned to END year; higher_is_better; 95% CI 80.6-81.6"
E09000024,Merton,2019,life_expectancy_65_female,22,ONS life expectancy for local areas of the UK,borough,"life expectancy at age 65, female, years; rolling period 2017 to 2019 assigned to END year; higher_is_better; 95% CI 21.6-22.4"
E09000024,Merton,2019,life_expectancy_65_male,19.4,ONS life expectancy for local areas of the UK,borough,"life expectancy at age 65, male, years; rolling period 2017 to 2019 assigned to END year; higher_is_better; 95% CI 19-19.8"
E09000024,Merton,2019,life_expectancy_birth_female,84.7,ONS life expectancy for local areas of the UK,borough,"life expectancy at birth, female, years; rolling period 2017 to 2019 assigned to END year; higher_is_better; 95% CI 84.2-85.1"
E09000024,Merton,2019,life_expectancy_birth_male,81.2,ONS life expectancy for local areas of the UK,borough,"life expectancy at birth, male, years; rolling period 2017 to 2019 assigned to END year; higher_is_better; 95% CI 80.7-81.6"
E09000024,Merton,2020,life_expectancy_65_female,21.7,ONS life expectancy for local areas of the UK,borough,"life expectancy at age 65, female, years; rolling period 2018 to 2020 assigned to END year; higher_is_better; 95% CI 21.3-22.1"
E09000024,Merton,2020,life_expectancy_65_male,18.7,ONS life expectancy for local areas of the UK,borough,"life expectancy at age 65, male, years; rolling period 2018 to 2020 assigned to END year; higher_is_better; 95% CI 18.3-19.1"
E09000024,Merton,2020,life_expectancy_birth_female,84.3,ONS life expectancy for local areas of the UK,borough,"life expectancy at birth, female, years; rolling period 2018 to 2020 assigned to END year; higher_is_better; 95% CI 83.9-84.8"
E09000024,Merton,2020,life_expectancy_birth_male,80.4,ONS life expectancy for local areas of the UK,borough,"life expectancy at birth, male, years; rolling period 2018 to 2020 assigned to END year; higher_is_better; 95% CI 79.9-80.8"
E09000024,Merton,2021,life_expectancy_65_female,21.5,ONS life expectancy for local areas of the UK,borough,"life expectancy at age 65, female, years; rolling period 2019 to 2021 assigned to END year; higher_is_better; 95% CI 21.2-21.9"
E09000024,Merton,2021,life_expectancy_65_male,18.6,ONS life expectancy for local areas of the UK,borough,"life expectancy at age 65, male, years; rolling period 2019 to 2021 assigned to END year; higher_is_better; 95% CI 18.2-19"
E09000024,Merton,2021,life_expectancy_birth_female,84.3,ONS life expectancy for local areas of the UK,borough,"life expectancy at birth, female, years; rolling period 2019 to 2021 assigned to END year; higher_is_better; 95% CI 83.8-84.7"
E09000024,Merton,2021,life_expectancy_birth_male,79.8,ONS life expectancy for local areas of the UK,borough,"life expectancy at birth, male, years; rolling period 2019 to 2021 assigned to END year; higher_is_better; 95% CI 79.3-80.3"
E09000024,Merton,2022,life_expectancy_65_female,21.6,ONS life expectancy for local areas of the UK,borough,"life expectancy at age 65, female, years; rolling period 2020 to 2022 assigned to END year; higher_is_better; 95% CI 21.2-22"
E09000024,Merton,2022,life_expectancy_65_male,18.4,ONS life expectancy for local areas of the UK,borough,"life expectancy at age 65, male, years; rolling period 2020 to 2022 assigned to END year; higher_is_better; 95% CI 18.1-18.8"
E09000024,Merton,2022,life_expectancy_birth_female,84.4,ONS life expectancy for local areas of the UK,borough,"life expectancy at birth, female, years; rolling period 2020 to 2022 assigned to END year; higher_is_better; 95% CI 84-84.9"
E09000024,Merton,2022,life_expectancy_birth_male,79.7,ONS life expectancy for local areas of the UK,borough,"life expectancy at birth, male, years; rolling period 2020 to 2022 assigned to END year; higher_is_better; 95% CI 79.2-80.1"
E09000024,Merton,2023,life_expectancy_65_female,22.1,ONS life expectancy for local areas of the UK,borough,"life expectancy at age 65, female, years; rolling period 2021 to 2023 assigned to END year; higher_is_better; 95% CI 21.7-22.5"
E09000024,Merton,2023,life_expectancy_65_male,19.1,ONS life expectancy for local areas of the UK,borough,"life expectancy at age 65, male, years; rolling period 2021 to 2023 assigned to END year; higher_is_better; 95% CI 18.7-19.4"
E09000024,Merton,2023,life_expectancy_birth_female,84.8,ONS life expectancy for local areas of the UK,borough,"life expectancy at birth, female, years; rolling period 2021 to 2023 assigned to END year; higher_is_better; 95% CI 84.3-85.3"
E09000024,Merton,2023,life_expectancy_birth_male,80.4,ONS life expectancy for local areas of the UK,borough,"life expectancy at birth, male, years; rolling period 2021 to 2023 assigned to END year; higher_is_better; 95% CI 79.9-80.8"
E09000024,Merton,2024,life_expectancy_65_female,22.4,ONS life expectancy for local areas of the UK,borough,"life expectancy at age 65, female, years; rolling period 2022 to 2024 assigned to END year; higher_is_better; 95% CI 22-22.8"
E09000024,Merton,2024,life_expectancy_65_male,19.5,ONS life expectancy for local areas of the UK,borough,"life expectancy at age 65, male, years; rolling period 2022 to 2024 assigned to END year; higher_is_better; 95% CI 19.1-19.9"
E09000024,Merton,2024,life_expectancy_birth_female,85,ONS life expectancy for local areas of the UK,borough,"life expectancy at birth, female, years; rolling period 2022 to 2024 assigned to END year; higher_is_better; 95% CI 84.5-85.5"
E09000024,Merton,2024,life_expectancy_birth_male,80.9,ONS life expectancy for local areas of the UK,borough,"life expectancy at birth, male, years; rolling period 2022 to 2024 assigned to END year; higher_is_better; 95% CI 80.4-81.4"
E09000025,Newham,2003,life_expectancy_65_female,18.4,ONS life expectancy for local areas of the UK,borough,"life expectancy at age 65, female, years; rolling period 2001 to 2003 assigned to END year; higher_is_better; 95% CI 18-18.8"
E09000025,Newham,2003,life_expectancy_65_male,15,ONS life expectancy for local areas of the UK,borough,"life expectancy at age 65, male, years; rolling period 2001 to 2003 assigned to END year; higher_is_better; 95% CI 14.6-15.4"
E09000025,Newham,2003,life_expectancy_birth_female,78.8,ONS life expectancy for local areas of the UK,borough,"life expectancy at birth, female, years; rolling period 2001 to 2003 assigned to END year; higher_is_better; 95% CI 78.3-79.3"
E09000025,Newham,2003,life_expectancy_birth_male,73.7,ONS life expectancy for local areas of the UK,borough,"life expectancy at birth, male, years; rolling period 2001 to 2003 assigned to END year; higher_is_better; 95% CI 73.1-74.2"
E09000025,Newham,2004,life_expectancy_65_female,18.4,ONS life expectancy for local areas of the UK,borough,"life expectancy at age 65, female, years; rolling period 2002 to 2004 assigned to END year; higher_is_better; 95% CI 18-18.7"
E09000025,Newham,2004,life_expectancy_65_male,15.6,ONS life expectancy for local areas of the UK,borough,"life expectancy at age 65, male, years; rolling period 2002 to 2004 assigned to END year; higher_is_better; 95% CI 15.1-16"
E09000025,Newham,2004,life_expectancy_birth_female,78.8,ONS life expectancy for local areas of the UK,borough,"life expectancy at birth, female, years; rolling period 2002 to 2004 assigned to END year; higher_is_better; 95% CI 78.3-79.3"
E09000025,Newham,2004,life_expectancy_birth_male,74.3,ONS life expectancy for local areas of the UK,borough,"life expectancy at birth, male, years; rolling period 2002 to 2004 assigned to END year; higher_is_better; 95% CI 73.8-74.8"
E09000025,Newham,2005,life_expectancy_65_female,18.2,ONS life expectancy for local areas of the UK,borough,"life expectancy at age 65, female, years; rolling period 2003 to 2005 assigned to END year; higher_is_better; 95% CI 17.8-18.6"
E09000025,Newham,2005,life_expectancy_65_male,16,ONS life expectancy for local areas of the UK,borough,"life expectancy at age 65, male, years; rolling period 2003 to 2005 assigned to END year; higher_is_better; 95% CI 15.6-16.5"
E09000025,Newham,2005,life_expectancy_birth_female,78.8,ONS life expectancy for local areas of the UK,borough,"life expectancy at birth, female, years; rolling period 2003 to 2005 assigned to END year; higher_is_better; 95% CI 78.3-79.3"
E09000025,Newham,2005,life_expectancy_birth_male,74.7,ONS life expectancy for local areas of the UK,borough,"life expectancy at birth, male, years; rolling period 2003 to 2005 assigned to END year; higher_is_better; 95% CI 74.2-75.2"
E09000025,Newham,2006,life_expectancy_65_female,18.4,ONS life expectancy for local areas of the UK,borough,"life expectancy at age 65, female, years; rolling period 2004 to 2006 assigned to END year; higher_is_better; 95% CI 18-18.8"
E09000025,Newham,2006,life_expectancy_65_male,16.3,ONS life expectancy for local areas of the UK,borough,"life expectancy at age 65, male, years; rolling period 2004 to 2006 assigned to END year; higher_is_better; 95% CI 15.8-16.7"
E09000025,Newham,2006,life_expectancy_birth_female,79.3,ONS life expectancy for local areas of the UK,borough,"life expectancy at birth, female, years; rolling period 2004 to 2006 assigned to END year; higher_is_better; 95% CI 78.8-79.8"
E09000025,Newham,2006,life_expectancy_birth_male,74.7,ONS life expectancy for local areas of the UK,borough,"life expectancy at birth, male, years; rolling period 2004 to 2006 assigned to END year; higher_is_better; 95% CI 74.2-75.2"
E09000025,Newham,2007,life_expectancy_65_female,18.6,ONS life expectancy for local areas of the UK,borough,"life expectancy at age 65, female, years; rolling period 2005 to 2007 assigned to END year; higher_is_better; 95% CI 18.2-19"
E09000025,Newham,2007,life_expectancy_65_male,16.5,ONS life expectancy for local areas of the UK,borough,"life expectancy at age 65, male, years; rolling period 2005 to 2007 assigned to END year; higher_is_better; 95% CI 16.1-17"
E09000025,Newham,2007,life_expectancy_birth_female,79.7,ONS life expectancy for local areas of the UK,borough,"life expectancy at birth, female, years; rolling period 2005 to 2007 assigned to END year; higher_is_better; 95% CI 79.2-80.2"
E09000025,Newham,2007,life_expectancy_birth_male,75.4,ONS life expectancy for local areas of the UK,borough,"life expectancy at birth, male, years; rolling period 2005 to 2007 assigned to END year; higher_is_better; 95% CI 74.8-75.9"
E09000025,Newham,2008,life_expectancy_65_female,19.2,ONS life expectancy for local areas of the UK,borough,"life expectancy at age 65, female, years; rolling period 2006 to 2008 assigned to END year; higher_is_better; 95% CI 18.8-19.6"
E09000025,Newham,2008,life_expectancy_65_male,16.5,ONS life expectancy for local areas of the UK,borough,"life expectancy at age 65, male, years; rolling period 2006 to 2008 assigned to END year; higher_is_better; 95% CI 16-16.9"
E09000025,Newham,2008,life_expectancy_birth_female,80.3,ONS life expectancy for local areas of the UK,borough,"life expectancy at birth, female, years; rolling period 2006 to 2008 assigned to END year; higher_is_better; 95% CI 79.8-80.8"
E09000025,Newham,2008,life_expectancy_birth_male,75.6,ONS life expectancy for local areas of the UK,borough,"life expectancy at birth, male, years; rolling period 2006 to 2008 assigned to END year; higher_is_better; 95% CI 75.1-76.1"
E09000025,Newham,2009,life_expectancy_65_female,19.5,ONS life expectancy for local areas of the UK,borough,"life expectancy at age 65, female, years; rolling period 2007 to 2009 assigned to END year; higher_is_better; 95% CI 19-19.9"
E09000025,Newham,2009,life_expectancy_65_male,16.5,ONS life expectancy for local areas of the UK,borough,"life expectancy at age 65, male, years; rolling period 2007 to 2009 assigned to END year; higher_is_better; 95% CI 16.1-17"
E09000025,Newham,2009,life_expectancy_birth_female,80.6,ONS life expectancy for local areas of the UK,borough,"life expectancy at birth, female, years; rolling period 2007 to 2009 assigned to END year; higher_is_better; 95% CI 80.1-81.1"
E09000025,Newham,2009,life_expectancy_birth_male,76.3,ONS life expectancy for local areas of the UK,borough,"life expectancy at birth, male, years; rolling period 2007 to 2009 assigned to END year; higher_is_better; 95% CI 75.7-76.8"
E09000025,Newham,2010,life_expectancy_65_female,19.9,ONS life expectancy for local areas of the UK,borough,"life expectancy at age 65, female, years; rolling period 2008 to 2010 assigned to END year; higher_is_better; 95% CI 19.4-20.3"
E09000025,Newham,2010,life_expectancy_65_male,16.6,ONS life expectancy for local areas of the UK,borough,"life expectancy at age 65, male, years; rolling period 2008 to 2010 assigned to END year; higher_is_better; 95% CI 16.2-17.1"
E09000025,Newham,2010,life_expectancy_birth_female,81.3,ONS life expectancy for local areas of the UK,borough,"life expectancy at birth, female, years; rolling period 2008 to 2010 assigned to END year; higher_is_better; 95% CI 80.8-81.8"
E09000025,Newham,2010,life_expectancy_birth_male,76.4,ONS life expectancy for local areas of the UK,borough,"life expectancy at birth, male, years; rolling period 2008 to 2010 assigned to END year; higher_is_better; 95% CI 75.9-76.9"
E09000025,Newham,2011,life_expectancy_65_female,20.3,ONS life expectancy for local areas of the UK,borough,"life expectancy at age 65, female, years; rolling period 2009 to 2011 assigned to END year; higher_is_better; 95% CI 19.8-20.8"
E09000025,Newham,2011,life_expectancy_65_male,17.4,ONS life expectancy for local areas of the UK,borough,"life expectancy at age 65, male, years; rolling period 2009 to 2011 assigned to END year; higher_is_better; 95% CI 16.9-17.9"
E09000025,Newham,2011,life_expectancy_birth_female,81.9,ONS life expectancy for local areas of the UK,borough,"life expectancy at birth, female, years; rolling period 2009 to 2011 assigned to END year; higher_is_better; 95% CI 81.3-82.4"
E09000025,Newham,2011,life_expectancy_birth_male,77.4,ONS life expectancy for local areas of the UK,borough,"life expectancy at birth, male, years; rolling period 2009 to 2011 assigned to END year; higher_is_better; 95% CI 76.9-78"
E09000025,Newham,2012,life_expectancy_65_female,20.6,ONS life expectancy for local areas of the UK,borough,"life expectancy at age 65, female, years; rolling period 2010 to 2012 assigned to END year; higher_is_better; 95% CI 20.2-21.1"
E09000025,Newham,2012,life_expectancy_65_male,17.5,ONS life expectancy for local areas of the UK,borough,"life expectancy at age 65, male, years; rolling period 2010 to 2012 assigned to END year; higher_is_better; 95% CI 17.1-18"
E09000025,Newham,2012,life_expectancy_birth_female,82.5,ONS life expectancy for local areas of the UK,borough,"life expectancy at birth, female, years; rolling period 2010 to 2012 assigned to END year; higher_is_better; 95% CI 81.9-83"
E09000025,Newham,2012,life_expectancy_birth_male,77.6,ONS life expectancy for local areas of the UK,borough,"life expectancy at birth, male, years; rolling period 2010 to 2012 assigned to END year; higher_is_better; 95% CI 77.1-78.1"
E09000025,Newham,2013,life_expectancy_65_female,20.5,ONS life expectancy for local areas of the UK,borough,"life expectancy at age 65, female, years; rolling period 2011 to 2013 assigned to END year; higher_is_better; 95% CI 20.1-21"
E09000025,Newham,2013,life_expectancy_65_male,17.8,ONS life expectancy for local areas of the UK,borough,"life expectancy at age 65, male, years; rolling period 2011 to 2013 assigned to END year; higher_is_better; 95% CI 17.3-18.2"
E09000025,Newham,2013,life_expectancy_birth_female,82.3,ONS life expectancy for local areas of the UK,borough,"life expectancy at birth, female, years; rolling period 2011 to 2013 assigned to END year; higher_is_better; 95% CI 81.8-82.8"
E09000025,Newham,2013,life_expectancy_birth_male,78.2,ONS life expectancy for local areas of the UK,borough,"life expectancy at birth, male, years; rolling period 2011 to 2013 assigned to END year; higher_is_better; 95% CI 77.7-78.7"
E09000025,Newham,2014,life_expectancy_65_female,20.6,ONS life expectancy for local areas of the UK,borough,"life expectancy at age 65, female, years; rolling period 2012 to 2014 assigned to END year; higher_is_better; 95% CI 20.2-21"
E09000025,Newham,2014,life_expectancy_65_male,17.6,ONS life expectancy for local areas of the UK,borough,"life expectancy at age 65, male, years; rolling period 2012 to 2014 assigned to END year; higher_is_better; 95% CI 17.2-18.1"
E09000025,Newham,2014,life_expectancy_birth_female,82.8,ONS life expectancy for local areas of the UK,borough,"life expectancy at birth, female, years; rolling period 2012 to 2014 assigned to END year; higher_is_better; 95% CI 82.3-83.2"
E09000025,Newham,2014,life_expectancy_birth_male,78.2,ONS life expectancy for local areas of the UK,borough,"life expectancy at birth, male, years; rolling period 2012 to 2014 assigned to END year; higher_is_better; 95% CI 77.7-78.6"
E09000025,Newham,2015,life_expectancy_65_female,20.2,ONS life expectancy for local areas of the UK,borough,"life expectancy at age 65, female, years; rolling period 2013 to 2015 assigned to END year; higher_is_better; 95% CI 19.8-20.6"
E09000025,Newham,2015,life_expectancy_65_male,17.8,ONS life expectancy for local areas of the UK,borough,"life expectancy at age 65, male, years; rolling period 2013 to 2015 assigned to END year; higher_is_better; 95% CI 17.4-18.3"
E09000025,Newham,2015,life_expectancy_birth_female,82.2,ONS life expectancy for local areas of the UK,borough,"life expectancy at birth, female, years; rolling period 2013 to 2015 assigned to END year; higher_is_better; 95% CI 81.8-82.7"
E09000025,Newham,2015,life_expectancy_birth_male,78.5,ONS life expectancy for local areas of the UK,borough,"life expectancy at birth, male, years; rolling period 2013 to 2015 assigned to END year; higher_is_better; 95% CI 78-79"
E09000025,Newham,2016,life_expectancy_65_female,20.6,ONS life expectancy for local areas of the UK,borough,"life expectancy at age 65, female, years; rolling period 2014 to 2016 assigned to END year; higher_is_better; 95% CI 20.2-21"
E09000025,Newham,2016,life_expectancy_65_male,17.8,ONS life expectancy for local areas of the UK,borough,"life expectancy at age 65, male, years; rolling period 2014 to 2016 assigned to END year; higher_is_better; 95% CI 17.4-18.2"
E09000025,Newham,2016,life_expectancy_birth_female,82.7,ONS life expectancy for local areas of the UK,borough,"life expectancy at birth, female, years; rolling period 2014 to 2016 assigned to END year; higher_is_better; 95% CI 82.2-83.2"
E09000025,Newham,2016,life_expectancy_birth_male,78.5,ONS life expectancy for local areas of the UK,borough,"life expectancy at birth, male, years; rolling period 2014 to 2016 assigned to END year; higher_is_better; 95% CI 78.1-79"
E09000025,Newham,2017,life_expectancy_65_female,20.4,ONS life expectancy for local areas of the UK,borough,"life expectancy at age 65, female, years; rolling period 2015 to 2017 assigned to END year; higher_is_better; 95% CI 19.9-20.8"
E09000025,Newham,2017,life_expectancy_65_male,17.9,ONS life expectancy for local areas of the UK,borough,"life expectancy at age 65, male, years; rolling period 2015 to 2017 assigned to END year; higher_is_better; 95% CI 17.4-18.3"
E09000025,Newham,2017,life_expectancy_birth_female,82.3,ONS life expectancy for local areas of the UK,borough,"life expectancy at birth, female, years; rolling period 2015 to 2017 assigned to END year; higher_is_better; 95% CI 81.9-82.8"
E09000025,Newham,2017,life_expectancy_birth_male,78.7,ONS life expectancy for local areas of the UK,borough,"life expectancy at birth, male, years; rolling period 2015 to 2017 assigned to END year; higher_is_better; 95% CI 78.3-79.2"
E09000025,Newham,2018,life_expectancy_65_female,20.5,ONS life expectancy for local areas of the UK,borough,"life expectancy at age 65, female, years; rolling period 2016 to 2018 assigned to END year; higher_is_better; 95% CI 20.1-20.9"
E09000025,Newham,2018,life_expectancy_65_male,17.9,ONS life expectancy for local areas of the UK,borough,"life expectancy at age 65, male, years; rolling period 2016 to 2018 assigned to END year; higher_is_better; 95% CI 17.5-18.4"
E09000025,Newham,2018,life_expectancy_birth_female,82.6,ONS life expectancy for local areas of the UK,borough,"life expectancy at birth, female, years; rolling period 2016 to 2018 assigned to END year; higher_is_better; 95% CI 82.1-83.1"
E09000025,Newham,2018,life_expectancy_birth_male,79,ONS life expectancy for local areas of the UK,borough,"life expectancy at birth, male, years; rolling period 2016 to 2018 assigned to END year; higher_is_better; 95% CI 78.5-79.5"
E09000025,Newham,2019,life_expectancy_65_female,20.5,ONS life expectancy for local areas of the UK,borough,"life expectancy at age 65, female, years; rolling period 2017 to 2019 assigned to END year; higher_is_better; 95% CI 20.1-21"
E09000025,Newham,2019,life_expectancy_65_male,17.9,ONS life expectancy for local areas of the UK,borough,"life expectancy at age 65, male, years; rolling period 2017 to 2019 assigned to END year; higher_is_better; 95% CI 17.5-18.4"
E09000025,Newham,2019,life_expectancy_birth_female,82.7,ONS life expectancy for local areas of the UK,borough,"life expectancy at birth, female, years; rolling period 2017 to 2019 assigned to END year; higher_is_better; 95% CI 82.2-83.1"
E09000025,Newham,2019,life_expectancy_birth_male,79,ONS life expectancy for local areas of the UK,borough,"life expectancy at birth, male, years; rolling period 2017 to 2019 assigned to END year; higher_is_better; 95% CI 78.5-79.4"
E09000025,Newham,2020,life_expectancy_65_female,20.1,ONS life expectancy for local areas of the UK,borough,"life expectancy at age 65, female, years; rolling period 2018 to 2020 assigned to END year; higher_is_better; 95% CI 19.7-20.5"
E09000025,Newham,2020,life_expectancy_65_male,16.9,ONS life expectancy for local areas of the UK,borough,"life expectancy at age 65, male, years; rolling period 2018 to 2020 assigned to END year; higher_is_better; 95% CI 16.5-17.3"
E09000025,Newham,2020,life_expectancy_birth_female,82.1,ONS life expectancy for local areas of the UK,borough,"life expectancy at birth, female, years; rolling period 2018 to 2020 assigned to END year; higher_is_better; 95% CI 81.7-82.6"
E09000025,Newham,2020,life_expectancy_birth_male,77.5,ONS life expectancy for local areas of the UK,borough,"life expectancy at birth, male, years; rolling period 2018 to 2020 assigned to END year; higher_is_better; 95% CI 77.1-78"
E09000025,Newham,2021,life_expectancy_65_female,19.8,ONS life expectancy for local areas of the UK,borough,"life expectancy at age 65, female, years; rolling period 2019 to 2021 assigned to END year; higher_is_better; 95% CI 19.4-20.2"
E09000025,Newham,2021,life_expectancy_65_male,16.4,ONS life expectancy for local areas of the UK,borough,"life expectancy at age 65, male, years; rolling period 2019 to 2021 assigned to END year; higher_is_better; 95% CI 16-16.7"
E09000025,Newham,2021,life_expectancy_birth_female,81.7,ONS life expectancy for local areas of the UK,borough,"life expectancy at birth, female, years; rolling period 2019 to 2021 assigned to END year; higher_is_better; 95% CI 81.2-82.1"
E09000025,Newham,2021,life_expectancy_birth_male,76.5,ONS life expectancy for local areas of the UK,borough,"life expectancy at birth, male, years; rolling period 2019 to 2021 assigned to END year; higher_is_better; 95% CI 76-76.9"
E09000025,Newham,2022,life_expectancy_65_female,19.8,ONS life expectancy for local areas of the UK,borough,"life expectancy at age 65, female, years; rolling period 2020 to 2022 assigned to END year; higher_is_better; 95% CI 19.4-20.2"
E09000025,Newham,2022,life_expectancy_65_male,16.4,ONS life expectancy for local areas of the UK,borough,"life expectancy at age 65, male, years; rolling period 2020 to 2022 assigned to END year; higher_is_better; 95% CI 16.1-16.8"
E09000025,Newham,2022,life_expectancy_birth_female,81.6,ONS life expectancy for local areas of the UK,borough,"life expectancy at birth, female, years; rolling period 2020 to 2022 assigned to END year; higher_is_better; 95% CI 81.1-82"
E09000025,Newham,2022,life_expectancy_birth_male,76.5,ONS life expectancy for local areas of the UK,borough,"life expectancy at birth, male, years; rolling period 2020 to 2022 assigned to END year; higher_is_better; 95% CI 76-76.9"
E09000025,Newham,2023,life_expectancy_65_female,20.4,ONS life expectancy for local areas of the UK,borough,"life expectancy at age 65, female, years; rolling period 2021 to 2023 assigned to END year; higher_is_better; 95% CI 20-20.9"
E09000025,Newham,2023,life_expectancy_65_male,17.6,ONS life expectancy for local areas of the UK,borough,"life expectancy at age 65, male, years; rolling period 2021 to 2023 assigned to END year; higher_is_better; 95% CI 17.2-18"
E09000025,Newham,2023,life_expectancy_birth_female,82.4,ONS life expectancy for local areas of the UK,borough,"life expectancy at birth, female, years; rolling period 2021 to 2023 assigned to END year; higher_is_better; 95% CI 82-82.9"
E09000025,Newham,2023,life_expectancy_birth_male,77.8,ONS life expectancy for local areas of the UK,borough,"life expectancy at birth, male, years; rolling period 2021 to 2023 assigned to END year; higher_is_better; 95% CI 77.4-78.3"
E09000025,Newham,2024,life_expectancy_65_female,21.5,ONS life expectancy for local areas of the UK,borough,"life expectancy at age 65, female, years; rolling period 2022 to 2024 assigned to END year; higher_is_better; 95% CI 21-21.9"
E09000025,Newham,2024,life_expectancy_65_male,18.4,ONS life expectancy for local areas of the UK,borough,"life expectancy at age 65, male, years; rolling period 2022 to 2024 assigned to END year; higher_is_better; 95% CI 18-18.9"
E09000025,Newham,2024,life_expectancy_birth_female,83.6,ONS life expectancy for local areas of the UK,borough,"life expectancy at birth, female, years; rolling period 2022 to 2024 assigned to END year; higher_is_better; 95% CI 83.2-84.1"
E09000025,Newham,2024,life_expectancy_birth_male,79.2,ONS life expectancy for local areas of the UK,borough,"life expectancy at birth, male, years; rolling period 2022 to 2024 assigned to END year; higher_is_better; 95% CI 78.7-79.6"
E09000026,Redbridge,2003,life_expectancy_65_female,19.5,ONS life expectancy for local areas of the UK,borough,"life expectancy at age 65, female, years; rolling period 2001 to 2003 assigned to END year; higher_is_better; 95% CI 19.2-19.8"
E09000026,Redbridge,2003,life_expectancy_65_male,16.6,ONS life expectancy for local areas of the UK,borough,"life expectancy at age 65, male, years; rolling period 2001 to 2003 assigned to END year; higher_is_better; 95% CI 16.3-16.9"
E09000026,Redbridge,2003,life_expectancy_birth_female,81,ONS life expectancy for local areas of the UK,borough,"life expectancy at birth, female, years; rolling period 2001 to 2003 assigned to END year; higher_is_better; 95% CI 80.5-81.4"
E09000026,Redbridge,2003,life_expectancy_birth_male,77,ONS life expectancy for local areas of the UK,borough,"life expectancy at birth, male, years; rolling period 2001 to 2003 assigned to END year; higher_is_better; 95% CI 76.5-77.4"
E09000026,Redbridge,2004,life_expectancy_65_female,19.6,ONS life expectancy for local areas of the UK,borough,"life expectancy at age 65, female, years; rolling period 2002 to 2004 assigned to END year; higher_is_better; 95% CI 19.3-19.9"
E09000026,Redbridge,2004,life_expectancy_65_male,16.8,ONS life expectancy for local areas of the UK,borough,"life expectancy at age 65, male, years; rolling period 2002 to 2004 assigned to END year; higher_is_better; 95% CI 16.5-17.2"
E09000026,Redbridge,2004,life_expectancy_birth_female,81.2,ONS life expectancy for local areas of the UK,borough,"life expectancy at birth, female, years; rolling period 2002 to 2004 assigned to END year; higher_is_better; 95% CI 80.8-81.7"
E09000026,Redbridge,2004,life_expectancy_birth_male,77.3,ONS life expectancy for local areas of the UK,borough,"life expectancy at birth, male, years; rolling period 2002 to 2004 assigned to END year; higher_is_better; 95% CI 76.8-77.7"
E09000026,Redbridge,2005,life_expectancy_65_female,19.7,ONS life expectancy for local areas of the UK,borough,"life expectancy at age 65, female, years; rolling period 2003 to 2005 assigned to END year; higher_is_better; 95% CI 19.4-20"
E09000026,Redbridge,2005,life_expectancy_65_male,17,ONS life expectancy for local areas of the UK,borough,"life expectancy at age 65, male, years; rolling period 2003 to 2005 assigned to END year; higher_is_better; 95% CI 16.7-17.3"
E09000026,Redbridge,2005,life_expectancy_birth_female,81.6,ONS life expectancy for local areas of the UK,borough,"life expectancy at birth, female, years; rolling period 2003 to 2005 assigned to END year; higher_is_better; 95% CI 81.2-82"
E09000026,Redbridge,2005,life_expectancy_birth_male,77.4,ONS life expectancy for local areas of the UK,borough,"life expectancy at birth, male, years; rolling period 2003 to 2005 assigned to END year; higher_is_better; 95% CI 77-77.9"
E09000026,Redbridge,2006,life_expectancy_65_female,20.1,ONS life expectancy for local areas of the UK,borough,"life expectancy at age 65, female, years; rolling period 2004 to 2006 assigned to END year; higher_is_better; 95% CI 19.8-20.4"
E09000026,Redbridge,2006,life_expectancy_65_male,17.4,ONS life expectancy for local areas of the UK,borough,"life expectancy at age 65, male, years; rolling period 2004 to 2006 assigned to END year; higher_is_better; 95% CI 17.1-17.7"
E09000026,Redbridge,2006,life_expectancy_birth_female,82.1,ONS life expectancy for local areas of the UK,borough,"life expectancy at birth, female, years; rolling period 2004 to 2006 assigned to END year; higher_is_better; 95% CI 81.7-82.5"
E09000026,Redbridge,2006,life_expectancy_birth_male,77.8,ONS life expectancy for local areas of the UK,borough,"life expectancy at birth, male, years; rolling period 2004 to 2006 assigned to END year; higher_is_better; 95% CI 77.3-78.3"
E09000026,Redbridge,2007,life_expectancy_65_female,20.4,ONS life expectancy for local areas of the UK,borough,"life expectancy at age 65, female, years; rolling period 2005 to 2007 assigned to END year; higher_is_better; 95% CI 20-20.7"
E09000026,Redbridge,2007,life_expectancy_65_male,17.8,ONS life expectancy for local areas of the UK,borough,"life expectancy at age 65, male, years; rolling period 2005 to 2007 assigned to END year; higher_is_better; 95% CI 17.4-18.1"
E09000026,Redbridge,2007,life_expectancy_birth_female,82.3,ONS life expectancy for local areas of the UK,borough,"life expectancy at birth, female, years; rolling period 2005 to 2007 assigned to END year; higher_is_better; 95% CI 81.9-82.8"
E09000026,Redbridge,2007,life_expectancy_birth_male,78.2,ONS life expectancy for local areas of the UK,borough,"life expectancy at birth, male, years; rolling period 2005 to 2007 assigned to END year; higher_is_better; 95% CI 77.7-78.7"
E09000026,Redbridge,2008,life_expectancy_65_female,20.6,ONS life expectancy for local areas of the UK,borough,"life expectancy at age 65, female, years; rolling period 2006 to 2008 assigned to END year; higher_is_better; 95% CI 20.3-20.9"
E09000026,Redbridge,2008,life_expectancy_65_male,18.2,ONS life expectancy for local areas of the UK,borough,"life expectancy at age 65, male, years; rolling period 2006 to 2008 assigned to END year; higher_is_better; 95% CI 17.9-18.6"
E09000026,Redbridge,2008,life_expectancy_birth_female,82.5,ONS life expectancy for local areas of the UK,borough,"life expectancy at birth, female, years; rolling period 2006 to 2008 assigned to END year; higher_is_better; 95% CI 82-82.9"
E09000026,Redbridge,2008,life_expectancy_birth_male,78.7,ONS life expectancy for local areas of the UK,borough,"life expectancy at birth, male, years; rolling period 2006 to 2008 assigned to END year; higher_is_better; 95% CI 78.3-79.2"
E09000026,Redbridge,2009,life_expectancy_65_female,20.8,ONS life expectancy for local areas of the UK,borough,"life expectancy at age 65, female, years; rolling period 2007 to 2009 assigned to END year; higher_is_better; 95% CI 20.5-21.1"
E09000026,Redbridge,2009,life_expectancy_65_male,18.4,ONS life expectancy for local areas of the UK,borough,"life expectancy at age 65, male, years; rolling period 2007 to 2009 assigned to END year; higher_is_better; 95% CI 18.1-18.8"
E09000026,Redbridge,2009,life_expectancy_birth_female,82.8,ONS life expectancy for local areas of the UK,borough,"life expectancy at birth, female, years; rolling period 2007 to 2009 assigned to END year; higher_is_better; 95% CI 82.3-83.2"
E09000026,Redbridge,2009,life_expectancy_birth_male,79.1,ONS life expectancy for local areas of the UK,borough,"life expectancy at birth, male, years; rolling period 2007 to 2009 assigned to END year; higher_is_better; 95% CI 78.6-79.5"
E09000026,Redbridge,2010,life_expectancy_65_female,21,ONS life expectancy for local areas of the UK,borough,"life expectancy at age 65, female, years; rolling period 2008 to 2010 assigned to END year; higher_is_better; 95% CI 20.6-21.3"
E09000026,Redbridge,2010,life_expectancy_65_male,18.5,ONS life expectancy for local areas of the UK,borough,"life expectancy at age 65, male, years; rolling period 2008 to 2010 assigned to END year; higher_is_better; 95% CI 18.2-18.9"
E09000026,Redbridge,2010,life_expectancy_birth_female,83,ONS life expectancy for local areas of the UK,borough,"life expectancy at birth, female, years; rolling period 2008 to 2010 assigned to END year; higher_is_better; 95% CI 82.6-83.4"
E09000026,Redbridge,2010,life_expectancy_birth_male,79.2,ONS life expectancy for local areas of the UK,borough,"life expectancy at birth, male, years; rolling period 2008 to 2010 assigned to END year; higher_is_better; 95% CI 78.7-79.6"
E09000026,Redbridge,2011,life_expectancy_65_female,21.3,ONS life expectancy for local areas of the UK,borough,"life expectancy at age 65, female, years; rolling period 2009 to 2011 assigned to END year; higher_is_better; 95% CI 20.9-21.6"
E09000026,Redbridge,2011,life_expectancy_65_male,18.7,ONS life expectancy for local areas of the UK,borough,"life expectancy at age 65, male, years; rolling period 2009 to 2011 assigned to END year; higher_is_better; 95% CI 18.3-19"
E09000026,Redbridge,2011,life_expectancy_birth_female,83.5,ONS life expectancy for local areas of the UK,borough,"life expectancy at birth, female, years; rolling period 2009 to 2011 assigned to END year; higher_is_better; 95% CI 83-83.9"
E09000026,Redbridge,2011,life_expectancy_birth_male,79.7,ONS life expectancy for local areas of the UK,borough,"life expectancy at birth, male, years; rolling period 2009 to 2011 assigned to END year; higher_is_better; 95% CI 79.3-80.2"
E09000026,Redbridge,2012,life_expectancy_65_female,21.5,ONS life expectancy for local areas of the UK,borough,"life expectancy at age 65, female, years; rolling period 2010 to 2012 assigned to END year; higher_is_better; 95% CI 21.1-21.8"
E09000026,Redbridge,2012,life_expectancy_65_male,18.9,ONS life expectancy for local areas of the UK,borough,"life expectancy at age 65, male, years; rolling period 2010 to 2012 assigned to END year; higher_is_better; 95% CI 18.6-19.3"
E09000026,Redbridge,2012,life_expectancy_birth_female,83.8,ONS life expectancy for local areas of the UK,borough,"life expectancy at birth, female, years; rolling period 2010 to 2012 assigned to END year; higher_is_better; 95% CI 83.4-84.2"
E09000026,Redbridge,2012,life_expectancy_birth_male,80.1,ONS life expectancy for local areas of the UK,borough,"life expectancy at birth, male, years; rolling period 2010 to 2012 assigned to END year; higher_is_better; 95% CI 79.7-80.5"
E09000026,Redbridge,2013,life_expectancy_65_female,21.5,ONS life expectancy for local areas of the UK,borough,"life expectancy at age 65, female, years; rolling period 2011 to 2013 assigned to END year; higher_is_better; 95% CI 21.2-21.9"
E09000026,Redbridge,2013,life_expectancy_65_male,19.1,ONS life expectancy for local areas of the UK,borough,"life expectancy at age 65, male, years; rolling period 2011 to 2013 assigned to END year; higher_is_better; 95% CI 18.8-19.5"
E09000026,Redbridge,2013,life_expectancy_birth_female,84,ONS life expectancy for local areas of the UK,borough,"life expectancy at birth, female, years; rolling period 2011 to 2013 assigned to END year; higher_is_better; 95% CI 83.6-84.5"
E09000026,Redbridge,2013,life_expectancy_birth_male,80.5,ONS life expectancy for local areas of the UK,borough,"life expectancy at birth, male, years; rolling period 2011 to 2013 assigned to END year; higher_is_better; 95% CI 80.1-81"
E09000026,Redbridge,2014,life_expectancy_65_female,21.8,ONS life expectancy for local areas of the UK,borough,"life expectancy at age 65, female, years; rolling period 2012 to 2014 assigned to END year; higher_is_better; 95% CI 21.4-22.1"
E09000026,Redbridge,2014,life_expectancy_65_male,19.4,ONS life expectancy for local areas of the UK,borough,"life expectancy at age 65, male, years; rolling period 2012 to 2014 assigned to END year; higher_is_better; 95% CI 19-19.7"
E09000026,Redbridge,2014,life_expectancy_birth_female,84.4,ONS life expectancy for local areas of the UK,borough,"life expectancy at birth, female, years; rolling period 2012 to 2014 assigned to END year; higher_is_better; 95% CI 84-84.8"
E09000026,Redbridge,2014,life_expectancy_birth_male,80.7,ONS life expectancy for local areas of the UK,borough,"life expectancy at birth, male, years; rolling period 2012 to 2014 assigned to END year; higher_is_better; 95% CI 80.2-81.1"
E09000026,Redbridge,2015,life_expectancy_65_female,21.6,ONS life expectancy for local areas of the UK,borough,"life expectancy at age 65, female, years; rolling period 2013 to 2015 assigned to END year; higher_is_better; 95% CI 21.2-21.9"
E09000026,Redbridge,2015,life_expectancy_65_male,19,ONS life expectancy for local areas of the UK,borough,"life expectancy at age 65, male, years; rolling period 2013 to 2015 assigned to END year; higher_is_better; 95% CI 18.7-19.3"
E09000026,Redbridge,2015,life_expectancy_birth_female,84.2,ONS life expectancy for local areas of the UK,borough,"life expectancy at birth, female, years; rolling period 2013 to 2015 assigned to END year; higher_is_better; 95% CI 83.8-84.6"
E09000026,Redbridge,2015,life_expectancy_birth_male,80.5,ONS life expectancy for local areas of the UK,borough,"life expectancy at birth, male, years; rolling period 2013 to 2015 assigned to END year; higher_is_better; 95% CI 80.1-80.9"
E09000026,Redbridge,2016,life_expectancy_65_female,21.6,ONS life expectancy for local areas of the UK,borough,"life expectancy at age 65, female, years; rolling period 2014 to 2016 assigned to END year; higher_is_better; 95% CI 21.3-22"
E09000026,Redbridge,2016,life_expectancy_65_male,19.1,ONS life expectancy for local areas of the UK,borough,"life expectancy at age 65, male, years; rolling period 2014 to 2016 assigned to END year; higher_is_better; 95% CI 18.8-19.5"
E09000026,Redbridge,2016,life_expectancy_birth_female,84.3,ONS life expectancy for local areas of the UK,borough,"life expectancy at birth, female, years; rolling period 2014 to 2016 assigned to END year; higher_is_better; 95% CI 83.9-84.7"
E09000026,Redbridge,2016,life_expectancy_birth_male,80.8,ONS life expectancy for local areas of the UK,borough,"life expectancy at birth, male, years; rolling period 2014 to 2016 assigned to END year; higher_is_better; 95% CI 80.4-81.2"
E09000026,Redbridge,2017,life_expectancy_65_female,21.7,ONS life expectancy for local areas of the UK,borough,"life expectancy at age 65, female, years; rolling period 2015 to 2017 assigned to END year; higher_is_better; 95% CI 21.4-22"
E09000026,Redbridge,2017,life_expectancy_65_male,19.1,ONS life expectancy for local areas of the UK,borough,"life expectancy at age 65, male, years; rolling period 2015 to 2017 assigned to END year; higher_is_better; 95% CI 18.8-19.5"
E09000026,Redbridge,2017,life_expectancy_birth_female,84.2,ONS life expectancy for local areas of the UK,borough,"life expectancy at birth, female, years; rolling period 2015 to 2017 assigned to END year; higher_is_better; 95% CI 83.8-84.6"
E09000026,Redbridge,2017,life_expectancy_birth_male,80.8,ONS life expectancy for local areas of the UK,borough,"life expectancy at birth, male, years; rolling period 2015 to 2017 assigned to END year; higher_is_better; 95% CI 80.4-81.2"
E09000026,Redbridge,2018,life_expectancy_65_female,22,ONS life expectancy for local areas of the UK,borough,"life expectancy at age 65, female, years; rolling period 2016 to 2018 assigned to END year; higher_is_better; 95% CI 21.6-22.3"
E09000026,Redbridge,2018,life_expectancy_65_male,19.6,ONS life expectancy for local areas of the UK,borough,"life expectancy at age 65, male, years; rolling period 2016 to 2018 assigned to END year; higher_is_better; 95% CI 19.2-20"
E09000026,Redbridge,2018,life_expectancy_birth_female,84.7,ONS life expectancy for local areas of the UK,borough,"life expectancy at birth, female, years; rolling period 2016 to 2018 assigned to END year; higher_is_better; 95% CI 84.2-85.1"
E09000026,Redbridge,2018,life_expectancy_birth_male,81.2,ONS life expectancy for local areas of the UK,borough,"life expectancy at birth, male, years; rolling period 2016 to 2018 assigned to END year; higher_is_better; 95% CI 80.8-81.6"
E09000026,Redbridge,2019,life_expectancy_65_female,22.4,ONS life expectancy for local areas of the UK,borough,"life expectancy at age 65, female, years; rolling period 2017 to 2019 assigned to END year; higher_is_better; 95% CI 22-22.7"
E09000026,Redbridge,2019,life_expectancy_65_male,19.8,ONS life expectancy for local areas of the UK,borough,"life expectancy at age 65, male, years; rolling period 2017 to 2019 assigned to END year; higher_is_better; 95% CI 19.4-20.1"
E09000026,Redbridge,2019,life_expectancy_birth_female,85.1,ONS life expectancy for local areas of the UK,borough,"life expectancy at birth, female, years; rolling period 2017 to 2019 assigned to END year; higher_is_better; 95% CI 84.7-85.5"
E09000026,Redbridge,2019,life_expectancy_birth_male,81.2,ONS life expectancy for local areas of the UK,borough,"life expectancy at birth, male, years; rolling period 2017 to 2019 assigned to END year; higher_is_better; 95% CI 80.8-81.6"
E09000026,Redbridge,2020,life_expectancy_65_female,21.8,ONS life expectancy for local areas of the UK,borough,"life expectancy at age 65, female, years; rolling period 2018 to 2020 assigned to END year; higher_is_better; 95% CI 21.4-22.1"
E09000026,Redbridge,2020,life_expectancy_65_male,18.8,ONS life expectancy for local areas of the UK,borough,"life expectancy at age 65, male, years; rolling period 2018 to 2020 assigned to END year; higher_is_better; 95% CI 18.5-19.1"
E09000026,Redbridge,2020,life_expectancy_birth_female,84.4,ONS life expectancy for local areas of the UK,borough,"life expectancy at birth, female, years; rolling period 2018 to 2020 assigned to END year; higher_is_better; 95% CI 84-84.8"
E09000026,Redbridge,2020,life_expectancy_birth_male,80.1,ONS life expectancy for local areas of the UK,borough,"life expectancy at birth, male, years; rolling period 2018 to 2020 assigned to END year; higher_is_better; 95% CI 79.7-80.5"
E09000026,Redbridge,2021,life_expectancy_65_female,21.4,ONS life expectancy for local areas of the UK,borough,"life expectancy at age 65, female, years; rolling period 2019 to 2021 assigned to END year; higher_is_better; 95% CI 21-21.7"
E09000026,Redbridge,2021,life_expectancy_65_male,18.4,ONS life expectancy for local areas of the UK,borough,"life expectancy at age 65, male, years; rolling period 2019 to 2021 assigned to END year; higher_is_better; 95% CI 18.1-18.7"
E09000026,Redbridge,2021,life_expectancy_birth_female,83.9,ONS life expectancy for local areas of the UK,borough,"life expectancy at birth, female, years; rolling period 2019 to 2021 assigned to END year; higher_is_better; 95% CI 83.5-84.3"
E09000026,Redbridge,2021,life_expectancy_birth_male,79.4,ONS life expectancy for local areas of the UK,borough,"life expectancy at birth, male, years; rolling period 2019 to 2021 assigned to END year; higher_is_better; 95% CI 79-79.8"
E09000026,Redbridge,2022,life_expectancy_65_female,21.1,ONS life expectancy for local areas of the UK,borough,"life expectancy at age 65, female, years; rolling period 2020 to 2022 assigned to END year; higher_is_better; 95% CI 20.8-21.4"
E09000026,Redbridge,2022,life_expectancy_65_male,18.1,ONS life expectancy for local areas of the UK,borough,"life expectancy at age 65, male, years; rolling period 2020 to 2022 assigned to END year; higher_is_better; 95% CI 17.8-18.5"
E09000026,Redbridge,2022,life_expectancy_birth_female,83.5,ONS life expectancy for local areas of the UK,borough,"life expectancy at birth, female, years; rolling period 2020 to 2022 assigned to END year; higher_is_better; 95% CI 83.1-83.9"
E09000026,Redbridge,2022,life_expectancy_birth_male,79,ONS life expectancy for local areas of the UK,borough,"life expectancy at birth, male, years; rolling period 2020 to 2022 assigned to END year; higher_is_better; 95% CI 78.6-79.4"
E09000026,Redbridge,2023,life_expectancy_65_female,21.7,ONS life expectancy for local areas of the UK,borough,"life expectancy at age 65, female, years; rolling period 2021 to 2023 assigned to END year; higher_is_better; 95% CI 21.4-22.1"
E09000026,Redbridge,2023,life_expectancy_65_male,19.2,ONS life expectancy for local areas of the UK,borough,"life expectancy at age 65, male, years; rolling period 2021 to 2023 assigned to END year; higher_is_better; 95% CI 18.8-19.5"
E09000026,Redbridge,2023,life_expectancy_birth_female,84.2,ONS life expectancy for local areas of the UK,borough,"life expectancy at birth, female, years; rolling period 2021 to 2023 assigned to END year; higher_is_better; 95% CI 83.8-84.6"
E09000026,Redbridge,2023,life_expectancy_birth_male,80.1,ONS life expectancy for local areas of the UK,borough,"life expectancy at birth, male, years; rolling period 2021 to 2023 assigned to END year; higher_is_better; 95% CI 79.6-80.5"
E09000026,Redbridge,2024,life_expectancy_65_female,22.4,ONS life expectancy for local areas of the UK,borough,"life expectancy at age 65, female, years; rolling period 2022 to 2024 assigned to END year; higher_is_better; 95% CI 22.1-22.8"
E09000026,Redbridge,2024,life_expectancy_65_male,19.7,ONS life expectancy for local areas of the UK,borough,"life expectancy at age 65, male, years; rolling period 2022 to 2024 assigned to END year; higher_is_better; 95% CI 19.3-20"
E09000026,Redbridge,2024,life_expectancy_birth_female,85,ONS life expectancy for local areas of the UK,borough,"life expectancy at birth, female, years; rolling period 2022 to 2024 assigned to END year; higher_is_better; 95% CI 84.6-85.5"
E09000026,Redbridge,2024,life_expectancy_birth_male,80.9,ONS life expectancy for local areas of the UK,borough,"life expectancy at birth, male, years; rolling period 2022 to 2024 assigned to END year; higher_is_better; 95% CI 80.5-81.3"
E09000027,Richmond upon Thames,2003,life_expectancy_65_female,19.9,ONS life expectancy for local areas of the UK,borough,"life expectancy at age 65, female, years; rolling period 2001 to 2003 assigned to END year; higher_is_better; 95% CI 19.5-20.3"
E09000027,Richmond upon Thames,2003,life_expectancy_65_male,17.3,ONS life expectancy for local areas of the UK,borough,"life expectancy at age 65, male, years; rolling period 2001 to 2003 assigned to END year; higher_is_better; 95% CI 16.8-17.7"
E09000027,Richmond upon Thames,2003,life_expectancy_birth_female,82.3,ONS life expectancy for local areas of the UK,borough,"life expectancy at birth, female, years; rolling period 2001 to 2003 assigned to END year; higher_is_better; 95% CI 81.8-82.7"
E09000027,Richmond upon Thames,2003,life_expectancy_birth_male,78.4,ONS life expectancy for local areas of the UK,borough,"life expectancy at birth, male, years; rolling period 2001 to 2003 assigned to END year; higher_is_better; 95% CI 77.8-78.9"
E09000027,Richmond upon Thames,2004,life_expectancy_65_female,20.2,ONS life expectancy for local areas of the UK,borough,"life expectancy at age 65, female, years; rolling period 2002 to 2004 assigned to END year; higher_is_better; 95% CI 19.9-20.6"
E09000027,Richmond upon Thames,2004,life_expectancy_65_male,17.4,ONS life expectancy for local areas of the UK,borough,"life expectancy at age 65, male, years; rolling period 2002 to 2004 assigned to END year; higher_is_better; 95% CI 17-17.8"
E09000027,Richmond upon Thames,2004,life_expectancy_birth_female,82.4,ONS life expectancy for local areas of the UK,borough,"life expectancy at birth, female, years; rolling period 2002 to 2004 assigned to END year; higher_is_better; 95% CI 81.9-82.9"
E09000027,Richmond upon Thames,2004,life_expectancy_birth_male,78.7,ONS life expectancy for local areas of the UK,borough,"life expectancy at birth, male, years; rolling period 2002 to 2004 assigned to END year; higher_is_better; 95% CI 78.2-79.2"
E09000027,Richmond upon Thames,2005,life_expectancy_65_female,20.6,ONS life expectancy for local areas of the UK,borough,"life expectancy at age 65, female, years; rolling period 2003 to 2005 assigned to END year; higher_is_better; 95% CI 20.2-21"
E09000027,Richmond upon Thames,2005,life_expectancy_65_male,17.7,ONS life expectancy for local areas of the UK,borough,"life expectancy at age 65, male, years; rolling period 2003 to 2005 assigned to END year; higher_is_better; 95% CI 17.3-18.2"
E09000027,Richmond upon Thames,2005,life_expectancy_birth_female,82.7,ONS life expectancy for local areas of the UK,borough,"life expectancy at birth, female, years; rolling period 2003 to 2005 assigned to END year; higher_is_better; 95% CI 82.2-83.2"
E09000027,Richmond upon Thames,2005,life_expectancy_birth_male,79.2,ONS life expectancy for local areas of the UK,borough,"life expectancy at birth, male, years; rolling period 2003 to 2005 assigned to END year; higher_is_better; 95% CI 78.7-79.7"
E09000027,Richmond upon Thames,2006,life_expectancy_65_female,21,ONS life expectancy for local areas of the UK,borough,"life expectancy at age 65, female, years; rolling period 2004 to 2006 assigned to END year; higher_is_better; 95% CI 20.6-21.4"
E09000027,Richmond upon Thames,2006,life_expectancy_65_male,17.9,ONS life expectancy for local areas of the UK,borough,"life expectancy at age 65, male, years; rolling period 2004 to 2006 assigned to END year; higher_is_better; 95% CI 17.5-18.4"
E09000027,Richmond upon Thames,2006,life_expectancy_birth_female,83,ONS life expectancy for local areas of the UK,borough,"life expectancy at birth, female, years; rolling period 2004 to 2006 assigned to END year; higher_is_better; 95% CI 82.5-83.5"
E09000027,Richmond upon Thames,2006,life_expectancy_birth_male,79.5,ONS life expectancy for local areas of the UK,borough,"life expectancy at birth, male, years; rolling period 2004 to 2006 assigned to END year; higher_is_better; 95% CI 79-80"
E09000027,Richmond upon Thames,2007,life_expectancy_65_female,21.4,ONS life expectancy for local areas of the UK,borough,"life expectancy at age 65, female, years; rolling period 2005 to 2007 assigned to END year; higher_is_better; 95% CI 21-21.8"
E09000027,Richmond upon Thames,2007,life_expectancy_65_male,18.3,ONS life expectancy for local areas of the UK,borough,"life expectancy at age 65, male, years; rolling period 2005 to 2007 assigned to END year; higher_is_better; 95% CI 17.9-18.8"
E09000027,Richmond upon Thames,2007,life_expectancy_birth_female,83.6,ONS life expectancy for local areas of the UK,borough,"life expectancy at birth, female, years; rolling period 2005 to 2007 assigned to END year; higher_is_better; 95% CI 83.1-84.1"
E09000027,Richmond upon Thames,2007,life_expectancy_birth_male,80,ONS life expectancy for local areas of the UK,borough,"life expectancy at birth, male, years; rolling period 2005 to 2007 assigned to END year; higher_is_better; 95% CI 79.4-80.5"
E09000027,Richmond upon Thames,2008,life_expectancy_65_female,21.7,ONS life expectancy for local areas of the UK,borough,"life expectancy at age 65, female, years; rolling period 2006 to 2008 assigned to END year; higher_is_better; 95% CI 21.3-22.2"
E09000027,Richmond upon Thames,2008,life_expectancy_65_male,18.5,ONS life expectancy for local areas of the UK,borough,"life expectancy at age 65, male, years; rolling period 2006 to 2008 assigned to END year; higher_is_better; 95% CI 18.1-19"
E09000027,Richmond upon Thames,2008,life_expectancy_birth_female,84,ONS life expectancy for local areas of the UK,borough,"life expectancy at birth, female, years; rolling period 2006 to 2008 assigned to END year; higher_is_better; 95% CI 83.5-84.5"
E09000027,Richmond upon Thames,2008,life_expectancy_birth_male,80.2,ONS life expectancy for local areas of the UK,borough,"life expectancy at birth, male, years; rolling period 2006 to 2008 assigned to END year; higher_is_better; 95% CI 79.7-80.7"
E09000027,Richmond upon Thames,2009,life_expectancy_65_female,22.4,ONS life expectancy for local areas of the UK,borough,"life expectancy at age 65, female, years; rolling period 2007 to 2009 assigned to END year; higher_is_better; 95% CI 22-22.9"
E09000027,Richmond upon Thames,2009,life_expectancy_65_male,19.2,ONS life expectancy for local areas of the UK,borough,"life expectancy at age 65, male, years; rolling period 2007 to 2009 assigned to END year; higher_is_better; 95% CI 18.7-19.6"
E09000027,Richmond upon Thames,2009,life_expectancy_birth_female,84.9,ONS life expectancy for local areas of the UK,borough,"life expectancy at birth, female, years; rolling period 2007 to 2009 assigned to END year; higher_is_better; 95% CI 84.4-85.5"
E09000027,Richmond upon Thames,2009,life_expectancy_birth_male,80.8,ONS life expectancy for local areas of the UK,borough,"life expectancy at birth, male, years; rolling period 2007 to 2009 assigned to END year; higher_is_better; 95% CI 80.2-81.3"
E09000027,Richmond upon Thames,2010,life_expectancy_65_female,22.7,ONS life expectancy for local areas of the UK,borough,"life expectancy at age 65, female, years; rolling period 2008 to 2010 assigned to END year; higher_is_better; 95% CI 22.2-23.1"
E09000027,Richmond upon Thames,2010,life_expectancy_65_male,19.4,ONS life expectancy for local areas of the UK,borough,"life expectancy at age 65, male, years; rolling period 2008 to 2010 assigned to END year; higher_is_better; 95% CI 19-19.8"
E09000027,Richmond upon Thames,2010,life_expectancy_birth_female,85.1,ONS life expectancy for local areas of the UK,borough,"life expectancy at birth, female, years; rolling period 2008 to 2010 assigned to END year; higher_is_better; 95% CI 84.6-85.6"
E09000027,Richmond upon Thames,2010,life_expectancy_birth_male,81.1,ONS life expectancy for local areas of the UK,borough,"life expectancy at birth, male, years; rolling period 2008 to 2010 assigned to END year; higher_is_better; 95% CI 80.5-81.6"
E09000027,Richmond upon Thames,2011,life_expectancy_65_female,22.9,ONS life expectancy for local areas of the UK,borough,"life expectancy at age 65, female, years; rolling period 2009 to 2011 assigned to END year; higher_is_better; 95% CI 22.5-23.4"
E09000027,Richmond upon Thames,2011,life_expectancy_65_male,19.6,ONS life expectancy for local areas of the UK,borough,"life expectancy at age 65, male, years; rolling period 2009 to 2011 assigned to END year; higher_is_better; 95% CI 19.2-20.1"
E09000027,Richmond upon Thames,2011,life_expectancy_birth_female,85.6,ONS life expectancy for local areas of the UK,borough,"life expectancy at birth, female, years; rolling period 2009 to 2011 assigned to END year; higher_is_better; 95% CI 85-86.1"
E09000027,Richmond upon Thames,2011,life_expectancy_birth_male,81.3,ONS life expectancy for local areas of the UK,borough,"life expectancy at birth, male, years; rolling period 2009 to 2011 assigned to END year; higher_is_better; 95% CI 80.8-81.9"
E09000027,Richmond upon Thames,2012,life_expectancy_65_female,22.9,ONS life expectancy for local areas of the UK,borough,"life expectancy at age 65, female, years; rolling period 2010 to 2012 assigned to END year; higher_is_better; 95% CI 22.5-23.4"
E09000027,Richmond upon Thames,2012,life_expectancy_65_male,19.5,ONS life expectancy for local areas of the UK,borough,"life expectancy at age 65, male, years; rolling period 2010 to 2012 assigned to END year; higher_is_better; 95% CI 19-19.9"
E09000027,Richmond upon Thames,2012,life_expectancy_birth_female,85.5,ONS life expectancy for local areas of the UK,borough,"life expectancy at birth, female, years; rolling period 2010 to 2012 assigned to END year; higher_is_better; 95% CI 85-86"
E09000027,Richmond upon Thames,2012,life_expectancy_birth_male,81.5,ONS life expectancy for local areas of the UK,borough,"life expectancy at birth, male, years; rolling period 2010 to 2012 assigned to END year; higher_is_better; 95% CI 81-82"
E09000027,Richmond upon Thames,2013,life_expectancy_65_female,22.8,ONS life expectancy for local areas of the UK,borough,"life expectancy at age 65, female, years; rolling period 2011 to 2013 assigned to END year; higher_is_better; 95% CI 22.4-23.2"
E09000027,Richmond upon Thames,2013,life_expectancy_65_male,19.7,ONS life expectancy for local areas of the UK,borough,"life expectancy at age 65, male, years; rolling period 2011 to 2013 assigned to END year; higher_is_better; 95% CI 19.3-20.2"
E09000027,Richmond upon Thames,2013,life_expectancy_birth_female,85.6,ONS life expectancy for local areas of the UK,borough,"life expectancy at birth, female, years; rolling period 2011 to 2013 assigned to END year; higher_is_better; 95% CI 85-86.1"
E09000027,Richmond upon Thames,2013,life_expectancy_birth_male,81.7,ONS life expectancy for local areas of the UK,borough,"life expectancy at birth, male, years; rolling period 2011 to 2013 assigned to END year; higher_is_better; 95% CI 81.2-82.2"
E09000027,Richmond upon Thames,2014,life_expectancy_65_female,22.9,ONS life expectancy for local areas of the UK,borough,"life expectancy at age 65, female, years; rolling period 2012 to 2014 assigned to END year; higher_is_better; 95% CI 22.5-23.3"
E09000027,Richmond upon Thames,2014,life_expectancy_65_male,20.2,ONS life expectancy for local areas of the UK,borough,"life expectancy at age 65, male, years; rolling period 2012 to 2014 assigned to END year; higher_is_better; 95% CI 19.7-20.6"
E09000027,Richmond upon Thames,2014,life_expectancy_birth_female,85.6,ONS life expectancy for local areas of the UK,borough,"life expectancy at birth, female, years; rolling period 2012 to 2014 assigned to END year; higher_is_better; 95% CI 85.1-86.1"
E09000027,Richmond upon Thames,2014,life_expectancy_birth_male,82.1,ONS life expectancy for local areas of the UK,borough,"life expectancy at birth, male, years; rolling period 2012 to 2014 assigned to END year; higher_is_better; 95% CI 81.6-82.7"
E09000027,Richmond upon Thames,2015,life_expectancy_65_female,22.7,ONS life expectancy for local areas of the UK,borough,"life expectancy at age 65, female, years; rolling period 2013 to 2015 assigned to END year; higher_is_better; 95% CI 22.3-23.2"
E09000027,Richmond upon Thames,2015,life_expectancy_65_male,20.1,ONS life expectancy for local areas of the UK,borough,"life expectancy at age 65, male, years; rolling period 2013 to 2015 assigned to END year; higher_is_better; 95% CI 19.7-20.6"
E09000027,Richmond upon Thames,2015,life_expectancy_birth_female,85.3,ONS life expectancy for local areas of the UK,borough,"life expectancy at birth, female, years; rolling period 2013 to 2015 assigned to END year; higher_is_better; 95% CI 84.8-85.8"
E09000027,Richmond upon Thames,2015,life_expectancy_birth_male,82,ONS life expectancy for local areas of the UK,borough,"life expectancy at birth, male, years; rolling period 2013 to 2015 assigned to END year; higher_is_better; 95% CI 81.4-82.5"
E09000027,Richmond upon Thames,2016,life_expectancy_65_female,23,ONS life expectancy for local areas of the UK,borough,"life expectancy at age 65, female, years; rolling period 2014 to 2016 assigned to END year; higher_is_better; 95% CI 22.6-23.4"
E09000027,Richmond upon Thames,2016,life_expectancy_65_male,20.2,ONS life expectancy for local areas of the UK,borough,"life expectancy at age 65, male, years; rolling period 2014 to 2016 assigned to END year; higher_is_better; 95% CI 19.8-20.7"
E09000027,Richmond upon Thames,2016,life_expectancy_birth_female,85.8,ONS life expectancy for local areas of the UK,borough,"life expectancy at birth, female, years; rolling period 2014 to 2016 assigned to END year; higher_is_better; 95% CI 85.3-86.3"
E09000027,Richmond upon Thames,2016,life_expectancy_birth_male,82.2,ONS life expectancy for local areas of the UK,borough,"life expectancy at birth, male, years; rolling period 2014 to 2016 assigned to END year; higher_is_better; 95% CI 81.6-82.7"
E09000027,Richmond upon Thames,2017,life_expectancy_65_female,22.9,ONS life expectancy for local areas of the UK,borough,"life expectancy at age 65, female, years; rolling period 2015 to 2017 assigned to END year; higher_is_better; 95% CI 22.5-23.3"
E09000027,Richmond upon Thames,2017,life_expectancy_65_male,20.1,ONS life expectancy for local areas of the UK,borough,"life expectancy at age 65, male, years; rolling period 2015 to 2017 assigned to END year; higher_is_better; 95% CI 19.7-20.5"
E09000027,Richmond upon Thames,2017,life_expectancy_birth_female,85.5,ONS life expectancy for local areas of the UK,borough,"life expectancy at birth, female, years; rolling period 2015 to 2017 assigned to END year; higher_is_better; 95% CI 85-86"
E09000027,Richmond upon Thames,2017,life_expectancy_birth_male,82.2,ONS life expectancy for local areas of the UK,borough,"life expectancy at birth, male, years; rolling period 2015 to 2017 assigned to END year; higher_is_better; 95% CI 81.7-82.7"
E09000027,Richmond upon Thames,2018,life_expectancy_65_female,23.3,ONS life expectancy for local areas of the UK,borough,"life expectancy at age 65, female, years; rolling period 2016 to 2018 assigned to END year; higher_is_better; 95% CI 22.9-23.7"
E09000027,Richmond upon Thames,2018,life_expectancy_65_male,20.3,ONS life expectancy for local areas of the UK,borough,"life expectancy at age 65, male, years; rolling period 2016 to 2018 assigned to END year; higher_is_better; 95% CI 19.9-20.7"
E09000027,Richmond upon Thames,2018,life_expectancy_birth_female,86.2,ONS life expectancy for local areas of the UK,borough,"life expectancy at birth, female, years; rolling period 2016 to 2018 assigned to END year; higher_is_better; 95% CI 85.7-86.7"
E09000027,Richmond upon Thames,2018,life_expectancy_birth_male,82.3,ONS life expectancy for local areas of the UK,borough,"life expectancy at birth, male, years; rolling period 2016 to 2018 assigned to END year; higher_is_better; 95% CI 81.8-82.9"
E09000027,Richmond upon Thames,2019,life_expectancy_65_female,23.2,ONS life expectancy for local areas of the UK,borough,"life expectancy at age 65, female, years; rolling period 2017 to 2019 assigned to END year; higher_is_better; 95% CI 22.8-23.6"
E09000027,Richmond upon Thames,2019,life_expectancy_65_male,20.4,ONS life expectancy for local areas of the UK,borough,"life expectancy at age 65, male, years; rolling period 2017 to 2019 assigned to END year; higher_is_better; 95% CI 19.9-20.8"
E09000027,Richmond upon Thames,2019,life_expectancy_birth_female,86,ONS life expectancy for local areas of the UK,borough,"life expectancy at birth, female, years; rolling period 2017 to 2019 assigned to END year; higher_is_better; 95% CI 85.5-86.5"
E09000027,Richmond upon Thames,2019,life_expectancy_birth_male,82.4,ONS life expectancy for local areas of the UK,borough,"life expectancy at birth, male, years; rolling period 2017 to 2019 assigned to END year; higher_is_better; 95% CI 81.9-82.9"
E09000027,Richmond upon Thames,2020,life_expectancy_65_female,23.2,ONS life expectancy for local areas of the UK,borough,"life expectancy at age 65, female, years; rolling period 2018 to 2020 assigned to END year; higher_is_better; 95% CI 22.8-23.6"
E09000027,Richmond upon Thames,2020,life_expectancy_65_male,20.1,ONS life expectancy for local areas of the UK,borough,"life expectancy at age 65, male, years; rolling period 2018 to 2020 assigned to END year; higher_is_better; 95% CI 19.7-20.5"
E09000027,Richmond upon Thames,2020,life_expectancy_birth_female,86.1,ONS life expectancy for local areas of the UK,borough,"life expectancy at birth, female, years; rolling period 2018 to 2020 assigned to END year; higher_is_better; 95% CI 85.6-86.5"
E09000027,Richmond upon Thames,2020,life_expectancy_birth_male,82,ONS life expectancy for local areas of the UK,borough,"life expectancy at birth, male, years; rolling period 2018 to 2020 assigned to END year; higher_is_better; 95% CI 81.5-82.5"
E09000027,Richmond upon Thames,2021,life_expectancy_65_female,23,ONS life expectancy for local areas of the UK,borough,"life expectancy at age 65, female, years; rolling period 2019 to 2021 assigned to END year; higher_is_better; 95% CI 22.6-23.4"
E09000027,Richmond upon Thames,2021,life_expectancy_65_male,20.2,ONS life expectancy for local areas of the UK,borough,"life expectancy at age 65, male, years; rolling period 2019 to 2021 assigned to END year; higher_is_better; 95% CI 19.8-20.6"
E09000027,Richmond upon Thames,2021,life_expectancy_birth_female,85.8,ONS life expectancy for local areas of the UK,borough,"life expectancy at birth, female, years; rolling period 2019 to 2021 assigned to END year; higher_is_better; 95% CI 85.3-86.3"
E09000027,Richmond upon Thames,2021,life_expectancy_birth_male,82.3,ONS life expectancy for local areas of the UK,borough,"life expectancy at birth, male, years; rolling period 2019 to 2021 assigned to END year; higher_is_better; 95% CI 81.8-82.8"
E09000027,Richmond upon Thames,2022,life_expectancy_65_female,22.9,ONS life expectancy for local areas of the UK,borough,"life expectancy at age 65, female, years; rolling period 2020 to 2022 assigned to END year; higher_is_better; 95% CI 22.5-23.2"
E09000027,Richmond upon Thames,2022,life_expectancy_65_male,20.3,ONS life expectancy for local areas of the UK,borough,"life expectancy at age 65, male, years; rolling period 2020 to 2022 assigned to END year; higher_is_better; 95% CI 19.9-20.6"
E09000027,Richmond upon Thames,2022,life_expectancy_birth_female,85.8,ONS life expectancy for local areas of the UK,borough,"life expectancy at birth, female, years; rolling period 2020 to 2022 assigned to END year; higher_is_better; 95% CI 85.4-86.3"
E09000027,Richmond upon Thames,2022,life_expectancy_birth_male,82.4,ONS life expectancy for local areas of the UK,borough,"life expectancy at birth, male, years; rolling period 2020 to 2022 assigned to END year; higher_is_better; 95% CI 81.9-82.8"
E09000027,Richmond upon Thames,2023,life_expectancy_65_female,23.2,ONS life expectancy for local areas of the UK,borough,"life expectancy at age 65, female, years; rolling period 2021 to 2023 assigned to END year; higher_is_better; 95% CI 22.8-23.6"
E09000027,Richmond upon Thames,2023,life_expectancy_65_male,20.5,ONS life expectancy for local areas of the UK,borough,"life expectancy at age 65, male, years; rolling period 2021 to 2023 assigned to END year; higher_is_better; 95% CI 20.1-20.9"
E09000027,Richmond upon Thames,2023,life_expectancy_birth_female,86.3,ONS life expectancy for local areas of the UK,borough,"life expectancy at birth, female, years; rolling period 2021 to 2023 assigned to END year; higher_is_better; 95% CI 85.8-86.7"
E09000027,Richmond upon Thames,2023,life_expectancy_birth_male,82.5,ONS life expectancy for local areas of the UK,borough,"life expectancy at birth, male, years; rolling period 2021 to 2023 assigned to END year; higher_is_better; 95% CI 82-83"
E09000027,Richmond upon Thames,2024,life_expectancy_65_female,23.4,ONS life expectancy for local areas of the UK,borough,"life expectancy at age 65, female, years; rolling period 2022 to 2024 assigned to END year; higher_is_better; 95% CI 23.1-23.8"
E09000027,Richmond upon Thames,2024,life_expectancy_65_male,20.9,ONS life expectancy for local areas of the UK,borough,"life expectancy at age 65, male, years; rolling period 2022 to 2024 assigned to END year; higher_is_better; 95% CI 20.5-21.3"
E09000027,Richmond upon Thames,2024,life_expectancy_birth_female,86.8,ONS life expectancy for local areas of the UK,borough,"life expectancy at birth, female, years; rolling period 2022 to 2024 assigned to END year; higher_is_better; 95% CI 86.4-87.2"
E09000027,Richmond upon Thames,2024,life_expectancy_birth_male,82.7,ONS life expectancy for local areas of the UK,borough,"life expectancy at birth, male, years; rolling period 2022 to 2024 assigned to END year; higher_is_better; 95% CI 82.2-83.2"
E09000028,Southwark,2003,life_expectancy_65_female,19.2,ONS life expectancy for local areas of the UK,borough,"life expectancy at age 65, female, years; rolling period 2001 to 2003 assigned to END year; higher_is_better; 95% CI 18.8-19.6"
E09000028,Southwark,2003,life_expectancy_65_male,15.8,ONS life expectancy for local areas of the UK,borough,"life expectancy at age 65, male, years; rolling period 2001 to 2003 assigned to END year; higher_is_better; 95% CI 15.4-16.1"
E09000028,Southwark,2003,life_expectancy_birth_female,79.9,ONS life expectancy for local areas of the UK,borough,"life expectancy at birth, female, years; rolling period 2001 to 2003 assigned to END year; higher_is_better; 95% CI 79.4-80.4"
E09000028,Southwark,2003,life_expectancy_birth_male,74,ONS life expectancy for local areas of the UK,borough,"life expectancy at birth, male, years; rolling period 2001 to 2003 assigned to END year; higher_is_better; 95% CI 73.4-74.5"
E09000028,Southwark,2004,life_expectancy_65_female,19.3,ONS life expectancy for local areas of the UK,borough,"life expectancy at age 65, female, years; rolling period 2002 to 2004 assigned to END year; higher_is_better; 95% CI 18.9-19.6"
E09000028,Southwark,2004,life_expectancy_65_male,16,ONS life expectancy for local areas of the UK,borough,"life expectancy at age 65, male, years; rolling period 2002 to 2004 assigned to END year; higher_is_better; 95% CI 15.6-16.4"
E09000028,Southwark,2004,life_expectancy_birth_female,80.2,ONS life expectancy for local areas of the UK,borough,"life expectancy at birth, female, years; rolling period 2002 to 2004 assigned to END year; higher_is_better; 95% CI 79.7-80.7"
E09000028,Southwark,2004,life_expectancy_birth_male,74.6,ONS life expectancy for local areas of the UK,borough,"life expectancy at birth, male, years; rolling period 2002 to 2004 assigned to END year; higher_is_better; 95% CI 74.1-75.1"
E09000028,Southwark,2005,life_expectancy_65_female,19.4,ONS life expectancy for local areas of the UK,borough,"life expectancy at age 65, female, years; rolling period 2003 to 2005 assigned to END year; higher_is_better; 95% CI 19.1-19.8"
E09000028,Southwark,2005,life_expectancy_65_male,16.2,ONS life expectancy for local areas of the UK,borough,"life expectancy at age 65, male, years; rolling period 2003 to 2005 assigned to END year; higher_is_better; 95% CI 15.8-16.6"
E09000028,Southwark,2005,life_expectancy_birth_female,80.6,ONS life expectancy for local areas of the UK,borough,"life expectancy at birth, female, years; rolling period 2003 to 2005 assigned to END year; higher_is_better; 95% CI 80.1-81.1"
E09000028,Southwark,2005,life_expectancy_birth_male,75.2,ONS life expectancy for local areas of the UK,borough,"life expectancy at birth, male, years; rolling period 2003 to 2005 assigned to END year; higher_is_better; 95% CI 74.7-75.7"
E09000028,Southwark,2006,life_expectancy_65_female,19.9,ONS life expectancy for local areas of the UK,borough,"life expectancy at age 65, female, years; rolling period 2004 to 2006 assigned to END year; higher_is_better; 95% CI 19.5-20.4"
E09000028,Southwark,2006,life_expectancy_65_male,16.8,ONS life expectancy for local areas of the UK,borough,"life expectancy at age 65, male, years; rolling period 2004 to 2006 assigned to END year; higher_is_better; 95% CI 16.4-17.3"
E09000028,Southwark,2006,life_expectancy_birth_female,81,ONS life expectancy for local areas of the UK,borough,"life expectancy at birth, female, years; rolling period 2004 to 2006 assigned to END year; higher_is_better; 95% CI 80.5-81.6"
E09000028,Southwark,2006,life_expectancy_birth_male,76,ONS life expectancy for local areas of the UK,borough,"life expectancy at birth, male, years; rolling period 2004 to 2006 assigned to END year; higher_is_better; 95% CI 75.5-76.6"
E09000028,Southwark,2007,life_expectancy_65_female,20.2,ONS life expectancy for local areas of the UK,borough,"life expectancy at age 65, female, years; rolling period 2005 to 2007 assigned to END year; higher_is_better; 95% CI 19.8-20.7"
E09000028,Southwark,2007,life_expectancy_65_male,17.2,ONS life expectancy for local areas of the UK,borough,"life expectancy at age 65, male, years; rolling period 2005 to 2007 assigned to END year; higher_is_better; 95% CI 16.7-17.7"
E09000028,Southwark,2007,life_expectancy_birth_female,81.2,ONS life expectancy for local areas of the UK,borough,"life expectancy at birth, female, years; rolling period 2005 to 2007 assigned to END year; higher_is_better; 95% CI 80.7-81.7"
E09000028,Southwark,2007,life_expectancy_birth_male,76.3,ONS life expectancy for local areas of the UK,borough,"life expectancy at birth, male, years; rolling period 2005 to 2007 assigned to END year; higher_is_better; 95% CI 75.7-76.8"
E09000028,Southwark,2008,life_expectancy_65_female,20.5,ONS life expectancy for local areas of the UK,borough,"life expectancy at age 65, female, years; rolling period 2006 to 2008 assigned to END year; higher_is_better; 95% CI 20-20.9"
E09000028,Southwark,2008,life_expectancy_65_male,17.4,ONS life expectancy for local areas of the UK,borough,"life expectancy at age 65, male, years; rolling period 2006 to 2008 assigned to END year; higher_is_better; 95% CI 16.9-17.8"
E09000028,Southwark,2008,life_expectancy_birth_female,81.4,ONS life expectancy for local areas of the UK,borough,"life expectancy at birth, female, years; rolling period 2006 to 2008 assigned to END year; higher_is_better; 95% CI 80.9-81.9"
E09000028,Southwark,2008,life_expectancy_birth_male,76.3,ONS life expectancy for local areas of the UK,borough,"life expectancy at birth, male, years; rolling period 2006 to 2008 assigned to END year; higher_is_better; 95% CI 75.7-76.8"
E09000028,Southwark,2009,life_expectancy_65_female,20.6,ONS life expectancy for local areas of the UK,borough,"life expectancy at age 65, female, years; rolling period 2007 to 2009 assigned to END year; higher_is_better; 95% CI 20.2-21"
E09000028,Southwark,2009,life_expectancy_65_male,17.3,ONS life expectancy for local areas of the UK,borough,"life expectancy at age 65, male, years; rolling period 2007 to 2009 assigned to END year; higher_is_better; 95% CI 16.8-17.8"
E09000028,Southwark,2009,life_expectancy_birth_female,81.6,ONS life expectancy for local areas of the UK,borough,"life expectancy at birth, female, years; rolling period 2007 to 2009 assigned to END year; higher_is_better; 95% CI 81.1-82.1"
E09000028,Southwark,2009,life_expectancy_birth_male,76.6,ONS life expectancy for local areas of the UK,borough,"life expectancy at birth, male, years; rolling period 2007 to 2009 assigned to END year; higher_is_better; 95% CI 76.1-77.2"
E09000028,Southwark,2010,life_expectancy_65_female,20.6,ONS life expectancy for local areas of the UK,borough,"life expectancy at age 65, female, years; rolling period 2008 to 2010 assigned to END year; higher_is_better; 95% CI 20.2-21"
E09000028,Southwark,2010,life_expectancy_65_male,17.1,ONS life expectancy for local areas of the UK,borough,"life expectancy at age 65, male, years; rolling period 2008 to 2010 assigned to END year; higher_is_better; 95% CI 16.6-17.5"
E09000028,Southwark,2010,life_expectancy_birth_female,82,ONS life expectancy for local areas of the UK,borough,"life expectancy at birth, female, years; rolling period 2008 to 2010 assigned to END year; higher_is_better; 95% CI 81.5-82.5"
E09000028,Southwark,2010,life_expectancy_birth_male,76.9,ONS life expectancy for local areas of the UK,borough,"life expectancy at birth, male, years; rolling period 2008 to 2010 assigned to END year; higher_is_better; 95% CI 76.4-77.5"
E09000028,Southwark,2011,life_expectancy_65_female,20.8,ONS life expectancy for local areas of the UK,borough,"life expectancy at age 65, female, years; rolling period 2009 to 2011 assigned to END year; higher_is_better; 95% CI 20.4-21.3"
E09000028,Southwark,2011,life_expectancy_65_male,17.5,ONS life expectancy for local areas of the UK,borough,"life expectancy at age 65, male, years; rolling period 2009 to 2011 assigned to END year; higher_is_better; 95% CI 17.1-18"
E09000028,Southwark,2011,life_expectancy_birth_female,82.3,ONS life expectancy for local areas of the UK,borough,"life expectancy at birth, female, years; rolling period 2009 to 2011 assigned to END year; higher_is_better; 95% CI 81.8-82.9"
E09000028,Southwark,2011,life_expectancy_birth_male,77.6,ONS life expectancy for local areas of the UK,borough,"life expectancy at birth, male, years; rolling period 2009 to 2011 assigned to END year; higher_is_better; 95% CI 77.1-78.1"
E09000028,Southwark,2012,life_expectancy_65_female,21,ONS life expectancy for local areas of the UK,borough,"life expectancy at age 65, female, years; rolling period 2010 to 2012 assigned to END year; higher_is_better; 95% CI 20.6-21.5"
E09000028,Southwark,2012,life_expectancy_65_male,17.8,ONS life expectancy for local areas of the UK,borough,"life expectancy at age 65, male, years; rolling period 2010 to 2012 assigned to END year; higher_is_better; 95% CI 17.3-18.2"
E09000028,Southwark,2012,life_expectancy_birth_female,82.8,ONS life expectancy for local areas of the UK,borough,"life expectancy at birth, female, years; rolling period 2010 to 2012 assigned to END year; higher_is_better; 95% CI 82.2-83.3"
E09000028,Southwark,2012,life_expectancy_birth_male,77.9,ONS life expectancy for local areas of the UK,borough,"life expectancy at birth, male, years; rolling period 2010 to 2012 assigned to END year; higher_is_better; 95% CI 77.4-78.4"
E09000028,Southwark,2013,life_expectancy_65_female,21.5,ONS life expectancy for local areas of the UK,borough,"life expectancy at age 65, female, years; rolling period 2011 to 2013 assigned to END year; higher_is_better; 95% CI 21-22"
E09000028,Southwark,2013,life_expectancy_65_male,17.9,ONS life expectancy for local areas of the UK,borough,"life expectancy at age 65, male, years; rolling period 2011 to 2013 assigned to END year; higher_is_better; 95% CI 17.5-18.4"
E09000028,Southwark,2013,life_expectancy_birth_female,83.4,ONS life expectancy for local areas of the UK,borough,"life expectancy at birth, female, years; rolling period 2011 to 2013 assigned to END year; higher_is_better; 95% CI 82.9-83.9"
E09000028,Southwark,2013,life_expectancy_birth_male,78.3,ONS life expectancy for local areas of the UK,borough,"life expectancy at birth, male, years; rolling period 2011 to 2013 assigned to END year; higher_is_better; 95% CI 77.8-78.8"
E09000028,Southwark,2014,life_expectancy_65_female,21.3,ONS life expectancy for local areas of the UK,borough,"life expectancy at age 65, female, years; rolling period 2012 to 2014 assigned to END year; higher_is_better; 95% CI 20.8-21.7"
E09000028,Southwark,2014,life_expectancy_65_male,18,ONS life expectancy for local areas of the UK,borough,"life expectancy at age 65, male, years; rolling period 2012 to 2014 assigned to END year; higher_is_better; 95% CI 17.6-18.5"
E09000028,Southwark,2014,life_expectancy_birth_female,83.5,ONS life expectancy for local areas of the UK,borough,"life expectancy at birth, female, years; rolling period 2012 to 2014 assigned to END year; higher_is_better; 95% CI 83-84"
E09000028,Southwark,2014,life_expectancy_birth_male,78.6,ONS life expectancy for local areas of the UK,borough,"life expectancy at birth, male, years; rolling period 2012 to 2014 assigned to END year; higher_is_better; 95% CI 78-79.1"
E09000028,Southwark,2015,life_expectancy_65_female,21.1,ONS life expectancy for local areas of the UK,borough,"life expectancy at age 65, female, years; rolling period 2013 to 2015 assigned to END year; higher_is_better; 95% CI 20.6-21.5"
E09000028,Southwark,2015,life_expectancy_65_male,18,ONS life expectancy for local areas of the UK,borough,"life expectancy at age 65, male, years; rolling period 2013 to 2015 assigned to END year; higher_is_better; 95% CI 17.5-18.4"
E09000028,Southwark,2015,life_expectancy_birth_female,83.4,ONS life expectancy for local areas of the UK,borough,"life expectancy at birth, female, years; rolling period 2013 to 2015 assigned to END year; higher_is_better; 95% CI 82.9-83.9"
E09000028,Southwark,2015,life_expectancy_birth_male,78.5,ONS life expectancy for local areas of the UK,borough,"life expectancy at birth, male, years; rolling period 2013 to 2015 assigned to END year; higher_is_better; 95% CI 78-79"
E09000028,Southwark,2016,life_expectancy_65_female,21,ONS life expectancy for local areas of the UK,borough,"life expectancy at age 65, female, years; rolling period 2014 to 2016 assigned to END year; higher_is_better; 95% CI 20.5-21.4"
E09000028,Southwark,2016,life_expectancy_65_male,18,ONS life expectancy for local areas of the UK,borough,"life expectancy at age 65, male, years; rolling period 2014 to 2016 assigned to END year; higher_is_better; 95% CI 17.6-18.4"
E09000028,Southwark,2016,life_expectancy_birth_female,83.4,ONS life expectancy for local areas of the UK,borough,"life expectancy at birth, female, years; rolling period 2014 to 2016 assigned to END year; higher_is_better; 95% CI 82.9-83.9"
E09000028,Southwark,2016,life_expectancy_birth_male,78.5,ONS life expectancy for local areas of the UK,borough,"life expectancy at birth, male, years; rolling period 2014 to 2016 assigned to END year; higher_is_better; 95% CI 78-79"
E09000028,Southwark,2017,life_expectancy_65_female,21.6,ONS life expectancy for local areas of the UK,borough,"life expectancy at age 65, female, years; rolling period 2015 to 2017 assigned to END year; higher_is_better; 95% CI 21.2-22.1"
E09000028,Southwark,2017,life_expectancy_65_male,17.7,ONS life expectancy for local areas of the UK,borough,"life expectancy at age 65, male, years; rolling period 2015 to 2017 assigned to END year; higher_is_better; 95% CI 17.2-18.1"
E09000028,Southwark,2017,life_expectancy_birth_female,83.9,ONS life expectancy for local areas of the UK,borough,"life expectancy at birth, female, years; rolling period 2015 to 2017 assigned to END year; higher_is_better; 95% CI 83.4-84.4"
E09000028,Southwark,2017,life_expectancy_birth_male,78.2,ONS life expectancy for local areas of the UK,borough,"life expectancy at birth, male, years; rolling period 2015 to 2017 assigned to END year; higher_is_better; 95% CI 77.8-78.7"
E09000028,Southwark,2018,life_expectancy_65_female,21.7,ONS life expectancy for local areas of the UK,borough,"life expectancy at age 65, female, years; rolling period 2016 to 2018 assigned to END year; higher_is_better; 95% CI 21.2-22.1"
E09000028,Southwark,2018,life_expectancy_65_male,17.5,ONS life expectancy for local areas of the UK,borough,"life expectancy at age 65, male, years; rolling period 2016 to 2018 assigned to END year; higher_is_better; 95% CI 17.1-17.9"
E09000028,Southwark,2018,life_expectancy_birth_female,84.1,ONS life expectancy for local areas of the UK,borough,"life expectancy at birth, female, years; rolling period 2016 to 2018 assigned to END year; higher_is_better; 95% CI 83.6-84.6"
E09000028,Southwark,2018,life_expectancy_birth_male,78.5,ONS life expectancy for local areas of the UK,borough,"life expectancy at birth, male, years; rolling period 2016 to 2018 assigned to END year; higher_is_better; 95% CI 78-79"
E09000028,Southwark,2019,life_expectancy_65_female,22,ONS life expectancy for local areas of the UK,borough,"life expectancy at age 65, female, years; rolling period 2017 to 2019 assigned to END year; higher_is_better; 95% CI 21.5-22.5"
E09000028,Southwark,2019,life_expectancy_65_male,17.7,ONS life expectancy for local areas of the UK,borough,"life expectancy at age 65, male, years; rolling period 2017 to 2019 assigned to END year; higher_is_better; 95% CI 17.3-18.1"
E09000028,Southwark,2019,life_expectancy_birth_female,84.3,ONS life expectancy for local areas of the UK,borough,"life expectancy at birth, female, years; rolling period 2017 to 2019 assigned to END year; higher_is_better; 95% CI 83.8-84.8"
E09000028,Southwark,2019,life_expectancy_birth_male,78.6,ONS life expectancy for local areas of the UK,borough,"life expectancy at birth, male, years; rolling period 2017 to 2019 assigned to END year; higher_is_better; 95% CI 78.1-79.1"
E09000028,Southwark,2020,life_expectancy_65_female,21.1,ONS life expectancy for local areas of the UK,borough,"life expectancy at age 65, female, years; rolling period 2018 to 2020 assigned to END year; higher_is_better; 95% CI 20.7-21.5"
E09000028,Southwark,2020,life_expectancy_65_male,17.5,ONS life expectancy for local areas of the UK,borough,"life expectancy at age 65, male, years; rolling period 2018 to 2020 assigned to END year; higher_is_better; 95% CI 17.1-17.9"
E09000028,Southwark,2020,life_expectancy_birth_female,83.4,ONS life expectancy for local areas of the UK,borough,"life expectancy at birth, female, years; rolling period 2018 to 2020 assigned to END year; higher_is_better; 95% CI 83-83.9"
E09000028,Southwark,2020,life_expectancy_birth_male,78.5,ONS life expectancy for local areas of the UK,borough,"life expectancy at birth, male, years; rolling period 2018 to 2020 assigned to END year; higher_is_better; 95% CI 78.1-79"
E09000028,Southwark,2021,life_expectancy_65_female,21,ONS life expectancy for local areas of the UK,borough,"life expectancy at age 65, female, years; rolling period 2019 to 2021 assigned to END year; higher_is_better; 95% CI 20.6-21.4"
E09000028,Southwark,2021,life_expectancy_65_male,17.4,ONS life expectancy for local areas of the UK,borough,"life expectancy at age 65, male, years; rolling period 2019 to 2021 assigned to END year; higher_is_better; 95% CI 17-17.8"
E09000028,Southwark,2021,life_expectancy_birth_female,83.2,ONS life expectancy for local areas of the UK,borough,"life expectancy at birth, female, years; rolling period 2019 to 2021 assigned to END year; higher_is_better; 95% CI 82.8-83.7"
E09000028,Southwark,2021,life_expectancy_birth_male,78.2,ONS life expectancy for local areas of the UK,borough,"life expectancy at birth, male, years; rolling period 2019 to 2021 assigned to END year; higher_is_better; 95% CI 77.8-78.7"
E09000028,Southwark,2022,life_expectancy_65_female,20.8,ONS life expectancy for local areas of the UK,borough,"life expectancy at age 65, female, years; rolling period 2020 to 2022 assigned to END year; higher_is_better; 95% CI 20.4-21.2"
E09000028,Southwark,2022,life_expectancy_65_male,17.4,ONS life expectancy for local areas of the UK,borough,"life expectancy at age 65, male, years; rolling period 2020 to 2022 assigned to END year; higher_is_better; 95% CI 17-17.8"
E09000028,Southwark,2022,life_expectancy_birth_female,83.2,ONS life expectancy for local areas of the UK,borough,"life expectancy at birth, female, years; rolling period 2020 to 2022 assigned to END year; higher_is_better; 95% CI 82.8-83.7"
E09000028,Southwark,2022,life_expectancy_birth_male,78.4,ONS life expectancy for local areas of the UK,borough,"life expectancy at birth, male, years; rolling period 2020 to 2022 assigned to END year; higher_is_better; 95% CI 77.9-78.8"
E09000028,Southwark,2023,life_expectancy_65_female,21.2,ONS life expectancy for local areas of the UK,borough,"life expectancy at age 65, female, years; rolling period 2021 to 2023 assigned to END year; higher_is_better; 95% CI 20.8-21.6"
E09000028,Southwark,2023,life_expectancy_65_male,17.9,ONS life expectancy for local areas of the UK,borough,"life expectancy at age 65, male, years; rolling period 2021 to 2023 assigned to END year; higher_is_better; 95% CI 17.5-18.3"
E09000028,Southwark,2023,life_expectancy_birth_female,83.6,ONS life expectancy for local areas of the UK,borough,"life expectancy at birth, female, years; rolling period 2021 to 2023 assigned to END year; higher_is_better; 95% CI 83.1-84"
E09000028,Southwark,2023,life_expectancy_birth_male,78.9,ONS life expectancy for local areas of the UK,borough,"life expectancy at birth, male, years; rolling period 2021 to 2023 assigned to END year; higher_is_better; 95% CI 78.4-79.3"
E09000028,Southwark,2024,life_expectancy_65_female,21.6,ONS life expectancy for local areas of the UK,borough,"life expectancy at age 65, female, years; rolling period 2022 to 2024 assigned to END year; higher_is_better; 95% CI 21.1-22"
E09000028,Southwark,2024,life_expectancy_65_male,18.4,ONS life expectancy for local areas of the UK,borough,"life expectancy at age 65, male, years; rolling period 2022 to 2024 assigned to END year; higher_is_better; 95% CI 18-18.8"
E09000028,Southwark,2024,life_expectancy_birth_female,83.7,ONS life expectancy for local areas of the UK,borough,"life expectancy at birth, female, years; rolling period 2022 to 2024 assigned to END year; higher_is_better; 95% CI 83.2-84.2"
E09000028,Southwark,2024,life_expectancy_birth_male,79.4,ONS life expectancy for local areas of the UK,borough,"life expectancy at birth, male, years; rolling period 2022 to 2024 assigned to END year; higher_is_better; 95% CI 78.9-79.8"
E09000029,Sutton,2003,life_expectancy_65_female,19,ONS life expectancy for local areas of the UK,borough,"life expectancy at age 65, female, years; rolling period 2001 to 2003 assigned to END year; higher_is_better; 95% CI 18.7-19.3"
E09000029,Sutton,2003,life_expectancy_65_male,16.8,ONS life expectancy for local areas of the UK,borough,"life expectancy at age 65, male, years; rolling period 2001 to 2003 assigned to END year; higher_is_better; 95% CI 16.4-17.1"
E09000029,Sutton,2003,life_expectancy_birth_female,80.6,ONS life expectancy for local areas of the UK,borough,"life expectancy at birth, female, years; rolling period 2001 to 2003 assigned to END year; higher_is_better; 95% CI 80.2-81.1"
E09000029,Sutton,2003,life_expectancy_birth_male,77.2,ONS life expectancy for local areas of the UK,borough,"life expectancy at birth, male, years; rolling period 2001 to 2003 assigned to END year; higher_is_better; 95% CI 76.7-77.8"
E09000029,Sutton,2004,life_expectancy_65_female,19.3,ONS life expectancy for local areas of the UK,borough,"life expectancy at age 65, female, years; rolling period 2002 to 2004 assigned to END year; higher_is_better; 95% CI 18.9-19.6"
E09000029,Sutton,2004,life_expectancy_65_male,17.3,ONS life expectancy for local areas of the UK,borough,"life expectancy at age 65, male, years; rolling period 2002 to 2004 assigned to END year; higher_is_better; 95% CI 16.9-17.7"
E09000029,Sutton,2004,life_expectancy_birth_female,81.2,ONS life expectancy for local areas of the UK,borough,"life expectancy at birth, female, years; rolling period 2002 to 2004 assigned to END year; higher_is_better; 95% CI 80.8-81.7"
E09000029,Sutton,2004,life_expectancy_birth_male,78,ONS life expectancy for local areas of the UK,borough,"life expectancy at birth, male, years; rolling period 2002 to 2004 assigned to END year; higher_is_better; 95% CI 77.5-78.5"
E09000029,Sutton,2005,life_expectancy_65_female,19.8,ONS life expectancy for local areas of the UK,borough,"life expectancy at age 65, female, years; rolling period 2003 to 2005 assigned to END year; higher_is_better; 95% CI 19.4-20.1"
E09000029,Sutton,2005,life_expectancy_65_male,17.4,ONS life expectancy for local areas of the UK,borough,"life expectancy at age 65, male, years; rolling period 2003 to 2005 assigned to END year; higher_is_better; 95% CI 17-17.8"
E09000029,Sutton,2005,life_expectancy_birth_female,81.8,ONS life expectancy for local areas of the UK,borough,"life expectancy at birth, female, years; rolling period 2003 to 2005 assigned to END year; higher_is_better; 95% CI 81.4-82.3"
E09000029,Sutton,2005,life_expectancy_birth_male,78,ONS life expectancy for local areas of the UK,borough,"life expectancy at birth, male, years; rolling period 2003 to 2005 assigned to END year; higher_is_better; 95% CI 77.5-78.5"
E09000029,Sutton,2006,life_expectancy_65_female,20.3,ONS life expectancy for local areas of the UK,borough,"life expectancy at age 65, female, years; rolling period 2004 to 2006 assigned to END year; higher_is_better; 95% CI 19.9-20.6"
E09000029,Sutton,2006,life_expectancy_65_male,17.7,ONS life expectancy for local areas of the UK,borough,"life expectancy at age 65, male, years; rolling period 2004 to 2006 assigned to END year; higher_is_better; 95% CI 17.3-18.1"
E09000029,Sutton,2006,life_expectancy_birth_female,82.5,ONS life expectancy for local areas of the UK,borough,"life expectancy at birth, female, years; rolling period 2004 to 2006 assigned to END year; higher_is_better; 95% CI 82.1-83"
E09000029,Sutton,2006,life_expectancy_birth_male,78.5,ONS life expectancy for local areas of the UK,borough,"life expectancy at birth, male, years; rolling period 2004 to 2006 assigned to END year; higher_is_better; 95% CI 78-79"
E09000029,Sutton,2007,life_expectancy_65_female,20.4,ONS life expectancy for local areas of the UK,borough,"life expectancy at age 65, female, years; rolling period 2005 to 2007 assigned to END year; higher_is_better; 95% CI 20.1-20.8"
E09000029,Sutton,2007,life_expectancy_65_male,17.7,ONS life expectancy for local areas of the UK,borough,"life expectancy at age 65, male, years; rolling period 2005 to 2007 assigned to END year; higher_is_better; 95% CI 17.4-18.1"
E09000029,Sutton,2007,life_expectancy_birth_female,82.5,ONS life expectancy for local areas of the UK,borough,"life expectancy at birth, female, years; rolling period 2005 to 2007 assigned to END year; higher_is_better; 95% CI 82-83"
E09000029,Sutton,2007,life_expectancy_birth_male,78.6,ONS life expectancy for local areas of the UK,borough,"life expectancy at birth, male, years; rolling period 2005 to 2007 assigned to END year; higher_is_better; 95% CI 78.1-79.1"
E09000029,Sutton,2008,life_expectancy_65_female,20.3,ONS life expectancy for local areas of the UK,borough,"life expectancy at age 65, female, years; rolling period 2006 to 2008 assigned to END year; higher_is_better; 95% CI 20-20.7"
E09000029,Sutton,2008,life_expectancy_65_male,18,ONS life expectancy for local areas of the UK,borough,"life expectancy at age 65, male, years; rolling period 2006 to 2008 assigned to END year; higher_is_better; 95% CI 17.6-18.4"
E09000029,Sutton,2008,life_expectancy_birth_female,82.5,ONS life expectancy for local areas of the UK,borough,"life expectancy at birth, female, years; rolling period 2006 to 2008 assigned to END year; higher_is_better; 95% CI 82.1-83"
E09000029,Sutton,2008,life_expectancy_birth_male,78.9,ONS life expectancy for local areas of the UK,borough,"life expectancy at birth, male, years; rolling period 2006 to 2008 assigned to END year; higher_is_better; 95% CI 78.3-79.4"
E09000029,Sutton,2009,life_expectancy_65_female,20.5,ONS life expectancy for local areas of the UK,borough,"life expectancy at age 65, female, years; rolling period 2007 to 2009 assigned to END year; higher_is_better; 95% CI 20.2-20.9"
E09000029,Sutton,2009,life_expectancy_65_male,18.2,ONS life expectancy for local areas of the UK,borough,"life expectancy at age 65, male, years; rolling period 2007 to 2009 assigned to END year; higher_is_better; 95% CI 17.8-18.6"
E09000029,Sutton,2009,life_expectancy_birth_female,82.8,ONS life expectancy for local areas of the UK,borough,"life expectancy at birth, female, years; rolling period 2007 to 2009 assigned to END year; higher_is_better; 95% CI 82.4-83.3"
E09000029,Sutton,2009,life_expectancy_birth_male,79.1,ONS life expectancy for local areas of the UK,borough,"life expectancy at birth, male, years; rolling period 2007 to 2009 assigned to END year; higher_is_better; 95% CI 78.6-79.6"
E09000029,Sutton,2010,life_expectancy_65_female,20.8,ONS life expectancy for local areas of the UK,borough,"life expectancy at age 65, female, years; rolling period 2008 to 2010 assigned to END year; higher_is_better; 95% CI 20.4-21.1"
E09000029,Sutton,2010,life_expectancy_65_male,18.5,ONS life expectancy for local areas of the UK,borough,"life expectancy at age 65, male, years; rolling period 2008 to 2010 assigned to END year; higher_is_better; 95% CI 18.1-18.9"
E09000029,Sutton,2010,life_expectancy_birth_female,83.3,ONS life expectancy for local areas of the UK,borough,"life expectancy at birth, female, years; rolling period 2008 to 2010 assigned to END year; higher_is_better; 95% CI 82.9-83.8"
E09000029,Sutton,2010,life_expectancy_birth_male,79.3,ONS life expectancy for local areas of the UK,borough,"life expectancy at birth, male, years; rolling period 2008 to 2010 assigned to END year; higher_is_better; 95% CI 78.7-79.8"
E09000029,Sutton,2011,life_expectancy_65_female,21.4,ONS life expectancy for local areas of the UK,borough,"life expectancy at age 65, female, years; rolling period 2009 to 2011 assigned to END year; higher_is_better; 95% CI 21-21.8"
E09000029,Sutton,2011,life_expectancy_65_male,18.7,ONS life expectancy for local areas of the UK,borough,"life expectancy at age 65, male, years; rolling period 2009 to 2011 assigned to END year; higher_is_better; 95% CI 18.3-19"
E09000029,Sutton,2011,life_expectancy_birth_female,83.8,ONS life expectancy for local areas of the UK,borough,"life expectancy at birth, female, years; rolling period 2009 to 2011 assigned to END year; higher_is_better; 95% CI 83.4-84.3"
E09000029,Sutton,2011,life_expectancy_birth_male,79.7,ONS life expectancy for local areas of the UK,borough,"life expectancy at birth, male, years; rolling period 2009 to 2011 assigned to END year; higher_is_better; 95% CI 79.2-80.2"
E09000029,Sutton,2012,life_expectancy_65_female,21.4,ONS life expectancy for local areas of the UK,borough,"life expectancy at age 65, female, years; rolling period 2010 to 2012 assigned to END year; higher_is_better; 95% CI 21-21.8"
E09000029,Sutton,2012,life_expectancy_65_male,18.9,ONS life expectancy for local areas of the UK,borough,"life expectancy at age 65, male, years; rolling period 2010 to 2012 assigned to END year; higher_is_better; 95% CI 18.5-19.3"
E09000029,Sutton,2012,life_expectancy_birth_female,83.8,ONS life expectancy for local areas of the UK,borough,"life expectancy at birth, female, years; rolling period 2010 to 2012 assigned to END year; higher_is_better; 95% CI 83.3-84.3"
E09000029,Sutton,2012,life_expectancy_birth_male,80.3,ONS life expectancy for local areas of the UK,borough,"life expectancy at birth, male, years; rolling period 2010 to 2012 assigned to END year; higher_is_better; 95% CI 79.8-80.8"
E09000029,Sutton,2013,life_expectancy_65_female,21.4,ONS life expectancy for local areas of the UK,borough,"life expectancy at age 65, female, years; rolling period 2011 to 2013 assigned to END year; higher_is_better; 95% CI 21-21.8"
E09000029,Sutton,2013,life_expectancy_65_male,19.1,ONS life expectancy for local areas of the UK,borough,"life expectancy at age 65, male, years; rolling period 2011 to 2013 assigned to END year; higher_is_better; 95% CI 18.7-19.5"
E09000029,Sutton,2013,life_expectancy_birth_female,83.9,ONS life expectancy for local areas of the UK,borough,"life expectancy at birth, female, years; rolling period 2011 to 2013 assigned to END year; higher_is_better; 95% CI 83.4-84.3"
E09000029,Sutton,2013,life_expectancy_birth_male,80.6,ONS life expectancy for local areas of the UK,borough,"life expectancy at birth, male, years; rolling period 2011 to 2013 assigned to END year; higher_is_better; 95% CI 80.2-81.1"
E09000029,Sutton,2014,life_expectancy_65_female,21,ONS life expectancy for local areas of the UK,borough,"life expectancy at age 65, female, years; rolling period 2012 to 2014 assigned to END year; higher_is_better; 95% CI 20.6-21.3"
E09000029,Sutton,2014,life_expectancy_65_male,19,ONS life expectancy for local areas of the UK,borough,"life expectancy at age 65, male, years; rolling period 2012 to 2014 assigned to END year; higher_is_better; 95% CI 18.7-19.4"
E09000029,Sutton,2014,life_expectancy_birth_female,83.3,ONS life expectancy for local areas of the UK,borough,"life expectancy at birth, female, years; rolling period 2012 to 2014 assigned to END year; higher_is_better; 95% CI 82.9-83.8"
E09000029,Sutton,2014,life_expectancy_birth_male,80.7,ONS life expectancy for local areas of the UK,borough,"life expectancy at birth, male, years; rolling period 2012 to 2014 assigned to END year; higher_is_better; 95% CI 80.2-81.2"
E09000029,Sutton,2015,life_expectancy_65_female,21.3,ONS life expectancy for local areas of the UK,borough,"life expectancy at age 65, female, years; rolling period 2013 to 2015 assigned to END year; higher_is_better; 95% CI 20.9-21.6"
E09000029,Sutton,2015,life_expectancy_65_male,19,ONS life expectancy for local areas of the UK,borough,"life expectancy at age 65, male, years; rolling period 2013 to 2015 assigned to END year; higher_is_better; 95% CI 18.6-19.3"
E09000029,Sutton,2015,life_expectancy_birth_female,83.6,ONS life expectancy for local areas of the UK,borough,"life expectancy at birth, female, years; rolling period 2013 to 2015 assigned to END year; higher_is_better; 95% CI 83.1-84"
E09000029,Sutton,2015,life_expectancy_birth_male,80.7,ONS life expectancy for local areas of the UK,borough,"life expectancy at birth, male, years; rolling period 2013 to 2015 assigned to END year; higher_is_better; 95% CI 80.2-81.2"
E09000029,Sutton,2016,life_expectancy_65_female,21.3,ONS life expectancy for local areas of the UK,borough,"life expectancy at age 65, female, years; rolling period 2014 to 2016 assigned to END year; higher_is_better; 95% CI 20.9-21.6"
E09000029,Sutton,2016,life_expectancy_65_male,19,ONS life expectancy for local areas of the UK,borough,"life expectancy at age 65, male, years; rolling period 2014 to 2016 assigned to END year; higher_is_better; 95% CI 18.6-19.3"
E09000029,Sutton,2016,life_expectancy_birth_female,83.6,ONS life expectancy for local areas of the UK,borough,"life expectancy at birth, female, years; rolling period 2014 to 2016 assigned to END year; higher_is_better; 95% CI 83.1-84"
E09000029,Sutton,2016,life_expectancy_birth_male,80.5,ONS life expectancy for local areas of the UK,borough,"life expectancy at birth, male, years; rolling period 2014 to 2016 assigned to END year; higher_is_better; 95% CI 80-81"
E09000029,Sutton,2017,life_expectancy_65_female,21.8,ONS life expectancy for local areas of the UK,borough,"life expectancy at age 65, female, years; rolling period 2015 to 2017 assigned to END year; higher_is_better; 95% CI 21.4-22.2"
E09000029,Sutton,2017,life_expectancy_65_male,19.2,ONS life expectancy for local areas of the UK,borough,"life expectancy at age 65, male, years; rolling period 2015 to 2017 assigned to END year; higher_is_better; 95% CI 18.9-19.6"
E09000029,Sutton,2017,life_expectancy_birth_female,84.3,ONS life expectancy for local areas of the UK,borough,"life expectancy at birth, female, years; rolling period 2015 to 2017 assigned to END year; higher_is_better; 95% CI 83.8-84.7"
E09000029,Sutton,2017,life_expectancy_birth_male,80.6,ONS life expectancy for local areas of the UK,borough,"life expectancy at birth, male, years; rolling period 2015 to 2017 assigned to END year; higher_is_better; 95% CI 80.1-81.1"
E09000029,Sutton,2018,life_expectancy_65_female,21.6,ONS life expectancy for local areas of the UK,borough,"life expectancy at age 65, female, years; rolling period 2016 to 2018 assigned to END year; higher_is_better; 95% CI 21.2-21.9"
E09000029,Sutton,2018,life_expectancy_65_male,19.2,ONS life expectancy for local areas of the UK,borough,"life expectancy at age 65, male, years; rolling period 2016 to 2018 assigned to END year; higher_is_better; 95% CI 18.8-19.6"
E09000029,Sutton,2018,life_expectancy_birth_female,83.9,ONS life expectancy for local areas of the UK,borough,"life expectancy at birth, female, years; rolling period 2016 to 2018 assigned to END year; higher_is_better; 95% CI 83.5-84.4"
E09000029,Sutton,2018,life_expectancy_birth_male,80.4,ONS life expectancy for local areas of the UK,borough,"life expectancy at birth, male, years; rolling period 2016 to 2018 assigned to END year; higher_is_better; 95% CI 79.9-80.9"
E09000029,Sutton,2019,life_expectancy_65_female,22,ONS life expectancy for local areas of the UK,borough,"life expectancy at age 65, female, years; rolling period 2017 to 2019 assigned to END year; higher_is_better; 95% CI 21.6-22.3"
E09000029,Sutton,2019,life_expectancy_65_male,19.4,ONS life expectancy for local areas of the UK,borough,"life expectancy at age 65, male, years; rolling period 2017 to 2019 assigned to END year; higher_is_better; 95% CI 19-19.7"
E09000029,Sutton,2019,life_expectancy_birth_female,84.4,ONS life expectancy for local areas of the UK,borough,"life expectancy at birth, female, years; rolling period 2017 to 2019 assigned to END year; higher_is_better; 95% CI 83.9-84.8"
E09000029,Sutton,2019,life_expectancy_birth_male,80.7,ONS life expectancy for local areas of the UK,borough,"life expectancy at birth, male, years; rolling period 2017 to 2019 assigned to END year; higher_is_better; 95% CI 80.2-81.2"
E09000029,Sutton,2020,life_expectancy_65_female,21.6,ONS life expectancy for local areas of the UK,borough,"life expectancy at age 65, female, years; rolling period 2018 to 2020 assigned to END year; higher_is_better; 95% CI 21.3-22"
E09000029,Sutton,2020,life_expectancy_65_male,18.9,ONS life expectancy for local areas of the UK,borough,"life expectancy at age 65, male, years; rolling period 2018 to 2020 assigned to END year; higher_is_better; 95% CI 18.6-19.3"
E09000029,Sutton,2020,life_expectancy_birth_female,84,ONS life expectancy for local areas of the UK,borough,"life expectancy at birth, female, years; rolling period 2018 to 2020 assigned to END year; higher_is_better; 95% CI 83.6-84.5"
E09000029,Sutton,2020,life_expectancy_birth_male,80,ONS life expectancy for local areas of the UK,borough,"life expectancy at birth, male, years; rolling period 2018 to 2020 assigned to END year; higher_is_better; 95% CI 79.6-80.5"
E09000029,Sutton,2021,life_expectancy_65_female,21.6,ONS life expectancy for local areas of the UK,borough,"life expectancy at age 65, female, years; rolling period 2019 to 2021 assigned to END year; higher_is_better; 95% CI 21.2-21.9"
E09000029,Sutton,2021,life_expectancy_65_male,18.7,ONS life expectancy for local areas of the UK,borough,"life expectancy at age 65, male, years; rolling period 2019 to 2021 assigned to END year; higher_is_better; 95% CI 18.3-19"
E09000029,Sutton,2021,life_expectancy_birth_female,84.1,ONS life expectancy for local areas of the UK,borough,"life expectancy at birth, female, years; rolling period 2019 to 2021 assigned to END year; higher_is_better; 95% CI 83.6-84.5"
E09000029,Sutton,2021,life_expectancy_birth_male,79.9,ONS life expectancy for local areas of the UK,borough,"life expectancy at birth, male, years; rolling period 2019 to 2021 assigned to END year; higher_is_better; 95% CI 79.4-80.3"
E09000029,Sutton,2022,life_expectancy_65_female,21.6,ONS life expectancy for local areas of the UK,borough,"life expectancy at age 65, female, years; rolling period 2020 to 2022 assigned to END year; higher_is_better; 95% CI 21.2-21.9"
E09000029,Sutton,2022,life_expectancy_65_male,18.6,ONS life expectancy for local areas of the UK,borough,"life expectancy at age 65, male, years; rolling period 2020 to 2022 assigned to END year; higher_is_better; 95% CI 18.3-18.9"
E09000029,Sutton,2022,life_expectancy_birth_female,83.9,ONS life expectancy for local areas of the UK,borough,"life expectancy at birth, female, years; rolling period 2020 to 2022 assigned to END year; higher_is_better; 95% CI 83.5-84.4"
E09000029,Sutton,2022,life_expectancy_birth_male,79.8,ONS life expectancy for local areas of the UK,borough,"life expectancy at birth, male, years; rolling period 2020 to 2022 assigned to END year; higher_is_better; 95% CI 79.3-80.3"
E09000029,Sutton,2023,life_expectancy_65_female,21.8,ONS life expectancy for local areas of the UK,borough,"life expectancy at age 65, female, years; rolling period 2021 to 2023 assigned to END year; higher_is_better; 95% CI 21.4-22.1"
E09000029,Sutton,2023,life_expectancy_65_male,18.9,ONS life expectancy for local areas of the UK,borough,"life expectancy at age 65, male, years; rolling period 2021 to 2023 assigned to END year; higher_is_better; 95% CI 18.5-19.2"
E09000029,Sutton,2023,life_expectancy_birth_female,84,ONS life expectancy for local areas of the UK,borough,"life expectancy at birth, female, years; rolling period 2021 to 2023 assigned to END year; higher_is_better; 95% CI 83.6-84.5"
E09000029,Sutton,2023,life_expectancy_birth_male,80.5,ONS life expectancy for local areas of the UK,borough,"life expectancy at birth, male, years; rolling period 2021 to 2023 assigned to END year; higher_is_better; 95% CI 80-80.9"
E09000029,Sutton,2024,life_expectancy_65_female,22,ONS life expectancy for local areas of the UK,borough,"life expectancy at age 65, female, years; rolling period 2022 to 2024 assigned to END year; higher_is_better; 95% CI 21.7-22.4"
E09000029,Sutton,2024,life_expectancy_65_male,19.4,ONS life expectancy for local areas of the UK,borough,"life expectancy at age 65, male, years; rolling period 2022 to 2024 assigned to END year; higher_is_better; 95% CI 19-19.7"
E09000029,Sutton,2024,life_expectancy_birth_female,84.5,ONS life expectancy for local areas of the UK,borough,"life expectancy at birth, female, years; rolling period 2022 to 2024 assigned to END year; higher_is_better; 95% CI 84-84.9"
E09000029,Sutton,2024,life_expectancy_birth_male,80.9,ONS life expectancy for local areas of the UK,borough,"life expectancy at birth, male, years; rolling period 2022 to 2024 assigned to END year; higher_is_better; 95% CI 80.4-81.4"
E09000030,Tower Hamlets,2003,life_expectancy_65_female,18,ONS life expectancy for local areas of the UK,borough,"life expectancy at age 65, female, years; rolling period 2001 to 2003 assigned to END year; higher_is_better; 95% CI 17.6-18.5"
E09000030,Tower Hamlets,2003,life_expectancy_65_male,14.8,ONS life expectancy for local areas of the UK,borough,"life expectancy at age 65, male, years; rolling period 2001 to 2003 assigned to END year; higher_is_better; 95% CI 14.4-15.2"
E09000030,Tower Hamlets,2003,life_expectancy_birth_female,78.8,ONS life expectancy for local areas of the UK,borough,"life expectancy at birth, female, years; rolling period 2001 to 2003 assigned to END year; higher_is_better; 95% CI 78.2-79.4"
E09000030,Tower Hamlets,2003,life_expectancy_birth_male,72.9,ONS life expectancy for local areas of the UK,borough,"life expectancy at birth, male, years; rolling period 2001 to 2003 assigned to END year; higher_is_better; 95% CI 72.3-73.4"
E09000030,Tower Hamlets,2004,life_expectancy_65_female,18.3,ONS life expectancy for local areas of the UK,borough,"life expectancy at age 65, female, years; rolling period 2002 to 2004 assigned to END year; higher_is_better; 95% CI 17.9-18.8"
E09000030,Tower Hamlets,2004,life_expectancy_65_male,15.3,ONS life expectancy for local areas of the UK,borough,"life expectancy at age 65, male, years; rolling period 2002 to 2004 assigned to END year; higher_is_better; 95% CI 14.8-15.8"
E09000030,Tower Hamlets,2004,life_expectancy_birth_female,79.2,ONS life expectancy for local areas of the UK,borough,"life expectancy at birth, female, years; rolling period 2002 to 2004 assigned to END year; higher_is_better; 95% CI 78.6-79.7"
E09000030,Tower Hamlets,2004,life_expectancy_birth_male,73.7,ONS life expectancy for local areas of the UK,borough,"life expectancy at birth, male, years; rolling period 2002 to 2004 assigned to END year; higher_is_better; 95% CI 73.1-74.3"
E09000030,Tower Hamlets,2005,life_expectancy_65_female,18.6,ONS life expectancy for local areas of the UK,borough,"life expectancy at age 65, female, years; rolling period 2003 to 2005 assigned to END year; higher_is_better; 95% CI 18.2-19.1"
E09000030,Tower Hamlets,2005,life_expectancy_65_male,15.5,ONS life expectancy for local areas of the UK,borough,"life expectancy at age 65, male, years; rolling period 2003 to 2005 assigned to END year; higher_is_better; 95% CI 15-16"
E09000030,Tower Hamlets,2005,life_expectancy_birth_female,79.8,ONS life expectancy for local areas of the UK,borough,"life expectancy at birth, female, years; rolling period 2003 to 2005 assigned to END year; higher_is_better; 95% CI 79.2-80.4"
E09000030,Tower Hamlets,2005,life_expectancy_birth_male,74.6,ONS life expectancy for local areas of the UK,borough,"life expectancy at birth, male, years; rolling period 2003 to 2005 assigned to END year; higher_is_better; 95% CI 74-75.2"
E09000030,Tower Hamlets,2006,life_expectancy_65_female,18.9,ONS life expectancy for local areas of the UK,borough,"life expectancy at age 65, female, years; rolling period 2004 to 2006 assigned to END year; higher_is_better; 95% CI 18.5-19.4"
E09000030,Tower Hamlets,2006,life_expectancy_65_male,15.6,ONS life expectancy for local areas of the UK,borough,"life expectancy at age 65, male, years; rolling period 2004 to 2006 assigned to END year; higher_is_better; 95% CI 15.1-16.1"
E09000030,Tower Hamlets,2006,life_expectancy_birth_female,80.1,ONS life expectancy for local areas of the UK,borough,"life expectancy at birth, female, years; rolling period 2004 to 2006 assigned to END year; higher_is_better; 95% CI 79.5-80.7"
E09000030,Tower Hamlets,2006,life_expectancy_birth_male,74.9,ONS life expectancy for local areas of the UK,borough,"life expectancy at birth, male, years; rolling period 2004 to 2006 assigned to END year; higher_is_better; 95% CI 74.3-75.5"
E09000030,Tower Hamlets,2007,life_expectancy_65_female,18.8,ONS life expectancy for local areas of the UK,borough,"life expectancy at age 65, female, years; rolling period 2005 to 2007 assigned to END year; higher_is_better; 95% CI 18.4-19.3"
E09000030,Tower Hamlets,2007,life_expectancy_65_male,15.7,ONS life expectancy for local areas of the UK,borough,"life expectancy at age 65, male, years; rolling period 2005 to 2007 assigned to END year; higher_is_better; 95% CI 15.2-16.1"
E09000030,Tower Hamlets,2007,life_expectancy_birth_female,80.3,ONS life expectancy for local areas of the UK,borough,"life expectancy at birth, female, years; rolling period 2005 to 2007 assigned to END year; higher_is_better; 95% CI 79.7-80.9"
E09000030,Tower Hamlets,2007,life_expectancy_birth_male,74.9,ONS life expectancy for local areas of the UK,borough,"life expectancy at birth, male, years; rolling period 2005 to 2007 assigned to END year; higher_is_better; 95% CI 74.3-75.5"
E09000030,Tower Hamlets,2008,life_expectancy_65_female,18.7,ONS life expectancy for local areas of the UK,borough,"life expectancy at age 65, female, years; rolling period 2006 to 2008 assigned to END year; higher_is_better; 95% CI 18.2-19.1"
E09000030,Tower Hamlets,2008,life_expectancy_65_male,15.8,ONS life expectancy for local areas of the UK,borough,"life expectancy at age 65, male, years; rolling period 2006 to 2008 assigned to END year; higher_is_better; 95% CI 15.3-16.3"
E09000030,Tower Hamlets,2008,life_expectancy_birth_female,80.3,ONS life expectancy for local areas of the UK,borough,"life expectancy at birth, female, years; rolling period 2006 to 2008 assigned to END year; higher_is_better; 95% CI 79.7-80.8"
E09000030,Tower Hamlets,2008,life_expectancy_birth_male,74.8,ONS life expectancy for local areas of the UK,borough,"life expectancy at birth, male, years; rolling period 2006 to 2008 assigned to END year; higher_is_better; 95% CI 74.2-75.4"
E09000030,Tower Hamlets,2009,life_expectancy_65_female,18.9,ONS life expectancy for local areas of the UK,borough,"life expectancy at age 65, female, years; rolling period 2007 to 2009 assigned to END year; higher_is_better; 95% CI 18.4-19.4"
E09000030,Tower Hamlets,2009,life_expectancy_65_male,16.2,ONS life expectancy for local areas of the UK,borough,"life expectancy at age 65, male, years; rolling period 2007 to 2009 assigned to END year; higher_is_better; 95% CI 15.7-16.8"
E09000030,Tower Hamlets,2009,life_expectancy_birth_female,80.6,ONS life expectancy for local areas of the UK,borough,"life expectancy at birth, female, years; rolling period 2007 to 2009 assigned to END year; higher_is_better; 95% CI 80.1-81.2"
E09000030,Tower Hamlets,2009,life_expectancy_birth_male,75.5,ONS life expectancy for local areas of the UK,borough,"life expectancy at birth, male, years; rolling period 2007 to 2009 assigned to END year; higher_is_better; 95% CI 74.9-76.1"
E09000030,Tower Hamlets,2010,life_expectancy_65_female,19.3,ONS life expectancy for local areas of the UK,borough,"life expectancy at age 65, female, years; rolling period 2008 to 2010 assigned to END year; higher_is_better; 95% CI 18.8-19.8"
E09000030,Tower Hamlets,2010,life_expectancy_65_male,16.4,ONS life expectancy for local areas of the UK,borough,"life expectancy at age 65, male, years; rolling period 2008 to 2010 assigned to END year; higher_is_better; 95% CI 15.9-16.9"
E09000030,Tower Hamlets,2010,life_expectancy_birth_female,81,ONS life expectancy for local areas of the UK,borough,"life expectancy at birth, female, years; rolling period 2008 to 2010 assigned to END year; higher_is_better; 95% CI 80.5-81.6"
E09000030,Tower Hamlets,2010,life_expectancy_birth_male,76,ONS life expectancy for local areas of the UK,borough,"life expectancy at birth, male, years; rolling period 2008 to 2010 assigned to END year; higher_is_better; 95% CI 75.4-76.6"
E09000030,Tower Hamlets,2011,life_expectancy_65_female,19.9,ONS life expectancy for local areas of the UK,borough,"life expectancy at age 65, female, years; rolling period 2009 to 2011 assigned to END year; higher_is_better; 95% CI 19.4-20.4"
E09000030,Tower Hamlets,2011,life_expectancy_65_male,16.8,ONS life expectancy for local areas of the UK,borough,"life expectancy at age 65, male, years; rolling period 2009 to 2011 assigned to END year; higher_is_better; 95% CI 16.3-17.3"
E09000030,Tower Hamlets,2011,life_expectancy_birth_female,81.7,ONS life expectancy for local areas of the UK,borough,"life expectancy at birth, female, years; rolling period 2009 to 2011 assigned to END year; higher_is_better; 95% CI 81.1-82.2"
E09000030,Tower Hamlets,2011,life_expectancy_birth_male,76.6,ONS life expectancy for local areas of the UK,borough,"life expectancy at birth, male, years; rolling period 2009 to 2011 assigned to END year; higher_is_better; 95% CI 76-77.2"
E09000030,Tower Hamlets,2012,life_expectancy_65_female,19.9,ONS life expectancy for local areas of the UK,borough,"life expectancy at age 65, female, years; rolling period 2010 to 2012 assigned to END year; higher_is_better; 95% CI 19.4-20.4"
E09000030,Tower Hamlets,2012,life_expectancy_65_male,16.9,ONS life expectancy for local areas of the UK,borough,"life expectancy at age 65, male, years; rolling period 2010 to 2012 assigned to END year; higher_is_better; 95% CI 16.4-17.4"
E09000030,Tower Hamlets,2012,life_expectancy_birth_female,81.7,ONS life expectancy for local areas of the UK,borough,"life expectancy at birth, female, years; rolling period 2010 to 2012 assigned to END year; higher_is_better; 95% CI 81.1-82.3"
E09000030,Tower Hamlets,2012,life_expectancy_birth_male,76.9,ONS life expectancy for local areas of the UK,borough,"life expectancy at birth, male, years; rolling period 2010 to 2012 assigned to END year; higher_is_better; 95% CI 76.3-77.5"
E09000030,Tower Hamlets,2013,life_expectancy_65_female,20.3,ONS life expectancy for local areas of the UK,borough,"life expectancy at age 65, female, years; rolling period 2011 to 2013 assigned to END year; higher_is_better; 95% CI 19.7-20.8"
E09000030,Tower Hamlets,2013,life_expectancy_65_male,17,ONS life expectancy for local areas of the UK,borough,"life expectancy at age 65, male, years; rolling period 2011 to 2013 assigned to END year; higher_is_better; 95% CI 16.5-17.5"
E09000030,Tower Hamlets,2013,life_expectancy_birth_female,82.2,ONS life expectancy for local areas of the UK,borough,"life expectancy at birth, female, years; rolling period 2011 to 2013 assigned to END year; higher_is_better; 95% CI 81.6-82.8"
E09000030,Tower Hamlets,2013,life_expectancy_birth_male,77.3,ONS life expectancy for local areas of the UK,borough,"life expectancy at birth, male, years; rolling period 2011 to 2013 assigned to END year; higher_is_better; 95% CI 76.7-77.8"
E09000030,Tower Hamlets,2014,life_expectancy_65_female,20,ONS life expectancy for local areas of the UK,borough,"life expectancy at age 65, female, years; rolling period 2012 to 2014 assigned to END year; higher_is_better; 95% CI 19.5-20.6"
E09000030,Tower Hamlets,2014,life_expectancy_65_male,17,ONS life expectancy for local areas of the UK,borough,"life expectancy at age 65, male, years; rolling period 2012 to 2014 assigned to END year; higher_is_better; 95% CI 16.5-17.5"
E09000030,Tower Hamlets,2014,life_expectancy_birth_female,81.9,ONS life expectancy for local areas of the UK,borough,"life expectancy at birth, female, years; rolling period 2012 to 2014 assigned to END year; higher_is_better; 95% CI 81.3-82.5"
E09000030,Tower Hamlets,2014,life_expectancy_birth_male,77.5,ONS life expectancy for local areas of the UK,borough,"life expectancy at birth, male, years; rolling period 2012 to 2014 assigned to END year; higher_is_better; 95% CI 77-78.1"
E09000030,Tower Hamlets,2015,life_expectancy_65_female,19.9,ONS life expectancy for local areas of the UK,borough,"life expectancy at age 65, female, years; rolling period 2013 to 2015 assigned to END year; higher_is_better; 95% CI 19.4-20.4"
E09000030,Tower Hamlets,2015,life_expectancy_65_male,17,ONS life expectancy for local areas of the UK,borough,"life expectancy at age 65, male, years; rolling period 2013 to 2015 assigned to END year; higher_is_better; 95% CI 16.5-17.5"
E09000030,Tower Hamlets,2015,life_expectancy_birth_female,81.9,ONS life expectancy for local areas of the UK,borough,"life expectancy at birth, female, years; rolling period 2013 to 2015 assigned to END year; higher_is_better; 95% CI 81.3-82.4"
E09000030,Tower Hamlets,2015,life_expectancy_birth_male,77.6,ONS life expectancy for local areas of the UK,borough,"life expectancy at birth, male, years; rolling period 2013 to 2015 assigned to END year; higher_is_better; 95% CI 77.1-78.2"
E09000030,Tower Hamlets,2016,life_expectancy_65_female,19.8,ONS life expectancy for local areas of the UK,borough,"life expectancy at age 65, female, years; rolling period 2014 to 2016 assigned to END year; higher_is_better; 95% CI 19.3-20.3"
E09000030,Tower Hamlets,2016,life_expectancy_65_male,16.9,ONS life expectancy for local areas of the UK,borough,"life expectancy at age 65, male, years; rolling period 2014 to 2016 assigned to END year; higher_is_better; 95% CI 16.5-17.4"
E09000030,Tower Hamlets,2016,life_expectancy_birth_female,81.6,ONS life expectancy for local areas of the UK,borough,"life expectancy at birth, female, years; rolling period 2014 to 2016 assigned to END year; higher_is_better; 95% CI 81.1-82.2"
E09000030,Tower Hamlets,2016,life_expectancy_birth_male,77.6,ONS life expectancy for local areas of the UK,borough,"life expectancy at birth, male, years; rolling period 2014 to 2016 assigned to END year; higher_is_better; 95% CI 77.1-78.2"
E09000030,Tower Hamlets,2017,life_expectancy_65_female,20.1,ONS life expectancy for local areas of the UK,borough,"life expectancy at age 65, female, years; rolling period 2015 to 2017 assigned to END year; higher_is_better; 95% CI 19.6-20.6"
E09000030,Tower Hamlets,2017,life_expectancy_65_male,17.1,ONS life expectancy for local areas of the UK,borough,"life expectancy at age 65, male, years; rolling period 2015 to 2017 assigned to END year; higher_is_better; 95% CI 16.7-17.6"
E09000030,Tower Hamlets,2017,life_expectancy_birth_female,82,ONS life expectancy for local areas of the UK,borough,"life expectancy at birth, female, years; rolling period 2015 to 2017 assigned to END year; higher_is_better; 95% CI 81.4-82.6"
E09000030,Tower Hamlets,2017,life_expectancy_birth_male,77.7,ONS life expectancy for local areas of the UK,borough,"life expectancy at birth, male, years; rolling period 2015 to 2017 assigned to END year; higher_is_better; 95% CI 77.2-78.2"
E09000030,Tower Hamlets,2018,life_expectancy_65_female,20.1,ONS life expectancy for local areas of the UK,borough,"life expectancy at age 65, female, years; rolling period 2016 to 2018 assigned to END year; higher_is_better; 95% CI 19.6-20.6"
E09000030,Tower Hamlets,2018,life_expectancy_65_male,17,ONS life expectancy for local areas of the UK,borough,"life expectancy at age 65, male, years; rolling period 2016 to 2018 assigned to END year; higher_is_better; 95% CI 16.6-17.5"
E09000030,Tower Hamlets,2018,life_expectancy_birth_female,82.1,ONS life expectancy for local areas of the UK,borough,"life expectancy at birth, female, years; rolling period 2016 to 2018 assigned to END year; higher_is_better; 95% CI 81.5-82.6"
E09000030,Tower Hamlets,2018,life_expectancy_birth_male,77.8,ONS life expectancy for local areas of the UK,borough,"life expectancy at birth, male, years; rolling period 2016 to 2018 assigned to END year; higher_is_better; 95% CI 77.3-78.3"
E09000030,Tower Hamlets,2019,life_expectancy_65_female,20.2,ONS life expectancy for local areas of the UK,borough,"life expectancy at age 65, female, years; rolling period 2017 to 2019 assigned to END year; higher_is_better; 95% CI 19.7-20.7"
E09000030,Tower Hamlets,2019,life_expectancy_65_male,17.4,ONS life expectancy for local areas of the UK,borough,"life expectancy at age 65, male, years; rolling period 2017 to 2019 assigned to END year; higher_is_better; 95% CI 16.9-17.9"
E09000030,Tower Hamlets,2019,life_expectancy_birth_female,82.3,ONS life expectancy for local areas of the UK,borough,"life expectancy at birth, female, years; rolling period 2017 to 2019 assigned to END year; higher_is_better; 95% CI 81.7-82.8"
E09000030,Tower Hamlets,2019,life_expectancy_birth_male,78.5,ONS life expectancy for local areas of the UK,borough,"life expectancy at birth, male, years; rolling period 2017 to 2019 assigned to END year; higher_is_better; 95% CI 78-79"
E09000030,Tower Hamlets,2020,life_expectancy_65_female,19.7,ONS life expectancy for local areas of the UK,borough,"life expectancy at age 65, female, years; rolling period 2018 to 2020 assigned to END year; higher_is_better; 95% CI 19.2-20.1"
E09000030,Tower Hamlets,2020,life_expectancy_65_male,16.5,ONS life expectancy for local areas of the UK,borough,"life expectancy at age 65, male, years; rolling period 2018 to 2020 assigned to END year; higher_is_better; 95% CI 16-16.9"
E09000030,Tower Hamlets,2020,life_expectancy_birth_female,81.7,ONS life expectancy for local areas of the UK,borough,"life expectancy at birth, female, years; rolling period 2018 to 2020 assigned to END year; higher_is_better; 95% CI 81.2-82.2"
E09000030,Tower Hamlets,2020,life_expectancy_birth_male,77.8,ONS life expectancy for local areas of the UK,borough,"life expectancy at birth, male, years; rolling period 2018 to 2020 assigned to END year; higher_is_better; 95% CI 77.3-78.3"
E09000030,Tower Hamlets,2021,life_expectancy_65_female,19.2,ONS life expectancy for local areas of the UK,borough,"life expectancy at age 65, female, years; rolling period 2019 to 2021 assigned to END year; higher_is_better; 95% CI 18.7-19.6"
E09000030,Tower Hamlets,2021,life_expectancy_65_male,16.3,ONS life expectancy for local areas of the UK,borough,"life expectancy at age 65, male, years; rolling period 2019 to 2021 assigned to END year; higher_is_better; 95% CI 15.9-16.8"
E09000030,Tower Hamlets,2021,life_expectancy_birth_female,81.1,ONS life expectancy for local areas of the UK,borough,"life expectancy at birth, female, years; rolling period 2019 to 2021 assigned to END year; higher_is_better; 95% CI 80.6-81.6"
E09000030,Tower Hamlets,2021,life_expectancy_birth_male,77.6,ONS life expectancy for local areas of the UK,borough,"life expectancy at birth, male, years; rolling period 2019 to 2021 assigned to END year; higher_is_better; 95% CI 77.1-78.1"
E09000030,Tower Hamlets,2022,life_expectancy_65_female,19.2,ONS life expectancy for local areas of the UK,borough,"life expectancy at age 65, female, years; rolling period 2020 to 2022 assigned to END year; higher_is_better; 95% CI 18.8-19.7"
E09000030,Tower Hamlets,2022,life_expectancy_65_male,16,ONS life expectancy for local areas of the UK,borough,"life expectancy at age 65, male, years; rolling period 2020 to 2022 assigned to END year; higher_is_better; 95% CI 15.6-16.4"
E09000030,Tower Hamlets,2022,life_expectancy_birth_female,81.2,ONS life expectancy for local areas of the UK,borough,"life expectancy at birth, female, years; rolling period 2020 to 2022 assigned to END year; higher_is_better; 95% CI 80.7-81.7"
E09000030,Tower Hamlets,2022,life_expectancy_birth_male,77,ONS life expectancy for local areas of the UK,borough,"life expectancy at birth, male, years; rolling period 2020 to 2022 assigned to END year; higher_is_better; 95% CI 76.6-77.5"
E09000030,Tower Hamlets,2023,life_expectancy_65_female,20,ONS life expectancy for local areas of the UK,borough,"life expectancy at age 65, female, years; rolling period 2021 to 2023 assigned to END year; higher_is_better; 95% CI 19.5-20.4"
E09000030,Tower Hamlets,2023,life_expectancy_65_male,16.9,ONS life expectancy for local areas of the UK,borough,"life expectancy at age 65, male, years; rolling period 2021 to 2023 assigned to END year; higher_is_better; 95% CI 16.4-17.3"
E09000030,Tower Hamlets,2023,life_expectancy_birth_female,81.9,ONS life expectancy for local areas of the UK,borough,"life expectancy at birth, female, years; rolling period 2021 to 2023 assigned to END year; higher_is_better; 95% CI 81.4-82.5"
E09000030,Tower Hamlets,2023,life_expectancy_birth_male,77.9,ONS life expectancy for local areas of the UK,borough,"life expectancy at birth, male, years; rolling period 2021 to 2023 assigned to END year; higher_is_better; 95% CI 77.5-78.4"
E09000030,Tower Hamlets,2024,life_expectancy_65_female,20.8,ONS life expectancy for local areas of the UK,borough,"life expectancy at age 65, female, years; rolling period 2022 to 2024 assigned to END year; higher_is_better; 95% CI 20.3-21.3"
E09000030,Tower Hamlets,2024,life_expectancy_65_male,17.5,ONS life expectancy for local areas of the UK,borough,"life expectancy at age 65, male, years; rolling period 2022 to 2024 assigned to END year; higher_is_better; 95% CI 17.1-18"
E09000030,Tower Hamlets,2024,life_expectancy_birth_female,82.9,ONS life expectancy for local areas of the UK,borough,"life expectancy at birth, female, years; rolling period 2022 to 2024 assigned to END year; higher_is_better; 95% CI 82.4-83.5"
E09000030,Tower Hamlets,2024,life_expectancy_birth_male,78.7,ONS life expectancy for local areas of the UK,borough,"life expectancy at birth, male, years; rolling period 2022 to 2024 assigned to END year; higher_is_better; 95% CI 78.2-79.2"
E09000031,Waltham Forest,2003,life_expectancy_65_female,18.6,ONS life expectancy for local areas of the UK,borough,"life expectancy at age 65, female, years; rolling period 2001 to 2003 assigned to END year; higher_is_better; 95% CI 18.3-19"
E09000031,Waltham Forest,2003,life_expectancy_65_male,15.3,ONS life expectancy for local areas of the UK,borough,"life expectancy at age 65, male, years; rolling period 2001 to 2003 assigned to END year; higher_is_better; 95% CI 15-15.7"
E09000031,Waltham Forest,2003,life_expectancy_birth_female,79.6,ONS life expectancy for local areas of the UK,borough,"life expectancy at birth, female, years; rolling period 2001 to 2003 assigned to END year; higher_is_better; 95% CI 79.1-80.1"
E09000031,Waltham Forest,2003,life_expectancy_birth_male,74.7,ONS life expectancy for local areas of the UK,borough,"life expectancy at birth, male, years; rolling period 2001 to 2003 assigned to END year; higher_is_better; 95% CI 74.2-75.2"
E09000031,Waltham Forest,2004,life_expectancy_65_female,19,ONS life expectancy for local areas of the UK,borough,"life expectancy at age 65, female, years; rolling period 2002 to 2004 assigned to END year; higher_is_better; 95% CI 18.6-19.3"
E09000031,Waltham Forest,2004,life_expectancy_65_male,15.7,ONS life expectancy for local areas of the UK,borough,"life expectancy at age 65, male, years; rolling period 2002 to 2004 assigned to END year; higher_is_better; 95% CI 15.3-16"
E09000031,Waltham Forest,2004,life_expectancy_birth_female,80.1,ONS life expectancy for local areas of the UK,borough,"life expectancy at birth, female, years; rolling period 2002 to 2004 assigned to END year; higher_is_better; 95% CI 79.6-80.5"
E09000031,Waltham Forest,2004,life_expectancy_birth_male,75,ONS life expectancy for local areas of the UK,borough,"life expectancy at birth, male, years; rolling period 2002 to 2004 assigned to END year; higher_is_better; 95% CI 74.6-75.5"
E09000031,Waltham Forest,2005,life_expectancy_65_female,19.2,ONS life expectancy for local areas of the UK,borough,"life expectancy at age 65, female, years; rolling period 2003 to 2005 assigned to END year; higher_is_better; 95% CI 18.9-19.6"
E09000031,Waltham Forest,2005,life_expectancy_65_male,16.1,ONS life expectancy for local areas of the UK,borough,"life expectancy at age 65, male, years; rolling period 2003 to 2005 assigned to END year; higher_is_better; 95% CI 15.8-16.4"
E09000031,Waltham Forest,2005,life_expectancy_birth_female,80.5,ONS life expectancy for local areas of the UK,borough,"life expectancy at birth, female, years; rolling period 2003 to 2005 assigned to END year; higher_is_better; 95% CI 80-81"
E09000031,Waltham Forest,2005,life_expectancy_birth_male,75.6,ONS life expectancy for local areas of the UK,borough,"life expectancy at birth, male, years; rolling period 2003 to 2005 assigned to END year; higher_is_better; 95% CI 75.1-76"
E09000031,Waltham Forest,2006,life_expectancy_65_female,19.5,ONS life expectancy for local areas of the UK,borough,"life expectancy at age 65, female, years; rolling period 2004 to 2006 assigned to END year; higher_is_better; 95% CI 19.2-19.9"
E09000031,Waltham Forest,2006,life_expectancy_65_male,16.1,ONS life expectancy for local areas of the UK,borough,"life expectancy at age 65, male, years; rolling period 2004 to 2006 assigned to END year; higher_is_better; 95% CI 15.7-16.4"
E09000031,Waltham Forest,2006,life_expectancy_birth_female,80.9,ONS life expectancy for local areas of the UK,borough,"life expectancy at birth, female, years; rolling period 2004 to 2006 assigned to END year; higher_is_better; 95% CI 80.5-81.4"
E09000031,Waltham Forest,2006,life_expectancy_birth_male,75.5,ONS life expectancy for local areas of the UK,borough,"life expectancy at birth, male, years; rolling period 2004 to 2006 assigned to END year; higher_is_better; 95% CI 75-76"
E09000031,Waltham Forest,2007,life_expectancy_65_female,19.7,ONS life expectancy for local areas of the UK,borough,"life expectancy at age 65, female, years; rolling period 2005 to 2007 assigned to END year; higher_is_better; 95% CI 19.3-20"
E09000031,Waltham Forest,2007,life_expectancy_65_male,16.5,ONS life expectancy for local areas of the UK,borough,"life expectancy at age 65, male, years; rolling period 2005 to 2007 assigned to END year; higher_is_better; 95% CI 16.1-16.8"
E09000031,Waltham Forest,2007,life_expectancy_birth_female,81.2,ONS life expectancy for local areas of the UK,borough,"life expectancy at birth, female, years; rolling period 2005 to 2007 assigned to END year; higher_is_better; 95% CI 80.7-81.7"
E09000031,Waltham Forest,2007,life_expectancy_birth_male,76.3,ONS life expectancy for local areas of the UK,borough,"life expectancy at birth, male, years; rolling period 2005 to 2007 assigned to END year; higher_is_better; 95% CI 75.8-76.7"
E09000031,Waltham Forest,2008,life_expectancy_65_female,20,ONS life expectancy for local areas of the UK,borough,"life expectancy at age 65, female, years; rolling period 2006 to 2008 assigned to END year; higher_is_better; 95% CI 19.6-20.3"
E09000031,Waltham Forest,2008,life_expectancy_65_male,16.9,ONS life expectancy for local areas of the UK,borough,"life expectancy at age 65, male, years; rolling period 2006 to 2008 assigned to END year; higher_is_better; 95% CI 16.5-17.3"
E09000031,Waltham Forest,2008,life_expectancy_birth_female,81.4,ONS life expectancy for local areas of the UK,borough,"life expectancy at birth, female, years; rolling period 2006 to 2008 assigned to END year; higher_is_better; 95% CI 80.9-81.9"
E09000031,Waltham Forest,2008,life_expectancy_birth_male,76.9,ONS life expectancy for local areas of the UK,borough,"life expectancy at birth, male, years; rolling period 2006 to 2008 assigned to END year; higher_is_better; 95% CI 76.4-77.3"
E09000031,Waltham Forest,2009,life_expectancy_65_female,20.1,ONS life expectancy for local areas of the UK,borough,"life expectancy at age 65, female, years; rolling period 2007 to 2009 assigned to END year; higher_is_better; 95% CI 19.7-20.5"
E09000031,Waltham Forest,2009,life_expectancy_65_male,17.4,ONS life expectancy for local areas of the UK,borough,"life expectancy at age 65, male, years; rolling period 2007 to 2009 assigned to END year; higher_is_better; 95% CI 17-17.8"
E09000031,Waltham Forest,2009,life_expectancy_birth_female,81.9,ONS life expectancy for local areas of the UK,borough,"life expectancy at birth, female, years; rolling period 2007 to 2009 assigned to END year; higher_is_better; 95% CI 81.4-82.4"
E09000031,Waltham Forest,2009,life_expectancy_birth_male,77.7,ONS life expectancy for local areas of the UK,borough,"life expectancy at birth, male, years; rolling period 2007 to 2009 assigned to END year; higher_is_better; 95% CI 77.2-78.2"
E09000031,Waltham Forest,2010,life_expectancy_65_female,20.5,ONS life expectancy for local areas of the UK,borough,"life expectancy at age 65, female, years; rolling period 2008 to 2010 assigned to END year; higher_is_better; 95% CI 20.1-20.9"
E09000031,Waltham Forest,2010,life_expectancy_65_male,17.8,ONS life expectancy for local areas of the UK,borough,"life expectancy at age 65, male, years; rolling period 2008 to 2010 assigned to END year; higher_is_better; 95% CI 17.3-18.2"
E09000031,Waltham Forest,2010,life_expectancy_birth_female,82.3,ONS life expectancy for local areas of the UK,borough,"life expectancy at birth, female, years; rolling period 2008 to 2010 assigned to END year; higher_is_better; 95% CI 81.8-82.8"
E09000031,Waltham Forest,2010,life_expectancy_birth_male,78.1,ONS life expectancy for local areas of the UK,borough,"life expectancy at birth, male, years; rolling period 2008 to 2010 assigned to END year; higher_is_better; 95% CI 77.6-78.6"
E09000031,Waltham Forest,2011,life_expectancy_65_female,20.9,ONS life expectancy for local areas of the UK,borough,"life expectancy at age 65, female, years; rolling period 2009 to 2011 assigned to END year; higher_is_better; 95% CI 20.5-21.3"
E09000031,Waltham Forest,2011,life_expectancy_65_male,18.2,ONS life expectancy for local areas of the UK,borough,"life expectancy at age 65, male, years; rolling period 2009 to 2011 assigned to END year; higher_is_better; 95% CI 17.8-18.7"
E09000031,Waltham Forest,2011,life_expectancy_birth_female,82.8,ONS life expectancy for local areas of the UK,borough,"life expectancy at birth, female, years; rolling period 2009 to 2011 assigned to END year; higher_is_better; 95% CI 82.3-83.3"
E09000031,Waltham Forest,2011,life_expectancy_birth_male,78.9,ONS life expectancy for local areas of the UK,borough,"life expectancy at birth, male, years; rolling period 2009 to 2011 assigned to END year; higher_is_better; 95% CI 78.4-79.4"
E09000031,Waltham Forest,2012,life_expectancy_65_female,21.2,ONS life expectancy for local areas of the UK,borough,"life expectancy at age 65, female, years; rolling period 2010 to 2012 assigned to END year; higher_is_better; 95% CI 20.8-21.6"
E09000031,Waltham Forest,2012,life_expectancy_65_male,18.5,ONS life expectancy for local areas of the UK,borough,"life expectancy at age 65, male, years; rolling period 2010 to 2012 assigned to END year; higher_is_better; 95% CI 18.1-18.9"
E09000031,Waltham Forest,2012,life_expectancy_birth_female,83.1,ONS life expectancy for local areas of the UK,borough,"life expectancy at birth, female, years; rolling period 2010 to 2012 assigned to END year; higher_is_better; 95% CI 82.6-83.6"
E09000031,Waltham Forest,2012,life_expectancy_birth_male,79.1,ONS life expectancy for local areas of the UK,borough,"life expectancy at birth, male, years; rolling period 2010 to 2012 assigned to END year; higher_is_better; 95% CI 78.6-79.6"
E09000031,Waltham Forest,2013,life_expectancy_65_female,21.4,ONS life expectancy for local areas of the UK,borough,"life expectancy at age 65, female, years; rolling period 2011 to 2013 assigned to END year; higher_is_better; 95% CI 21-21.8"
E09000031,Waltham Forest,2013,life_expectancy_65_male,18.9,ONS life expectancy for local areas of the UK,borough,"life expectancy at age 65, male, years; rolling period 2011 to 2013 assigned to END year; higher_is_better; 95% CI 18.5-19.3"
E09000031,Waltham Forest,2013,life_expectancy_birth_female,83.4,ONS life expectancy for local areas of the UK,borough,"life expectancy at birth, female, years; rolling period 2011 to 2013 assigned to END year; higher_is_better; 95% CI 82.9-83.9"
E09000031,Waltham Forest,2013,life_expectancy_birth_male,79.5,ONS life expectancy for local areas of the UK,borough,"life expectancy at birth, male, years; rolling period 2011 to 2013 assigned to END year; higher_is_better; 95% CI 79.1-80"
E09000031,Waltham Forest,2014,life_expectancy_65_female,21.5,ONS life expectancy for local areas of the UK,borough,"life expectancy at age 65, female, years; rolling period 2012 to 2014 assigned to END year; higher_is_better; 95% CI 21-21.9"
E09000031,Waltham Forest,2014,life_expectancy_65_male,18.5,ONS life expectancy for local areas of the UK,borough,"life expectancy at age 65, male, years; rolling period 2012 to 2014 assigned to END year; higher_is_better; 95% CI 18.1-18.9"
E09000031,Waltham Forest,2014,life_expectancy_birth_female,83.5,ONS life expectancy for local areas of the UK,borough,"life expectancy at birth, female, years; rolling period 2012 to 2014 assigned to END year; higher_is_better; 95% CI 83-84"
E09000031,Waltham Forest,2014,life_expectancy_birth_male,79.1,ONS life expectancy for local areas of the UK,borough,"life expectancy at birth, male, years; rolling period 2012 to 2014 assigned to END year; higher_is_better; 95% CI 78.6-79.6"
E09000031,Waltham Forest,2015,life_expectancy_65_female,21.3,ONS life expectancy for local areas of the UK,borough,"life expectancy at age 65, female, years; rolling period 2013 to 2015 assigned to END year; higher_is_better; 95% CI 20.9-21.7"
E09000031,Waltham Forest,2015,life_expectancy_65_male,18.4,ONS life expectancy for local areas of the UK,borough,"life expectancy at age 65, male, years; rolling period 2013 to 2015 assigned to END year; higher_is_better; 95% CI 18-18.8"
E09000031,Waltham Forest,2015,life_expectancy_birth_female,83.5,ONS life expectancy for local areas of the UK,borough,"life expectancy at birth, female, years; rolling period 2013 to 2015 assigned to END year; higher_is_better; 95% CI 83-84"
E09000031,Waltham Forest,2015,life_expectancy_birth_male,79.2,ONS life expectancy for local areas of the UK,borough,"life expectancy at birth, male, years; rolling period 2013 to 2015 assigned to END year; higher_is_better; 95% CI 78.7-79.6"
E09000031,Waltham Forest,2016,life_expectancy_65_female,21.3,ONS life expectancy for local areas of the UK,borough,"life expectancy at age 65, female, years; rolling period 2014 to 2016 assigned to END year; higher_is_better; 95% CI 20.9-21.7"
E09000031,Waltham Forest,2016,life_expectancy_65_male,18.4,ONS life expectancy for local areas of the UK,borough,"life expectancy at age 65, male, years; rolling period 2014 to 2016 assigned to END year; higher_is_better; 95% CI 18-18.8"
E09000031,Waltham Forest,2016,life_expectancy_birth_female,83.6,ONS life expectancy for local areas of the UK,borough,"life expectancy at birth, female, years; rolling period 2014 to 2016 assigned to END year; higher_is_better; 95% CI 83.1-84.1"
E09000031,Waltham Forest,2016,life_expectancy_birth_male,79.1,ONS life expectancy for local areas of the UK,borough,"life expectancy at birth, male, years; rolling period 2014 to 2016 assigned to END year; higher_is_better; 95% CI 78.6-79.6"
E09000031,Waltham Forest,2017,life_expectancy_65_female,21.2,ONS life expectancy for local areas of the UK,borough,"life expectancy at age 65, female, years; rolling period 2015 to 2017 assigned to END year; higher_is_better; 95% CI 20.8-21.6"
E09000031,Waltham Forest,2017,life_expectancy_65_male,18.7,ONS life expectancy for local areas of the UK,borough,"life expectancy at age 65, male, years; rolling period 2015 to 2017 assigned to END year; higher_is_better; 95% CI 18.3-19.1"
E09000031,Waltham Forest,2017,life_expectancy_birth_female,83.7,ONS life expectancy for local areas of the UK,borough,"life expectancy at birth, female, years; rolling period 2015 to 2017 assigned to END year; higher_is_better; 95% CI 83.2-84.2"
E09000031,Waltham Forest,2017,life_expectancy_birth_male,79.7,ONS life expectancy for local areas of the UK,borough,"life expectancy at birth, male, years; rolling period 2015 to 2017 assigned to END year; higher_is_better; 95% CI 79.2-80.1"
E09000031,Waltham Forest,2018,life_expectancy_65_female,21.6,ONS life expectancy for local areas of the UK,borough,"life expectancy at age 65, female, years; rolling period 2016 to 2018 assigned to END year; higher_is_better; 95% CI 21.2-22"
E09000031,Waltham Forest,2018,life_expectancy_65_male,19,ONS life expectancy for local areas of the UK,borough,"life expectancy at age 65, male, years; rolling period 2016 to 2018 assigned to END year; higher_is_better; 95% CI 18.6-19.4"
E09000031,Waltham Forest,2018,life_expectancy_birth_female,83.9,ONS life expectancy for local areas of the UK,borough,"life expectancy at birth, female, years; rolling period 2016 to 2018 assigned to END year; higher_is_better; 95% CI 83.5-84.4"
E09000031,Waltham Forest,2018,life_expectancy_birth_male,80.1,ONS life expectancy for local areas of the UK,borough,"life expectancy at birth, male, years; rolling period 2016 to 2018 assigned to END year; higher_is_better; 95% CI 79.6-80.5"
E09000031,Waltham Forest,2019,life_expectancy_65_female,21.7,ONS life expectancy for local areas of the UK,borough,"life expectancy at age 65, female, years; rolling period 2017 to 2019 assigned to END year; higher_is_better; 95% CI 21.3-22.1"
E09000031,Waltham Forest,2019,life_expectancy_65_male,19,ONS life expectancy for local areas of the UK,borough,"life expectancy at age 65, male, years; rolling period 2017 to 2019 assigned to END year; higher_is_better; 95% CI 18.6-19.4"
E09000031,Waltham Forest,2019,life_expectancy_birth_female,84.3,ONS life expectancy for local areas of the UK,borough,"life expectancy at birth, female, years; rolling period 2017 to 2019 assigned to END year; higher_is_better; 95% CI 83.8-84.7"
E09000031,Waltham Forest,2019,life_expectancy_birth_male,80.1,ONS life expectancy for local areas of the UK,borough,"life expectancy at birth, male, years; rolling period 2017 to 2019 assigned to END year; higher_is_better; 95% CI 79.6-80.6"
E09000031,Waltham Forest,2020,life_expectancy_65_female,21.3,ONS life expectancy for local areas of the UK,borough,"life expectancy at age 65, female, years; rolling period 2018 to 2020 assigned to END year; higher_is_better; 95% CI 20.9-21.7"
E09000031,Waltham Forest,2020,life_expectancy_65_male,18.2,ONS life expectancy for local areas of the UK,borough,"life expectancy at age 65, male, years; rolling period 2018 to 2020 assigned to END year; higher_is_better; 95% CI 17.8-18.5"
E09000031,Waltham Forest,2020,life_expectancy_birth_female,83.7,ONS life expectancy for local areas of the UK,borough,"life expectancy at birth, female, years; rolling period 2018 to 2020 assigned to END year; higher_is_better; 95% CI 83.2-84.1"
E09000031,Waltham Forest,2020,life_expectancy_birth_male,79.1,ONS life expectancy for local areas of the UK,borough,"life expectancy at birth, male, years; rolling period 2018 to 2020 assigned to END year; higher_is_better; 95% CI 78.7-79.6"
E09000031,Waltham Forest,2021,life_expectancy_65_female,21.1,ONS life expectancy for local areas of the UK,borough,"life expectancy at age 65, female, years; rolling period 2019 to 2021 assigned to END year; higher_is_better; 95% CI 20.7-21.5"
E09000031,Waltham Forest,2021,life_expectancy_65_male,17.7,ONS life expectancy for local areas of the UK,borough,"life expectancy at age 65, male, years; rolling period 2019 to 2021 assigned to END year; higher_is_better; 95% CI 17.3-18.1"
E09000031,Waltham Forest,2021,life_expectancy_birth_female,83.4,ONS life expectancy for local areas of the UK,borough,"life expectancy at birth, female, years; rolling period 2019 to 2021 assigned to END year; higher_is_better; 95% CI 83-83.9"
E09000031,Waltham Forest,2021,life_expectancy_birth_male,78.6,ONS life expectancy for local areas of the UK,borough,"life expectancy at birth, male, years; rolling period 2019 to 2021 assigned to END year; higher_is_better; 95% CI 78.2-79.1"
E09000031,Waltham Forest,2022,life_expectancy_65_female,20.9,ONS life expectancy for local areas of the UK,borough,"life expectancy at age 65, female, years; rolling period 2020 to 2022 assigned to END year; higher_is_better; 95% CI 20.6-21.3"
E09000031,Waltham Forest,2022,life_expectancy_65_male,17.7,ONS life expectancy for local areas of the UK,borough,"life expectancy at age 65, male, years; rolling period 2020 to 2022 assigned to END year; higher_is_better; 95% CI 17.3-18.1"
E09000031,Waltham Forest,2022,life_expectancy_birth_female,83,ONS life expectancy for local areas of the UK,borough,"life expectancy at birth, female, years; rolling period 2020 to 2022 assigned to END year; higher_is_better; 95% CI 82.6-83.4"
E09000031,Waltham Forest,2022,life_expectancy_birth_male,78.5,ONS life expectancy for local areas of the UK,borough,"life expectancy at birth, male, years; rolling period 2020 to 2022 assigned to END year; higher_is_better; 95% CI 78-78.9"
E09000031,Waltham Forest,2023,life_expectancy_65_female,21.4,ONS life expectancy for local areas of the UK,borough,"life expectancy at age 65, female, years; rolling period 2021 to 2023 assigned to END year; higher_is_better; 95% CI 21-21.7"
E09000031,Waltham Forest,2023,life_expectancy_65_male,18.4,ONS life expectancy for local areas of the UK,borough,"life expectancy at age 65, male, years; rolling period 2021 to 2023 assigned to END year; higher_is_better; 95% CI 18-18.8"
E09000031,Waltham Forest,2023,life_expectancy_birth_female,83.5,ONS life expectancy for local areas of the UK,borough,"life expectancy at birth, female, years; rolling period 2021 to 2023 assigned to END year; higher_is_better; 95% CI 83-83.9"
E09000031,Waltham Forest,2023,life_expectancy_birth_male,79.1,ONS life expectancy for local areas of the UK,borough,"life expectancy at birth, male, years; rolling period 2021 to 2023 assigned to END year; higher_is_better; 95% CI 78.6-79.6"
E09000031,Waltham Forest,2024,life_expectancy_65_female,21.8,ONS life expectancy for local areas of the UK,borough,"life expectancy at age 65, female, years; rolling period 2022 to 2024 assigned to END year; higher_is_better; 95% CI 21.4-22.2"
E09000031,Waltham Forest,2024,life_expectancy_65_male,19.2,ONS life expectancy for local areas of the UK,borough,"life expectancy at age 65, male, years; rolling period 2022 to 2024 assigned to END year; higher_is_better; 95% CI 18.8-19.6"
E09000031,Waltham Forest,2024,life_expectancy_birth_female,84,ONS life expectancy for local areas of the UK,borough,"life expectancy at birth, female, years; rolling period 2022 to 2024 assigned to END year; higher_is_better; 95% CI 83.5-84.4"
E09000031,Waltham Forest,2024,life_expectancy_birth_male,79.8,ONS life expectancy for local areas of the UK,borough,"life expectancy at birth, male, years; rolling period 2022 to 2024 assigned to END year; higher_is_better; 95% CI 79.4-80.3"
E09000032,Wandsworth,2003,life_expectancy_65_female,19,ONS life expectancy for local areas of the UK,borough,"life expectancy at age 65, female, years; rolling period 2001 to 2003 assigned to END year; higher_is_better; 95% CI 18.7-19.3"
E09000032,Wandsworth,2003,life_expectancy_65_male,15.8,ONS life expectancy for local areas of the UK,borough,"life expectancy at age 65, male, years; rolling period 2001 to 2003 assigned to END year; higher_is_better; 95% CI 15.4-16.1"
E09000032,Wandsworth,2003,life_expectancy_birth_female,80.2,ONS life expectancy for local areas of the UK,borough,"life expectancy at birth, female, years; rolling period 2001 to 2003 assigned to END year; higher_is_better; 95% CI 79.8-80.7"
E09000032,Wandsworth,2003,life_expectancy_birth_male,75.6,ONS life expectancy for local areas of the UK,borough,"life expectancy at birth, male, years; rolling period 2001 to 2003 assigned to END year; higher_is_better; 95% CI 75.1-76.1"
E09000032,Wandsworth,2004,life_expectancy_65_female,19.1,ONS life expectancy for local areas of the UK,borough,"life expectancy at age 65, female, years; rolling period 2002 to 2004 assigned to END year; higher_is_better; 95% CI 18.8-19.4"
E09000032,Wandsworth,2004,life_expectancy_65_male,16.2,ONS life expectancy for local areas of the UK,borough,"life expectancy at age 65, male, years; rolling period 2002 to 2004 assigned to END year; higher_is_better; 95% CI 15.8-16.5"
E09000032,Wandsworth,2004,life_expectancy_birth_female,80.5,ONS life expectancy for local areas of the UK,borough,"life expectancy at birth, female, years; rolling period 2002 to 2004 assigned to END year; higher_is_better; 95% CI 80.1-81"
E09000032,Wandsworth,2004,life_expectancy_birth_male,76.2,ONS life expectancy for local areas of the UK,borough,"life expectancy at birth, male, years; rolling period 2002 to 2004 assigned to END year; higher_is_better; 95% CI 75.7-76.7"
E09000032,Wandsworth,2005,life_expectancy_65_female,19.3,ONS life expectancy for local areas of the UK,borough,"life expectancy at age 65, female, years; rolling period 2003 to 2005 assigned to END year; higher_is_better; 95% CI 19-19.7"
E09000032,Wandsworth,2005,life_expectancy_65_male,16.3,ONS life expectancy for local areas of the UK,borough,"life expectancy at age 65, male, years; rolling period 2003 to 2005 assigned to END year; higher_is_better; 95% CI 15.9-16.7"
E09000032,Wandsworth,2005,life_expectancy_birth_female,80.8,ONS life expectancy for local areas of the UK,borough,"life expectancy at birth, female, years; rolling period 2003 to 2005 assigned to END year; higher_is_better; 95% CI 80.4-81.3"
E09000032,Wandsworth,2005,life_expectancy_birth_male,76.2,ONS life expectancy for local areas of the UK,borough,"life expectancy at birth, male, years; rolling period 2003 to 2005 assigned to END year; higher_is_better; 95% CI 75.8-76.7"
E09000032,Wandsworth,2006,life_expectancy_65_female,19.5,ONS life expectancy for local areas of the UK,borough,"life expectancy at age 65, female, years; rolling period 2004 to 2006 assigned to END year; higher_is_better; 95% CI 19.2-19.9"
E09000032,Wandsworth,2006,life_expectancy_65_male,16.4,ONS life expectancy for local areas of the UK,borough,"life expectancy at age 65, male, years; rolling period 2004 to 2006 assigned to END year; higher_is_better; 95% CI 16.1-16.8"
E09000032,Wandsworth,2006,life_expectancy_birth_female,81.1,ONS life expectancy for local areas of the UK,borough,"life expectancy at birth, female, years; rolling period 2004 to 2006 assigned to END year; higher_is_better; 95% CI 80.7-81.6"
E09000032,Wandsworth,2006,life_expectancy_birth_male,76.7,ONS life expectancy for local areas of the UK,borough,"life expectancy at birth, male, years; rolling period 2004 to 2006 assigned to END year; higher_is_better; 95% CI 76.2-77.2"
E09000032,Wandsworth,2007,life_expectancy_65_female,19.8,ONS life expectancy for local areas of the UK,borough,"life expectancy at age 65, female, years; rolling period 2005 to 2007 assigned to END year; higher_is_better; 95% CI 19.4-20.2"
E09000032,Wandsworth,2007,life_expectancy_65_male,16.5,ONS life expectancy for local areas of the UK,borough,"life expectancy at age 65, male, years; rolling period 2005 to 2007 assigned to END year; higher_is_better; 95% CI 16.1-16.9"
E09000032,Wandsworth,2007,life_expectancy_birth_female,81.3,ONS life expectancy for local areas of the UK,borough,"life expectancy at birth, female, years; rolling period 2005 to 2007 assigned to END year; higher_is_better; 95% CI 80.9-81.8"
E09000032,Wandsworth,2007,life_expectancy_birth_male,77,ONS life expectancy for local areas of the UK,borough,"life expectancy at birth, male, years; rolling period 2005 to 2007 assigned to END year; higher_is_better; 95% CI 76.5-77.4"
E09000032,Wandsworth,2008,life_expectancy_65_female,19.9,ONS life expectancy for local areas of the UK,borough,"life expectancy at age 65, female, years; rolling period 2006 to 2008 assigned to END year; higher_is_better; 95% CI 19.5-20.2"
E09000032,Wandsworth,2008,life_expectancy_65_male,16.8,ONS life expectancy for local areas of the UK,borough,"life expectancy at age 65, male, years; rolling period 2006 to 2008 assigned to END year; higher_is_better; 95% CI 16.5-17.2"
E09000032,Wandsworth,2008,life_expectancy_birth_female,81.4,ONS life expectancy for local areas of the UK,borough,"life expectancy at birth, female, years; rolling period 2006 to 2008 assigned to END year; higher_is_better; 95% CI 80.9-81.8"
E09000032,Wandsworth,2008,life_expectancy_birth_male,77.5,ONS life expectancy for local areas of the UK,borough,"life expectancy at birth, male, years; rolling period 2006 to 2008 assigned to END year; higher_is_better; 95% CI 77.1-78"
E09000032,Wandsworth,2009,life_expectancy_65_female,20.2,ONS life expectancy for local areas of the UK,borough,"life expectancy at age 65, female, years; rolling period 2007 to 2009 assigned to END year; higher_is_better; 95% CI 19.9-20.6"
E09000032,Wandsworth,2009,life_expectancy_65_male,16.9,ONS life expectancy for local areas of the UK,borough,"life expectancy at age 65, male, years; rolling period 2007 to 2009 assigned to END year; higher_is_better; 95% CI 16.6-17.3"
E09000032,Wandsworth,2009,life_expectancy_birth_female,81.8,ONS life expectancy for local areas of the UK,borough,"life expectancy at birth, female, years; rolling period 2007 to 2009 assigned to END year; higher_is_better; 95% CI 81.4-82.3"
E09000032,Wandsworth,2009,life_expectancy_birth_male,77.9,ONS life expectancy for local areas of the UK,borough,"life expectancy at birth, male, years; rolling period 2007 to 2009 assigned to END year; higher_is_better; 95% CI 77.4-78.3"
E09000032,Wandsworth,2010,life_expectancy_65_female,20.5,ONS life expectancy for local areas of the UK,borough,"life expectancy at age 65, female, years; rolling period 2008 to 2010 assigned to END year; higher_is_better; 95% CI 20.1-20.8"
E09000032,Wandsworth,2010,life_expectancy_65_male,17.2,ONS life expectancy for local areas of the UK,borough,"life expectancy at age 65, male, years; rolling period 2008 to 2010 assigned to END year; higher_is_better; 95% CI 16.9-17.6"
E09000032,Wandsworth,2010,life_expectancy_birth_female,82.4,ONS life expectancy for local areas of the UK,borough,"life expectancy at birth, female, years; rolling period 2008 to 2010 assigned to END year; higher_is_better; 95% CI 81.9-82.8"
E09000032,Wandsworth,2010,life_expectancy_birth_male,78.3,ONS life expectancy for local areas of the UK,borough,"life expectancy at birth, male, years; rolling period 2008 to 2010 assigned to END year; higher_is_better; 95% CI 77.8-78.7"
E09000032,Wandsworth,2011,life_expectancy_65_female,20.9,ONS life expectancy for local areas of the UK,borough,"life expectancy at age 65, female, years; rolling period 2009 to 2011 assigned to END year; higher_is_better; 95% CI 20.5-21.2"
E09000032,Wandsworth,2011,life_expectancy_65_male,17.7,ONS life expectancy for local areas of the UK,borough,"life expectancy at age 65, male, years; rolling period 2009 to 2011 assigned to END year; higher_is_better; 95% CI 17.3-18.1"
E09000032,Wandsworth,2011,life_expectancy_birth_female,83,ONS life expectancy for local areas of the UK,borough,"life expectancy at birth, female, years; rolling period 2009 to 2011 assigned to END year; higher_is_better; 95% CI 82.6-83.4"
E09000032,Wandsworth,2011,life_expectancy_birth_male,78.8,ONS life expectancy for local areas of the UK,borough,"life expectancy at birth, male, years; rolling period 2009 to 2011 assigned to END year; higher_is_better; 95% CI 78.3-79.2"
E09000032,Wandsworth,2012,life_expectancy_65_female,20.8,ONS life expectancy for local areas of the UK,borough,"life expectancy at age 65, female, years; rolling period 2010 to 2012 assigned to END year; higher_is_better; 95% CI 20.5-21.2"
E09000032,Wandsworth,2012,life_expectancy_65_male,18,ONS life expectancy for local areas of the UK,borough,"life expectancy at age 65, male, years; rolling period 2010 to 2012 assigned to END year; higher_is_better; 95% CI 17.6-18.4"
E09000032,Wandsworth,2012,life_expectancy_birth_female,83.1,ONS life expectancy for local areas of the UK,borough,"life expectancy at birth, female, years; rolling period 2010 to 2012 assigned to END year; higher_is_better; 95% CI 82.7-83.6"
E09000032,Wandsworth,2012,life_expectancy_birth_male,79.1,ONS life expectancy for local areas of the UK,borough,"life expectancy at birth, male, years; rolling period 2010 to 2012 assigned to END year; higher_is_better; 95% CI 78.6-79.5"
E09000032,Wandsworth,2013,life_expectancy_65_female,21,ONS life expectancy for local areas of the UK,borough,"life expectancy at age 65, female, years; rolling period 2011 to 2013 assigned to END year; higher_is_better; 95% CI 20.7-21.4"
E09000032,Wandsworth,2013,life_expectancy_65_male,18.1,ONS life expectancy for local areas of the UK,borough,"life expectancy at age 65, male, years; rolling period 2011 to 2013 assigned to END year; higher_is_better; 95% CI 17.7-18.5"
E09000032,Wandsworth,2013,life_expectancy_birth_female,83.2,ONS life expectancy for local areas of the UK,borough,"life expectancy at birth, female, years; rolling period 2011 to 2013 assigned to END year; higher_is_better; 95% CI 82.8-83.7"
E09000032,Wandsworth,2013,life_expectancy_birth_male,79.2,ONS life expectancy for local areas of the UK,borough,"life expectancy at birth, male, years; rolling period 2011 to 2013 assigned to END year; higher_is_better; 95% CI 78.7-79.7"
E09000032,Wandsworth,2014,life_expectancy_65_female,21.3,ONS life expectancy for local areas of the UK,borough,"life expectancy at age 65, female, years; rolling period 2012 to 2014 assigned to END year; higher_is_better; 95% CI 20.9-21.6"
E09000032,Wandsworth,2014,life_expectancy_65_male,18.1,ONS life expectancy for local areas of the UK,borough,"life expectancy at age 65, male, years; rolling period 2012 to 2014 assigned to END year; higher_is_better; 95% CI 17.8-18.5"
E09000032,Wandsworth,2014,life_expectancy_birth_female,83.6,ONS life expectancy for local areas of the UK,borough,"life expectancy at birth, female, years; rolling period 2012 to 2014 assigned to END year; higher_is_better; 95% CI 83.2-84.1"
E09000032,Wandsworth,2014,life_expectancy_birth_male,79.4,ONS life expectancy for local areas of the UK,borough,"life expectancy at birth, male, years; rolling period 2012 to 2014 assigned to END year; higher_is_better; 95% CI 79-79.9"
E09000032,Wandsworth,2015,life_expectancy_65_female,21.2,ONS life expectancy for local areas of the UK,borough,"life expectancy at age 65, female, years; rolling period 2013 to 2015 assigned to END year; higher_is_better; 95% CI 20.8-21.6"
E09000032,Wandsworth,2015,life_expectancy_65_male,18.4,ONS life expectancy for local areas of the UK,borough,"life expectancy at age 65, male, years; rolling period 2013 to 2015 assigned to END year; higher_is_better; 95% CI 18-18.8"
E09000032,Wandsworth,2015,life_expectancy_birth_female,83.6,ONS life expectancy for local areas of the UK,borough,"life expectancy at birth, female, years; rolling period 2013 to 2015 assigned to END year; higher_is_better; 95% CI 83.2-84.1"
E09000032,Wandsworth,2015,life_expectancy_birth_male,79.7,ONS life expectancy for local areas of the UK,borough,"life expectancy at birth, male, years; rolling period 2013 to 2015 assigned to END year; higher_is_better; 95% CI 79.3-80.1"
E09000032,Wandsworth,2016,life_expectancy_65_female,21.3,ONS life expectancy for local areas of the UK,borough,"life expectancy at age 65, female, years; rolling period 2014 to 2016 assigned to END year; higher_is_better; 95% CI 20.9-21.7"
E09000032,Wandsworth,2016,life_expectancy_65_male,18.5,ONS life expectancy for local areas of the UK,borough,"life expectancy at age 65, male, years; rolling period 2014 to 2016 assigned to END year; higher_is_better; 95% CI 18.2-18.9"
E09000032,Wandsworth,2016,life_expectancy_birth_female,83.8,ONS life expectancy for local areas of the UK,borough,"life expectancy at birth, female, years; rolling period 2014 to 2016 assigned to END year; higher_is_better; 95% CI 83.4-84.2"
E09000032,Wandsworth,2016,life_expectancy_birth_male,80,ONS life expectancy for local areas of the UK,borough,"life expectancy at birth, male, years; rolling period 2014 to 2016 assigned to END year; higher_is_better; 95% CI 79.5-80.4"
E09000032,Wandsworth,2017,life_expectancy_65_female,21.3,ONS life expectancy for local areas of the UK,borough,"life expectancy at age 65, female, years; rolling period 2015 to 2017 assigned to END year; higher_is_better; 95% CI 20.9-21.6"
E09000032,Wandsworth,2017,life_expectancy_65_male,18.6,ONS life expectancy for local areas of the UK,borough,"life expectancy at age 65, male, years; rolling period 2015 to 2017 assigned to END year; higher_is_better; 95% CI 18.2-18.9"
E09000032,Wandsworth,2017,life_expectancy_birth_female,83.6,ONS life expectancy for local areas of the UK,borough,"life expectancy at birth, female, years; rolling period 2015 to 2017 assigned to END year; higher_is_better; 95% CI 83.2-84"
E09000032,Wandsworth,2017,life_expectancy_birth_male,80.1,ONS life expectancy for local areas of the UK,borough,"life expectancy at birth, male, years; rolling period 2015 to 2017 assigned to END year; higher_is_better; 95% CI 79.6-80.5"
E09000032,Wandsworth,2018,life_expectancy_65_female,21.6,ONS life expectancy for local areas of the UK,borough,"life expectancy at age 65, female, years; rolling period 2016 to 2018 assigned to END year; higher_is_better; 95% CI 21.2-22"
E09000032,Wandsworth,2018,life_expectancy_65_male,18.7,ONS life expectancy for local areas of the UK,borough,"life expectancy at age 65, male, years; rolling period 2016 to 2018 assigned to END year; higher_is_better; 95% CI 18.3-19.1"
E09000032,Wandsworth,2018,life_expectancy_birth_female,84,ONS life expectancy for local areas of the UK,borough,"life expectancy at birth, female, years; rolling period 2016 to 2018 assigned to END year; higher_is_better; 95% CI 83.5-84.4"
E09000032,Wandsworth,2018,life_expectancy_birth_male,80.3,ONS life expectancy for local areas of the UK,borough,"life expectancy at birth, male, years; rolling period 2016 to 2018 assigned to END year; higher_is_better; 95% CI 79.9-80.8"
E09000032,Wandsworth,2019,life_expectancy_65_female,21.7,ONS life expectancy for local areas of the UK,borough,"life expectancy at age 65, female, years; rolling period 2017 to 2019 assigned to END year; higher_is_better; 95% CI 21.4-22.1"
E09000032,Wandsworth,2019,life_expectancy_65_male,18.8,ONS life expectancy for local areas of the UK,borough,"life expectancy at age 65, male, years; rolling period 2017 to 2019 assigned to END year; higher_is_better; 95% CI 18.4-19.2"
E09000032,Wandsworth,2019,life_expectancy_birth_female,84.1,ONS life expectancy for local areas of the UK,borough,"life expectancy at birth, female, years; rolling period 2017 to 2019 assigned to END year; higher_is_better; 95% CI 83.7-84.5"
E09000032,Wandsworth,2019,life_expectancy_birth_male,80.4,ONS life expectancy for local areas of the UK,borough,"life expectancy at birth, male, years; rolling period 2017 to 2019 assigned to END year; higher_is_better; 95% CI 79.9-80.8"
E09000032,Wandsworth,2020,life_expectancy_65_female,21.7,ONS life expectancy for local areas of the UK,borough,"life expectancy at age 65, female, years; rolling period 2018 to 2020 assigned to END year; higher_is_better; 95% CI 21.3-22"
E09000032,Wandsworth,2020,life_expectancy_65_male,18.3,ONS life expectancy for local areas of the UK,borough,"life expectancy at age 65, male, years; rolling period 2018 to 2020 assigned to END year; higher_is_better; 95% CI 17.9-18.6"
E09000032,Wandsworth,2020,life_expectancy_birth_female,84.2,ONS life expectancy for local areas of the UK,borough,"life expectancy at birth, female, years; rolling period 2018 to 2020 assigned to END year; higher_is_better; 95% CI 83.8-84.6"
E09000032,Wandsworth,2020,life_expectancy_birth_male,79.7,ONS life expectancy for local areas of the UK,borough,"life expectancy at birth, male, years; rolling period 2018 to 2020 assigned to END year; higher_is_better; 95% CI 79.3-80.2"
E09000032,Wandsworth,2021,life_expectancy_65_female,21.5,ONS life expectancy for local areas of the UK,borough,"life expectancy at age 65, female, years; rolling period 2019 to 2021 assigned to END year; higher_is_better; 95% CI 21.2-21.9"
E09000032,Wandsworth,2021,life_expectancy_65_male,18.1,ONS life expectancy for local areas of the UK,borough,"life expectancy at age 65, male, years; rolling period 2019 to 2021 assigned to END year; higher_is_better; 95% CI 17.7-18.4"
E09000032,Wandsworth,2021,life_expectancy_birth_female,84.1,ONS life expectancy for local areas of the UK,borough,"life expectancy at birth, female, years; rolling period 2019 to 2021 assigned to END year; higher_is_better; 95% CI 83.6-84.5"
E09000032,Wandsworth,2021,life_expectancy_birth_male,79.4,ONS life expectancy for local areas of the UK,borough,"life expectancy at birth, male, years; rolling period 2019 to 2021 assigned to END year; higher_is_better; 95% CI 79-79.9"
E09000032,Wandsworth,2022,life_expectancy_65_female,21.6,ONS life expectancy for local areas of the UK,borough,"life expectancy at age 65, female, years; rolling period 2020 to 2022 assigned to END year; higher_is_better; 95% CI 21.2-21.9"
E09000032,Wandsworth,2022,life_expectancy_65_male,18.3,ONS life expectancy for local areas of the UK,borough,"life expectancy at age 65, male, years; rolling period 2020 to 2022 assigned to END year; higher_is_better; 95% CI 18-18.7"
E09000032,Wandsworth,2022,life_expectancy_birth_female,84.2,ONS life expectancy for local areas of the UK,borough,"life expectancy at birth, female, years; rolling period 2020 to 2022 assigned to END year; higher_is_better; 95% CI 83.8-84.6"
E09000032,Wandsworth,2022,life_expectancy_birth_male,79.8,ONS life expectancy for local areas of the UK,borough,"life expectancy at birth, male, years; rolling period 2020 to 2022 assigned to END year; higher_is_better; 95% CI 79.4-80.2"
E09000032,Wandsworth,2023,life_expectancy_65_female,21.8,ONS life expectancy for local areas of the UK,borough,"life expectancy at age 65, female, years; rolling period 2021 to 2023 assigned to END year; higher_is_better; 95% CI 21.4-22.2"
E09000032,Wandsworth,2023,life_expectancy_65_male,18.8,ONS life expectancy for local areas of the UK,borough,"life expectancy at age 65, male, years; rolling period 2021 to 2023 assigned to END year; higher_is_better; 95% CI 18.5-19.2"
E09000032,Wandsworth,2023,life_expectancy_birth_female,84.6,ONS life expectancy for local areas of the UK,borough,"life expectancy at birth, female, years; rolling period 2021 to 2023 assigned to END year; higher_is_better; 95% CI 84.2-85"
E09000032,Wandsworth,2023,life_expectancy_birth_male,80.3,ONS life expectancy for local areas of the UK,borough,"life expectancy at birth, male, years; rolling period 2021 to 2023 assigned to END year; higher_is_better; 95% CI 79.9-80.8"
E09000032,Wandsworth,2024,life_expectancy_65_female,22.3,ONS life expectancy for local areas of the UK,borough,"life expectancy at age 65, female, years; rolling period 2022 to 2024 assigned to END year; higher_is_better; 95% CI 21.9-22.6"
E09000032,Wandsworth,2024,life_expectancy_65_male,19.3,ONS life expectancy for local areas of the UK,borough,"life expectancy at age 65, male, years; rolling period 2022 to 2024 assigned to END year; higher_is_better; 95% CI 18.9-19.7"
E09000032,Wandsworth,2024,life_expectancy_birth_female,85.1,ONS life expectancy for local areas of the UK,borough,"life expectancy at birth, female, years; rolling period 2022 to 2024 assigned to END year; higher_is_better; 95% CI 84.7-85.5"
E09000032,Wandsworth,2024,life_expectancy_birth_male,80.6,ONS life expectancy for local areas of the UK,borough,"life expectancy at birth, male, years; rolling period 2022 to 2024 assigned to END year; higher_is_better; 95% CI 80.2-81.1"
E09000033,Westminster,2003,life_expectancy_65_female,20.9,ONS life expectancy for local areas of the UK,borough,"life expectancy at age 65, female, years; rolling period 2001 to 2003 assigned to END year; higher_is_better; 95% CI 20.5-21.3"
E09000033,Westminster,2003,life_expectancy_65_male,17.5,ONS life expectancy for local areas of the UK,borough,"life expectancy at age 65, male, years; rolling period 2001 to 2003 assigned to END year; higher_is_better; 95% CI 17-17.9"
E09000033,Westminster,2003,life_expectancy_birth_female,82.3,ONS life expectancy for local areas of the UK,borough,"life expectancy at birth, female, years; rolling period 2001 to 2003 assigned to END year; higher_is_better; 95% CI 81.8-82.9"
E09000033,Westminster,2003,life_expectancy_birth_male,77.3,ONS life expectancy for local areas of the UK,borough,"life expectancy at birth, male, years; rolling period 2001 to 2003 assigned to END year; higher_is_better; 95% CI 76.8-77.9"
E09000033,Westminster,2004,life_expectancy_65_female,21.1,ONS life expectancy for local areas of the UK,borough,"life expectancy at age 65, female, years; rolling period 2002 to 2004 assigned to END year; higher_is_better; 95% CI 20.7-21.5"
E09000033,Westminster,2004,life_expectancy_65_male,17.6,ONS life expectancy for local areas of the UK,borough,"life expectancy at age 65, male, years; rolling period 2002 to 2004 assigned to END year; higher_is_better; 95% CI 17.1-18"
E09000033,Westminster,2004,life_expectancy_birth_female,82.6,ONS life expectancy for local areas of the UK,borough,"life expectancy at birth, female, years; rolling period 2002 to 2004 assigned to END year; higher_is_better; 95% CI 82.1-83.2"
E09000033,Westminster,2004,life_expectancy_birth_male,77.6,ONS life expectancy for local areas of the UK,borough,"life expectancy at birth, male, years; rolling period 2002 to 2004 assigned to END year; higher_is_better; 95% CI 77.1-78.2"
E09000033,Westminster,2005,life_expectancy_65_female,21,ONS life expectancy for local areas of the UK,borough,"life expectancy at age 65, female, years; rolling period 2003 to 2005 assigned to END year; higher_is_better; 95% CI 20.6-21.4"
E09000033,Westminster,2005,life_expectancy_65_male,18.1,ONS life expectancy for local areas of the UK,borough,"life expectancy at age 65, male, years; rolling period 2003 to 2005 assigned to END year; higher_is_better; 95% CI 17.6-18.6"
E09000033,Westminster,2005,life_expectancy_birth_female,82.6,ONS life expectancy for local areas of the UK,borough,"life expectancy at birth, female, years; rolling period 2003 to 2005 assigned to END year; higher_is_better; 95% CI 82.1-83.2"
E09000033,Westminster,2005,life_expectancy_birth_male,78.2,ONS life expectancy for local areas of the UK,borough,"life expectancy at birth, male, years; rolling period 2003 to 2005 assigned to END year; higher_is_better; 95% CI 77.6-78.7"
E09000033,Westminster,2006,life_expectancy_65_female,21.7,ONS life expectancy for local areas of the UK,borough,"life expectancy at age 65, female, years; rolling period 2004 to 2006 assigned to END year; higher_is_better; 95% CI 21.3-22.1"
E09000033,Westminster,2006,life_expectancy_65_male,19.1,ONS life expectancy for local areas of the UK,borough,"life expectancy at age 65, male, years; rolling period 2004 to 2006 assigned to END year; higher_is_better; 95% CI 18.6-19.7"
E09000033,Westminster,2006,life_expectancy_birth_female,83.4,ONS life expectancy for local areas of the UK,borough,"life expectancy at birth, female, years; rolling period 2004 to 2006 assigned to END year; higher_is_better; 95% CI 82.9-84"
E09000033,Westminster,2006,life_expectancy_birth_male,79.4,ONS life expectancy for local areas of the UK,borough,"life expectancy at birth, male, years; rolling period 2004 to 2006 assigned to END year; higher_is_better; 95% CI 78.7-80"
E09000033,Westminster,2007,life_expectancy_65_female,21.9,ONS life expectancy for local areas of the UK,borough,"life expectancy at age 65, female, years; rolling period 2005 to 2007 assigned to END year; higher_is_better; 95% CI 21.4-22.3"
E09000033,Westminster,2007,life_expectancy_65_male,19.9,ONS life expectancy for local areas of the UK,borough,"life expectancy at age 65, male, years; rolling period 2005 to 2007 assigned to END year; higher_is_better; 95% CI 19.3-20.4"
E09000033,Westminster,2007,life_expectancy_birth_female,83.8,ONS life expectancy for local areas of the UK,borough,"life expectancy at birth, female, years; rolling period 2005 to 2007 assigned to END year; higher_is_better; 95% CI 83.3-84.4"
E09000033,Westminster,2007,life_expectancy_birth_male,80.3,ONS life expectancy for local areas of the UK,borough,"life expectancy at birth, male, years; rolling period 2005 to 2007 assigned to END year; higher_is_better; 95% CI 79.6-80.9"
E09000033,Westminster,2008,life_expectancy_65_female,22.3,ONS life expectancy for local areas of the UK,borough,"life expectancy at age 65, female, years; rolling period 2006 to 2008 assigned to END year; higher_is_better; 95% CI 21.9-22.8"
E09000033,Westminster,2008,life_expectancy_65_male,20.5,ONS life expectancy for local areas of the UK,borough,"life expectancy at age 65, male, years; rolling period 2006 to 2008 assigned to END year; higher_is_better; 95% CI 19.9-21.1"
E09000033,Westminster,2008,life_expectancy_birth_female,84.6,ONS life expectancy for local areas of the UK,borough,"life expectancy at birth, female, years; rolling period 2006 to 2008 assigned to END year; higher_is_better; 95% CI 84-85.1"
E09000033,Westminster,2008,life_expectancy_birth_male,81.1,ONS life expectancy for local areas of the UK,borough,"life expectancy at birth, male, years; rolling period 2006 to 2008 assigned to END year; higher_is_better; 95% CI 80.5-81.8"
E09000033,Westminster,2009,life_expectancy_65_female,22.5,ONS life expectancy for local areas of the UK,borough,"life expectancy at age 65, female, years; rolling period 2007 to 2009 assigned to END year; higher_is_better; 95% CI 22-23"
E09000033,Westminster,2009,life_expectancy_65_male,20.5,ONS life expectancy for local areas of the UK,borough,"life expectancy at age 65, male, years; rolling period 2007 to 2009 assigned to END year; higher_is_better; 95% CI 19.9-21.1"
E09000033,Westminster,2009,life_expectancy_birth_female,84.8,ONS life expectancy for local areas of the UK,borough,"life expectancy at birth, female, years; rolling period 2007 to 2009 assigned to END year; higher_is_better; 95% CI 84.2-85.4"
E09000033,Westminster,2009,life_expectancy_birth_male,81.2,ONS life expectancy for local areas of the UK,borough,"life expectancy at birth, male, years; rolling period 2007 to 2009 assigned to END year; higher_is_better; 95% CI 80.5-81.8"
E09000033,Westminster,2010,life_expectancy_65_female,22.5,ONS life expectancy for local areas of the UK,borough,"life expectancy at age 65, female, years; rolling period 2008 to 2010 assigned to END year; higher_is_better; 95% CI 22-23"
E09000033,Westminster,2010,life_expectancy_65_male,20.6,ONS life expectancy for local areas of the UK,borough,"life expectancy at age 65, male, years; rolling period 2008 to 2010 assigned to END year; higher_is_better; 95% CI 20-21.2"
E09000033,Westminster,2010,life_expectancy_birth_female,84.8,ONS life expectancy for local areas of the UK,borough,"life expectancy at birth, female, years; rolling period 2008 to 2010 assigned to END year; higher_is_better; 95% CI 84.2-85.4"
E09000033,Westminster,2010,life_expectancy_birth_male,81.2,ONS life expectancy for local areas of the UK,borough,"life expectancy at birth, male, years; rolling period 2008 to 2010 assigned to END year; higher_is_better; 95% CI 80.5-81.9"
E09000033,Westminster,2011,life_expectancy_65_female,22.5,ONS life expectancy for local areas of the UK,borough,"life expectancy at age 65, female, years; rolling period 2009 to 2011 assigned to END year; higher_is_better; 95% CI 22-23"
E09000033,Westminster,2011,life_expectancy_65_male,20.4,ONS life expectancy for local areas of the UK,borough,"life expectancy at age 65, male, years; rolling period 2009 to 2011 assigned to END year; higher_is_better; 95% CI 19.8-20.9"
E09000033,Westminster,2011,life_expectancy_birth_female,84.7,ONS life expectancy for local areas of the UK,borough,"life expectancy at birth, female, years; rolling period 2009 to 2011 assigned to END year; higher_is_better; 95% CI 84.1-85.2"
E09000033,Westminster,2011,life_expectancy_birth_male,81,ONS life expectancy for local areas of the UK,borough,"life expectancy at birth, male, years; rolling period 2009 to 2011 assigned to END year; higher_is_better; 95% CI 80.4-81.6"
E09000033,Westminster,2012,life_expectancy_65_female,22.5,ONS life expectancy for local areas of the UK,borough,"life expectancy at age 65, female, years; rolling period 2010 to 2012 assigned to END year; higher_is_better; 95% CI 22-22.9"
E09000033,Westminster,2012,life_expectancy_65_male,20.2,ONS life expectancy for local areas of the UK,borough,"life expectancy at age 65, male, years; rolling period 2010 to 2012 assigned to END year; higher_is_better; 95% CI 19.7-20.7"
E09000033,Westminster,2012,life_expectancy_birth_female,84.5,ONS life expectancy for local areas of the UK,borough,"life expectancy at birth, female, years; rolling period 2010 to 2012 assigned to END year; higher_is_better; 95% CI 84-85.1"
E09000033,Westminster,2012,life_expectancy_birth_male,80.8,ONS life expectancy for local areas of the UK,borough,"life expectancy at birth, male, years; rolling period 2010 to 2012 assigned to END year; higher_is_better; 95% CI 80.2-81.4"
E09000033,Westminster,2013,life_expectancy_65_female,23,ONS life expectancy for local areas of the UK,borough,"life expectancy at age 65, female, years; rolling period 2011 to 2013 assigned to END year; higher_is_better; 95% CI 22.5-23.5"
E09000033,Westminster,2013,life_expectancy_65_male,20.3,ONS life expectancy for local areas of the UK,borough,"life expectancy at age 65, male, years; rolling period 2011 to 2013 assigned to END year; higher_is_better; 95% CI 19.7-20.8"
E09000033,Westminster,2013,life_expectancy_birth_female,85.1,ONS life expectancy for local areas of the UK,borough,"life expectancy at birth, female, years; rolling period 2011 to 2013 assigned to END year; higher_is_better; 95% CI 84.5-85.7"
E09000033,Westminster,2013,life_expectancy_birth_male,81.1,ONS life expectancy for local areas of the UK,borough,"life expectancy at birth, male, years; rolling period 2011 to 2013 assigned to END year; higher_is_better; 95% CI 80.5-81.7"
E09000033,Westminster,2014,life_expectancy_65_female,23.1,ONS life expectancy for local areas of the UK,borough,"life expectancy at age 65, female, years; rolling period 2012 to 2014 assigned to END year; higher_is_better; 95% CI 22.6-23.5"
E09000033,Westminster,2014,life_expectancy_65_male,20.3,ONS life expectancy for local areas of the UK,borough,"life expectancy at age 65, male, years; rolling period 2012 to 2014 assigned to END year; higher_is_better; 95% CI 19.8-20.9"
E09000033,Westminster,2014,life_expectancy_birth_female,85.3,ONS life expectancy for local areas of the UK,borough,"life expectancy at birth, female, years; rolling period 2012 to 2014 assigned to END year; higher_is_better; 95% CI 84.7-85.8"
E09000033,Westminster,2014,life_expectancy_birth_male,81.3,ONS life expectancy for local areas of the UK,borough,"life expectancy at birth, male, years; rolling period 2012 to 2014 assigned to END year; higher_is_better; 95% CI 80.7-81.9"
E09000033,Westminster,2015,life_expectancy_65_female,22.9,ONS life expectancy for local areas of the UK,borough,"life expectancy at age 65, female, years; rolling period 2013 to 2015 assigned to END year; higher_is_better; 95% CI 22.4-23.3"
E09000033,Westminster,2015,life_expectancy_65_male,20.2,ONS life expectancy for local areas of the UK,borough,"life expectancy at age 65, male, years; rolling period 2013 to 2015 assigned to END year; higher_is_better; 95% CI 19.7-20.7"
E09000033,Westminster,2015,life_expectancy_birth_female,85.3,ONS life expectancy for local areas of the UK,borough,"life expectancy at birth, female, years; rolling period 2013 to 2015 assigned to END year; higher_is_better; 95% CI 84.8-85.8"
E09000033,Westminster,2015,life_expectancy_birth_male,81.1,ONS life expectancy for local areas of the UK,borough,"life expectancy at birth, male, years; rolling period 2013 to 2015 assigned to END year; higher_is_better; 95% CI 80.6-81.7"
E09000033,Westminster,2016,life_expectancy_65_female,22.5,ONS life expectancy for local areas of the UK,borough,"life expectancy at age 65, female, years; rolling period 2014 to 2016 assigned to END year; higher_is_better; 95% CI 22-22.9"
E09000033,Westminster,2016,life_expectancy_65_male,20,ONS life expectancy for local areas of the UK,borough,"life expectancy at age 65, male, years; rolling period 2014 to 2016 assigned to END year; higher_is_better; 95% CI 19.5-20.5"
E09000033,Westminster,2016,life_expectancy_birth_female,85,ONS life expectancy for local areas of the UK,borough,"life expectancy at birth, female, years; rolling period 2014 to 2016 assigned to END year; higher_is_better; 95% CI 84.5-85.5"
E09000033,Westminster,2016,life_expectancy_birth_male,81,ONS life expectancy for local areas of the UK,borough,"life expectancy at birth, male, years; rolling period 2014 to 2016 assigned to END year; higher_is_better; 95% CI 80.4-81.5"
E09000033,Westminster,2017,life_expectancy_65_female,22.3,ONS life expectancy for local areas of the UK,borough,"life expectancy at age 65, female, years; rolling period 2015 to 2017 assigned to END year; higher_is_better; 95% CI 21.9-22.8"
E09000033,Westminster,2017,life_expectancy_65_male,19.7,ONS life expectancy for local areas of the UK,borough,"life expectancy at age 65, male, years; rolling period 2015 to 2017 assigned to END year; higher_is_better; 95% CI 19.3-20.2"
E09000033,Westminster,2017,life_expectancy_birth_female,84.8,ONS life expectancy for local areas of the UK,borough,"life expectancy at birth, female, years; rolling period 2015 to 2017 assigned to END year; higher_is_better; 95% CI 84.3-85.3"
E09000033,Westminster,2017,life_expectancy_birth_male,80.8,ONS life expectancy for local areas of the UK,borough,"life expectancy at birth, male, years; rolling period 2015 to 2017 assigned to END year; higher_is_better; 95% CI 80.3-81.4"
E09000033,Westminster,2018,life_expectancy_65_female,22.3,ONS life expectancy for local areas of the UK,borough,"life expectancy at age 65, female, years; rolling period 2016 to 2018 assigned to END year; higher_is_better; 95% CI 21.9-22.7"
E09000033,Westminster,2018,life_expectancy_65_male,20,ONS life expectancy for local areas of the UK,borough,"life expectancy at age 65, male, years; rolling period 2016 to 2018 assigned to END year; higher_is_better; 95% CI 19.6-20.5"
E09000033,Westminster,2018,life_expectancy_birth_female,84.9,ONS life expectancy for local areas of the UK,borough,"life expectancy at birth, female, years; rolling period 2016 to 2018 assigned to END year; higher_is_better; 95% CI 84.4-85.5"
E09000033,Westminster,2018,life_expectancy_birth_male,81.5,ONS life expectancy for local areas of the UK,borough,"life expectancy at birth, male, years; rolling period 2016 to 2018 assigned to END year; higher_is_better; 95% CI 80.9-82"
E09000033,Westminster,2019,life_expectancy_65_female,22.7,ONS life expectancy for local areas of the UK,borough,"life expectancy at age 65, female, years; rolling period 2017 to 2019 assigned to END year; higher_is_better; 95% CI 22.2-23.1"
E09000033,Westminster,2019,life_expectancy_65_male,20.4,ONS life expectancy for local areas of the UK,borough,"life expectancy at age 65, male, years; rolling period 2017 to 2019 assigned to END year; higher_is_better; 95% CI 19.9-20.9"
E09000033,Westminster,2019,life_expectancy_birth_female,85.3,ONS life expectancy for local areas of the UK,borough,"life expectancy at birth, female, years; rolling period 2017 to 2019 assigned to END year; higher_is_better; 95% CI 84.8-85.8"
E09000033,Westminster,2019,life_expectancy_birth_male,81.8,ONS life expectancy for local areas of the UK,borough,"life expectancy at birth, male, years; rolling period 2017 to 2019 assigned to END year; higher_is_better; 95% CI 81.2-82.4"
E09000033,Westminster,2020,life_expectancy_65_female,22.2,ONS life expectancy for local areas of the UK,borough,"life expectancy at age 65, female, years; rolling period 2018 to 2020 assigned to END year; higher_is_better; 95% CI 21.8-22.6"
E09000033,Westminster,2020,life_expectancy_65_male,19.7,ONS life expectancy for local areas of the UK,borough,"life expectancy at age 65, male, years; rolling period 2018 to 2020 assigned to END year; higher_is_better; 95% CI 19.3-20.2"
E09000033,Westminster,2020,life_expectancy_birth_female,84.8,ONS life expectancy for local areas of the UK,borough,"life expectancy at birth, female, years; rolling period 2018 to 2020 assigned to END year; higher_is_better; 95% CI 84.3-85.3"
E09000033,Westminster,2020,life_expectancy_birth_male,81,ONS life expectancy for local areas of the UK,borough,"life expectancy at birth, male, years; rolling period 2018 to 2020 assigned to END year; higher_is_better; 95% CI 80.5-81.5"
E09000033,Westminster,2021,life_expectancy_65_female,22.1,ONS life expectancy for local areas of the UK,borough,"life expectancy at age 65, female, years; rolling period 2019 to 2021 assigned to END year; higher_is_better; 95% CI 21.7-22.5"
E09000033,Westminster,2021,life_expectancy_65_male,19.3,ONS life expectancy for local areas of the UK,borough,"life expectancy at age 65, male, years; rolling period 2019 to 2021 assigned to END year; higher_is_better; 95% CI 18.8-19.7"
E09000033,Westminster,2021,life_expectancy_birth_female,84.6,ONS life expectancy for local areas of the UK,borough,"life expectancy at birth, female, years; rolling period 2019 to 2021 assigned to END year; higher_is_better; 95% CI 84.1-85.1"
E09000033,Westminster,2021,life_expectancy_birth_male,80.4,ONS life expectancy for local areas of the UK,borough,"life expectancy at birth, male, years; rolling period 2019 to 2021 assigned to END year; higher_is_better; 95% CI 79.9-81"
E09000033,Westminster,2022,life_expectancy_65_female,22.2,ONS life expectancy for local areas of the UK,borough,"life expectancy at age 65, female, years; rolling period 2020 to 2022 assigned to END year; higher_is_better; 95% CI 21.7-22.6"
E09000033,Westminster,2022,life_expectancy_65_male,19.2,ONS life expectancy for local areas of the UK,borough,"life expectancy at age 65, male, years; rolling period 2020 to 2022 assigned to END year; higher_is_better; 95% CI 18.7-19.6"
E09000033,Westminster,2022,life_expectancy_birth_female,84.7,ONS life expectancy for local areas of the UK,borough,"life expectancy at birth, female, years; rolling period 2020 to 2022 assigned to END year; higher_is_better; 95% CI 84.2-85.2"
E09000033,Westminster,2022,life_expectancy_birth_male,80.3,ONS life expectancy for local areas of the UK,borough,"life expectancy at birth, male, years; rolling period 2020 to 2022 assigned to END year; higher_is_better; 95% CI 79.7-80.8"
E09000033,Westminster,2023,life_expectancy_65_female,23,ONS life expectancy for local areas of the UK,borough,"life expectancy at age 65, female, years; rolling period 2021 to 2023 assigned to END year; higher_is_better; 95% CI 22.6-23.5"
E09000033,Westminster,2023,life_expectancy_65_male,19.9,ONS life expectancy for local areas of the UK,borough,"life expectancy at age 65, male, years; rolling period 2021 to 2023 assigned to END year; higher_is_better; 95% CI 19.4-20.3"
E09000033,Westminster,2023,life_expectancy_birth_female,85.7,ONS life expectancy for local areas of the UK,borough,"life expectancy at birth, female, years; rolling period 2021 to 2023 assigned to END year; higher_is_better; 95% CI 85.1-86.2"
E09000033,Westminster,2023,life_expectancy_birth_male,81.3,ONS life expectancy for local areas of the UK,borough,"life expectancy at birth, male, years; rolling period 2021 to 2023 assigned to END year; higher_is_better; 95% CI 80.8-81.8"
E09000033,Westminster,2024,life_expectancy_65_female,23.6,ONS life expectancy for local areas of the UK,borough,"life expectancy at age 65, female, years; rolling period 2022 to 2024 assigned to END year; higher_is_better; 95% CI 23.1-24.1"
E09000033,Westminster,2024,life_expectancy_65_male,20.6,ONS life expectancy for local areas of the UK,borough,"life expectancy at age 65, male, years; rolling period 2022 to 2024 assigned to END year; higher_is_better; 95% CI 20.1-21"
E09000033,Westminster,2024,life_expectancy_birth_female,86.4,ONS life expectancy for local areas of the UK,borough,"life expectancy at birth, female, years; rolling period 2022 to 2024 assigned to END year; higher_is_better; 95% CI 85.8-87"
E09000033,Westminster,2024,life_expectancy_birth_male,81.9,ONS life expectancy for local areas of the UK,borough,"life expectancy at birth, male, years; rolling period 2022 to 2024 assigned to END year; higher_is_better; 95% CI 81.3-82.4"
