borough_gss,borough_name,year,metric,value,source,geography_native,notes
E09000002,Barking and Dagenham,2015,imd_barriers_to_housing_and_services_score,37.6,"MHCLG Indices of Deprivation, borough domain summaries",borough (LSOA-derived),"Barriers to Housing and Services domain, average score. Scale: score. Snapshot year — not a time series. 2015 and 2019 ranks are not methodologically comparable; scores used instead."
E09000002,Barking and Dagenham,2015,imd_education_skills_and_training_score,27.2,"MHCLG Indices of Deprivation, borough domain summaries",borough (LSOA-derived),"Education, Skills and Training domain, average score. Scale: score. Snapshot year — not a time series. 2015 and 2019 ranks are not methodologically comparable; scores used instead."
E09000002,Barking and Dagenham,2015,imd_employment_score,0.2,"MHCLG Indices of Deprivation, borough domain summaries",borough (LSOA-derived),"Employment domain, average score. Scale: proportion. Snapshot year — not a time series. 2015 and 2019 ranks are not methodologically comparable; scores used instead."
E09000002,Barking and Dagenham,2015,imd_health_deprivation_and_disability_score,0.4,"MHCLG Indices of Deprivation, borough domain summaries",borough (LSOA-derived),"Health Deprivation and Disability domain, average score. Scale: standardised. Snapshot year — not a time series. 2015 and 2019 ranks are not methodologically comparable; scores used instead."
E09000002,Barking and Dagenham,2015,imd_income_score,0.2,"MHCLG Indices of Deprivation, borough domain summaries",borough (LSOA-derived),"Income domain, average score. Scale: proportion. Snapshot year — not a time series. 2015 and 2019 ranks are not methodologically comparable; scores used instead."
E09000002,Barking and Dagenham,2015,imd_living_environment_score,26.5,"MHCLG Indices of Deprivation, borough domain summaries",borough (LSOA-derived),"Living Environment domain, average score. Scale: score. Snapshot year — not a time series. 2015 and 2019 ranks are not methodologically comparable; scores used instead."
E09000002,Barking and Dagenham,2019,imd_barriers_to_housing_and_services_score,46.3,"MHCLG Indices of Deprivation, borough domain summaries",borough (LSOA-derived),"Barriers to Housing and Services domain, average score. Scale: score. Snapshot year — not a time series. 2015 and 2019 ranks are not methodologically comparable; scores used instead."
E09000002,Barking and Dagenham,2019,imd_education_skills_and_training_score,25.5,"MHCLG Indices of Deprivation, borough domain summaries",borough (LSOA-derived),"Education, Skills and Training domain, average score. Scale: score. Snapshot year — not a time series. 2015 and 2019 ranks are not methodologically comparable; scores used instead."
E09000002,Barking and Dagenham,2019,imd_employment_score,0.1,"MHCLG Indices of Deprivation, borough domain summaries",borough (LSOA-derived),"Employment domain, average score. Scale: proportion. Snapshot year — not a time series. 2015 and 2019 ranks are not methodologically comparable; scores used instead."
E09000002,Barking and Dagenham,2019,imd_health_deprivation_and_disability_score,0.2,"MHCLG Indices of Deprivation, borough domain summaries",borough (LSOA-derived),"Health Deprivation and Disability domain, average score. Scale: standardised. Snapshot year — not a time series. 2015 and 2019 ranks are not methodologically comparable; scores used instead."
E09000002,Barking and Dagenham,2019,imd_income_score,0.2,"MHCLG Indices of Deprivation, borough domain summaries",borough (LSOA-derived),"Income domain, average score. Scale: proportion. Snapshot year — not a time series. 2015 and 2019 ranks are not methodologically comparable; scores used instead."
E09000002,Barking and Dagenham,2019,imd_living_environment_score,29.1,"MHCLG Indices of Deprivation, borough domain summaries",borough (LSOA-derived),"Living Environment domain, average score. Scale: score. Snapshot year — not a time series. 2015 and 2019 ranks are not methodologically comparable; scores used instead."
E09000003,Barnet,2015,imd_barriers_to_housing_and_services_score,31,"MHCLG Indices of Deprivation, borough domain summaries",borough (LSOA-derived),"Barriers to Housing and Services domain, average score. Scale: score. Snapshot year — not a time series. 2015 and 2019 ranks are not methodologically comparable; scores used instead."
E09000003,Barnet,2015,imd_education_skills_and_training_score,8.5,"MHCLG Indices of Deprivation, borough domain summaries",borough (LSOA-derived),"Education, Skills and Training domain, average score. Scale: score. Snapshot year — not a time series. 2015 and 2019 ranks are not methodologically comparable; scores used instead."
E09000003,Barnet,2015,imd_employment_score,0.1,"MHCLG Indices of Deprivation, borough domain summaries",borough (LSOA-derived),"Employment domain, average score. Scale: proportion. Snapshot year — not a time series. 2015 and 2019 ranks are not methodologically comparable; scores used instead."
E09000003,Barnet,2015,imd_health_deprivation_and_disability_score,-0.7,"MHCLG Indices of Deprivation, borough domain summaries",borough (LSOA-derived),"Health Deprivation and Disability domain, average score. Scale: standardised. Snapshot year — not a time series. 2015 and 2019 ranks are not methodologically comparable; scores used instead."
E09000003,Barnet,2015,imd_income_score,0.1,"MHCLG Indices of Deprivation, borough domain summaries",borough (LSOA-derived),"Income domain, average score. Scale: proportion. Snapshot year — not a time series. 2015 and 2019 ranks are not methodologically comparable; scores used instead."
E09000003,Barnet,2015,imd_living_environment_score,23.9,"MHCLG Indices of Deprivation, borough domain summaries",borough (LSOA-derived),"Living Environment domain, average score. Scale: score. Snapshot year — not a time series. 2015 and 2019 ranks are not methodologically comparable; scores used instead."
E09000003,Barnet,2019,imd_barriers_to_housing_and_services_score,31.2,"MHCLG Indices of Deprivation, borough domain summaries",borough (LSOA-derived),"Barriers to Housing and Services domain, average score. Scale: score. Snapshot year — not a time series. 2015 and 2019 ranks are not methodologically comparable; scores used instead."
E09000003,Barnet,2019,imd_education_skills_and_training_score,7.8,"MHCLG Indices of Deprivation, borough domain summaries",borough (LSOA-derived),"Education, Skills and Training domain, average score. Scale: score. Snapshot year — not a time series. 2015 and 2019 ranks are not methodologically comparable; scores used instead."
E09000003,Barnet,2019,imd_employment_score,0.1,"MHCLG Indices of Deprivation, borough domain summaries",borough (LSOA-derived),"Employment domain, average score. Scale: proportion. Snapshot year — not a time series. 2015 and 2019 ranks are not methodologically comparable; scores used instead."
E09000003,Barnet,2019,imd_health_deprivation_and_disability_score,-1.1,"MHCLG Indices of Deprivation, borough domain summaries",borough (LSOA-derived),"Health Deprivation and Disability domain, average score. Scale: standardised. Snapshot year — not a time series. 2015 and 2019 ranks are not methodologically comparable; scores used instead."
E09000003,Barnet,2019,imd_income_score,0.1,"MHCLG Indices of Deprivation, borough domain summaries",borough (LSOA-derived),"Income domain, average score. Scale: proportion. Snapshot year — not a time series. 2015 and 2019 ranks are not methodologically comparable; scores used instead."
E09000003,Barnet,2019,imd_living_environment_score,24.7,"MHCLG Indices of Deprivation, borough domain summaries",borough (LSOA-derived),"Living Environment domain, average score. Scale: score. Snapshot year — not a time series. 2015 and 2019 ranks are not methodologically comparable; scores used instead."
E09000004,Bexley,2015,imd_barriers_to_housing_and_services_score,23.6,"MHCLG Indices of Deprivation, borough domain summaries",borough (LSOA-derived),"Barriers to Housing and Services domain, average score. Scale: score. Snapshot year — not a time series. 2015 and 2019 ranks are not methodologically comparable; scores used instead."
E09000004,Bexley,2015,imd_education_skills_and_training_score,18.3,"MHCLG Indices of Deprivation, borough domain summaries",borough (LSOA-derived),"Education, Skills and Training domain, average score. Scale: score. Snapshot year — not a time series. 2015 and 2019 ranks are not methodologically comparable; scores used instead."
E09000004,Bexley,2015,imd_employment_score,0.1,"MHCLG Indices of Deprivation, borough domain summaries",borough (LSOA-derived),"Employment domain, average score. Scale: proportion. Snapshot year — not a time series. 2015 and 2019 ranks are not methodologically comparable; scores used instead."
E09000004,Bexley,2015,imd_health_deprivation_and_disability_score,-0.6,"MHCLG Indices of Deprivation, borough domain summaries",borough (LSOA-derived),"Health Deprivation and Disability domain, average score. Scale: standardised. Snapshot year — not a time series. 2015 and 2019 ranks are not methodologically comparable; scores used instead."
E09000004,Bexley,2015,imd_income_score,0.1,"MHCLG Indices of Deprivation, borough domain summaries",borough (LSOA-derived),"Income domain, average score. Scale: proportion. Snapshot year — not a time series. 2015 and 2019 ranks are not methodologically comparable; scores used instead."
E09000004,Bexley,2015,imd_living_environment_score,14.3,"MHCLG Indices of Deprivation, borough domain summaries",borough (LSOA-derived),"Living Environment domain, average score. Scale: score. Snapshot year — not a time series. 2015 and 2019 ranks are not methodologically comparable; scores used instead."
E09000004,Bexley,2019,imd_barriers_to_housing_and_services_score,25.9,"MHCLG Indices of Deprivation, borough domain summaries",borough (LSOA-derived),"Barriers to Housing and Services domain, average score. Scale: score. Snapshot year — not a time series. 2015 and 2019 ranks are not methodologically comparable; scores used instead."
E09000004,Bexley,2019,imd_education_skills_and_training_score,18.3,"MHCLG Indices of Deprivation, borough domain summaries",borough (LSOA-derived),"Education, Skills and Training domain, average score. Scale: score. Snapshot year — not a time series. 2015 and 2019 ranks are not methodologically comparable; scores used instead."
E09000004,Bexley,2019,imd_employment_score,0.1,"MHCLG Indices of Deprivation, borough domain summaries",borough (LSOA-derived),"Employment domain, average score. Scale: proportion. Snapshot year — not a time series. 2015 and 2019 ranks are not methodologically comparable; scores used instead."
E09000004,Bexley,2019,imd_health_deprivation_and_disability_score,-0.6,"MHCLG Indices of Deprivation, borough domain summaries",borough (LSOA-derived),"Health Deprivation and Disability domain, average score. Scale: standardised. Snapshot year — not a time series. 2015 and 2019 ranks are not methodologically comparable; scores used instead."
E09000004,Bexley,2019,imd_income_score,0.1,"MHCLG Indices of Deprivation, borough domain summaries",borough (LSOA-derived),"Income domain, average score. Scale: proportion. Snapshot year — not a time series. 2015 and 2019 ranks are not methodologically comparable; scores used instead."
E09000004,Bexley,2019,imd_living_environment_score,19.8,"MHCLG Indices of Deprivation, borough domain summaries",borough (LSOA-derived),"Living Environment domain, average score. Scale: score. Snapshot year — not a time series. 2015 and 2019 ranks are not methodologically comparable; scores used instead."
E09000005,Brent,2015,imd_barriers_to_housing_and_services_score,38.1,"MHCLG Indices of Deprivation, borough domain summaries",borough (LSOA-derived),"Barriers to Housing and Services domain, average score. Scale: score. Snapshot year — not a time series. 2015 and 2019 ranks are not methodologically comparable; scores used instead."
E09000005,Brent,2015,imd_education_skills_and_training_score,16.4,"MHCLG Indices of Deprivation, borough domain summaries",borough (LSOA-derived),"Education, Skills and Training domain, average score. Scale: score. Snapshot year — not a time series. 2015 and 2019 ranks are not methodologically comparable; scores used instead."
E09000005,Brent,2015,imd_employment_score,0.1,"MHCLG Indices of Deprivation, borough domain summaries",borough (LSOA-derived),"Employment domain, average score. Scale: proportion. Snapshot year — not a time series. 2015 and 2019 ranks are not methodologically comparable; scores used instead."
E09000005,Brent,2015,imd_health_deprivation_and_disability_score,-0.2,"MHCLG Indices of Deprivation, borough domain summaries",borough (LSOA-derived),"Health Deprivation and Disability domain, average score. Scale: standardised. Snapshot year — not a time series. 2015 and 2019 ranks are not methodologically comparable; scores used instead."
E09000005,Brent,2015,imd_income_score,0.2,"MHCLG Indices of Deprivation, borough domain summaries",borough (LSOA-derived),"Income domain, average score. Scale: proportion. Snapshot year — not a time series. 2015 and 2019 ranks are not methodologically comparable; scores used instead."
E09000005,Brent,2015,imd_living_environment_score,29.3,"MHCLG Indices of Deprivation, borough domain summaries",borough (LSOA-derived),"Living Environment domain, average score. Scale: score. Snapshot year — not a time series. 2015 and 2019 ranks are not methodologically comparable; scores used instead."
E09000005,Brent,2019,imd_barriers_to_housing_and_services_score,42.8,"MHCLG Indices of Deprivation, borough domain summaries",borough (LSOA-derived),"Barriers to Housing and Services domain, average score. Scale: score. Snapshot year — not a time series. 2015 and 2019 ranks are not methodologically comparable; scores used instead."
E09000005,Brent,2019,imd_education_skills_and_training_score,15.2,"MHCLG Indices of Deprivation, borough domain summaries",borough (LSOA-derived),"Education, Skills and Training domain, average score. Scale: score. Snapshot year — not a time series. 2015 and 2019 ranks are not methodologically comparable; scores used instead."
E09000005,Brent,2019,imd_employment_score,0.1,"MHCLG Indices of Deprivation, borough domain summaries",borough (LSOA-derived),"Employment domain, average score. Scale: proportion. Snapshot year — not a time series. 2015 and 2019 ranks are not methodologically comparable; scores used instead."
E09000005,Brent,2019,imd_health_deprivation_and_disability_score,-0.5,"MHCLG Indices of Deprivation, borough domain summaries",borough (LSOA-derived),"Health Deprivation and Disability domain, average score. Scale: standardised. Snapshot year — not a time series. 2015 and 2019 ranks are not methodologically comparable; scores used instead."
E09000005,Brent,2019,imd_income_score,0.2,"MHCLG Indices of Deprivation, borough domain summaries",borough (LSOA-derived),"Income domain, average score. Scale: proportion. Snapshot year — not a time series. 2015 and 2019 ranks are not methodologically comparable; scores used instead."
E09000005,Brent,2019,imd_living_environment_score,28.7,"MHCLG Indices of Deprivation, borough domain summaries",borough (LSOA-derived),"Living Environment domain, average score. Scale: score. Snapshot year — not a time series. 2015 and 2019 ranks are not methodologically comparable; scores used instead."
E09000006,Bromley,2015,imd_barriers_to_housing_and_services_score,24.9,"MHCLG Indices of Deprivation, borough domain summaries",borough (LSOA-derived),"Barriers to Housing and Services domain, average score. Scale: score. Snapshot year — not a time series. 2015 and 2019 ranks are not methodologically comparable; scores used instead."
E09000006,Bromley,2015,imd_education_skills_and_training_score,11.5,"MHCLG Indices of Deprivation, borough domain summaries",borough (LSOA-derived),"Education, Skills and Training domain, average score. Scale: score. Snapshot year — not a time series. 2015 and 2019 ranks are not methodologically comparable; scores used instead."
E09000006,Bromley,2015,imd_employment_score,0.1,"MHCLG Indices of Deprivation, borough domain summaries",borough (LSOA-derived),"Employment domain, average score. Scale: proportion. Snapshot year — not a time series. 2015 and 2019 ranks are not methodologically comparable; scores used instead."
E09000006,Bromley,2015,imd_health_deprivation_and_disability_score,-0.8,"MHCLG Indices of Deprivation, borough domain summaries",borough (LSOA-derived),"Health Deprivation and Disability domain, average score. Scale: standardised. Snapshot year — not a time series. 2015 and 2019 ranks are not methodologically comparable; scores used instead."
E09000006,Bromley,2015,imd_income_score,0.1,"MHCLG Indices of Deprivation, borough domain summaries",borough (LSOA-derived),"Income domain, average score. Scale: proportion. Snapshot year — not a time series. 2015 and 2019 ranks are not methodologically comparable; scores used instead."
E09000006,Bromley,2015,imd_living_environment_score,16,"MHCLG Indices of Deprivation, borough domain summaries",borough (LSOA-derived),"Living Environment domain, average score. Scale: score. Snapshot year — not a time series. 2015 and 2019 ranks are not methodologically comparable; scores used instead."
E09000006,Bromley,2019,imd_barriers_to_housing_and_services_score,27.8,"MHCLG Indices of Deprivation, borough domain summaries",borough (LSOA-derived),"Barriers to Housing and Services domain, average score. Scale: score. Snapshot year — not a time series. 2015 and 2019 ranks are not methodologically comparable; scores used instead."
E09000006,Bromley,2019,imd_education_skills_and_training_score,10.6,"MHCLG Indices of Deprivation, borough domain summaries",borough (LSOA-derived),"Education, Skills and Training domain, average score. Scale: score. Snapshot year — not a time series. 2015 and 2019 ranks are not methodologically comparable; scores used instead."
E09000006,Bromley,2019,imd_employment_score,0.1,"MHCLG Indices of Deprivation, borough domain summaries",borough (LSOA-derived),"Employment domain, average score. Scale: proportion. Snapshot year — not a time series. 2015 and 2019 ranks are not methodologically comparable; scores used instead."
E09000006,Bromley,2019,imd_health_deprivation_and_disability_score,-0.9,"MHCLG Indices of Deprivation, borough domain summaries",borough (LSOA-derived),"Health Deprivation and Disability domain, average score. Scale: standardised. Snapshot year — not a time series. 2015 and 2019 ranks are not methodologically comparable; scores used instead."
E09000006,Bromley,2019,imd_income_score,0.1,"MHCLG Indices of Deprivation, borough domain summaries",borough (LSOA-derived),"Income domain, average score. Scale: proportion. Snapshot year — not a time series. 2015 and 2019 ranks are not methodologically comparable; scores used instead."
E09000006,Bromley,2019,imd_living_environment_score,18.4,"MHCLG Indices of Deprivation, borough domain summaries",borough (LSOA-derived),"Living Environment domain, average score. Scale: score. Snapshot year — not a time series. 2015 and 2019 ranks are not methodologically comparable; scores used instead."
E09000007,Camden,2015,imd_barriers_to_housing_and_services_score,22.5,"MHCLG Indices of Deprivation, borough domain summaries",borough (LSOA-derived),"Barriers to Housing and Services domain, average score. Scale: score. Snapshot year — not a time series. 2015 and 2019 ranks are not methodologically comparable; scores used instead."
E09000007,Camden,2015,imd_education_skills_and_training_score,11.3,"MHCLG Indices of Deprivation, borough domain summaries",borough (LSOA-derived),"Education, Skills and Training domain, average score. Scale: score. Snapshot year — not a time series. 2015 and 2019 ranks are not methodologically comparable; scores used instead."
E09000007,Camden,2015,imd_employment_score,0.1,"MHCLG Indices of Deprivation, borough domain summaries",borough (LSOA-derived),"Employment domain, average score. Scale: proportion. Snapshot year — not a time series. 2015 and 2019 ranks are not methodologically comparable; scores used instead."
E09000007,Camden,2015,imd_health_deprivation_and_disability_score,0,"MHCLG Indices of Deprivation, borough domain summaries",borough (LSOA-derived),"Health Deprivation and Disability domain, average score. Scale: standardised. Snapshot year — not a time series. 2015 and 2019 ranks are not methodologically comparable; scores used instead."
E09000007,Camden,2015,imd_income_score,0.2,"MHCLG Indices of Deprivation, borough domain summaries",borough (LSOA-derived),"Income domain, average score. Scale: proportion. Snapshot year — not a time series. 2015 and 2019 ranks are not methodologically comparable; scores used instead."
E09000007,Camden,2015,imd_living_environment_score,47.7,"MHCLG Indices of Deprivation, borough domain summaries",borough (LSOA-derived),"Living Environment domain, average score. Scale: score. Snapshot year — not a time series. 2015 and 2019 ranks are not methodologically comparable; scores used instead."
E09000007,Camden,2019,imd_barriers_to_housing_and_services_score,21.6,"MHCLG Indices of Deprivation, borough domain summaries",borough (LSOA-derived),"Barriers to Housing and Services domain, average score. Scale: score. Snapshot year — not a time series. 2015 and 2019 ranks are not methodologically comparable; scores used instead."
E09000007,Camden,2019,imd_education_skills_and_training_score,10.5,"MHCLG Indices of Deprivation, borough domain summaries",borough (LSOA-derived),"Education, Skills and Training domain, average score. Scale: score. Snapshot year — not a time series. 2015 and 2019 ranks are not methodologically comparable; scores used instead."
E09000007,Camden,2019,imd_employment_score,0.1,"MHCLG Indices of Deprivation, borough domain summaries",borough (LSOA-derived),"Employment domain, average score. Scale: proportion. Snapshot year — not a time series. 2015 and 2019 ranks are not methodologically comparable; scores used instead."
E09000007,Camden,2019,imd_health_deprivation_and_disability_score,-0.6,"MHCLG Indices of Deprivation, borough domain summaries",borough (LSOA-derived),"Health Deprivation and Disability domain, average score. Scale: standardised. Snapshot year — not a time series. 2015 and 2019 ranks are not methodologically comparable; scores used instead."
E09000007,Camden,2019,imd_income_score,0.1,"MHCLG Indices of Deprivation, borough domain summaries",borough (LSOA-derived),"Income domain, average score. Scale: proportion. Snapshot year — not a time series. 2015 and 2019 ranks are not methodologically comparable; scores used instead."
E09000007,Camden,2019,imd_living_environment_score,33.5,"MHCLG Indices of Deprivation, borough domain summaries",borough (LSOA-derived),"Living Environment domain, average score. Scale: score. Snapshot year — not a time series. 2015 and 2019 ranks are not methodologically comparable; scores used instead."
E09000001,City of London,2015,imd_barriers_to_housing_and_services_score,30.7,"MHCLG Indices of Deprivation, borough domain summaries",borough (LSOA-derived),"Barriers to Housing and Services domain, average score. Scale: score. Snapshot year — not a time series. 2015 and 2019 ranks are not methodologically comparable; scores used instead."
E09000001,City of London,2015,imd_education_skills_and_training_score,4.1,"MHCLG Indices of Deprivation, borough domain summaries",borough (LSOA-derived),"Education, Skills and Training domain, average score. Scale: score. Snapshot year — not a time series. 2015 and 2019 ranks are not methodologically comparable; scores used instead."
E09000001,City of London,2015,imd_employment_score,0,"MHCLG Indices of Deprivation, borough domain summaries",borough (LSOA-derived),"Employment domain, average score. Scale: proportion. Snapshot year — not a time series. 2015 and 2019 ranks are not methodologically comparable; scores used instead."
E09000001,City of London,2015,imd_health_deprivation_and_disability_score,-0.9,"MHCLG Indices of Deprivation, borough domain summaries",borough (LSOA-derived),"Health Deprivation and Disability domain, average score. Scale: standardised. Snapshot year — not a time series. 2015 and 2019 ranks are not methodologically comparable; scores used instead."
E09000001,City of London,2015,imd_income_score,0.1,"MHCLG Indices of Deprivation, borough domain summaries",borough (LSOA-derived),"Income domain, average score. Scale: proportion. Snapshot year — not a time series. 2015 and 2019 ranks are not methodologically comparable; scores used instead."
E09000001,City of London,2015,imd_living_environment_score,48.3,"MHCLG Indices of Deprivation, borough domain summaries",borough (LSOA-derived),"Living Environment domain, average score. Scale: score. Snapshot year — not a time series. 2015 and 2019 ranks are not methodologically comparable; scores used instead."
E09000001,City of London,2019,imd_barriers_to_housing_and_services_score,35.7,"MHCLG Indices of Deprivation, borough domain summaries",borough (LSOA-derived),"Barriers to Housing and Services domain, average score. Scale: score. Snapshot year — not a time series. 2015 and 2019 ranks are not methodologically comparable; scores used instead."
E09000001,City of London,2019,imd_education_skills_and_training_score,5.5,"MHCLG Indices of Deprivation, borough domain summaries",borough (LSOA-derived),"Education, Skills and Training domain, average score. Scale: score. Snapshot year — not a time series. 2015 and 2019 ranks are not methodologically comparable; scores used instead."
E09000001,City of London,2019,imd_employment_score,0.1,"MHCLG Indices of Deprivation, borough domain summaries",borough (LSOA-derived),"Employment domain, average score. Scale: proportion. Snapshot year — not a time series. 2015 and 2019 ranks are not methodologically comparable; scores used instead."
E09000001,City of London,2019,imd_health_deprivation_and_disability_score,-0.7,"MHCLG Indices of Deprivation, borough domain summaries",borough (LSOA-derived),"Health Deprivation and Disability domain, average score. Scale: standardised. Snapshot year — not a time series. 2015 and 2019 ranks are not methodologically comparable; scores used instead."
E09000001,City of London,2019,imd_income_score,0.1,"MHCLG Indices of Deprivation, borough domain summaries",borough (LSOA-derived),"Income domain, average score. Scale: proportion. Snapshot year — not a time series. 2015 and 2019 ranks are not methodologically comparable; scores used instead."
E09000001,City of London,2019,imd_living_environment_score,39,"MHCLG Indices of Deprivation, borough domain summaries",borough (LSOA-derived),"Living Environment domain, average score. Scale: score. Snapshot year — not a time series. 2015 and 2019 ranks are not methodologically comparable; scores used instead."
E09000008,Croydon,2015,imd_barriers_to_housing_and_services_score,31.7,"MHCLG Indices of Deprivation, borough domain summaries",borough (LSOA-derived),"Barriers to Housing and Services domain, average score. Scale: score. Snapshot year — not a time series. 2015 and 2019 ranks are not methodologically comparable; scores used instead."
E09000008,Croydon,2015,imd_education_skills_and_training_score,15.7,"MHCLG Indices of Deprivation, borough domain summaries",borough (LSOA-derived),"Education, Skills and Training domain, average score. Scale: score. Snapshot year — not a time series. 2015 and 2019 ranks are not methodologically comparable; scores used instead."
E09000008,Croydon,2015,imd_employment_score,0.1,"MHCLG Indices of Deprivation, borough domain summaries",borough (LSOA-derived),"Employment domain, average score. Scale: proportion. Snapshot year — not a time series. 2015 and 2019 ranks are not methodologically comparable; scores used instead."
E09000008,Croydon,2015,imd_health_deprivation_and_disability_score,-0.1,"MHCLG Indices of Deprivation, borough domain summaries",borough (LSOA-derived),"Health Deprivation and Disability domain, average score. Scale: standardised. Snapshot year — not a time series. 2015 and 2019 ranks are not methodologically comparable; scores used instead."
E09000008,Croydon,2015,imd_income_score,0.2,"MHCLG Indices of Deprivation, borough domain summaries",borough (LSOA-derived),"Income domain, average score. Scale: proportion. Snapshot year — not a time series. 2015 and 2019 ranks are not methodologically comparable; scores used instead."
E09000008,Croydon,2015,imd_living_environment_score,24.1,"MHCLG Indices of Deprivation, borough domain summaries",borough (LSOA-derived),"Living Environment domain, average score. Scale: score. Snapshot year — not a time series. 2015 and 2019 ranks are not methodologically comparable; scores used instead."
E09000008,Croydon,2019,imd_barriers_to_housing_and_services_score,34,"MHCLG Indices of Deprivation, borough domain summaries",borough (LSOA-derived),"Barriers to Housing and Services domain, average score. Scale: score. Snapshot year — not a time series. 2015 and 2019 ranks are not methodologically comparable; scores used instead."
E09000008,Croydon,2019,imd_education_skills_and_training_score,15.6,"MHCLG Indices of Deprivation, borough domain summaries",borough (LSOA-derived),"Education, Skills and Training domain, average score. Scale: score. Snapshot year — not a time series. 2015 and 2019 ranks are not methodologically comparable; scores used instead."
E09000008,Croydon,2019,imd_employment_score,0.1,"MHCLG Indices of Deprivation, borough domain summaries",borough (LSOA-derived),"Employment domain, average score. Scale: proportion. Snapshot year — not a time series. 2015 and 2019 ranks are not methodologically comparable; scores used instead."
E09000008,Croydon,2019,imd_health_deprivation_and_disability_score,-0.2,"MHCLG Indices of Deprivation, borough domain summaries",borough (LSOA-derived),"Health Deprivation and Disability domain, average score. Scale: standardised. Snapshot year — not a time series. 2015 and 2019 ranks are not methodologically comparable; scores used instead."
E09000008,Croydon,2019,imd_income_score,0.1,"MHCLG Indices of Deprivation, borough domain summaries",borough (LSOA-derived),"Income domain, average score. Scale: proportion. Snapshot year — not a time series. 2015 and 2019 ranks are not methodologically comparable; scores used instead."
E09000008,Croydon,2019,imd_living_environment_score,26,"MHCLG Indices of Deprivation, borough domain summaries",borough (LSOA-derived),"Living Environment domain, average score. Scale: score. Snapshot year — not a time series. 2015 and 2019 ranks are not methodologically comparable; scores used instead."
E09000009,Ealing,2015,imd_barriers_to_housing_and_services_score,31.7,"MHCLG Indices of Deprivation, borough domain summaries",borough (LSOA-derived),"Barriers to Housing and Services domain, average score. Scale: score. Snapshot year — not a time series. 2015 and 2019 ranks are not methodologically comparable; scores used instead."
E09000009,Ealing,2015,imd_education_skills_and_training_score,13.2,"MHCLG Indices of Deprivation, borough domain summaries",borough (LSOA-derived),"Education, Skills and Training domain, average score. Scale: score. Snapshot year — not a time series. 2015 and 2019 ranks are not methodologically comparable; scores used instead."
E09000009,Ealing,2015,imd_employment_score,0.1,"MHCLG Indices of Deprivation, borough domain summaries",borough (LSOA-derived),"Employment domain, average score. Scale: proportion. Snapshot year — not a time series. 2015 and 2019 ranks are not methodologically comparable; scores used instead."
E09000009,Ealing,2015,imd_health_deprivation_and_disability_score,-0.1,"MHCLG Indices of Deprivation, borough domain summaries",borough (LSOA-derived),"Health Deprivation and Disability domain, average score. Scale: standardised. Snapshot year — not a time series. 2015 and 2019 ranks are not methodologically comparable; scores used instead."
E09000009,Ealing,2015,imd_income_score,0.2,"MHCLG Indices of Deprivation, borough domain summaries",borough (LSOA-derived),"Income domain, average score. Scale: proportion. Snapshot year — not a time series. 2015 and 2019 ranks are not methodologically comparable; scores used instead."
E09000009,Ealing,2015,imd_living_environment_score,28.4,"MHCLG Indices of Deprivation, borough domain summaries",borough (LSOA-derived),"Living Environment domain, average score. Scale: score. Snapshot year — not a time series. 2015 and 2019 ranks are not methodologically comparable; scores used instead."
E09000009,Ealing,2019,imd_barriers_to_housing_and_services_score,36.5,"MHCLG Indices of Deprivation, borough domain summaries",borough (LSOA-derived),"Barriers to Housing and Services domain, average score. Scale: score. Snapshot year — not a time series. 2015 and 2019 ranks are not methodologically comparable; scores used instead."
E09000009,Ealing,2019,imd_education_skills_and_training_score,12.5,"MHCLG Indices of Deprivation, borough domain summaries",borough (LSOA-derived),"Education, Skills and Training domain, average score. Scale: score. Snapshot year — not a time series. 2015 and 2019 ranks are not methodologically comparable; scores used instead."
E09000009,Ealing,2019,imd_employment_score,0.1,"MHCLG Indices of Deprivation, borough domain summaries",borough (LSOA-derived),"Employment domain, average score. Scale: proportion. Snapshot year — not a time series. 2015 and 2019 ranks are not methodologically comparable; scores used instead."
E09000009,Ealing,2019,imd_health_deprivation_and_disability_score,-0.3,"MHCLG Indices of Deprivation, borough domain summaries",borough (LSOA-derived),"Health Deprivation and Disability domain, average score. Scale: standardised. Snapshot year — not a time series. 2015 and 2019 ranks are not methodologically comparable; scores used instead."
E09000009,Ealing,2019,imd_income_score,0.1,"MHCLG Indices of Deprivation, borough domain summaries",borough (LSOA-derived),"Income domain, average score. Scale: proportion. Snapshot year — not a time series. 2015 and 2019 ranks are not methodologically comparable; scores used instead."
E09000009,Ealing,2019,imd_living_environment_score,30.3,"MHCLG Indices of Deprivation, borough domain summaries",borough (LSOA-derived),"Living Environment domain, average score. Scale: score. Snapshot year — not a time series. 2015 and 2019 ranks are not methodologically comparable; scores used instead."
E09000010,Enfield,2015,imd_barriers_to_housing_and_services_score,32,"MHCLG Indices of Deprivation, borough domain summaries",borough (LSOA-derived),"Barriers to Housing and Services domain, average score. Scale: score. Snapshot year — not a time series. 2015 and 2019 ranks are not methodologically comparable; scores used instead."
E09000010,Enfield,2015,imd_education_skills_and_training_score,20.7,"MHCLG Indices of Deprivation, borough domain summaries",borough (LSOA-derived),"Education, Skills and Training domain, average score. Scale: score. Snapshot year — not a time series. 2015 and 2019 ranks are not methodologically comparable; scores used instead."
E09000010,Enfield,2015,imd_employment_score,0.1,"MHCLG Indices of Deprivation, borough domain summaries",borough (LSOA-derived),"Employment domain, average score. Scale: proportion. Snapshot year — not a time series. 2015 and 2019 ranks are not methodologically comparable; scores used instead."
E09000010,Enfield,2015,imd_health_deprivation_and_disability_score,-0.3,"MHCLG Indices of Deprivation, borough domain summaries",borough (LSOA-derived),"Health Deprivation and Disability domain, average score. Scale: standardised. Snapshot year — not a time series. 2015 and 2019 ranks are not methodologically comparable; scores used instead."
E09000010,Enfield,2015,imd_income_score,0.2,"MHCLG Indices of Deprivation, borough domain summaries",borough (LSOA-derived),"Income domain, average score. Scale: proportion. Snapshot year — not a time series. 2015 and 2019 ranks are not methodologically comparable; scores used instead."
E09000010,Enfield,2015,imd_living_environment_score,25,"MHCLG Indices of Deprivation, borough domain summaries",borough (LSOA-derived),"Living Environment domain, average score. Scale: score. Snapshot year — not a time series. 2015 and 2019 ranks are not methodologically comparable; scores used instead."
E09000010,Enfield,2019,imd_barriers_to_housing_and_services_score,39.7,"MHCLG Indices of Deprivation, borough domain summaries",borough (LSOA-derived),"Barriers to Housing and Services domain, average score. Scale: score. Snapshot year — not a time series. 2015 and 2019 ranks are not methodologically comparable; scores used instead."
E09000010,Enfield,2019,imd_education_skills_and_training_score,20.3,"MHCLG Indices of Deprivation, borough domain summaries",borough (LSOA-derived),"Education, Skills and Training domain, average score. Scale: score. Snapshot year — not a time series. 2015 and 2019 ranks are not methodologically comparable; scores used instead."
E09000010,Enfield,2019,imd_employment_score,0.1,"MHCLG Indices of Deprivation, borough domain summaries",borough (LSOA-derived),"Employment domain, average score. Scale: proportion. Snapshot year — not a time series. 2015 and 2019 ranks are not methodologically comparable; scores used instead."
E09000010,Enfield,2019,imd_health_deprivation_and_disability_score,-0.5,"MHCLG Indices of Deprivation, borough domain summaries",borough (LSOA-derived),"Health Deprivation and Disability domain, average score. Scale: standardised. Snapshot year — not a time series. 2015 and 2019 ranks are not methodologically comparable; scores used instead."
E09000010,Enfield,2019,imd_income_score,0.2,"MHCLG Indices of Deprivation, borough domain summaries",borough (LSOA-derived),"Income domain, average score. Scale: proportion. Snapshot year — not a time series. 2015 and 2019 ranks are not methodologically comparable; scores used instead."
E09000010,Enfield,2019,imd_living_environment_score,27.5,"MHCLG Indices of Deprivation, borough domain summaries",borough (LSOA-derived),"Living Environment domain, average score. Scale: score. Snapshot year — not a time series. 2015 and 2019 ranks are not methodologically comparable; scores used instead."
E09000011,Greenwich,2015,imd_barriers_to_housing_and_services_score,27.9,"MHCLG Indices of Deprivation, borough domain summaries",borough (LSOA-derived),"Barriers to Housing and Services domain, average score. Scale: score. Snapshot year — not a time series. 2015 and 2019 ranks are not methodologically comparable; scores used instead."
E09000011,Greenwich,2015,imd_education_skills_and_training_score,16.8,"MHCLG Indices of Deprivation, borough domain summaries",borough (LSOA-derived),"Education, Skills and Training domain, average score. Scale: score. Snapshot year — not a time series. 2015 and 2019 ranks are not methodologically comparable; scores used instead."
E09000011,Greenwich,2015,imd_employment_score,0.1,"MHCLG Indices of Deprivation, borough domain summaries",borough (LSOA-derived),"Employment domain, average score. Scale: proportion. Snapshot year — not a time series. 2015 and 2019 ranks are not methodologically comparable; scores used instead."
E09000011,Greenwich,2015,imd_health_deprivation_and_disability_score,0.2,"MHCLG Indices of Deprivation, borough domain summaries",borough (LSOA-derived),"Health Deprivation and Disability domain, average score. Scale: standardised. Snapshot year — not a time series. 2015 and 2019 ranks are not methodologically comparable; scores used instead."
E09000011,Greenwich,2015,imd_income_score,0.2,"MHCLG Indices of Deprivation, borough domain summaries",borough (LSOA-derived),"Income domain, average score. Scale: proportion. Snapshot year — not a time series. 2015 and 2019 ranks are not methodologically comparable; scores used instead."
E09000011,Greenwich,2015,imd_living_environment_score,24.8,"MHCLG Indices of Deprivation, borough domain summaries",borough (LSOA-derived),"Living Environment domain, average score. Scale: score. Snapshot year — not a time series. 2015 and 2019 ranks are not methodologically comparable; scores used instead."
E09000011,Greenwich,2019,imd_barriers_to_housing_and_services_score,32.3,"MHCLG Indices of Deprivation, borough domain summaries",borough (LSOA-derived),"Barriers to Housing and Services domain, average score. Scale: score. Snapshot year — not a time series. 2015 and 2019 ranks are not methodologically comparable; scores used instead."
E09000011,Greenwich,2019,imd_education_skills_and_training_score,15.6,"MHCLG Indices of Deprivation, borough domain summaries",borough (LSOA-derived),"Education, Skills and Training domain, average score. Scale: score. Snapshot year — not a time series. 2015 and 2019 ranks are not methodologically comparable; scores used instead."
E09000011,Greenwich,2019,imd_employment_score,0.1,"MHCLG Indices of Deprivation, borough domain summaries",borough (LSOA-derived),"Employment domain, average score. Scale: proportion. Snapshot year — not a time series. 2015 and 2019 ranks are not methodologically comparable; scores used instead."
E09000011,Greenwich,2019,imd_health_deprivation_and_disability_score,0,"MHCLG Indices of Deprivation, borough domain summaries",borough (LSOA-derived),"Health Deprivation and Disability domain, average score. Scale: standardised. Snapshot year — not a time series. 2015 and 2019 ranks are not methodologically comparable; scores used instead."
E09000011,Greenwich,2019,imd_income_score,0.2,"MHCLG Indices of Deprivation, borough domain summaries",borough (LSOA-derived),"Income domain, average score. Scale: proportion. Snapshot year — not a time series. 2015 and 2019 ranks are not methodologically comparable; scores used instead."
E09000011,Greenwich,2019,imd_living_environment_score,24.6,"MHCLG Indices of Deprivation, borough domain summaries",borough (LSOA-derived),"Living Environment domain, average score. Scale: score. Snapshot year — not a time series. 2015 and 2019 ranks are not methodologically comparable; scores used instead."
E09000012,Hackney,2015,imd_barriers_to_housing_and_services_score,37.1,"MHCLG Indices of Deprivation, borough domain summaries",borough (LSOA-derived),"Barriers to Housing and Services domain, average score. Scale: score. Snapshot year — not a time series. 2015 and 2019 ranks are not methodologically comparable; scores used instead."
E09000012,Hackney,2015,imd_education_skills_and_training_score,17.2,"MHCLG Indices of Deprivation, borough domain summaries",borough (LSOA-derived),"Education, Skills and Training domain, average score. Scale: score. Snapshot year — not a time series. 2015 and 2019 ranks are not methodologically comparable; scores used instead."
E09000012,Hackney,2015,imd_employment_score,0.1,"MHCLG Indices of Deprivation, borough domain summaries",borough (LSOA-derived),"Employment domain, average score. Scale: proportion. Snapshot year — not a time series. 2015 and 2019 ranks are not methodologically comparable; scores used instead."
E09000012,Hackney,2015,imd_health_deprivation_and_disability_score,0.5,"MHCLG Indices of Deprivation, borough domain summaries",borough (LSOA-derived),"Health Deprivation and Disability domain, average score. Scale: standardised. Snapshot year — not a time series. 2015 and 2019 ranks are not methodologically comparable; scores used instead."
E09000012,Hackney,2015,imd_income_score,0.2,"MHCLG Indices of Deprivation, borough domain summaries",borough (LSOA-derived),"Income domain, average score. Scale: proportion. Snapshot year — not a time series. 2015 and 2019 ranks are not methodologically comparable; scores used instead."
E09000012,Hackney,2015,imd_living_environment_score,44.2,"MHCLG Indices of Deprivation, borough domain summaries",borough (LSOA-derived),"Living Environment domain, average score. Scale: score. Snapshot year — not a time series. 2015 and 2019 ranks are not methodologically comparable; scores used instead."
E09000012,Hackney,2019,imd_barriers_to_housing_and_services_score,42.7,"MHCLG Indices of Deprivation, borough domain summaries",borough (LSOA-derived),"Barriers to Housing and Services domain, average score. Scale: score. Snapshot year — not a time series. 2015 and 2019 ranks are not methodologically comparable; scores used instead."
E09000012,Hackney,2019,imd_education_skills_and_training_score,15,"MHCLG Indices of Deprivation, borough domain summaries",borough (LSOA-derived),"Education, Skills and Training domain, average score. Scale: score. Snapshot year — not a time series. 2015 and 2019 ranks are not methodologically comparable; scores used instead."
E09000012,Hackney,2019,imd_employment_score,0.1,"MHCLG Indices of Deprivation, borough domain summaries",borough (LSOA-derived),"Employment domain, average score. Scale: proportion. Snapshot year — not a time series. 2015 and 2019 ranks are not methodologically comparable; scores used instead."
E09000012,Hackney,2019,imd_health_deprivation_and_disability_score,0.4,"MHCLG Indices of Deprivation, borough domain summaries",borough (LSOA-derived),"Health Deprivation and Disability domain, average score. Scale: standardised. Snapshot year — not a time series. 2015 and 2019 ranks are not methodologically comparable; scores used instead."
E09000012,Hackney,2019,imd_income_score,0.2,"MHCLG Indices of Deprivation, borough domain summaries",borough (LSOA-derived),"Income domain, average score. Scale: proportion. Snapshot year — not a time series. 2015 and 2019 ranks are not methodologically comparable; scores used instead."
E09000012,Hackney,2019,imd_living_environment_score,36.1,"MHCLG Indices of Deprivation, borough domain summaries",borough (LSOA-derived),"Living Environment domain, average score. Scale: score. Snapshot year — not a time series. 2015 and 2019 ranks are not methodologically comparable; scores used instead."
E09000013,Hammersmith and Fulham,2015,imd_barriers_to_housing_and_services_score,25,"MHCLG Indices of Deprivation, borough domain summaries",borough (LSOA-derived),"Barriers to Housing and Services domain, average score. Scale: score. Snapshot year — not a time series. 2015 and 2019 ranks are not methodologically comparable; scores used instead."
E09000013,Hammersmith and Fulham,2015,imd_education_skills_and_training_score,9.1,"MHCLG Indices of Deprivation, borough domain summaries",borough (LSOA-derived),"Education, Skills and Training domain, average score. Scale: score. Snapshot year — not a time series. 2015 and 2019 ranks are not methodologically comparable; scores used instead."
E09000013,Hammersmith and Fulham,2015,imd_employment_score,0.1,"MHCLG Indices of Deprivation, borough domain summaries",borough (LSOA-derived),"Employment domain, average score. Scale: proportion. Snapshot year — not a time series. 2015 and 2019 ranks are not methodologically comparable; scores used instead."
E09000013,Hammersmith and Fulham,2015,imd_health_deprivation_and_disability_score,0.2,"MHCLG Indices of Deprivation, borough domain summaries",borough (LSOA-derived),"Health Deprivation and Disability domain, average score. Scale: standardised. Snapshot year — not a time series. 2015 and 2019 ranks are not methodologically comparable; scores used instead."
E09000013,Hammersmith and Fulham,2015,imd_income_score,0.2,"MHCLG Indices of Deprivation, borough domain summaries",borough (LSOA-derived),"Income domain, average score. Scale: proportion. Snapshot year — not a time series. 2015 and 2019 ranks are not methodologically comparable; scores used instead."
E09000013,Hammersmith and Fulham,2015,imd_living_environment_score,44,"MHCLG Indices of Deprivation, borough domain summaries",borough (LSOA-derived),"Living Environment domain, average score. Scale: score. Snapshot year — not a time series. 2015 and 2019 ranks are not methodologically comparable; scores used instead."
E09000013,Hammersmith and Fulham,2019,imd_barriers_to_housing_and_services_score,28.3,"MHCLG Indices of Deprivation, borough domain summaries",borough (LSOA-derived),"Barriers to Housing and Services domain, average score. Scale: score. Snapshot year — not a time series. 2015 and 2019 ranks are not methodologically comparable; scores used instead."
E09000013,Hammersmith and Fulham,2019,imd_education_skills_and_training_score,8.1,"MHCLG Indices of Deprivation, borough domain summaries",borough (LSOA-derived),"Education, Skills and Training domain, average score. Scale: score. Snapshot year — not a time series. 2015 and 2019 ranks are not methodologically comparable; scores used instead."
E09000013,Hammersmith and Fulham,2019,imd_employment_score,0.1,"MHCLG Indices of Deprivation, borough domain summaries",borough (LSOA-derived),"Employment domain, average score. Scale: proportion. Snapshot year — not a time series. 2015 and 2019 ranks are not methodologically comparable; scores used instead."
E09000013,Hammersmith and Fulham,2019,imd_health_deprivation_and_disability_score,-0.1,"MHCLG Indices of Deprivation, borough domain summaries",borough (LSOA-derived),"Health Deprivation and Disability domain, average score. Scale: standardised. Snapshot year — not a time series. 2015 and 2019 ranks are not methodologically comparable; scores used instead."
E09000013,Hammersmith and Fulham,2019,imd_income_score,0.1,"MHCLG Indices of Deprivation, borough domain summaries",borough (LSOA-derived),"Income domain, average score. Scale: proportion. Snapshot year — not a time series. 2015 and 2019 ranks are not methodologically comparable; scores used instead."
E09000013,Hammersmith and Fulham,2019,imd_living_environment_score,35,"MHCLG Indices of Deprivation, borough domain summaries",borough (LSOA-derived),"Living Environment domain, average score. Scale: score. Snapshot year — not a time series. 2015 and 2019 ranks are not methodologically comparable; scores used instead."
E09000014,Haringey,2015,imd_barriers_to_housing_and_services_score,34.6,"MHCLG Indices of Deprivation, borough domain summaries",borough (LSOA-derived),"Barriers to Housing and Services domain, average score. Scale: score. Snapshot year — not a time series. 2015 and 2019 ranks are not methodologically comparable; scores used instead."
E09000014,Haringey,2015,imd_education_skills_and_training_score,18.5,"MHCLG Indices of Deprivation, borough domain summaries",borough (LSOA-derived),"Education, Skills and Training domain, average score. Scale: score. Snapshot year — not a time series. 2015 and 2019 ranks are not methodologically comparable; scores used instead."
E09000014,Haringey,2015,imd_employment_score,0.1,"MHCLG Indices of Deprivation, borough domain summaries",borough (LSOA-derived),"Employment domain, average score. Scale: proportion. Snapshot year — not a time series. 2015 and 2019 ranks are not methodologically comparable; scores used instead."
E09000014,Haringey,2015,imd_health_deprivation_and_disability_score,0.1,"MHCLG Indices of Deprivation, borough domain summaries",borough (LSOA-derived),"Health Deprivation and Disability domain, average score. Scale: standardised. Snapshot year — not a time series. 2015 and 2019 ranks are not methodologically comparable; scores used instead."
E09000014,Haringey,2015,imd_income_score,0.2,"MHCLG Indices of Deprivation, borough domain summaries",borough (LSOA-derived),"Income domain, average score. Scale: proportion. Snapshot year — not a time series. 2015 and 2019 ranks are not methodologically comparable; scores used instead."
E09000014,Haringey,2015,imd_living_environment_score,38.2,"MHCLG Indices of Deprivation, borough domain summaries",borough (LSOA-derived),"Living Environment domain, average score. Scale: score. Snapshot year — not a time series. 2015 and 2019 ranks are not methodologically comparable; scores used instead."
E09000014,Haringey,2019,imd_barriers_to_housing_and_services_score,35.1,"MHCLG Indices of Deprivation, borough domain summaries",borough (LSOA-derived),"Barriers to Housing and Services domain, average score. Scale: score. Snapshot year — not a time series. 2015 and 2019 ranks are not methodologically comparable; scores used instead."
E09000014,Haringey,2019,imd_education_skills_and_training_score,17.6,"MHCLG Indices of Deprivation, borough domain summaries",borough (LSOA-derived),"Education, Skills and Training domain, average score. Scale: score. Snapshot year — not a time series. 2015 and 2019 ranks are not methodologically comparable; scores used instead."
E09000014,Haringey,2019,imd_employment_score,0.1,"MHCLG Indices of Deprivation, borough domain summaries",borough (LSOA-derived),"Employment domain, average score. Scale: proportion. Snapshot year — not a time series. 2015 and 2019 ranks are not methodologically comparable; scores used instead."
E09000014,Haringey,2019,imd_health_deprivation_and_disability_score,-0.1,"MHCLG Indices of Deprivation, borough domain summaries",borough (LSOA-derived),"Health Deprivation and Disability domain, average score. Scale: standardised. Snapshot year — not a time series. 2015 and 2019 ranks are not methodologically comparable; scores used instead."
E09000014,Haringey,2019,imd_income_score,0.2,"MHCLG Indices of Deprivation, borough domain summaries",borough (LSOA-derived),"Income domain, average score. Scale: proportion. Snapshot year — not a time series. 2015 and 2019 ranks are not methodologically comparable; scores used instead."
E09000014,Haringey,2019,imd_living_environment_score,34.4,"MHCLG Indices of Deprivation, borough domain summaries",borough (LSOA-derived),"Living Environment domain, average score. Scale: score. Snapshot year — not a time series. 2015 and 2019 ranks are not methodologically comparable; scores used instead."
E09000015,Harrow,2015,imd_barriers_to_housing_and_services_score,25.3,"MHCLG Indices of Deprivation, borough domain summaries",borough (LSOA-derived),"Barriers to Housing and Services domain, average score. Scale: score. Snapshot year — not a time series. 2015 and 2019 ranks are not methodologically comparable; scores used instead."
E09000015,Harrow,2015,imd_education_skills_and_training_score,8.9,"MHCLG Indices of Deprivation, borough domain summaries",borough (LSOA-derived),"Education, Skills and Training domain, average score. Scale: score. Snapshot year — not a time series. 2015 and 2019 ranks are not methodologically comparable; scores used instead."
E09000015,Harrow,2015,imd_employment_score,0.1,"MHCLG Indices of Deprivation, borough domain summaries",borough (LSOA-derived),"Employment domain, average score. Scale: proportion. Snapshot year — not a time series. 2015 and 2019 ranks are not methodologically comparable; scores used instead."
E09000015,Harrow,2015,imd_health_deprivation_and_disability_score,-0.8,"MHCLG Indices of Deprivation, borough domain summaries",borough (LSOA-derived),"Health Deprivation and Disability domain, average score. Scale: standardised. Snapshot year — not a time series. 2015 and 2019 ranks are not methodologically comparable; scores used instead."
E09000015,Harrow,2015,imd_income_score,0.1,"MHCLG Indices of Deprivation, borough domain summaries",borough (LSOA-derived),"Income domain, average score. Scale: proportion. Snapshot year — not a time series. 2015 and 2019 ranks are not methodologically comparable; scores used instead."
E09000015,Harrow,2015,imd_living_environment_score,15.6,"MHCLG Indices of Deprivation, borough domain summaries",borough (LSOA-derived),"Living Environment domain, average score. Scale: score. Snapshot year — not a time series. 2015 and 2019 ranks are not methodologically comparable; scores used instead."
E09000015,Harrow,2019,imd_barriers_to_housing_and_services_score,33.9,"MHCLG Indices of Deprivation, borough domain summaries",borough (LSOA-derived),"Barriers to Housing and Services domain, average score. Scale: score. Snapshot year — not a time series. 2015 and 2019 ranks are not methodologically comparable; scores used instead."
E09000015,Harrow,2019,imd_education_skills_and_training_score,8,"MHCLG Indices of Deprivation, borough domain summaries",borough (LSOA-derived),"Education, Skills and Training domain, average score. Scale: score. Snapshot year — not a time series. 2015 and 2019 ranks are not methodologically comparable; scores used instead."
E09000015,Harrow,2019,imd_employment_score,0.1,"MHCLG Indices of Deprivation, borough domain summaries",borough (LSOA-derived),"Employment domain, average score. Scale: proportion. Snapshot year — not a time series. 2015 and 2019 ranks are not methodologically comparable; scores used instead."
E09000015,Harrow,2019,imd_health_deprivation_and_disability_score,-1,"MHCLG Indices of Deprivation, borough domain summaries",borough (LSOA-derived),"Health Deprivation and Disability domain, average score. Scale: standardised. Snapshot year — not a time series. 2015 and 2019 ranks are not methodologically comparable; scores used instead."
E09000015,Harrow,2019,imd_income_score,0.1,"MHCLG Indices of Deprivation, borough domain summaries",borough (LSOA-derived),"Income domain, average score. Scale: proportion. Snapshot year — not a time series. 2015 and 2019 ranks are not methodologically comparable; scores used instead."
E09000015,Harrow,2019,imd_living_environment_score,19,"MHCLG Indices of Deprivation, borough domain summaries",borough (LSOA-derived),"Living Environment domain, average score. Scale: score. Snapshot year — not a time series. 2015 and 2019 ranks are not methodologically comparable; scores used instead."
E09000016,Havering,2015,imd_barriers_to_housing_and_services_score,19.9,"MHCLG Indices of Deprivation, borough domain summaries",borough (LSOA-derived),"Barriers to Housing and Services domain, average score. Scale: score. Snapshot year — not a time series. 2015 and 2019 ranks are not methodologically comparable; scores used instead."
E09000016,Havering,2015,imd_education_skills_and_training_score,23.1,"MHCLG Indices of Deprivation, borough domain summaries",borough (LSOA-derived),"Education, Skills and Training domain, average score. Scale: score. Snapshot year — not a time series. 2015 and 2019 ranks are not methodologically comparable; scores used instead."
E09000016,Havering,2015,imd_employment_score,0.1,"MHCLG Indices of Deprivation, borough domain summaries",borough (LSOA-derived),"Employment domain, average score. Scale: proportion. Snapshot year — not a time series. 2015 and 2019 ranks are not methodologically comparable; scores used instead."
E09000016,Havering,2015,imd_health_deprivation_and_disability_score,-0.4,"MHCLG Indices of Deprivation, borough domain summaries",borough (LSOA-derived),"Health Deprivation and Disability domain, average score. Scale: standardised. Snapshot year — not a time series. 2015 and 2019 ranks are not methodologically comparable; scores used instead."
E09000016,Havering,2015,imd_income_score,0.1,"MHCLG Indices of Deprivation, borough domain summaries",borough (LSOA-derived),"Income domain, average score. Scale: proportion. Snapshot year — not a time series. 2015 and 2019 ranks are not methodologically comparable; scores used instead."
E09000016,Havering,2015,imd_living_environment_score,13.4,"MHCLG Indices of Deprivation, borough domain summaries",borough (LSOA-derived),"Living Environment domain, average score. Scale: score. Snapshot year — not a time series. 2015 and 2019 ranks are not methodologically comparable; scores used instead."
E09000016,Havering,2019,imd_barriers_to_housing_and_services_score,22.7,"MHCLG Indices of Deprivation, borough domain summaries",borough (LSOA-derived),"Barriers to Housing and Services domain, average score. Scale: score. Snapshot year — not a time series. 2015 and 2019 ranks are not methodologically comparable; scores used instead."
E09000016,Havering,2019,imd_education_skills_and_training_score,22.6,"MHCLG Indices of Deprivation, borough domain summaries",borough (LSOA-derived),"Education, Skills and Training domain, average score. Scale: score. Snapshot year — not a time series. 2015 and 2019 ranks are not methodologically comparable; scores used instead."
E09000016,Havering,2019,imd_employment_score,0.1,"MHCLG Indices of Deprivation, borough domain summaries",borough (LSOA-derived),"Employment domain, average score. Scale: proportion. Snapshot year — not a time series. 2015 and 2019 ranks are not methodologically comparable; scores used instead."
E09000016,Havering,2019,imd_health_deprivation_and_disability_score,-0.5,"MHCLG Indices of Deprivation, borough domain summaries",borough (LSOA-derived),"Health Deprivation and Disability domain, average score. Scale: standardised. Snapshot year — not a time series. 2015 and 2019 ranks are not methodologically comparable; scores used instead."
E09000016,Havering,2019,imd_income_score,0.1,"MHCLG Indices of Deprivation, borough domain summaries",borough (LSOA-derived),"Income domain, average score. Scale: proportion. Snapshot year — not a time series. 2015 and 2019 ranks are not methodologically comparable; scores used instead."
E09000016,Havering,2019,imd_living_environment_score,16.7,"MHCLG Indices of Deprivation, borough domain summaries",borough (LSOA-derived),"Living Environment domain, average score. Scale: score. Snapshot year — not a time series. 2015 and 2019 ranks are not methodologically comparable; scores used instead."
E09000017,Hillingdon,2015,imd_barriers_to_housing_and_services_score,23.9,"MHCLG Indices of Deprivation, borough domain summaries",borough (LSOA-derived),"Barriers to Housing and Services domain, average score. Scale: score. Snapshot year — not a time series. 2015 and 2019 ranks are not methodologically comparable; scores used instead."
E09000017,Hillingdon,2015,imd_education_skills_and_training_score,16.8,"MHCLG Indices of Deprivation, borough domain summaries",borough (LSOA-derived),"Education, Skills and Training domain, average score. Scale: score. Snapshot year — not a time series. 2015 and 2019 ranks are not methodologically comparable; scores used instead."
E09000017,Hillingdon,2015,imd_employment_score,0.1,"MHCLG Indices of Deprivation, borough domain summaries",borough (LSOA-derived),"Employment domain, average score. Scale: proportion. Snapshot year — not a time series. 2015 and 2019 ranks are not methodologically comparable; scores used instead."
E09000017,Hillingdon,2015,imd_health_deprivation_and_disability_score,-0.2,"MHCLG Indices of Deprivation, borough domain summaries",borough (LSOA-derived),"Health Deprivation and Disability domain, average score. Scale: standardised. Snapshot year — not a time series. 2015 and 2019 ranks are not methodologically comparable; scores used instead."
E09000017,Hillingdon,2015,imd_income_score,0.1,"MHCLG Indices of Deprivation, borough domain summaries",borough (LSOA-derived),"Income domain, average score. Scale: proportion. Snapshot year — not a time series. 2015 and 2019 ranks are not methodologically comparable; scores used instead."
E09000017,Hillingdon,2015,imd_living_environment_score,16.9,"MHCLG Indices of Deprivation, borough domain summaries",borough (LSOA-derived),"Living Environment domain, average score. Scale: score. Snapshot year — not a time series. 2015 and 2019 ranks are not methodologically comparable; scores used instead."
E09000017,Hillingdon,2019,imd_barriers_to_housing_and_services_score,29.6,"MHCLG Indices of Deprivation, borough domain summaries",borough (LSOA-derived),"Barriers to Housing and Services domain, average score. Scale: score. Snapshot year — not a time series. 2015 and 2019 ranks are not methodologically comparable; scores used instead."
E09000017,Hillingdon,2019,imd_education_skills_and_training_score,16.4,"MHCLG Indices of Deprivation, borough domain summaries",borough (LSOA-derived),"Education, Skills and Training domain, average score. Scale: score. Snapshot year — not a time series. 2015 and 2019 ranks are not methodologically comparable; scores used instead."
E09000017,Hillingdon,2019,imd_employment_score,0.1,"MHCLG Indices of Deprivation, borough domain summaries",borough (LSOA-derived),"Employment domain, average score. Scale: proportion. Snapshot year — not a time series. 2015 and 2019 ranks are not methodologically comparable; scores used instead."
E09000017,Hillingdon,2019,imd_health_deprivation_and_disability_score,-0.4,"MHCLG Indices of Deprivation, borough domain summaries",borough (LSOA-derived),"Health Deprivation and Disability domain, average score. Scale: standardised. Snapshot year — not a time series. 2015 and 2019 ranks are not methodologically comparable; scores used instead."
E09000017,Hillingdon,2019,imd_income_score,0.1,"MHCLG Indices of Deprivation, borough domain summaries",borough (LSOA-derived),"Income domain, average score. Scale: proportion. Snapshot year — not a time series. 2015 and 2019 ranks are not methodologically comparable; scores used instead."
E09000017,Hillingdon,2019,imd_living_environment_score,20.3,"MHCLG Indices of Deprivation, borough domain summaries",borough (LSOA-derived),"Living Environment domain, average score. Scale: score. Snapshot year — not a time series. 2015 and 2019 ranks are not methodologically comparable; scores used instead."
E09000018,Hounslow,2015,imd_barriers_to_housing_and_services_score,36.9,"MHCLG Indices of Deprivation, borough domain summaries",borough (LSOA-derived),"Barriers to Housing and Services domain, average score. Scale: score. Snapshot year — not a time series. 2015 and 2019 ranks are not methodologically comparable; scores used instead."
E09000018,Hounslow,2015,imd_education_skills_and_training_score,14.8,"MHCLG Indices of Deprivation, borough domain summaries",borough (LSOA-derived),"Education, Skills and Training domain, average score. Scale: score. Snapshot year — not a time series. 2015 and 2019 ranks are not methodologically comparable; scores used instead."
E09000018,Hounslow,2015,imd_employment_score,0.1,"MHCLG Indices of Deprivation, borough domain summaries",borough (LSOA-derived),"Employment domain, average score. Scale: proportion. Snapshot year — not a time series. 2015 and 2019 ranks are not methodologically comparable; scores used instead."
E09000018,Hounslow,2015,imd_health_deprivation_and_disability_score,-0.2,"MHCLG Indices of Deprivation, borough domain summaries",borough (LSOA-derived),"Health Deprivation and Disability domain, average score. Scale: standardised. Snapshot year — not a time series. 2015 and 2019 ranks are not methodologically comparable; scores used instead."
E09000018,Hounslow,2015,imd_income_score,0.1,"MHCLG Indices of Deprivation, borough domain summaries",borough (LSOA-derived),"Income domain, average score. Scale: proportion. Snapshot year — not a time series. 2015 and 2019 ranks are not methodologically comparable; scores used instead."
E09000018,Hounslow,2015,imd_living_environment_score,26.6,"MHCLG Indices of Deprivation, borough domain summaries",borough (LSOA-derived),"Living Environment domain, average score. Scale: score. Snapshot year — not a time series. 2015 and 2019 ranks are not methodologically comparable; scores used instead."
E09000018,Hounslow,2019,imd_barriers_to_housing_and_services_score,35.1,"MHCLG Indices of Deprivation, borough domain summaries",borough (LSOA-derived),"Barriers to Housing and Services domain, average score. Scale: score. Snapshot year — not a time series. 2015 and 2019 ranks are not methodologically comparable; scores used instead."
E09000018,Hounslow,2019,imd_education_skills_and_training_score,13.3,"MHCLG Indices of Deprivation, borough domain summaries",borough (LSOA-derived),"Education, Skills and Training domain, average score. Scale: score. Snapshot year — not a time series. 2015 and 2019 ranks are not methodologically comparable; scores used instead."
E09000018,Hounslow,2019,imd_employment_score,0.1,"MHCLG Indices of Deprivation, borough domain summaries",borough (LSOA-derived),"Employment domain, average score. Scale: proportion. Snapshot year — not a time series. 2015 and 2019 ranks are not methodologically comparable; scores used instead."
E09000018,Hounslow,2019,imd_health_deprivation_and_disability_score,-0.3,"MHCLG Indices of Deprivation, borough domain summaries",borough (LSOA-derived),"Health Deprivation and Disability domain, average score. Scale: standardised. Snapshot year — not a time series. 2015 and 2019 ranks are not methodologically comparable; scores used instead."
E09000018,Hounslow,2019,imd_income_score,0.1,"MHCLG Indices of Deprivation, borough domain summaries",borough (LSOA-derived),"Income domain, average score. Scale: proportion. Snapshot year — not a time series. 2015 and 2019 ranks are not methodologically comparable; scores used instead."
E09000018,Hounslow,2019,imd_living_environment_score,29.8,"MHCLG Indices of Deprivation, borough domain summaries",borough (LSOA-derived),"Living Environment domain, average score. Scale: score. Snapshot year — not a time series. 2015 and 2019 ranks are not methodologically comparable; scores used instead."
E09000019,Islington,2015,imd_barriers_to_housing_and_services_score,30.4,"MHCLG Indices of Deprivation, borough domain summaries",borough (LSOA-derived),"Barriers to Housing and Services domain, average score. Scale: score. Snapshot year — not a time series. 2015 and 2019 ranks are not methodologically comparable; scores used instead."
E09000019,Islington,2015,imd_education_skills_and_training_score,14.6,"MHCLG Indices of Deprivation, borough domain summaries",borough (LSOA-derived),"Education, Skills and Training domain, average score. Scale: score. Snapshot year — not a time series. 2015 and 2019 ranks are not methodologically comparable; scores used instead."
E09000019,Islington,2015,imd_employment_score,0.1,"MHCLG Indices of Deprivation, borough domain summaries",borough (LSOA-derived),"Employment domain, average score. Scale: proportion. Snapshot year — not a time series. 2015 and 2019 ranks are not methodologically comparable; scores used instead."
E09000019,Islington,2015,imd_health_deprivation_and_disability_score,0.5,"MHCLG Indices of Deprivation, borough domain summaries",borough (LSOA-derived),"Health Deprivation and Disability domain, average score. Scale: standardised. Snapshot year — not a time series. 2015 and 2019 ranks are not methodologically comparable; scores used instead."
E09000019,Islington,2015,imd_income_score,0.2,"MHCLG Indices of Deprivation, borough domain summaries",borough (LSOA-derived),"Income domain, average score. Scale: proportion. Snapshot year — not a time series. 2015 and 2019 ranks are not methodologically comparable; scores used instead."
E09000019,Islington,2015,imd_living_environment_score,43.8,"MHCLG Indices of Deprivation, borough domain summaries",borough (LSOA-derived),"Living Environment domain, average score. Scale: score. Snapshot year — not a time series. 2015 and 2019 ranks are not methodologically comparable; scores used instead."
E09000019,Islington,2019,imd_barriers_to_housing_and_services_score,28.2,"MHCLG Indices of Deprivation, borough domain summaries",borough (LSOA-derived),"Barriers to Housing and Services domain, average score. Scale: score. Snapshot year — not a time series. 2015 and 2019 ranks are not methodologically comparable; scores used instead."
E09000019,Islington,2019,imd_education_skills_and_training_score,12.5,"MHCLG Indices of Deprivation, borough domain summaries",borough (LSOA-derived),"Education, Skills and Training domain, average score. Scale: score. Snapshot year — not a time series. 2015 and 2019 ranks are not methodologically comparable; scores used instead."
E09000019,Islington,2019,imd_employment_score,0.1,"MHCLG Indices of Deprivation, borough domain summaries",borough (LSOA-derived),"Employment domain, average score. Scale: proportion. Snapshot year — not a time series. 2015 and 2019 ranks are not methodologically comparable; scores used instead."
E09000019,Islington,2019,imd_health_deprivation_and_disability_score,0.3,"MHCLG Indices of Deprivation, borough domain summaries",borough (LSOA-derived),"Health Deprivation and Disability domain, average score. Scale: standardised. Snapshot year — not a time series. 2015 and 2019 ranks are not methodologically comparable; scores used instead."
E09000019,Islington,2019,imd_income_score,0.2,"MHCLG Indices of Deprivation, borough domain summaries",borough (LSOA-derived),"Income domain, average score. Scale: proportion. Snapshot year — not a time series. 2015 and 2019 ranks are not methodologically comparable; scores used instead."
E09000019,Islington,2019,imd_living_environment_score,35.4,"MHCLG Indices of Deprivation, borough domain summaries",borough (LSOA-derived),"Living Environment domain, average score. Scale: score. Snapshot year — not a time series. 2015 and 2019 ranks are not methodologically comparable; scores used instead."
E09000020,Kensington and Chelsea,2015,imd_barriers_to_housing_and_services_score,31.9,"MHCLG Indices of Deprivation, borough domain summaries",borough (LSOA-derived),"Barriers to Housing and Services domain, average score. Scale: score. Snapshot year — not a time series. 2015 and 2019 ranks are not methodologically comparable; scores used instead."
E09000020,Kensington and Chelsea,2015,imd_education_skills_and_training_score,6.1,"MHCLG Indices of Deprivation, borough domain summaries",borough (LSOA-derived),"Education, Skills and Training domain, average score. Scale: score. Snapshot year — not a time series. 2015 and 2019 ranks are not methodologically comparable; scores used instead."
E09000020,Kensington and Chelsea,2015,imd_employment_score,0.1,"MHCLG Indices of Deprivation, borough domain summaries",borough (LSOA-derived),"Employment domain, average score. Scale: proportion. Snapshot year — not a time series. 2015 and 2019 ranks are not methodologically comparable; scores used instead."
E09000020,Kensington and Chelsea,2015,imd_health_deprivation_and_disability_score,-0.9,"MHCLG Indices of Deprivation, borough domain summaries",borough (LSOA-derived),"Health Deprivation and Disability domain, average score. Scale: standardised. Snapshot year — not a time series. 2015 and 2019 ranks are not methodologically comparable; scores used instead."
E09000020,Kensington and Chelsea,2015,imd_income_score,0.1,"MHCLG Indices of Deprivation, borough domain summaries",borough (LSOA-derived),"Income domain, average score. Scale: proportion. Snapshot year — not a time series. 2015 and 2019 ranks are not methodologically comparable; scores used instead."
E09000020,Kensington and Chelsea,2015,imd_living_environment_score,55,"MHCLG Indices of Deprivation, borough domain summaries",borough (LSOA-derived),"Living Environment domain, average score. Scale: score. Snapshot year — not a time series. 2015 and 2019 ranks are not methodologically comparable; scores used instead."
E09000020,Kensington and Chelsea,2019,imd_barriers_to_housing_and_services_score,36.1,"MHCLG Indices of Deprivation, borough domain summaries",borough (LSOA-derived),"Barriers to Housing and Services domain, average score. Scale: score. Snapshot year — not a time series. 2015 and 2019 ranks are not methodologically comparable; scores used instead."
E09000020,Kensington and Chelsea,2019,imd_education_skills_and_training_score,5.2,"MHCLG Indices of Deprivation, borough domain summaries",borough (LSOA-derived),"Education, Skills and Training domain, average score. Scale: score. Snapshot year — not a time series. 2015 and 2019 ranks are not methodologically comparable; scores used instead."
E09000020,Kensington and Chelsea,2019,imd_employment_score,0.1,"MHCLG Indices of Deprivation, borough domain summaries",borough (LSOA-derived),"Employment domain, average score. Scale: proportion. Snapshot year — not a time series. 2015 and 2019 ranks are not methodologically comparable; scores used instead."
E09000020,Kensington and Chelsea,2019,imd_health_deprivation_and_disability_score,-1.2,"MHCLG Indices of Deprivation, borough domain summaries",borough (LSOA-derived),"Health Deprivation and Disability domain, average score. Scale: standardised. Snapshot year — not a time series. 2015 and 2019 ranks are not methodologically comparable; scores used instead."
E09000020,Kensington and Chelsea,2019,imd_income_score,0.1,"MHCLG Indices of Deprivation, borough domain summaries",borough (LSOA-derived),"Income domain, average score. Scale: proportion. Snapshot year — not a time series. 2015 and 2019 ranks are not methodologically comparable; scores used instead."
E09000020,Kensington and Chelsea,2019,imd_living_environment_score,42,"MHCLG Indices of Deprivation, borough domain summaries",borough (LSOA-derived),"Living Environment domain, average score. Scale: score. Snapshot year — not a time series. 2015 and 2019 ranks are not methodologically comparable; scores used instead."
E09000021,Kingston upon Thames,2015,imd_barriers_to_housing_and_services_score,22.3,"MHCLG Indices of Deprivation, borough domain summaries",borough (LSOA-derived),"Barriers to Housing and Services domain, average score. Scale: score. Snapshot year — not a time series. 2015 and 2019 ranks are not methodologically comparable; scores used instead."
E09000021,Kingston upon Thames,2015,imd_education_skills_and_training_score,7.4,"MHCLG Indices of Deprivation, borough domain summaries",borough (LSOA-derived),"Education, Skills and Training domain, average score. Scale: score. Snapshot year — not a time series. 2015 and 2019 ranks are not methodologically comparable; scores used instead."
E09000021,Kingston upon Thames,2015,imd_employment_score,0.1,"MHCLG Indices of Deprivation, borough domain summaries",borough (LSOA-derived),"Employment domain, average score. Scale: proportion. Snapshot year — not a time series. 2015 and 2019 ranks are not methodologically comparable; scores used instead."
E09000021,Kingston upon Thames,2015,imd_health_deprivation_and_disability_score,-1.1,"MHCLG Indices of Deprivation, borough domain summaries",borough (LSOA-derived),"Health Deprivation and Disability domain, average score. Scale: standardised. Snapshot year — not a time series. 2015 and 2019 ranks are not methodologically comparable; scores used instead."
E09000021,Kingston upon Thames,2015,imd_income_score,0.1,"MHCLG Indices of Deprivation, borough domain summaries",borough (LSOA-derived),"Income domain, average score. Scale: proportion. Snapshot year — not a time series. 2015 and 2019 ranks are not methodologically comparable; scores used instead."
E09000021,Kingston upon Thames,2015,imd_living_environment_score,25.9,"MHCLG Indices of Deprivation, borough domain summaries",borough (LSOA-derived),"Living Environment domain, average score. Scale: score. Snapshot year — not a time series. 2015 and 2019 ranks are not methodologically comparable; scores used instead."
E09000021,Kingston upon Thames,2019,imd_barriers_to_housing_and_services_score,24.7,"MHCLG Indices of Deprivation, borough domain summaries",borough (LSOA-derived),"Barriers to Housing and Services domain, average score. Scale: score. Snapshot year — not a time series. 2015 and 2019 ranks are not methodologically comparable; scores used instead."
E09000021,Kingston upon Thames,2019,imd_education_skills_and_training_score,6.9,"MHCLG Indices of Deprivation, borough domain summaries",borough (LSOA-derived),"Education, Skills and Training domain, average score. Scale: score. Snapshot year — not a time series. 2015 and 2019 ranks are not methodologically comparable; scores used instead."
E09000021,Kingston upon Thames,2019,imd_employment_score,0.1,"MHCLG Indices of Deprivation, borough domain summaries",borough (LSOA-derived),"Employment domain, average score. Scale: proportion. Snapshot year — not a time series. 2015 and 2019 ranks are not methodologically comparable; scores used instead."
E09000021,Kingston upon Thames,2019,imd_health_deprivation_and_disability_score,-1,"MHCLG Indices of Deprivation, borough domain summaries",borough (LSOA-derived),"Health Deprivation and Disability domain, average score. Scale: standardised. Snapshot year — not a time series. 2015 and 2019 ranks are not methodologically comparable; scores used instead."
E09000021,Kingston upon Thames,2019,imd_income_score,0.1,"MHCLG Indices of Deprivation, borough domain summaries",borough (LSOA-derived),"Income domain, average score. Scale: proportion. Snapshot year — not a time series. 2015 and 2019 ranks are not methodologically comparable; scores used instead."
E09000021,Kingston upon Thames,2019,imd_living_environment_score,24.7,"MHCLG Indices of Deprivation, borough domain summaries",borough (LSOA-derived),"Living Environment domain, average score. Scale: score. Snapshot year — not a time series. 2015 and 2019 ranks are not methodologically comparable; scores used instead."
E09000022,Lambeth,2015,imd_barriers_to_housing_and_services_score,29.8,"MHCLG Indices of Deprivation, borough domain summaries",borough (LSOA-derived),"Barriers to Housing and Services domain, average score. Scale: score. Snapshot year — not a time series. 2015 and 2019 ranks are not methodologically comparable; scores used instead."
E09000022,Lambeth,2015,imd_education_skills_and_training_score,11.5,"MHCLG Indices of Deprivation, borough domain summaries",borough (LSOA-derived),"Education, Skills and Training domain, average score. Scale: score. Snapshot year — not a time series. 2015 and 2019 ranks are not methodologically comparable; scores used instead."
E09000022,Lambeth,2015,imd_employment_score,0.1,"MHCLG Indices of Deprivation, borough domain summaries",borough (LSOA-derived),"Employment domain, average score. Scale: proportion. Snapshot year — not a time series. 2015 and 2019 ranks are not methodologically comparable; scores used instead."
E09000022,Lambeth,2015,imd_health_deprivation_and_disability_score,0.2,"MHCLG Indices of Deprivation, borough domain summaries",borough (LSOA-derived),"Health Deprivation and Disability domain, average score. Scale: standardised. Snapshot year — not a time series. 2015 and 2019 ranks are not methodologically comparable; scores used instead."
E09000022,Lambeth,2015,imd_income_score,0.2,"MHCLG Indices of Deprivation, borough domain summaries",borough (LSOA-derived),"Income domain, average score. Scale: proportion. Snapshot year — not a time series. 2015 and 2019 ranks are not methodologically comparable; scores used instead."
E09000022,Lambeth,2015,imd_living_environment_score,43.4,"MHCLG Indices of Deprivation, borough domain summaries",borough (LSOA-derived),"Living Environment domain, average score. Scale: score. Snapshot year — not a time series. 2015 and 2019 ranks are not methodologically comparable; scores used instead."
E09000022,Lambeth,2019,imd_barriers_to_housing_and_services_score,28.4,"MHCLG Indices of Deprivation, borough domain summaries",borough (LSOA-derived),"Barriers to Housing and Services domain, average score. Scale: score. Snapshot year — not a time series. 2015 and 2019 ranks are not methodologically comparable; scores used instead."
E09000022,Lambeth,2019,imd_education_skills_and_training_score,10.5,"MHCLG Indices of Deprivation, borough domain summaries",borough (LSOA-derived),"Education, Skills and Training domain, average score. Scale: score. Snapshot year — not a time series. 2015 and 2019 ranks are not methodologically comparable; scores used instead."
E09000022,Lambeth,2019,imd_employment_score,0.1,"MHCLG Indices of Deprivation, borough domain summaries",borough (LSOA-derived),"Employment domain, average score. Scale: proportion. Snapshot year — not a time series. 2015 and 2019 ranks are not methodologically comparable; scores used instead."
E09000022,Lambeth,2019,imd_health_deprivation_and_disability_score,0.1,"MHCLG Indices of Deprivation, borough domain summaries",borough (LSOA-derived),"Health Deprivation and Disability domain, average score. Scale: standardised. Snapshot year — not a time series. 2015 and 2019 ranks are not methodologically comparable; scores used instead."
E09000022,Lambeth,2019,imd_income_score,0.2,"MHCLG Indices of Deprivation, borough domain summaries",borough (LSOA-derived),"Income domain, average score. Scale: proportion. Snapshot year — not a time series. 2015 and 2019 ranks are not methodologically comparable; scores used instead."
E09000022,Lambeth,2019,imd_living_environment_score,44.4,"MHCLG Indices of Deprivation, borough domain summaries",borough (LSOA-derived),"Living Environment domain, average score. Scale: score. Snapshot year — not a time series. 2015 and 2019 ranks are not methodologically comparable; scores used instead."
E09000023,Lewisham,2015,imd_barriers_to_housing_and_services_score,30.4,"MHCLG Indices of Deprivation, borough domain summaries",borough (LSOA-derived),"Barriers to Housing and Services domain, average score. Scale: score. Snapshot year — not a time series. 2015 and 2019 ranks are not methodologically comparable; scores used instead."
E09000023,Lewisham,2015,imd_education_skills_and_training_score,15,"MHCLG Indices of Deprivation, borough domain summaries",borough (LSOA-derived),"Education, Skills and Training domain, average score. Scale: score. Snapshot year — not a time series. 2015 and 2019 ranks are not methodologically comparable; scores used instead."
E09000023,Lewisham,2015,imd_employment_score,0.1,"MHCLG Indices of Deprivation, borough domain summaries",borough (LSOA-derived),"Employment domain, average score. Scale: proportion. Snapshot year — not a time series. 2015 and 2019 ranks are not methodologically comparable; scores used instead."
E09000023,Lewisham,2015,imd_health_deprivation_and_disability_score,0.2,"MHCLG Indices of Deprivation, borough domain summaries",borough (LSOA-derived),"Health Deprivation and Disability domain, average score. Scale: standardised. Snapshot year — not a time series. 2015 and 2019 ranks are not methodologically comparable; scores used instead."
E09000023,Lewisham,2015,imd_income_score,0.2,"MHCLG Indices of Deprivation, borough domain summaries",borough (LSOA-derived),"Income domain, average score. Scale: proportion. Snapshot year — not a time series. 2015 and 2019 ranks are not methodologically comparable; scores used instead."
E09000023,Lewisham,2015,imd_living_environment_score,36,"MHCLG Indices of Deprivation, borough domain summaries",borough (LSOA-derived),"Living Environment domain, average score. Scale: score. Snapshot year — not a time series. 2015 and 2019 ranks are not methodologically comparable; scores used instead."
E09000023,Lewisham,2019,imd_barriers_to_housing_and_services_score,34.8,"MHCLG Indices of Deprivation, borough domain summaries",borough (LSOA-derived),"Barriers to Housing and Services domain, average score. Scale: score. Snapshot year — not a time series. 2015 and 2019 ranks are not methodologically comparable; scores used instead."
E09000023,Lewisham,2019,imd_education_skills_and_training_score,13.9,"MHCLG Indices of Deprivation, borough domain summaries",borough (LSOA-derived),"Education, Skills and Training domain, average score. Scale: score. Snapshot year — not a time series. 2015 and 2019 ranks are not methodologically comparable; scores used instead."
E09000023,Lewisham,2019,imd_employment_score,0.1,"MHCLG Indices of Deprivation, borough domain summaries",borough (LSOA-derived),"Employment domain, average score. Scale: proportion. Snapshot year — not a time series. 2015 and 2019 ranks are not methodologically comparable; scores used instead."
E09000023,Lewisham,2019,imd_health_deprivation_and_disability_score,0.1,"MHCLG Indices of Deprivation, borough domain summaries",borough (LSOA-derived),"Health Deprivation and Disability domain, average score. Scale: standardised. Snapshot year — not a time series. 2015 and 2019 ranks are not methodologically comparable; scores used instead."
E09000023,Lewisham,2019,imd_income_score,0.2,"MHCLG Indices of Deprivation, borough domain summaries",borough (LSOA-derived),"Income domain, average score. Scale: proportion. Snapshot year — not a time series. 2015 and 2019 ranks are not methodologically comparable; scores used instead."
E09000023,Lewisham,2019,imd_living_environment_score,36.4,"MHCLG Indices of Deprivation, borough domain summaries",borough (LSOA-derived),"Living Environment domain, average score. Scale: score. Snapshot year — not a time series. 2015 and 2019 ranks are not methodologically comparable; scores used instead."
E09000024,Merton,2015,imd_barriers_to_housing_and_services_score,19.6,"MHCLG Indices of Deprivation, borough domain summaries",borough (LSOA-derived),"Barriers to Housing and Services domain, average score. Scale: score. Snapshot year — not a time series. 2015 and 2019 ranks are not methodologically comparable; scores used instead."
E09000024,Merton,2015,imd_education_skills_and_training_score,10.4,"MHCLG Indices of Deprivation, borough domain summaries",borough (LSOA-derived),"Education, Skills and Training domain, average score. Scale: score. Snapshot year — not a time series. 2015 and 2019 ranks are not methodologically comparable; scores used instead."
E09000024,Merton,2015,imd_employment_score,0.1,"MHCLG Indices of Deprivation, borough domain summaries",borough (LSOA-derived),"Employment domain, average score. Scale: proportion. Snapshot year — not a time series. 2015 and 2019 ranks are not methodologically comparable; scores used instead."
E09000024,Merton,2015,imd_health_deprivation_and_disability_score,-0.6,"MHCLG Indices of Deprivation, borough domain summaries",borough (LSOA-derived),"Health Deprivation and Disability domain, average score. Scale: standardised. Snapshot year — not a time series. 2015 and 2019 ranks are not methodologically comparable; scores used instead."
E09000024,Merton,2015,imd_income_score,0.1,"MHCLG Indices of Deprivation, borough domain summaries",borough (LSOA-derived),"Income domain, average score. Scale: proportion. Snapshot year — not a time series. 2015 and 2019 ranks are not methodologically comparable; scores used instead."
E09000024,Merton,2015,imd_living_environment_score,27.5,"MHCLG Indices of Deprivation, borough domain summaries",borough (LSOA-derived),"Living Environment domain, average score. Scale: score. Snapshot year — not a time series. 2015 and 2019 ranks are not methodologically comparable; scores used instead."
E09000024,Merton,2019,imd_barriers_to_housing_and_services_score,22.2,"MHCLG Indices of Deprivation, borough domain summaries",borough (LSOA-derived),"Barriers to Housing and Services domain, average score. Scale: score. Snapshot year — not a time series. 2015 and 2019 ranks are not methodologically comparable; scores used instead."
E09000024,Merton,2019,imd_education_skills_and_training_score,9.2,"MHCLG Indices of Deprivation, borough domain summaries",borough (LSOA-derived),"Education, Skills and Training domain, average score. Scale: score. Snapshot year — not a time series. 2015 and 2019 ranks are not methodologically comparable; scores used instead."
E09000024,Merton,2019,imd_employment_score,0.1,"MHCLG Indices of Deprivation, borough domain summaries",borough (LSOA-derived),"Employment domain, average score. Scale: proportion. Snapshot year — not a time series. 2015 and 2019 ranks are not methodologically comparable; scores used instead."
E09000024,Merton,2019,imd_health_deprivation_and_disability_score,-0.6,"MHCLG Indices of Deprivation, borough domain summaries",borough (LSOA-derived),"Health Deprivation and Disability domain, average score. Scale: standardised. Snapshot year — not a time series. 2015 and 2019 ranks are not methodologically comparable; scores used instead."
E09000024,Merton,2019,imd_income_score,0.1,"MHCLG Indices of Deprivation, borough domain summaries",borough (LSOA-derived),"Income domain, average score. Scale: proportion. Snapshot year — not a time series. 2015 and 2019 ranks are not methodologically comparable; scores used instead."
E09000024,Merton,2019,imd_living_environment_score,29.6,"MHCLG Indices of Deprivation, borough domain summaries",borough (LSOA-derived),"Living Environment domain, average score. Scale: score. Snapshot year — not a time series. 2015 and 2019 ranks are not methodologically comparable; scores used instead."
E09000025,Newham,2015,imd_barriers_to_housing_and_services_score,41.9,"MHCLG Indices of Deprivation, borough domain summaries",borough (LSOA-derived),"Barriers to Housing and Services domain, average score. Scale: score. Snapshot year — not a time series. 2015 and 2019 ranks are not methodologically comparable; scores used instead."
E09000025,Newham,2015,imd_education_skills_and_training_score,20.8,"MHCLG Indices of Deprivation, borough domain summaries",borough (LSOA-derived),"Education, Skills and Training domain, average score. Scale: score. Snapshot year — not a time series. 2015 and 2019 ranks are not methodologically comparable; scores used instead."
E09000025,Newham,2015,imd_employment_score,0.1,"MHCLG Indices of Deprivation, borough domain summaries",borough (LSOA-derived),"Employment domain, average score. Scale: proportion. Snapshot year — not a time series. 2015 and 2019 ranks are not methodologically comparable; scores used instead."
E09000025,Newham,2015,imd_health_deprivation_and_disability_score,0.3,"MHCLG Indices of Deprivation, borough domain summaries",borough (LSOA-derived),"Health Deprivation and Disability domain, average score. Scale: standardised. Snapshot year — not a time series. 2015 and 2019 ranks are not methodologically comparable; scores used instead."
E09000025,Newham,2015,imd_income_score,0.2,"MHCLG Indices of Deprivation, borough domain summaries",borough (LSOA-derived),"Income domain, average score. Scale: proportion. Snapshot year — not a time series. 2015 and 2019 ranks are not methodologically comparable; scores used instead."
E09000025,Newham,2015,imd_living_environment_score,33.7,"MHCLG Indices of Deprivation, borough domain summaries",borough (LSOA-derived),"Living Environment domain, average score. Scale: score. Snapshot year — not a time series. 2015 and 2019 ranks are not methodologically comparable; scores used instead."
E09000025,Newham,2019,imd_barriers_to_housing_and_services_score,49.3,"MHCLG Indices of Deprivation, borough domain summaries",borough (LSOA-derived),"Barriers to Housing and Services domain, average score. Scale: score. Snapshot year — not a time series. 2015 and 2019 ranks are not methodologically comparable; scores used instead."
E09000025,Newham,2019,imd_education_skills_and_training_score,17.8,"MHCLG Indices of Deprivation, borough domain summaries",borough (LSOA-derived),"Education, Skills and Training domain, average score. Scale: score. Snapshot year — not a time series. 2015 and 2019 ranks are not methodologically comparable; scores used instead."
E09000025,Newham,2019,imd_employment_score,0.1,"MHCLG Indices of Deprivation, borough domain summaries",borough (LSOA-derived),"Employment domain, average score. Scale: proportion. Snapshot year — not a time series. 2015 and 2019 ranks are not methodologically comparable; scores used instead."
E09000025,Newham,2019,imd_health_deprivation_and_disability_score,0,"MHCLG Indices of Deprivation, borough domain summaries",borough (LSOA-derived),"Health Deprivation and Disability domain, average score. Scale: standardised. Snapshot year — not a time series. 2015 and 2019 ranks are not methodologically comparable; scores used instead."
E09000025,Newham,2019,imd_income_score,0.2,"MHCLG Indices of Deprivation, borough domain summaries",borough (LSOA-derived),"Income domain, average score. Scale: proportion. Snapshot year — not a time series. 2015 and 2019 ranks are not methodologically comparable; scores used instead."
E09000025,Newham,2019,imd_living_environment_score,32.5,"MHCLG Indices of Deprivation, borough domain summaries",borough (LSOA-derived),"Living Environment domain, average score. Scale: score. Snapshot year — not a time series. 2015 and 2019 ranks are not methodologically comparable; scores used instead."
E09000026,Redbridge,2015,imd_barriers_to_housing_and_services_score,29.2,"MHCLG Indices of Deprivation, borough domain summaries",borough (LSOA-derived),"Barriers to Housing and Services domain, average score. Scale: score. Snapshot year — not a time series. 2015 and 2019 ranks are not methodologically comparable; scores used instead."
E09000026,Redbridge,2015,imd_education_skills_and_training_score,11.9,"MHCLG Indices of Deprivation, borough domain summaries",borough (LSOA-derived),"Education, Skills and Training domain, average score. Scale: score. Snapshot year — not a time series. 2015 and 2019 ranks are not methodologically comparable; scores used instead."
E09000026,Redbridge,2015,imd_employment_score,0.1,"MHCLG Indices of Deprivation, borough domain summaries",borough (LSOA-derived),"Employment domain, average score. Scale: proportion. Snapshot year — not a time series. 2015 and 2019 ranks are not methodologically comparable; scores used instead."
E09000026,Redbridge,2015,imd_health_deprivation_and_disability_score,-0.4,"MHCLG Indices of Deprivation, borough domain summaries",borough (LSOA-derived),"Health Deprivation and Disability domain, average score. Scale: standardised. Snapshot year — not a time series. 2015 and 2019 ranks are not methodologically comparable; scores used instead."
E09000026,Redbridge,2015,imd_income_score,0.2,"MHCLG Indices of Deprivation, borough domain summaries",borough (LSOA-derived),"Income domain, average score. Scale: proportion. Snapshot year — not a time series. 2015 and 2019 ranks are not methodologically comparable; scores used instead."
E09000026,Redbridge,2015,imd_living_environment_score,23.5,"MHCLG Indices of Deprivation, borough domain summaries",borough (LSOA-derived),"Living Environment domain, average score. Scale: score. Snapshot year — not a time series. 2015 and 2019 ranks are not methodologically comparable; scores used instead."
E09000026,Redbridge,2019,imd_barriers_to_housing_and_services_score,28,"MHCLG Indices of Deprivation, borough domain summaries",borough (LSOA-derived),"Barriers to Housing and Services domain, average score. Scale: score. Snapshot year — not a time series. 2015 and 2019 ranks are not methodologically comparable; scores used instead."
E09000026,Redbridge,2019,imd_education_skills_and_training_score,11.1,"MHCLG Indices of Deprivation, borough domain summaries",borough (LSOA-derived),"Education, Skills and Training domain, average score. Scale: score. Snapshot year — not a time series. 2015 and 2019 ranks are not methodologically comparable; scores used instead."
E09000026,Redbridge,2019,imd_employment_score,0.1,"MHCLG Indices of Deprivation, borough domain summaries",borough (LSOA-derived),"Employment domain, average score. Scale: proportion. Snapshot year — not a time series. 2015 and 2019 ranks are not methodologically comparable; scores used instead."
E09000026,Redbridge,2019,imd_health_deprivation_and_disability_score,-0.7,"MHCLG Indices of Deprivation, borough domain summaries",borough (LSOA-derived),"Health Deprivation and Disability domain, average score. Scale: standardised. Snapshot year — not a time series. 2015 and 2019 ranks are not methodologically comparable; scores used instead."
E09000026,Redbridge,2019,imd_income_score,0.1,"MHCLG Indices of Deprivation, borough domain summaries",borough (LSOA-derived),"Income domain, average score. Scale: proportion. Snapshot year — not a time series. 2015 and 2019 ranks are not methodologically comparable; scores used instead."
E09000026,Redbridge,2019,imd_living_environment_score,25.2,"MHCLG Indices of Deprivation, borough domain summaries",borough (LSOA-derived),"Living Environment domain, average score. Scale: score. Snapshot year — not a time series. 2015 and 2019 ranks are not methodologically comparable; scores used instead."
E09000027,Richmond upon Thames,2015,imd_barriers_to_housing_and_services_score,19.8,"MHCLG Indices of Deprivation, borough domain summaries",borough (LSOA-derived),"Barriers to Housing and Services domain, average score. Scale: score. Snapshot year — not a time series. 2015 and 2019 ranks are not methodologically comparable; scores used instead."
E09000027,Richmond upon Thames,2015,imd_education_skills_and_training_score,4,"MHCLG Indices of Deprivation, borough domain summaries",borough (LSOA-derived),"Education, Skills and Training domain, average score. Scale: score. Snapshot year — not a time series. 2015 and 2019 ranks are not methodologically comparable; scores used instead."
E09000027,Richmond upon Thames,2015,imd_employment_score,0.1,"MHCLG Indices of Deprivation, borough domain summaries",borough (LSOA-derived),"Employment domain, average score. Scale: proportion. Snapshot year — not a time series. 2015 and 2019 ranks are not methodologically comparable; scores used instead."
E09000027,Richmond upon Thames,2015,imd_health_deprivation_and_disability_score,-1.4,"MHCLG Indices of Deprivation, borough domain summaries",borough (LSOA-derived),"Health Deprivation and Disability domain, average score. Scale: standardised. Snapshot year — not a time series. 2015 and 2019 ranks are not methodologically comparable; scores used instead."
E09000027,Richmond upon Thames,2015,imd_income_score,0.1,"MHCLG Indices of Deprivation, borough domain summaries",borough (LSOA-derived),"Income domain, average score. Scale: proportion. Snapshot year — not a time series. 2015 and 2019 ranks are not methodologically comparable; scores used instead."
E09000027,Richmond upon Thames,2015,imd_living_environment_score,28,"MHCLG Indices of Deprivation, borough domain summaries",borough (LSOA-derived),"Living Environment domain, average score. Scale: score. Snapshot year — not a time series. 2015 and 2019 ranks are not methodologically comparable; scores used instead."
E09000027,Richmond upon Thames,2019,imd_barriers_to_housing_and_services_score,17.5,"MHCLG Indices of Deprivation, borough domain summaries",borough (LSOA-derived),"Barriers to Housing and Services domain, average score. Scale: score. Snapshot year — not a time series. 2015 and 2019 ranks are not methodologically comparable; scores used instead."
E09000027,Richmond upon Thames,2019,imd_education_skills_and_training_score,3.5,"MHCLG Indices of Deprivation, borough domain summaries",borough (LSOA-derived),"Education, Skills and Training domain, average score. Scale: score. Snapshot year — not a time series. 2015 and 2019 ranks are not methodologically comparable; scores used instead."
E09000027,Richmond upon Thames,2019,imd_employment_score,0.1,"MHCLG Indices of Deprivation, borough domain summaries",borough (LSOA-derived),"Employment domain, average score. Scale: proportion. Snapshot year — not a time series. 2015 and 2019 ranks are not methodologically comparable; scores used instead."
E09000027,Richmond upon Thames,2019,imd_health_deprivation_and_disability_score,-1.4,"MHCLG Indices of Deprivation, borough domain summaries",borough (LSOA-derived),"Health Deprivation and Disability domain, average score. Scale: standardised. Snapshot year — not a time series. 2015 and 2019 ranks are not methodologically comparable; scores used instead."
E09000027,Richmond upon Thames,2019,imd_income_score,0.1,"MHCLG Indices of Deprivation, borough domain summaries",borough (LSOA-derived),"Income domain, average score. Scale: proportion. Snapshot year — not a time series. 2015 and 2019 ranks are not methodologically comparable; scores used instead."
E09000027,Richmond upon Thames,2019,imd_living_environment_score,26.6,"MHCLG Indices of Deprivation, borough domain summaries",borough (LSOA-derived),"Living Environment domain, average score. Scale: score. Snapshot year — not a time series. 2015 and 2019 ranks are not methodologically comparable; scores used instead."
E09000028,Southwark,2015,imd_barriers_to_housing_and_services_score,30.8,"MHCLG Indices of Deprivation, borough domain summaries",borough (LSOA-derived),"Barriers to Housing and Services domain, average score. Scale: score. Snapshot year — not a time series. 2015 and 2019 ranks are not methodologically comparable; scores used instead."
E09000028,Southwark,2015,imd_education_skills_and_training_score,13.3,"MHCLG Indices of Deprivation, borough domain summaries",borough (LSOA-derived),"Education, Skills and Training domain, average score. Scale: score. Snapshot year — not a time series. 2015 and 2019 ranks are not methodologically comparable; scores used instead."
E09000028,Southwark,2015,imd_employment_score,0.1,"MHCLG Indices of Deprivation, borough domain summaries",borough (LSOA-derived),"Employment domain, average score. Scale: proportion. Snapshot year — not a time series. 2015 and 2019 ranks are not methodologically comparable; scores used instead."
E09000028,Southwark,2015,imd_health_deprivation_and_disability_score,0.3,"MHCLG Indices of Deprivation, borough domain summaries",borough (LSOA-derived),"Health Deprivation and Disability domain, average score. Scale: standardised. Snapshot year — not a time series. 2015 and 2019 ranks are not methodologically comparable; scores used instead."
E09000028,Southwark,2015,imd_income_score,0.2,"MHCLG Indices of Deprivation, borough domain summaries",borough (LSOA-derived),"Income domain, average score. Scale: proportion. Snapshot year — not a time series. 2015 and 2019 ranks are not methodologically comparable; scores used instead."
E09000028,Southwark,2015,imd_living_environment_score,41.1,"MHCLG Indices of Deprivation, borough domain summaries",borough (LSOA-derived),"Living Environment domain, average score. Scale: score. Snapshot year — not a time series. 2015 and 2019 ranks are not methodologically comparable; scores used instead."
E09000028,Southwark,2019,imd_barriers_to_housing_and_services_score,32.7,"MHCLG Indices of Deprivation, borough domain summaries",borough (LSOA-derived),"Barriers to Housing and Services domain, average score. Scale: score. Snapshot year — not a time series. 2015 and 2019 ranks are not methodologically comparable; scores used instead."
E09000028,Southwark,2019,imd_education_skills_and_training_score,11.1,"MHCLG Indices of Deprivation, borough domain summaries",borough (LSOA-derived),"Education, Skills and Training domain, average score. Scale: score. Snapshot year — not a time series. 2015 and 2019 ranks are not methodologically comparable; scores used instead."
E09000028,Southwark,2019,imd_employment_score,0.1,"MHCLG Indices of Deprivation, borough domain summaries",borough (LSOA-derived),"Employment domain, average score. Scale: proportion. Snapshot year — not a time series. 2015 and 2019 ranks are not methodologically comparable; scores used instead."
E09000028,Southwark,2019,imd_health_deprivation_and_disability_score,0.1,"MHCLG Indices of Deprivation, borough domain summaries",borough (LSOA-derived),"Health Deprivation and Disability domain, average score. Scale: standardised. Snapshot year — not a time series. 2015 and 2019 ranks are not methodologically comparable; scores used instead."
E09000028,Southwark,2019,imd_income_score,0.2,"MHCLG Indices of Deprivation, borough domain summaries",borough (LSOA-derived),"Income domain, average score. Scale: proportion. Snapshot year — not a time series. 2015 and 2019 ranks are not methodologically comparable; scores used instead."
E09000028,Southwark,2019,imd_living_environment_score,36,"MHCLG Indices of Deprivation, borough domain summaries",borough (LSOA-derived),"Living Environment domain, average score. Scale: score. Snapshot year — not a time series. 2015 and 2019 ranks are not methodologically comparable; scores used instead."
E09000029,Sutton,2015,imd_barriers_to_housing_and_services_score,19.8,"MHCLG Indices of Deprivation, borough domain summaries",borough (LSOA-derived),"Barriers to Housing and Services domain, average score. Scale: score. Snapshot year — not a time series. 2015 and 2019 ranks are not methodologically comparable; scores used instead."
E09000029,Sutton,2015,imd_education_skills_and_training_score,12.6,"MHCLG Indices of Deprivation, borough domain summaries",borough (LSOA-derived),"Education, Skills and Training domain, average score. Scale: score. Snapshot year — not a time series. 2015 and 2019 ranks are not methodologically comparable; scores used instead."
E09000029,Sutton,2015,imd_employment_score,0.1,"MHCLG Indices of Deprivation, borough domain summaries",borough (LSOA-derived),"Employment domain, average score. Scale: proportion. Snapshot year — not a time series. 2015 and 2019 ranks are not methodologically comparable; scores used instead."
E09000029,Sutton,2015,imd_health_deprivation_and_disability_score,-0.5,"MHCLG Indices of Deprivation, borough domain summaries",borough (LSOA-derived),"Health Deprivation and Disability domain, average score. Scale: standardised. Snapshot year — not a time series. 2015 and 2019 ranks are not methodologically comparable; scores used instead."
E09000029,Sutton,2015,imd_income_score,0.1,"MHCLG Indices of Deprivation, borough domain summaries",borough (LSOA-derived),"Income domain, average score. Scale: proportion. Snapshot year — not a time series. 2015 and 2019 ranks are not methodologically comparable; scores used instead."
E09000029,Sutton,2015,imd_living_environment_score,19.1,"MHCLG Indices of Deprivation, borough domain summaries",borough (LSOA-derived),"Living Environment domain, average score. Scale: score. Snapshot year — not a time series. 2015 and 2019 ranks are not methodologically comparable; scores used instead."
E09000029,Sutton,2019,imd_barriers_to_housing_and_services_score,22.8,"MHCLG Indices of Deprivation, borough domain summaries",borough (LSOA-derived),"Barriers to Housing and Services domain, average score. Scale: score. Snapshot year — not a time series. 2015 and 2019 ranks are not methodologically comparable; scores used instead."
E09000029,Sutton,2019,imd_education_skills_and_training_score,12,"MHCLG Indices of Deprivation, borough domain summaries",borough (LSOA-derived),"Education, Skills and Training domain, average score. Scale: score. Snapshot year — not a time series. 2015 and 2019 ranks are not methodologically comparable; scores used instead."
E09000029,Sutton,2019,imd_employment_score,0.1,"MHCLG Indices of Deprivation, borough domain summaries",borough (LSOA-derived),"Employment domain, average score. Scale: proportion. Snapshot year — not a time series. 2015 and 2019 ranks are not methodologically comparable; scores used instead."
E09000029,Sutton,2019,imd_health_deprivation_and_disability_score,-0.6,"MHCLG Indices of Deprivation, borough domain summaries",borough (LSOA-derived),"Health Deprivation and Disability domain, average score. Scale: standardised. Snapshot year — not a time series. 2015 and 2019 ranks are not methodologically comparable; scores used instead."
E09000029,Sutton,2019,imd_income_score,0.1,"MHCLG Indices of Deprivation, borough domain summaries",borough (LSOA-derived),"Income domain, average score. Scale: proportion. Snapshot year — not a time series. 2015 and 2019 ranks are not methodologically comparable; scores used instead."
E09000029,Sutton,2019,imd_living_environment_score,21.3,"MHCLG Indices of Deprivation, borough domain summaries",borough (LSOA-derived),"Living Environment domain, average score. Scale: score. Snapshot year — not a time series. 2015 and 2019 ranks are not methodologically comparable; scores used instead."
E09000030,Tower Hamlets,2015,imd_barriers_to_housing_and_services_score,37.7,"MHCLG Indices of Deprivation, borough domain summaries",borough (LSOA-derived),"Barriers to Housing and Services domain, average score. Scale: score. Snapshot year — not a time series. 2015 and 2019 ranks are not methodologically comparable; scores used instead."
E09000030,Tower Hamlets,2015,imd_education_skills_and_training_score,18.8,"MHCLG Indices of Deprivation, borough domain summaries",borough (LSOA-derived),"Education, Skills and Training domain, average score. Scale: score. Snapshot year — not a time series. 2015 and 2019 ranks are not methodologically comparable; scores used instead."
E09000030,Tower Hamlets,2015,imd_employment_score,0.1,"MHCLG Indices of Deprivation, borough domain summaries",borough (LSOA-derived),"Employment domain, average score. Scale: proportion. Snapshot year — not a time series. 2015 and 2019 ranks are not methodologically comparable; scores used instead."
E09000030,Tower Hamlets,2015,imd_health_deprivation_and_disability_score,0.5,"MHCLG Indices of Deprivation, borough domain summaries",borough (LSOA-derived),"Health Deprivation and Disability domain, average score. Scale: standardised. Snapshot year — not a time series. 2015 and 2019 ranks are not methodologically comparable; scores used instead."
E09000030,Tower Hamlets,2015,imd_income_score,0.3,"MHCLG Indices of Deprivation, borough domain summaries",borough (LSOA-derived),"Income domain, average score. Scale: proportion. Snapshot year — not a time series. 2015 and 2019 ranks are not methodologically comparable; scores used instead."
E09000030,Tower Hamlets,2015,imd_living_environment_score,39.8,"MHCLG Indices of Deprivation, borough domain summaries",borough (LSOA-derived),"Living Environment domain, average score. Scale: score. Snapshot year — not a time series. 2015 and 2019 ranks are not methodologically comparable; scores used instead."
E09000030,Tower Hamlets,2019,imd_barriers_to_housing_and_services_score,30.5,"MHCLG Indices of Deprivation, borough domain summaries",borough (LSOA-derived),"Barriers to Housing and Services domain, average score. Scale: score. Snapshot year — not a time series. 2015 and 2019 ranks are not methodologically comparable; scores used instead."
E09000030,Tower Hamlets,2019,imd_education_skills_and_training_score,16.9,"MHCLG Indices of Deprivation, borough domain summaries",borough (LSOA-derived),"Education, Skills and Training domain, average score. Scale: score. Snapshot year — not a time series. 2015 and 2019 ranks are not methodologically comparable; scores used instead."
E09000030,Tower Hamlets,2019,imd_employment_score,0.1,"MHCLG Indices of Deprivation, borough domain summaries",borough (LSOA-derived),"Employment domain, average score. Scale: proportion. Snapshot year — not a time series. 2015 and 2019 ranks are not methodologically comparable; scores used instead."
E09000030,Tower Hamlets,2019,imd_health_deprivation_and_disability_score,0.2,"MHCLG Indices of Deprivation, borough domain summaries",borough (LSOA-derived),"Health Deprivation and Disability domain, average score. Scale: standardised. Snapshot year — not a time series. 2015 and 2019 ranks are not methodologically comparable; scores used instead."
E09000030,Tower Hamlets,2019,imd_income_score,0.2,"MHCLG Indices of Deprivation, borough domain summaries",borough (LSOA-derived),"Income domain, average score. Scale: proportion. Snapshot year — not a time series. 2015 and 2019 ranks are not methodologically comparable; scores used instead."
E09000030,Tower Hamlets,2019,imd_living_environment_score,33.2,"MHCLG Indices of Deprivation, borough domain summaries",borough (LSOA-derived),"Living Environment domain, average score. Scale: score. Snapshot year — not a time series. 2015 and 2019 ranks are not methodologically comparable; scores used instead."
E09000031,Waltham Forest,2015,imd_barriers_to_housing_and_services_score,38.4,"MHCLG Indices of Deprivation, borough domain summaries",borough (LSOA-derived),"Barriers to Housing and Services domain, average score. Scale: score. Snapshot year — not a time series. 2015 and 2019 ranks are not methodologically comparable; scores used instead."
E09000031,Waltham Forest,2015,imd_education_skills_and_training_score,18.7,"MHCLG Indices of Deprivation, borough domain summaries",borough (LSOA-derived),"Education, Skills and Training domain, average score. Scale: score. Snapshot year — not a time series. 2015 and 2019 ranks are not methodologically comparable; scores used instead."
E09000031,Waltham Forest,2015,imd_employment_score,0.1,"MHCLG Indices of Deprivation, borough domain summaries",borough (LSOA-derived),"Employment domain, average score. Scale: proportion. Snapshot year — not a time series. 2015 and 2019 ranks are not methodologically comparable; scores used instead."
E09000031,Waltham Forest,2015,imd_health_deprivation_and_disability_score,0.1,"MHCLG Indices of Deprivation, borough domain summaries",borough (LSOA-derived),"Health Deprivation and Disability domain, average score. Scale: standardised. Snapshot year — not a time series. 2015 and 2019 ranks are not methodologically comparable; scores used instead."
E09000031,Waltham Forest,2015,imd_income_score,0.2,"MHCLG Indices of Deprivation, borough domain summaries",borough (LSOA-derived),"Income domain, average score. Scale: proportion. Snapshot year — not a time series. 2015 and 2019 ranks are not methodologically comparable; scores used instead."
E09000031,Waltham Forest,2015,imd_living_environment_score,35.4,"MHCLG Indices of Deprivation, borough domain summaries",borough (LSOA-derived),"Living Environment domain, average score. Scale: score. Snapshot year — not a time series. 2015 and 2019 ranks are not methodologically comparable; scores used instead."
E09000031,Waltham Forest,2019,imd_barriers_to_housing_and_services_score,36.5,"MHCLG Indices of Deprivation, borough domain summaries",borough (LSOA-derived),"Barriers to Housing and Services domain, average score. Scale: score. Snapshot year — not a time series. 2015 and 2019 ranks are not methodologically comparable; scores used instead."
E09000031,Waltham Forest,2019,imd_education_skills_and_training_score,17,"MHCLG Indices of Deprivation, borough domain summaries",borough (LSOA-derived),"Education, Skills and Training domain, average score. Scale: score. Snapshot year — not a time series. 2015 and 2019 ranks are not methodologically comparable; scores used instead."
E09000031,Waltham Forest,2019,imd_employment_score,0.1,"MHCLG Indices of Deprivation, borough domain summaries",borough (LSOA-derived),"Employment domain, average score. Scale: proportion. Snapshot year — not a time series. 2015 and 2019 ranks are not methodologically comparable; scores used instead."
E09000031,Waltham Forest,2019,imd_health_deprivation_and_disability_score,-0.2,"MHCLG Indices of Deprivation, borough domain summaries",borough (LSOA-derived),"Health Deprivation and Disability domain, average score. Scale: standardised. Snapshot year — not a time series. 2015 and 2019 ranks are not methodologically comparable; scores used instead."
E09000031,Waltham Forest,2019,imd_income_score,0.2,"MHCLG Indices of Deprivation, borough domain summaries",borough (LSOA-derived),"Income domain, average score. Scale: proportion. Snapshot year — not a time series. 2015 and 2019 ranks are not methodologically comparable; scores used instead."
E09000031,Waltham Forest,2019,imd_living_environment_score,34.3,"MHCLG Indices of Deprivation, borough domain summaries",borough (LSOA-derived),"Living Environment domain, average score. Scale: score. Snapshot year — not a time series. 2015 and 2019 ranks are not methodologically comparable; scores used instead."
E09000032,Wandsworth,2015,imd_barriers_to_housing_and_services_score,24.6,"MHCLG Indices of Deprivation, borough domain summaries",borough (LSOA-derived),"Barriers to Housing and Services domain, average score. Scale: score. Snapshot year — not a time series. 2015 and 2019 ranks are not methodologically comparable; scores used instead."
E09000032,Wandsworth,2015,imd_education_skills_and_training_score,7.3,"MHCLG Indices of Deprivation, borough domain summaries",borough (LSOA-derived),"Education, Skills and Training domain, average score. Scale: score. Snapshot year — not a time series. 2015 and 2019 ranks are not methodologically comparable; scores used instead."
E09000032,Wandsworth,2015,imd_employment_score,0.1,"MHCLG Indices of Deprivation, borough domain summaries",borough (LSOA-derived),"Employment domain, average score. Scale: proportion. Snapshot year — not a time series. 2015 and 2019 ranks are not methodologically comparable; scores used instead."
E09000032,Wandsworth,2015,imd_health_deprivation_and_disability_score,-0.3,"MHCLG Indices of Deprivation, borough domain summaries",borough (LSOA-derived),"Health Deprivation and Disability domain, average score. Scale: standardised. Snapshot year — not a time series. 2015 and 2019 ranks are not methodologically comparable; scores used instead."
E09000032,Wandsworth,2015,imd_income_score,0.1,"MHCLG Indices of Deprivation, borough domain summaries",borough (LSOA-derived),"Income domain, average score. Scale: proportion. Snapshot year — not a time series. 2015 and 2019 ranks are not methodologically comparable; scores used instead."
E09000032,Wandsworth,2015,imd_living_environment_score,38.2,"MHCLG Indices of Deprivation, borough domain summaries",borough (LSOA-derived),"Living Environment domain, average score. Scale: score. Snapshot year — not a time series. 2015 and 2019 ranks are not methodologically comparable; scores used instead."
E09000032,Wandsworth,2019,imd_barriers_to_housing_and_services_score,27,"MHCLG Indices of Deprivation, borough domain summaries",borough (LSOA-derived),"Barriers to Housing and Services domain, average score. Scale: score. Snapshot year — not a time series. 2015 and 2019 ranks are not methodologically comparable; scores used instead."
E09000032,Wandsworth,2019,imd_education_skills_and_training_score,6.6,"MHCLG Indices of Deprivation, borough domain summaries",borough (LSOA-derived),"Education, Skills and Training domain, average score. Scale: score. Snapshot year — not a time series. 2015 and 2019 ranks are not methodologically comparable; scores used instead."
E09000032,Wandsworth,2019,imd_employment_score,0.1,"MHCLG Indices of Deprivation, borough domain summaries",borough (LSOA-derived),"Employment domain, average score. Scale: proportion. Snapshot year — not a time series. 2015 and 2019 ranks are not methodologically comparable; scores used instead."
E09000032,Wandsworth,2019,imd_health_deprivation_and_disability_score,-0.4,"MHCLG Indices of Deprivation, borough domain summaries",borough (LSOA-derived),"Health Deprivation and Disability domain, average score. Scale: standardised. Snapshot year — not a time series. 2015 and 2019 ranks are not methodologically comparable; scores used instead."
E09000032,Wandsworth,2019,imd_income_score,0.1,"MHCLG Indices of Deprivation, borough domain summaries",borough (LSOA-derived),"Income domain, average score. Scale: proportion. Snapshot year — not a time series. 2015 and 2019 ranks are not methodologically comparable; scores used instead."
E09000032,Wandsworth,2019,imd_living_environment_score,32.5,"MHCLG Indices of Deprivation, borough domain summaries",borough (LSOA-derived),"Living Environment domain, average score. Scale: score. Snapshot year — not a time series. 2015 and 2019 ranks are not methodologically comparable; scores used instead."
E09000033,Westminster,2015,imd_barriers_to_housing_and_services_score,35.1,"MHCLG Indices of Deprivation, borough domain summaries",borough (LSOA-derived),"Barriers to Housing and Services domain, average score. Scale: score. Snapshot year — not a time series. 2015 and 2019 ranks are not methodologically comparable; scores used instead."
E09000033,Westminster,2015,imd_education_skills_and_training_score,8.8,"MHCLG Indices of Deprivation, borough domain summaries",borough (LSOA-derived),"Education, Skills and Training domain, average score. Scale: score. Snapshot year — not a time series. 2015 and 2019 ranks are not methodologically comparable; scores used instead."
E09000033,Westminster,2015,imd_employment_score,0.1,"MHCLG Indices of Deprivation, borough domain summaries",borough (LSOA-derived),"Employment domain, average score. Scale: proportion. Snapshot year — not a time series. 2015 and 2019 ranks are not methodologically comparable; scores used instead."
E09000033,Westminster,2015,imd_health_deprivation_and_disability_score,-0.3,"MHCLG Indices of Deprivation, borough domain summaries",borough (LSOA-derived),"Health Deprivation and Disability domain, average score. Scale: standardised. Snapshot year — not a time series. 2015 and 2019 ranks are not methodologically comparable; scores used instead."
E09000033,Westminster,2015,imd_income_score,0.2,"MHCLG Indices of Deprivation, borough domain summaries",borough (LSOA-derived),"Income domain, average score. Scale: proportion. Snapshot year — not a time series. 2015 and 2019 ranks are not methodologically comparable; scores used instead."
E09000033,Westminster,2015,imd_living_environment_score,54.8,"MHCLG Indices of Deprivation, borough domain summaries",borough (LSOA-derived),"Living Environment domain, average score. Scale: score. Snapshot year — not a time series. 2015 and 2019 ranks are not methodologically comparable; scores used instead."
E09000033,Westminster,2019,imd_barriers_to_housing_and_services_score,23.1,"MHCLG Indices of Deprivation, borough domain summaries",borough (LSOA-derived),"Barriers to Housing and Services domain, average score. Scale: score. Snapshot year — not a time series. 2015 and 2019 ranks are not methodologically comparable; scores used instead."
E09000033,Westminster,2019,imd_education_skills_and_training_score,8.5,"MHCLG Indices of Deprivation, borough domain summaries",borough (LSOA-derived),"Education, Skills and Training domain, average score. Scale: score. Snapshot year — not a time series. 2015 and 2019 ranks are not methodologically comparable; scores used instead."
E09000033,Westminster,2019,imd_employment_score,0.1,"MHCLG Indices of Deprivation, borough domain summaries",borough (LSOA-derived),"Employment domain, average score. Scale: proportion. Snapshot year — not a time series. 2015 and 2019 ranks are not methodologically comparable; scores used instead."
E09000033,Westminster,2019,imd_health_deprivation_and_disability_score,-0.9,"MHCLG Indices of Deprivation, borough domain summaries",borough (LSOA-derived),"Health Deprivation and Disability domain, average score. Scale: standardised. Snapshot year — not a time series. 2015 and 2019 ranks are not methodologically comparable; scores used instead."
E09000033,Westminster,2019,imd_income_score,0.1,"MHCLG Indices of Deprivation, borough domain summaries",borough (LSOA-derived),"Income domain, average score. Scale: proportion. Snapshot year — not a time series. 2015 and 2019 ranks are not methodologically comparable; scores used instead."
E09000033,Westminster,2019,imd_living_environment_score,40.9,"MHCLG Indices of Deprivation, borough domain summaries",borough (LSOA-derived),"Living Environment domain, average score. Scale: score. Snapshot year — not a time series. 2015 and 2019 ranks are not methodologically comparable; scores used instead."
