lsoa,N,status
"",127122,blank
E01021752,210,outside_london
E01030703,198,outside_london
E01021806,198,outside_london
E01017813,184,outside_london
E01021764,173,outside_london
E01023337,166,outside_london
E01031575,162,outside_london
E01016482,146,outside_london
E01021766,145,outside_london
E01030330,113,outside_london
E01015924,113,outside_london
E01030709,110,outside_london
E01016544,104,outside_london
E01031585,102,outside_london
E01024182,98,outside_london
E01030389,97,outside_london
E01021765,95,outside_london
E01035178,95,outside_london
E01021473,94,outside_london
E01024180,92,outside_london
E01021468,89,outside_london
E01023849,88,outside_london
E01021749,82,outside_london
E01016011,82,outside_london
E01030563,80,outside_london
E01032571,80,outside_london
E01030856,78,outside_london
E01024147,78,outside_london
E01030333,77,outside_london
E01030743,74,outside_london
E01015811,73,outside_london
E01021767,72,outside_london
E01017812,72,outside_london
E01024152,72,outside_london
E01030326,72,outside_london
E01030746,71,outside_london
E01030408,71,outside_london
E01022090,70,outside_london
E01024172,70,outside_london
E01030744,68,outside_london
E01030748,68,outside_london
E01021817,66,outside_london
E01021750,65,outside_london
E01030747,64,outside_london
E01030322,64,outside_london
E01030401,60,outside_london
E01023575,57,outside_london
E01030569,56,outside_london
E01015971,56,outside_london
E01024439,56,outside_london
E01017810,56,outside_london
E01023947,55,outside_london
E01021818,55,outside_london
E01021745,54,outside_london
E01023564,54,outside_london
E01024155,54,outside_london
E01023861,53,outside_london
E01021780,53,outside_london
E01017827,53,outside_london
E01023336,53,outside_london
E01030755,52,outside_london
E01030396,51,outside_london
E01023548,50,outside_london
E01016013,50,outside_london
E01023338,47,outside_london
E01023584,47,outside_london
E01021433,47,outside_london
E01021748,47,outside_london
E01015925,47,outside_london
E01030565,46,outside_london
E01024421,46,outside_london
E01030852,46,outside_london
E01030350,46,outside_london
E01021800,46,outside_london
E01030853,45,outside_london
E01024483,45,outside_london
E01021770,45,outside_london
E01023860,44,outside_london
E01030398,43,outside_london
E01030604,43,outside_london
E01030393,42,outside_london
E01021746,42,outside_london
E01030323,41,outside_london
E01030387,41,outside_london
E01016012,41,outside_london
E01030567,40,outside_london
E01030860,40,outside_london
E01030388,40,outside_london
E01024186,40,outside_london
E01030568,38,outside_london
E01021744,38,outside_london
E01024181,38,outside_london
E01023543,38,outside_london
E01024185,37,outside_london
E01016567,37,outside_london
E01030859,37,outside_london
E01030319,36,outside_london
E01030386,36,outside_london
E01030844,36,outside_london
E01023332,35,outside_london
E01030858,35,outside_london
E01032624,34,outside_london
E01030752,34,outside_london
E01030712,33,outside_london
E01024149,33,outside_london
E01030685,33,outside_london
E01023339,33,outside_london
E01023293,32,outside_london
E01023530,31,outside_london
E01030714,31,outside_london
E01030400,31,outside_london
E01016952,31,outside_london
E01021743,30,outside_london
E01023546,30,outside_london
E01016456,30,outside_london
E01023862,30,outside_london
E01030725,29,outside_london
E01016014,29,outside_london
E01033620,29,outside_london
E01021776,29,outside_london
E01030706,29,outside_london
E01034370,29,outside_london
E01023839,28,outside_london
E01024480,28,outside_london
E01030820,28,outside_london
E01021443,28,outside_london
E01021791,28,outside_london
E01015938,28,outside_london
E01030411,27,outside_london
E01024164,27,outside_london
E01030325,27,outside_london
E01023840,27,outside_london
E01015976,27,outside_london
E01015921,27,outside_london
E01024136,27,outside_london
E01035586,27,outside_london
E01033415,26,outside_london
E01024163,26,outside_london
E01030857,26,outside_london
E01030750,26,outside_london
E01024146,26,outside_london
E01030707,26,outside_london
E01021781,25,outside_london
E01023574,25,outside_london
E01024148,25,outside_london
E01024144,25,outside_london
E01021810,25,outside_london
E01024167,25,outside_london
E01023805,25,outside_london
E01024294,25,outside_london
E01024176,25,outside_london
E01030850,25,outside_london
E01023888,25,outside_london
E01030378,25,outside_london
E01023901,25,outside_london
E01023555,24,outside_london
E01015808,24,outside_london
E01016480,24,outside_london
E01017829,24,outside_london
E01023580,24,outside_london
E01021785,24,outside_london
E01030745,23,outside_london
E01021318,23,outside_london
E01023373,23,outside_london
E01030399,23,outside_london
E01030736,23,outside_london
E01024476,23,outside_london
E01024179,23,outside_london
E01023528,23,outside_london
E01024151,23,outside_london
E01023303,23,outside_london
E01030749,23,outside_london
E01021840,23,outside_london
E01024161,22,outside_london
E01023547,22,outside_london
E01030410,22,outside_london
E01030548,22,outside_london
E01024145,22,outside_london
E01024580,22,outside_london
E01030710,22,outside_london
E01015926,22,outside_london
E01030549,22,outside_london
E01030560,21,outside_london
E01023297,21,outside_london
E01015978,21,outside_london
E01023310,20,outside_london
E01030324,20,outside_london
E01023333,20,outside_london
E01024277,20,outside_london
E01033615,20,outside_london
E01030352,20,outside_london
E01023305,20,outside_london
E01024477,20,outside_london
E01023335,20,outside_london
E01021268,20,outside_london
E01024440,20,outside_london
E01015948,20,outside_london
E01030751,20,outside_london
E01021436,19,outside_london
E01015956,19,outside_london
E01024142,19,outside_london
E01030310,19,outside_london
E01024133,19,outside_london
E01015841,19,outside_london
E01032799,19,outside_london
E01023301,19,outside_london
E01024481,19,outside_london
E01015932,19,outside_london
E01017811,19,outside_london
E01023806,19,outside_london
E01024137,19,outside_london
E01035585,19,outside_london
E01030405,18,outside_london
E01021872,18,outside_london
E01023299,18,outside_london
E01030390,18,outside_london
E01021747,18,outside_london
E01024478,18,outside_london
E01016483,18,outside_london
E01016514,18,outside_london
E01015852,18,outside_london
E01024169,18,outside_london
E01023566,18,outside_london
E01024183,18,outside_london
E01023537,18,outside_london
E01015952,18,outside_london
E01016462,18,outside_london
E01021814,18,outside_london
E01030385,18,outside_london
E01030296,17,outside_london
E01023576,17,outside_london
E01021103,17,outside_london
E01023572,17,outside_london
E01030704,17,outside_london
E01017837,17,outside_london
E01021741,17,outside_london
E01023570,17,outside_london
E01024138,17,outside_london
E01023536,17,outside_london
E01021446,17,outside_london
E01024189,17,outside_london
E01023855,17,outside_london
E01030561,17,outside_london
E01024475,17,outside_london
E01033209,17,outside_london
E01024162,17,outside_london
E01023539,17,outside_london
E01015954,16,outside_london
E01024184,16,outside_london
E01030336,16,outside_london
E01021768,16,outside_london
E01023841,16,outside_london
E01021757,16,outside_london
E01030383,16,outside_london
E01030718,16,outside_london
E01021774,16,outside_london
E01023569,16,outside_london
E01016355,16,outside_london
E01017835,16,outside_london
E01015789,16,outside_london
E01017824,16,outside_london
E01030721,16,outside_london
E01021742,16,outside_london
E01030392,16,outside_london
E01033314,16,outside_london
E01030327,16,outside_london
E01021751,16,outside_london
E01030406,16,outside_london
E01030351,16,outside_london
E01017502,16,outside_london
E01016479,16,outside_london
E01023541,16,outside_london
E01016017,16,outside_london
E01032800,16,outside_london
E01023300,16,outside_london
E01034291,16,outside_london
E01033329,15,outside_london
E01030711,15,outside_london
E01024618,15,outside_london
E01033010,15,outside_london
E01023545,15,outside_london
E01024170,15,outside_london
E01033658,15,outside_london
E01030531,15,outside_london
E01023342,15,outside_london
E01016481,15,outside_london
E01023532,15,outside_london
E01030642,15,outside_london
E01016465,15,outside_london
E01033140,15,outside_london
E01023842,15,outside_london
E01021816,15,outside_london
E01023851,15,outside_london
E01030321,15,outside_london
E01024140,15,outside_london
E01030717,15,outside_london
E01023573,15,outside_london
E01021848,15,outside_london
E01023895,15,outside_london
E01021761,15,outside_london
E01021435,15,outside_london
E01010610,15,outside_london
E01023296,15,outside_london
W01000817,15,outside_london
E01024257,14,outside_london
E01023549,14,outside_london
E01021988,14,outside_london
E01030848,14,outside_london
E01030331,14,outside_london
E01021787,14,outside_london
E01024154,14,outside_london
E01016505,14,outside_london
E01016941,14,outside_london
E01030753,14,outside_london
E01023727,14,outside_london
E01015975,14,outside_london
E01030384,14,outside_london
E01024156,14,outside_london
E01030610,14,outside_london
E01023905,14,outside_london
E01030589,14,outside_london
E01024249,14,outside_london
E01016511,14,outside_london
E01017478,14,outside_london
E01024178,14,outside_london
E01015790,14,outside_london
E01021439,14,outside_london
E01030357,14,outside_london
E01030337,13,outside_london
E01030120,13,outside_london
E01016009,13,outside_london
E01016459,13,outside_london
E01024472,13,outside_london
E01030329,13,outside_london
E01021813,13,outside_london
E01021771,13,outside_london
E01015923,13,outside_london
E01030668,13,outside_london
E01015982,13,outside_london
E01024278,13,outside_london
E01030829,13,outside_london
E01024188,13,outside_london
E01023325,13,outside_london
E01030720,13,outside_london
E01030954,13,outside_london
E01030377,13,outside_london
E01030761,13,outside_london
E01015953,13,outside_london
E01021777,13,outside_london
E01024150,13,outside_london
E01023844,13,outside_london
E01021762,13,outside_london
E01033500,13,outside_london
E01033040,13,outside_london
E01016492,13,outside_london
E01023344,13,outside_london
E01023334,13,outside_london
E01030845,13,outside_london
E01017167,13,outside_london
E01035363,13,outside_london
E01035574,13,outside_london
E01034289,13,outside_london
E01024198,13,outside_london
E01030854,12,outside_london
E01033063,12,outside_london
E01024676,12,outside_london
E01030320,12,outside_london
E01021437,12,outside_london
E01016464,12,outside_london
E01016004,12,outside_london
E01023320,12,outside_london
E01015922,12,outside_london
E01021306,12,outside_london
E01016117,12,outside_london
E01023551,12,outside_london
E01016512,12,outside_london
E01024153,12,outside_london
E01021790,12,outside_london
E01023550,12,outside_london
E01030592,12,outside_london
E01023302,12,outside_london
E01023582,12,outside_london
E01023295,12,outside_london
E01024143,12,outside_london
E01028521,12,outside_london
E01023304,12,outside_london
E01030302,12,outside_london
E01023571,12,outside_london
E01021472,12,outside_london
E01030701,12,outside_london
E01015661,12,outside_london
E01030609,12,outside_london
E01021784,12,outside_london
E01023827,12,outside_london
E01024177,12,outside_london
E01033613,12,outside_london
E01016007,12,outside_london
E01024173,12,outside_london
E01016473,12,outside_london
E01023538,12,outside_london
E01024168,12,outside_london
E01023836,12,outside_london
E01017905,12,outside_london
E01034371,12,outside_london
E01033805,12,outside_london
E01024608,11,outside_london
E01016491,11,outside_london
E01021305,11,outside_london
E01015969,11,outside_london
E01030298,11,outside_london
E01030699,11,outside_london
E01023809,11,outside_london
E01030395,11,outside_london
E01024717,11,outside_london
E01023567,11,outside_london
E01023859,11,outside_london
E01030307,11,outside_london
E01030723,11,outside_london
E01030847,11,outside_london
E01022087,11,outside_london
E01016545,11,outside_london
E01021432,11,outside_london
E01021464,11,outside_london
E01030370,11,outside_london
E01016508,11,outside_london
E01016486,11,outside_london
E01021788,11,outside_london
E01023556,11,outside_london
E01016577,11,outside_london
E01024382,11,outside_london
E01023341,11,outside_london
E01024447,11,outside_london
E01030855,11,outside_london
E01030335,11,outside_london
E01016521,11,outside_london
E01030846,11,outside_london
E01016899,11,outside_london
E01030564,11,outside_london
E01030598,11,outside_london
E01023323,11,outside_london
E01022045,11,outside_london
E01023926,11,outside_london
E01030374,11,outside_london
E01015699,11,outside_london
E01017818,11,outside_london
E01030739,11,outside_london
E01023557,11,outside_london
E01020971,11,outside_london
E01023298,11,outside_london
E01015743,11,outside_london
E01030452,11,outside_london
E01032730,11,outside_london
E01015935,11,outside_london
E01035358,11,outside_london
E01034358,11,outside_london
E01033446,10,outside_london
E01021449,10,outside_london
E01023837,10,outside_london
E01023949,10,outside_london
E01024291,10,outside_london
E01032734,10,outside_london
E01023340,10,outside_london
E01024132,10,outside_london
E01023558,10,outside_london
E01030705,10,outside_london
E01015928,10,outside_london
E01023311,10,outside_london
E01023810,10,outside_london
E01016944,10,outside_london
E01017471,10,outside_london
E01030334,10,outside_london
E01030754,10,outside_london
E01016969,10,outside_london
E01021759,10,outside_london
E01033561,10,outside_london
E01023294,10,outside_london
E01021853,10,outside_london
E01023531,10,outside_london
E01024609,10,outside_london
E01023938,10,outside_london
E01023937,10,outside_london
E01029928,10,outside_london
E01033653,10,outside_london
E01015996,10,outside_london
E01023884,10,outside_london
E01023542,10,outside_london
E01023321,10,outside_london
E01030741,10,outside_london
E01021312,10,outside_london
E01016110,10,outside_london
E01024562,10,outside_london
E01016003,10,outside_london
E01030414,10,outside_london
E01017939,10,outside_london
E01017917,10,outside_london
E01024165,10,outside_london
E01023312,10,outside_london
E01016519,10,outside_london
E01023933,10,outside_london
E01021797,10,outside_london
E01030677,10,outside_london
E01024215,10,outside_london
E01015720,10,outside_london
E01024295,10,outside_london
E01013774,10,outside_london
E01016111,10,outside_london
E01023343,10,outside_london
E01023478,10,outside_london
E01030653,10,outside_london
E01016485,10,outside_london
E01016070,10,outside_london
E01021808,10,outside_london
E01023845,10,outside_london
E01023366,10,outside_london
E01024171,10,outside_london
E01030450,10,outside_london
E01023579,10,outside_london
E01030412,10,outside_london
E01015599,10,outside_london
E01023269,10,outside_london
E01024463,10,outside_london
E01029637,10,outside_london
E01023560,10,outside_london
E01024306,10,outside_london
E01023345,10,outside_london
E01031419,10,outside_london
E01021779,10,outside_london
E01035247,10,outside_london
E01034290,10,outside_london
E01035300,10,outside_london
E01033803,10,outside_london
E01035280,10,outside_london
E01035400,10,outside_london
E01035292,10,outside_london
E01021773,9,outside_london
E01030607,9,outside_london
E01033610,9,outside_london
E01021789,9,outside_london
E01033016,9,outside_london
E01016504,9,outside_london
E01015755,9,outside_london
E01015951,9,outside_london
E01032797,9,outside_london
E01016040,9,outside_london
E01016515,9,outside_london
E01030328,9,outside_london
E01021763,9,outside_london
E01030697,9,outside_london
E01031431,9,outside_london
E01024432,9,outside_london
E01009200,9,outside_london
E01030735,9,outside_london
E01015989,9,outside_london
E01024134,9,outside_london
E01030313,9,outside_london
E01016031,9,outside_london
E01030347,9,outside_london
E01015795,9,outside_london
E01030731,9,outside_london
E01030367,9,outside_london
E01030605,9,outside_london
E01015929,9,outside_london
E01015285,9,outside_london
E01021470,9,outside_london
E01021627,9,outside_london
E01021812,9,outside_london
E01030644,9,outside_london
E01030756,9,outside_london
E01023563,9,outside_london
E01015794,9,outside_london
E01015979,9,outside_london
E01033617,9,outside_london
E01021845,9,outside_london
E01021862,9,outside_london
E01030949,9,outside_london
E01030613,9,outside_london
E01023829,9,outside_london
E01021461,9,outside_london
E01024296,9,outside_london
E01023554,9,outside_london
E01016061,9,outside_london
E01023775,9,outside_london
E01023868,9,outside_london
E01030354,9,outside_london
E01016006,9,outside_london
E01021602,9,outside_london
E01023704,9,outside_london
E01024166,9,outside_london
E01030667,9,outside_london
E01016074,9,outside_london
E01030562,9,outside_london
E01021476,9,outside_london
E01023378,9,outside_london
E01023828,9,outside_london
E01030391,9,outside_london
E01030402,9,outside_london
E01021444,9,outside_london
E01030608,9,outside_london
E01030304,9,outside_london
E01016442,9,outside_london
E01016455,9,outside_london
E01033499,9,outside_london
E01030603,9,outside_london
E01024433,9,outside_london
E01023920,9,outside_london
E01021843,9,outside_london
E01016129,9,outside_london
E01021323,9,outside_london
E01024282,9,outside_london
E01015785,9,outside_london
E01023577,9,outside_london
E01021558,9,outside_london
E01023314,9,outside_london
E01027202,9,outside_london
E01016358,9,outside_london
E01035364,9,outside_london
W01002019,9,outside_london
E01021809,8,outside_london
E01006696,8,outside_london
E01030700,8,outside_london
W01000822,8,outside_london
E01030361,8,outside_london
E01021782,8,outside_london
E01024419,8,outside_london
E01017140,8,outside_london
E01023843,8,outside_london
E01016008,8,outside_london
E01023848,8,outside_london
E01033194,8,outside_london
E01017799,8,outside_london
E01023800,8,outside_london
E01023825,8,outside_london
E01023565,8,outside_london
E01033011,8,outside_london
E01016024,8,outside_london
E01024141,8,outside_london
E01023514,8,outside_london
E01024303,8,outside_london
E01016034,8,outside_london
E01030635,8,outside_london
E01016488,8,outside_london
E01017139,8,outside_london
E01032732,8,outside_london
E01032620,8,outside_london
E01030394,8,outside_london
E01024280,8,outside_london
E01020978,8,outside_london
E01029985,8,outside_london
E01033748,8,outside_london
E01033087,8,outside_london
E01016130,8,outside_london
E01024469,8,outside_london
E01023886,8,outside_london
E01032968,8,outside_london
E01016021,8,outside_london
E01017823,8,outside_london
E01015973,8,outside_london
E01021465,8,outside_london
E01021778,8,outside_london
E01016516,8,outside_london
E01030812,8,outside_london
E01015968,8,outside_london
E01017699,8,outside_london
E01024044,8,outside_london
E01007529,8,outside_london
E01030681,8,outside_london
E01016507,8,outside_london
E01023720,8,outside_london
E01015721,8,outside_london
E01030559,8,outside_london
E01033215,8,outside_london
E01017834,8,outside_london
E01015851,8,outside_london
E01030672,8,outside_london
E01023346,8,outside_london
E01023911,8,outside_london
E01022630,8,outside_london
E01021799,8,outside_london
E01016506,8,outside_london
E01021772,8,outside_london
E01016597,8,outside_london
E01024429,8,outside_london
E01021327,8,outside_london
E01024420,8,outside_london
E01017845,8,outside_london
E01028331,8,outside_london
E01023354,8,outside_london
E01030372,8,outside_london
E01015719,8,outside_london
E01017619,8,outside_london
E01023479,8,outside_london
E01017839,8,outside_london
E01024479,8,outside_london
E01030734,8,outside_london
E01022050,8,outside_london
E01022025,8,outside_london
E01024032,8,outside_london
E01023963,8,outside_london
E01024561,8,outside_london
E01021286,8,outside_london
E01023552,8,outside_london
E01030551,8,outside_london
E01023857,8,outside_london
E01021815,8,outside_london
E01021835,8,outside_london
E01016048,8,outside_london
E01015891,8,outside_london
E01015972,8,outside_london
E01021460,8,outside_london
E01015787,8,outside_london
E01023870,8,outside_london
E01024281,8,outside_london
E01023930,8,outside_london
E01024474,8,outside_london
E01016457,8,outside_london
E01032731,8,outside_london
E01021270,8,outside_london
E01023309,8,outside_london
E01023852,8,outside_london
E01009242,8,outside_london
E01030641,8,outside_london
E01023517,8,outside_london
E01023871,8,outside_london
E01021758,8,outside_london
E01030502,8,outside_london
E01021291,8,outside_london
E01034360,8,outside_london
E01030671,8,outside_london
W01000636,8,outside_london
E01030380,8,outside_london
E01023318,8,outside_london
E01035272,8,outside_london
E01034744,8,outside_london
E01035517,8,outside_london
E01035282,8,outside_london
E01034356,8,outside_london
E01034574,8,outside_london
E01035601,8,outside_london
E01021598,7,outside_london
E01021267,7,outside_london
E01023525,7,outside_london
E01030737,7,outside_london
E01015941,7,outside_london
E01023856,7,outside_london
W01001825,7,outside_london
E01033141,7,outside_london
E01024317,7,outside_london
E01016554,7,outside_london
E01032836,7,outside_london
E01030344,7,outside_london
E01021245,7,outside_london
E01025627,7,outside_london
E01015705,7,outside_london
E01016140,7,outside_london
E01024613,7,outside_london
E01023395,7,outside_london
E01024550,7,outside_london
E01024671,7,outside_london
E01010521,7,outside_london
E01021945,7,outside_london
E01030645,7,outside_london
E01023236,7,outside_london
E01031587,7,outside_london
E01023758,7,outside_london
E01023578,7,outside_london
E01030615,7,outside_london
E01024436,7,outside_london
E01030861,7,outside_london
E01030458,7,outside_london
E01023561,7,outside_london
E01021451,7,outside_london
E01015742,7,outside_london
E01016128,7,outside_london
E01033505,7,outside_london
E01010109,7,outside_london
E01015231,7,outside_london
E01023544,7,outside_london
E01033756,7,outside_london
E01033523,7,outside_london
E01032729,7,outside_london
E01016513,7,outside_london
E01030719,7,outside_london
E01023526,7,outside_london
E01015986,7,outside_london
E01024387,7,outside_london
E01009201,7,outside_london
E01023908,7,outside_london
E01024158,7,outside_london
E01033090,7,outside_london
E01005189,7,outside_london
E01021634,7,outside_london
E01020989,7,outside_london
E01010368,7,outside_london
E01021339,7,outside_london
E01016037,7,outside_london
E01023902,7,outside_london
E01024426,7,outside_london
E01016957,7,outside_london
E01015711,7,outside_london
E01024340,7,outside_london
E01023925,7,outside_london
E01016397,7,outside_london
E01024468,7,outside_london
E01021550,7,outside_london
E01021261,7,outside_london
E01017958,7,outside_london
E01030366,7,outside_london
E01023864,7,outside_london
E01023918,7,outside_london
E01024413,7,outside_london
E01030851,7,outside_london
E01021269,7,outside_london
E01016015,7,outside_london
E01023326,7,outside_london
E01016018,7,outside_london
E01016477,7,outside_london
E01023934,7,outside_london
E01016406,7,outside_london
E01024279,7,outside_london
E01024406,7,outside_london
E01016475,7,outside_london
E01016509,7,outside_london
E01021438,7,outside_london
E01021920,7,outside_london
E01030740,7,outside_london
E01032807,7,outside_london
E01024568,7,outside_london
E01024258,7,outside_london
E01023534,7,outside_london
E01033308,7,outside_london
E01016949,7,outside_london
E01017514,7,outside_london
E01009075,7,outside_london
E01024187,7,outside_london
E01021860,7,outside_london
E01015702,7,outside_london
E01021882,7,outside_london
E01026806,7,outside_london
E01033421,7,outside_london
E01022018,7,outside_london
E01015950,7,outside_london
E01021311,7,outside_london
E01016463,7,outside_london
E01015955,7,outside_london
E01023553,7,outside_london
E01021867,7,outside_london
E01030413,7,outside_london
E01021802,7,outside_london
E01024316,7,outside_london
E01030299,7,outside_london
E01009053,7,outside_london
E01024122,7,outside_london
E01024284,7,outside_london
E01030365,7,outside_london
E01033458,7,outside_london
E01033144,7,outside_london
E01015773,7,outside_london
E01030524,7,outside_london
E01024435,7,outside_london
E01033092,7,outside_london
E01016124,7,outside_london
E01016417,7,outside_london
E01034991,7,outside_london
E01024816,7,outside_london
E01024471,7,outside_london
E01033625,7,outside_london
E01015958,7,outside_london
E01027320,7,outside_london
E01021582,7,outside_london
E01035598,7,outside_london
E01021319,7,outside_london
E01024047,7,outside_london
E01019705,7,outside_london
E01035562,7,outside_london
E01015930,7,outside_london
E01035576,7,outside_london
E01034361,7,outside_london
E01035597,7,outside_london
E01017617,6,outside_london
E01033313,6,outside_london
E01005316,6,outside_london
E01024416,6,outside_london
E01015905,6,outside_london
W01000850,6,outside_london
E01016520,6,outside_london
E01017473,6,outside_london
E01030620,6,outside_london
E01024646,6,outside_london
E01030993,6,outside_london
E01021330,6,outside_london
E01032867,6,outside_london
E01024473,6,outside_london
E01015959,6,outside_london
E01017706,6,outside_london
E01030417,6,outside_london
E01011444,6,outside_london
E01029059,6,outside_london
E01023817,6,outside_london
E01023866,6,outside_london
E01016536,6,outside_london
E01030455,6,outside_london
E01023535,6,outside_london
E01022086,6,outside_london
E01009564,6,outside_london
E01024135,6,outside_london
E01030062,6,outside_london
E01024771,6,outside_london
E01029878,6,outside_london
E01021307,6,outside_london
E01022085,6,outside_london
E01021296,6,outside_london
E01033545,6,outside_london
E01030698,6,outside_london
E01023879,6,outside_london
E01030308,6,outside_london
E01016063,6,outside_london
E01016451,6,outside_london
E01023415,6,outside_london
E01024244,6,outside_london
E01020979,6,outside_london
E01016461,6,outside_london
W01001955,6,outside_london
E01015974,6,outside_london
E01024783,6,outside_london
E01023400,6,outside_london
E01023410,6,outside_london
E01024175,6,outside_london
E01016468,6,outside_london
E01016249,6,outside_london
E01023533,6,outside_london
E01030728,6,outside_london
E01031583,6,outside_london
E01021811,6,outside_london
E01015716,6,outside_london
E01033051,6,outside_london
E01030343,6,outside_london
E01024454,6,outside_london
E01023738,6,outside_london
E01009146,6,outside_london
E01021369,6,outside_london
E01023846,6,outside_london
E01023893,6,outside_london
E01023308,6,outside_london
E01030652,6,outside_london
E01016005,6,outside_london
E01033211,6,outside_london
E01024460,6,outside_london
E01024532,6,outside_london
E01030730,6,outside_london
E01021275,6,outside_london
E01023347,6,outside_london
E01016572,6,outside_london
E01021827,6,outside_london
E01023838,6,outside_london
E01027228,6,outside_london
E01023892,6,outside_london
E01021304,6,outside_london
E01023470,6,outside_london
E01016044,6,outside_london
E01015995,6,outside_london
E01023964,6,outside_london
E01030692,6,outside_london
E01008831,6,outside_london
E01023752,6,outside_london
E01023722,6,outside_london
E01023948,6,outside_london
E01023394,6,outside_london
E01017820,6,outside_london
E01015931,6,outside_london
E01021822,6,outside_london
E01016032,6,outside_london
E01024446,6,outside_london
E01024407,6,outside_london
E01016019,6,outside_london
E01026623,6,outside_london
E01031025,6,outside_london
E01024431,6,outside_london
E01021254,6,outside_london
E01015867,6,outside_london
E01023899,6,outside_london
E01023322,6,outside_london
E01016478,6,outside_london
E01023880,6,outside_london
E01017712,6,outside_london
E01024315,6,outside_london
E01030612,6,outside_london
E01024465,6,outside_london
E01021272,6,outside_london
E01031608,6,outside_london
E01021753,6,outside_london
E01015757,6,outside_london
E01033459,6,outside_london
E01017754,6,outside_london
E01021997,6,outside_london
E01033723,6,outside_london
E01015738,6,outside_london
E01024611,6,outside_london
E01023437,6,outside_london
E01015717,6,outside_london
E01031308,6,outside_london
E01021293,6,outside_london
E01023409,6,outside_london
E01030312,6,outside_london
E01033655,6,outside_london
E01030599,6,outside_london
E01032817,6,outside_london
E01021338,6,outside_london
E01030362,6,outside_london
E01022882,6,outside_london
E01005238,6,outside_london
E01010061,6,outside_london
E01024450,6,outside_london
E01033264,6,outside_london
E01023732,6,outside_london
E01016589,6,outside_london
E01021463,6,outside_london
E01021805,6,outside_london
E01024392,6,outside_london
E01017194,6,outside_london
E01016448,6,outside_london
E01024649,6,outside_london
E01015936,6,outside_london
E01016310,6,outside_london
E01024118,6,outside_london
E01021821,6,outside_london
E01027130,6,outside_london
E01016049,6,outside_london
E01017032,6,outside_london
E01024482,6,outside_london
E01030702,6,outside_london
E01024591,6,outside_london
E01024774,6,outside_london
E01017943,6,outside_london
E01021836,6,outside_london
E01023091,6,outside_london
E01030726,6,outside_london
E01015962,6,outside_london
E01015282,6,outside_london
E01023290,6,outside_london
E01032977,6,outside_london
E01017487,6,outside_london
E01015792,6,outside_london
E01030673,6,outside_london
E01030382,6,outside_london
E01031656,6,outside_london
E01015934,6,outside_london
E01016908,6,outside_london
E01022046,6,outside_london
E01023568,6,outside_london
E01030566,6,outside_london
E01017805,6,outside_london
E01021861,6,outside_london
E01016069,6,outside_london
E01023430,6,outside_london
E01021277,6,outside_london
E01015861,6,outside_london
E01015917,6,outside_london
E01023881,6,outside_london
E01021831,6,outside_london
E01015961,6,outside_london
E01023858,6,outside_london
E01030651,6,outside_london
E01020911,6,outside_london
E01021448,6,outside_london
E01016137,6,outside_london
E01023664,6,outside_london
E01024745,6,outside_london
E01030980,6,outside_london
E01021289,6,outside_london
E01021447,6,outside_london
E01021310,6,outside_london
E01021493,6,outside_london
E01015734,6,outside_london
E01016023,6,outside_london
E01016842,6,outside_london
E01024276,6,outside_london
E01015749,6,outside_london
E01014157,6,outside_london
E01031610,6,outside_london
E01015784,6,outside_london
E01021091,6,outside_london
E01024434,6,outside_london
E01024417,6,outside_london
E01021864,6,outside_london
E01011349,6,outside_london
E01024393,6,outside_london
E01030816,6,outside_london
E01015294,6,outside_london
E01017983,6,outside_london
E01016714,6,outside_london
E01030358,6,outside_london
E01016062,6,outside_london
E01024597,6,outside_london
E01035319,6,outside_london
E01017255,6,outside_london
E01017800,6,outside_london
E01016964,6,outside_london
E01024615,6,outside_london
E01022027,6,outside_london
W01001320,6,outside_london
E01023929,6,outside_london
E01035328,6,outside_london
E01023388,6,outside_london
E01015937,6,outside_london
E01035274,6,outside_london
W01001904,6,outside_london
E01021537,6,outside_london
E01035158,6,outside_london
E01033027,6,outside_london
E01035578,6,outside_london
E01035345,6,outside_london
E01008921,6,outside_london
E01035277,6,outside_london
E01030342,6,outside_london
E01034022,6,outside_london
E01010623,6,outside_london
E01024319,5,outside_london
E01025789,5,outside_london
E01023743,5,outside_london
E01015965,5,outside_london
E01021467,5,outside_london
E01024174,5,outside_london
E01024438,5,outside_london
E01023847,5,outside_london
E01017687,5,outside_london
E01016894,5,outside_london
E01033342,5,outside_london
E01027155,5,outside_london
E01024767,5,outside_london
E01017522,5,outside_london
E01021803,5,outside_london
E01031400,5,outside_london
E01021786,5,outside_london
E01008437,5,outside_london
E01017814,5,outside_london
E01023726,5,outside_london
E01023834,5,outside_london
E01016523,5,outside_london
E01030314,5,outside_london
E01024838,5,outside_london
E01030997,5,outside_london
E01018367,5,outside_london
E01017761,5,outside_london
E01021775,5,outside_london
E01021828,5,outside_london
E01023613,5,outside_london
E01030619,5,outside_london
E01033300,5,outside_london
E01010833,5,outside_london
E01021365,5,outside_london
E01016972,5,outside_london
E01017589,5,outside_london
E01030373,5,outside_london
E01023529,5,outside_london
E01030023,5,outside_london
E01015736,5,outside_london
E01014254,5,outside_london
E01030834,5,outside_london
E01004868,5,outside_london
E01023352,5,outside_london
E01023492,5,outside_london
E01016157,5,outside_london
E01016768,5,outside_london
E01024462,5,outside_london
E01015896,5,outside_london
E01023877,5,outside_london
E01021297,5,outside_london
E01017776,5,outside_london
E01017758,5,outside_london
E01018027,5,outside_london
E01033760,5,outside_london
E01016136,5,outside_london
E01017832,5,outside_london
E01030840,5,outside_london
E01023885,5,outside_london
E01009345,5,outside_london
E01015291,5,outside_london
E01023505,5,outside_london
E01021783,5,outside_london
E01023681,5,outside_london
E01017836,5,outside_london
E01021501,5,outside_london
E01021871,5,outside_london
E01017850,5,outside_london
E01016467,5,outside_london
E01017900,5,outside_london
E01017819,5,outside_london
E01015855,5,outside_london
E01009239,5,outside_london
E01009060,5,outside_london
E01017987,5,outside_london
E01020952,5,outside_london
E01019893,5,outside_london
E01030409,5,outside_london
E01031696,5,outside_london
E01016742,5,outside_london
E01007875,5,outside_london
E01008095,5,outside_london
E01021299,5,outside_london
E01030297,5,outside_london
E01024485,5,outside_london
E01024070,5,outside_london
E01017620,5,outside_london
E01021857,5,outside_london
E01030636,5,outside_london
E01030649,5,outside_london
E01016209,5,outside_london
E01030363,5,outside_london
E01015765,5,outside_london
E01030584,5,outside_london
E01022026,5,outside_london
E01023813,5,outside_london
E01023909,5,outside_london
E01024290,5,outside_london
E01031130,5,outside_london
E01030836,5,outside_london
E01031743,5,outside_london
E01030583,5,outside_london
E01030443,5,outside_london
E01021854,5,outside_london
E01023540,5,outside_london
E01013658,5,outside_london
E01030683,5,outside_london
E01016502,5,outside_london
E01017828,5,outside_london
E01022037,5,outside_london
E01009414,5,outside_london
E01017594,5,outside_london
E01013945,5,outside_london
E01015842,5,outside_london
E01021434,5,outside_london
E01026791,5,outside_london
E01023835,5,outside_london
E01023883,5,outside_london
E01016576,5,outside_london
E01015289,5,outside_london
E01030451,5,outside_london
E01022879,5,outside_london
E01015781,5,outside_london
E01016022,5,outside_london
E01029116,5,outside_london
E01022312,5,outside_london
E01024352,5,outside_london
E01009638,5,outside_london
E01021370,5,outside_london
E01021682,5,outside_london
E01030658,5,outside_london
E01021639,5,outside_london
E01024353,5,outside_london
E01023476,5,outside_london
E01033125,5,outside_london
E01010107,5,outside_london
E01023204,5,outside_london
E01016575,5,outside_london
E01031469,5,outside_london
E01017755,5,outside_london
E01031229,5,outside_london
E01013760,5,outside_london
E01005945,5,outside_london
E01021801,5,outside_london
E01015731,5,outside_london
E01009412,5,outside_london
E01030353,5,outside_london
E01030349,5,outside_london
E01024466,5,outside_london
E01023786,5,outside_london
E01028500,5,outside_london
E01017934,5,outside_london
E01004929,5,outside_london
E01030316,5,outside_london
E01013739,5,outside_london
E01016158,5,outside_london
E01023778,5,outside_london
E01021859,5,outside_london
E01031636,5,outside_london
E01016499,5,outside_london
E01015967,5,outside_london
E01021263,5,outside_london
E01013816,5,outside_london
E01021968,5,outside_london
E01023923,5,outside_london
E01009172,5,outside_london
E01013820,5,outside_london
E01023725,5,outside_london
E01023330,5,outside_london
W01001870,5,outside_london
E01017748,5,outside_london
E01029951,5,outside_london
E01030618,5,outside_london
E01021736,5,outside_london
E01016016,5,outside_london
E01032979,5,outside_london
E01030606,5,outside_london
E01023398,5,outside_london
E01021169,5,outside_london
E01023361,5,outside_london
E01023499,5,outside_london
E01015652,5,outside_london
E01016490,5,outside_london
E01021488,5,outside_london
E01021491,5,outside_london
E01015767,5,outside_london
E01005279,5,outside_london
E01024090,5,outside_london
E01030418,5,outside_london
E01030376,5,outside_london
E01015732,5,outside_london
E01015622,5,outside_london
E01016549,5,outside_london
E01021430,5,outside_london
E01026467,5,outside_london
E01024509,5,outside_london
E01024595,5,outside_london
E01024586,5,outside_london
E01024584,5,outside_london
E01023863,5,outside_london
E01009483,5,outside_london
E01031576,5,outside_london
E01030301,5,outside_london
E01024657,5,outside_london
E01024833,5,outside_london
E01026599,5,outside_london
E01030655,5,outside_london
E01022083,5,outside_london
E01016872,5,outside_london
E01016873,5,outside_london
E01021704,5,outside_london
E01024228,5,outside_london
E01030317,5,outside_london
E01015728,5,outside_london
E01016067,5,outside_london
E01023922,5,outside_london
E01021563,5,outside_london
E01015729,5,outside_london
E01024553,5,outside_london
E01016359,5,outside_london
E01016414,5,outside_london
E01033269,5,outside_london
E01023781,5,outside_london
E01015491,5,outside_london
E01021455,5,outside_london
E01005191,5,outside_london
E01024737,5,outside_london
E01030379,5,outside_london
E01023757,5,outside_london
E01023935,5,outside_london
E01021300,5,outside_london
E01009508,5,outside_london
E01015771,5,outside_london
E01024383,5,outside_london
E01031043,5,outside_london
E01024049,5,outside_london
E01015898,5,outside_london
E01030732,5,outside_london
E01017698,5,outside_london
E01030514,5,outside_london
E01023116,5,outside_london
E01023728,5,outside_london
E01021320,5,outside_london
E01028520,5,outside_london
E01030558,5,outside_london
E01030640,5,outside_london
E01009138,5,outside_london
E01009317,5,outside_london
E01008974,5,outside_london
E01033064,5,outside_london
E01030364,5,outside_london
E01024307,5,outside_london
E01011037,5,outside_london
E01016305,5,outside_london
E01021314,5,outside_london
E01016177,5,outside_london
E01015600,5,outside_london
E01017392,5,outside_london
E01021020,5,outside_london
E01030733,5,outside_london
E01033675,5,outside_london
E01030570,5,outside_london
E01009548,5,outside_london
E01024333,5,outside_london
E01023910,5,outside_london
E01009343,5,outside_london
E01009836,5,outside_london
E01024275,5,outside_london
E01011235,5,outside_london
E01016500,5,outside_london
E01015894,5,outside_london
E01017904,5,outside_london
E01030800,5,outside_london
E01033720,5,outside_london
E01009610,5,outside_london
E01023453,5,outside_london
E01030656,5,outside_london
E01012914,5,outside_london
E01033762,5,outside_london
E01033677,5,outside_london
E01021287,5,outside_london
E01033691,5,outside_london
E01033623,5,outside_london
E01015750,5,outside_london
E01015983,5,outside_london
E01020972,5,outside_london
E01023957,5,outside_london
E01026622,5,outside_london
E01021841,5,outside_london
E01015984,5,outside_london
E01011339,5,outside_london
E01015739,5,outside_london
E01007805,5,outside_london
E01016356,5,outside_london
E01005811,5,outside_london
E01031554,5,outside_london
E01009626,5,outside_london
E01016540,5,outside_london
E01034287,5,outside_london
E01035570,5,outside_london
E01015946,5,outside_london
E01034090,5,outside_london
E01035736,5,outside_london
E01034020,5,outside_london
E01035013,5,outside_london
E01016954,5,outside_london
E01024092,5,outside_london
E01034286,5,outside_london
E01033804,5,outside_london
E01015892,5,outside_london
E01035281,5,outside_london
E01034451,5,outside_london
E01035279,5,outside_london
E01030407,5,outside_london
E01027162,5,outside_london
E01017717,5,outside_london
E01035284,5,outside_london
E01035579,5,outside_london
E01021317,5,outside_london
E01015727,5,outside_london
E01016503,5,outside_london
E01034092,5,outside_london
E01030550,5,outside_london
E01015844,5,outside_london
E01019542,5,outside_london
E01034992,5,outside_london
E01030837,5,outside_london
E01034082,5,outside_london
E01030648,5,outside_london
E01034357,5,outside_london
E01016073,5,outside_london
E01028036,4,outside_london
E01031565,4,outside_london
E01020982,4,outside_london
E01009928,4,outside_london
E01033274,4,outside_london
E01030831,4,outside_london
E01009349,4,outside_london
E01017561,4,outside_london
E01015839,4,outside_london
E01030738,4,outside_london
E01023693,4,outside_london
E01023683,4,outside_london
E01016990,4,outside_london
E01030527,4,outside_london
E01023958,4,outside_london
E01032810,4,outside_london
E01009515,4,outside_london
E01031599,4,outside_london
E01021829,4,outside_london
E01033008,4,outside_london
E01016078,4,outside_london
E01033498,4,outside_london
E01021105,4,outside_london
E01024452,4,outside_london
E01017192,4,outside_london
E01017833,4,outside_london
E01016339,4,outside_london
E01023488,4,outside_london
E01021756,4,outside_london
E01032798,4,outside_london
E01023063,4,outside_london
E01023601,4,outside_london
E01030601,4,outside_london
E01015966,4,outside_london
E01024027,4,outside_london
E01017674,4,outside_london
E01017474,4,outside_london
E01033631,4,outside_london
E01019611,4,outside_london
E01030419,4,outside_london
E01023854,4,outside_london
E01030933,4,outside_london
E01016551,4,outside_london
E01021290,4,outside_london
E01017536,4,outside_london
E01009199,4,outside_london
E01021833,4,outside_london
E01013632,4,outside_london
E01015714,4,outside_london
E01033543,4,outside_london
E01023706,4,outside_london
E01030758,4,outside_london
E01015547,4,outside_london
E01024652,4,outside_london
E01031392,4,outside_london
E01021271,4,outside_london
E01021458,4,outside_london
E01016993,4,outside_london
E01021795,4,outside_london
E01023524,4,outside_london
E01015805,4,outside_london
E01033268,4,outside_london
E01030722,4,outside_london
E01030960,4,outside_london
E01009334,4,outside_london
E01016190,4,outside_london
E01033023,4,outside_london
E01022873,4,outside_london
E01015997,4,outside_london
E01017903,4,outside_london
E01024302,4,outside_london
E01017940,4,outside_london
E01017466,4,outside_london
E01030501,4,outside_london
E01030538,4,outside_london
E01031033,4,outside_london
E01024427,4,outside_london
E01024428,4,outside_london
E01030742,4,outside_london
E01023798,4,outside_london
E01016565,4,outside_london
E01016596,4,outside_london
E01029425,4,outside_london
E01030438,4,outside_london
E01015791,4,outside_london
E01027224,4,outside_london
E01024437,4,outside_london
E01016494,4,outside_london
E01017155,4,outside_london
E01017804,4,outside_london
E01024678,4,outside_london
E01021160,4,outside_london
E01017377,4,outside_london
E01032587,4,outside_london
E01030513,4,outside_london
E01030759,4,outside_london
E01030815,4,outside_london
E01030826,4,outside_london
E01017986,4,outside_london
E01021638,4,outside_london
E01023523,4,outside_london
E01016476,4,outside_london
E01015580,4,outside_london
E01021016,4,outside_london
W01000613,4,outside_london
E01021241,4,outside_london
E01009351,4,outside_london
E01033639,4,outside_london
E01016898,4,outside_london
E01030481,4,outside_london
E01021685,4,outside_london
E01024292,4,outside_london
E01032847,4,outside_london
E01013668,4,outside_london
E01006534,4,outside_london
E01030665,4,outside_london
E01030813,4,outside_london
E01031557,4,outside_london
E01012385,4,outside_london
E01033753,4,outside_london
E01033654,4,outside_london
E01012163,4,outside_london
E01024453,4,outside_london
E01008703,4,outside_london
E01023904,4,outside_london
E01030995,4,outside_london
E01010511,4,outside_london
E01024076,4,outside_london
E01031591,4,outside_london
E01026133,4,outside_london
E01015884,4,outside_london
E01018518,4,outside_london
E01016501,4,outside_london
E01023826,4,outside_london
E01021302,4,outside_london
E01009974,4,outside_london
E01031436,4,outside_london
E01017641,4,outside_london
E01008914,4,outside_london
E01009140,4,outside_london
E01033399,4,outside_london
E01028597,4,outside_london
E01007118,4,outside_london
E01018081,4,outside_london
E01032726,4,outside_london
E01021380,4,outside_london
E01022846,4,outside_london
E01005208,4,outside_london
E01017815,4,outside_london
E01017499,4,outside_london
E01017519,4,outside_london
E01019595,4,outside_london
E01016392,4,outside_london
E01021826,4,outside_london
E01032187,4,outside_london
E01017072,4,outside_london
E01017796,4,outside_london
E01030865,4,outside_london
E01015751,4,outside_london
E01023915,4,outside_london
E01020569,4,outside_london
E01017978,4,outside_london
E01031620,4,outside_london
E01030916,4,outside_london
E01021462,4,outside_london
E01029395,4,outside_london
E01017767,4,outside_london
E01021849,4,outside_london
E01016154,4,outside_london
E01024661,4,outside_london
E01030944,4,outside_london
E01024091,4,outside_london
E01017575,4,outside_london
E01017783,4,outside_london
E01029988,4,outside_london
E01026643,4,outside_london
E01033265,4,outside_london
E01023403,4,outside_london
E01016159,4,outside_london
E01009077,4,outside_london
E01024576,4,outside_london
E01017925,4,outside_london
E01024362,4,outside_london
E01024078,4,outside_london
E01015753,4,outside_london
E01031741,4,outside_london
E01030590,4,outside_london
E01022063,4,outside_london
W01001832,4,outside_london
E01030666,4,outside_london
E01016702,4,outside_london
E01023674,4,outside_london
E01014370,4,outside_london
E01015367,4,outside_london
E01021648,4,outside_london
E01031580,4,outside_london
E01030375,4,outside_london
E01020985,4,outside_london
E01016152,4,outside_london
E01015856,4,outside_london
E01009507,4,outside_london
E01021034,4,outside_london
E01015623,4,outside_london
E01016449,4,outside_london
E01031004,4,outside_london
E01019587,4,outside_london
E01030470,4,outside_london
E01016161,4,outside_london
E01027752,4,outside_london
E01028676,4,outside_london
E01023832,4,outside_london
E01016524,4,outside_london
E01021441,4,outside_london
E01023324,4,outside_london
E01021498,4,outside_london
E01023487,4,outside_london
E01013330,4,outside_london
E01024570,4,outside_london
E01023351,4,outside_london
E01021793,4,outside_london
E01030415,4,outside_london
E01015735,4,outside_london
E01016045,4,outside_london
E01030981,4,outside_london
E01021326,4,outside_london
E01015752,4,outside_london
E01016171,4,outside_london
E01016737,4,outside_london
E01021313,4,outside_london
E01031482,4,outside_london
E01023405,4,outside_london
E01024780,4,outside_london
W01001862,4,outside_london
E01031598,4,outside_london
E01013571,4,outside_london
E01023643,4,outside_london
E01023605,4,outside_london
E01022068,4,outside_london
E01031609,4,outside_london
E01020968,4,outside_london
E01026598,4,outside_london
E01021040,4,outside_london
E01017028,4,outside_london
E01017908,4,outside_london
E01020021,4,outside_london
E01016112,4,outside_london
E01016450,4,outside_london
E01024667,4,outside_london
E01023850,4,outside_london
E01023896,4,outside_london
E01023897,4,outside_london
E01030986,4,outside_london
E01017376,4,outside_london
E01021697,4,outside_london
E01021686,4,outside_london
E01015704,4,outside_london
E01023640,4,outside_london
E01010064,4,outside_london
E01016484,4,outside_london
E01032345,4,outside_london
E01016036,4,outside_london
E01018297,4,outside_london
E01023737,4,outside_london
E01023891,4,outside_london
E01023448,4,outside_london
E01032937,4,outside_london
E01031000,4,outside_london
E01030416,4,outside_london
E01016767,4,outside_london
E01016474,4,outside_london
E01030795,4,outside_london
E01024836,4,outside_london
E01010470,4,outside_london
E01024377,4,outside_london
E01033640,4,outside_london
E01016850,4,outside_london
E01033142,4,outside_london
E01026081,4,outside_london
E01030339,4,outside_london
E01024484,4,outside_london
E01024587,4,outside_london
E01017913,4,outside_london
E01021475,4,outside_london
E01024082,4,outside_london
E01021601,4,outside_london
E01017752,4,outside_london
E01030359,4,outside_london
W01001524,4,outside_london
E01017838,4,outside_london
E01021456,4,outside_london
E01017753,4,outside_london
E01027029,4,outside_london
E01030338,4,outside_london
E01011375,4,outside_london
E01030556,4,outside_london
E01012170,4,outside_london
E01016705,4,outside_london
E01025633,4,outside_london
E01021675,4,outside_london
E01021955,4,outside_london
E01021977,4,outside_london
E01016010,4,outside_london
E01025656,4,outside_london
E01025116,4,outside_london
E01023680,4,outside_london
E01031808,4,outside_london
E01021586,4,outside_london
E01013814,4,outside_london
E01015047,4,outside_london
E01014165,4,outside_london
E01022006,4,outside_london
E01008897,4,outside_london
E01016156,4,outside_london
E01016046,4,outside_london
E01026824,4,outside_london
E01016458,4,outside_london
E01030356,4,outside_london
E01021796,4,outside_london
E01031643,4,outside_london
E01005433,4,outside_london
E01033212,4,outside_london
E01030243,4,outside_london
E01021631,4,outside_london
E01031546,4,outside_london
E01022060,4,outside_london
E01024029,4,outside_london
E01009361,4,outside_london
E01008944,4,outside_london
E01014569,4,outside_london
E01034741,4,outside_london
E01030420,4,outside_london
E01033089,4,outside_london
E01025918,4,outside_london
E01021101,4,outside_london
E01010015,4,outside_london
E01017817,4,outside_london
E01024601,4,outside_london
E01023190,4,outside_london
E01010332,4,outside_london
E01026032,4,outside_london
E01026031,4,outside_london
E01016936,4,outside_london
E01027064,4,outside_london
E01005146,4,outside_london
E01016035,4,outside_london
E01027168,4,outside_london
E01005731,4,outside_london
E01023708,4,outside_london
E01015970,4,outside_london
E01023865,4,outside_london
E01014540,4,outside_london
E01033088,4,outside_london
E01017064,4,outside_london
E01028397,4,outside_london
E01023146,4,outside_london
E01028603,4,outside_london
E01016608,4,outside_london
E01017708,4,outside_london
E01012681,4,outside_london
E01023316,4,outside_london
E01023442,4,outside_london
E01030509,4,outside_london
E01033557,4,outside_london
E01021360,4,outside_london
E01017609,4,outside_london
E01021540,4,outside_london
W01000228,4,outside_london
E01020467,4,outside_london
E01023131,4,outside_london
E01024841,4,outside_london
E01009214,4,outside_london
E01021457,4,outside_london
E01022152,4,outside_london
E01015793,4,outside_london
E01008335,4,outside_london
E01017132,4,outside_london
E01021939,4,outside_london
E01026357,4,outside_london
E01022434,4,outside_london
E01028754,4,outside_london
E01017901,4,outside_london
E01021596,4,outside_london
E01031746,4,outside_london
E01024444,4,outside_london
E01023666,4,outside_london
E01021984,4,outside_london
E01016603,4,outside_london
E01012672,4,outside_london
E01021466,4,outside_london
E01024310,4,outside_london
E01034312,4,outside_london
E01024001,4,outside_london
W01001873,4,outside_london
E01033013,4,outside_london
E01016538,4,outside_london
E01033638,4,outside_london
E01024911,4,outside_london
E01021500,4,outside_london
E01021554,4,outside_london
E01030489,4,outside_london
E01015725,4,outside_london
E01016126,4,outside_london
E01005349,4,outside_london
E01030600,4,outside_london
E01017858,4,outside_london
E01021688,4,outside_london
E01023559,4,outside_london
E01017034,4,outside_london
E01030572,4,outside_london
E01017808,4,outside_london
E01010447,4,outside_london
E01031490,4,outside_london
E01026626,4,outside_london
E01017825,4,outside_london
E01030952,4,outside_london
E01009147,4,outside_london
E01024098,4,outside_london
E01024272,4,outside_london
E01016543,4,outside_london
E01031549,4,outside_london
E01015713,4,outside_london
E01024372,4,outside_london
E01030674,4,outside_london
E01033612,4,outside_london
E01024741,4,outside_london
E01031791,4,outside_london
E01020682,4,outside_london
E01028588,4,outside_london
E01015991,4,outside_london
E01016573,4,outside_london
E01010472,4,outside_london
E01021699,4,outside_london
E01021856,4,outside_london
E01005176,4,outside_london
E01023939,4,outside_london
E01009235,4,outside_london
E01017102,4,outside_london
E01008899,4,outside_london
E01017784,4,outside_london
E01016811,4,outside_london
E01017501,4,outside_london
E01009656,4,outside_london
E01027226,4,outside_london
E01015673,4,outside_london
E01021325,4,outside_london
E01030223,4,outside_london
E01015949,4,outside_london
E01023916,4,outside_london
E01030979,4,outside_london
E01021823,4,outside_london
E01028538,4,outside_london
E01017899,4,outside_london
E01034292,4,outside_london
E01023942,4,outside_london
E01017841,4,outside_london
E01016806,4,outside_london
E01028949,4,outside_london
E01030708,4,outside_london
E01021542,4,outside_london
E01023359,4,outside_london
E01033661,4,outside_london
E01023924,4,outside_london
E01016233,4,outside_london
E01033347,4,outside_london
E01033674,4,outside_london
E01035296,4,outside_london
E01030650,4,outside_london
E01035301,4,outside_london
E01035605,4,outside_london
E01021507,4,outside_london
E01015748,4,outside_london
E01010029,4,outside_london
E01035003,4,outside_london
E01027240,4,outside_london
E01035599,4,outside_london
E01022011,4,outside_london
E01035606,4,outside_london
E01032415,4,outside_london
E01024293,4,outside_london
E01025899,4,outside_london
E01015927,4,outside_london
E01035012,4,outside_london
E01034366,4,outside_london
E01017584,4,outside_london
E01030625,4,outside_london
E01035254,4,outside_london
E01014489,4,outside_london
E01017851,4,outside_london
E01034367,4,outside_london
E01035248,4,outside_london
E01005397,4,outside_london
E01035604,4,outside_london
E01021820,4,outside_london
E01034293,4,outside_london
E01033622,4,outside_london
E01034446,4,outside_london
E01035445,4,outside_london
E01033420,4,outside_london
E01023717,4,outside_london
E01035577,4,outside_london
E01009490,4,outside_london
E01034274,4,outside_london
E01035276,4,outside_london
E01016174,4,outside_london
E01017373,4,outside_london
E01032835,4,outside_london
E01021074,4,outside_london
E01031545,4,outside_london
E01005844,4,outside_london
E01017483,4,outside_london
E01024878,4,outside_london
E01018743,4,outside_london
E01010834,3,outside_london
E01005231,3,outside_london
E01016056,3,outside_london
W01001324,3,outside_london
E01023515,3,outside_london
E01030318,3,outside_london
E01022291,3,outside_london
E01033006,3,outside_london
E01016496,3,outside_london
E01016991,3,outside_london
E01017966,3,outside_london
E01029925,3,outside_london
E01016743,3,outside_london
E01017138,3,outside_london
E01029287,3,outside_london
E01021863,3,outside_london
E01015745,3,outside_london
E01015632,3,outside_london
E01024445,3,outside_london
E01017826,3,outside_london
E01016564,3,outside_london
E01021573,3,outside_london
E01021556,3,outside_london
E01017757,3,outside_london
E01020764,3,outside_london
E01007557,3,outside_london
E01032990,3,outside_london
E01030611,3,outside_london
E01021917,3,outside_london
E01030724,3,outside_london
E01026481,3,outside_london
E01031582,3,outside_london
E01020405,3,outside_london
E01013779,3,outside_london
E01015761,3,outside_london
E01005257,3,outside_london
E01029046,3,outside_london
E01025926,3,outside_london
E01030621,3,outside_london
E01018299,3,outside_london
E01030713,3,outside_london
E01024672,3,outside_london
E01015957,3,outside_london
E01030884,3,outside_london
E01016604,3,outside_london
E01033068,3,outside_london
E01030346,3,outside_london
E01016096,3,outside_london
E01021174,3,outside_london
E01023932,3,outside_london
E01016613,3,outside_london
E01017852,3,outside_london
E01009194,3,outside_london
E01016886,3,outside_london
E01009642,3,outside_london
E01031603,3,outside_london
E01031550,3,outside_london
E01024238,3,outside_london
E01030341,3,outside_london
E01015747,3,outside_london
E01031698,3,outside_london
W01000568,3,outside_london
E01030626,3,outside_london
E01030686,3,outside_london
E01023120,3,outside_london
E01032748,3,outside_london
E01030729,3,outside_london
E01021256,3,outside_london
E01009176,3,outside_london
E01033283,3,outside_london
E01033693,3,outside_london
E01010839,3,outside_london
E01024298,3,outside_london
E01006624,3,outside_london
E01016711,3,outside_london
E01008989,3,outside_london
E01017442,3,outside_london
E01033057,3,outside_london
E01030690,3,outside_london
E01030770,3,outside_london
E01008910,3,outside_london
E01021679,3,outside_london
E01030404,3,outside_london
E01021888,3,outside_london
E01016133,3,outside_london
E01017121,3,outside_london
E01030956,3,outside_london
E01007336,3,outside_london
E01009424,3,outside_london
E01009384,3,outside_london
E01024349,3,outside_london
E01023635,3,outside_london
E01023598,3,outside_london
E01008524,3,outside_london
E01030574,3,outside_london
E01014281,3,outside_london
E01031231,3,outside_london
E01030189,3,outside_london
E01015534,3,outside_london
E01016552,3,outside_london
E01026423,3,outside_london
E01023369,3,outside_london
E01021807,3,outside_london
E01029937,3,outside_london
E01031619,3,outside_london
E01033671,3,outside_london
E01023070,3,outside_london
E01033409,3,outside_london
E01020196,3,outside_london
E01024726,3,outside_london
E01023927,3,outside_london
E01023921,3,outside_london
E01016277,3,outside_london
E01016344,3,outside_london
E01031454,3,outside_london
E01009178,3,outside_london
E01024086,3,outside_london
E01021794,3,outside_london
E01024311,3,outside_london
E01023875,3,outside_london
E01031787,3,outside_london
E01032447,3,outside_london
E01013470,3,outside_london
E01024300,3,outside_london
E01020994,3,outside_london
E01015703,3,outside_london
E01030780,3,outside_london
E01021838,3,outside_london
E01016077,3,outside_london
E01026823,3,outside_london
E01023106,3,outside_london
E01007038,3,outside_london
E01024779,3,outside_london
E01023898,3,outside_london
E01021411,3,outside_london
E01017756,3,outside_london
E01023407,3,outside_london
E01011262,3,outside_london
E01013745,3,outside_london
E01030628,3,outside_london
E01024537,3,outside_london
E01023676,3,outside_london
E01030281,3,outside_london
E01017929,3,outside_london
E01017921,3,outside_london
E01032820,3,outside_london
E01007651,3,outside_london
E01017340,3,outside_london
E01016050,3,outside_london
E01009298,3,outside_london
E01021367,3,outside_london
W01001947,3,outside_london
E01021526,3,outside_london
E01018574,3,outside_london
E01009701,3,outside_london
E01023435,3,outside_london
E01024297,3,outside_london
E01011559,3,outside_london
E01023142,3,outside_london
E01009296,3,outside_london
E01016855,3,outside_london
E01017421,3,outside_london
E01017600,3,outside_london
E01031551,3,outside_london
E01013522,3,outside_london
E01023481,3,outside_london
E01021844,3,outside_london
E01011974,3,outside_london
E01030660,3,outside_london
E01024423,3,outside_london
E01023705,3,outside_london
E01023751,3,outside_london
E01032656,3,outside_london
E01020217,3,outside_london
E01010363,3,outside_london
E01016588,3,outside_london
W01001711,3,outside_london
E01021480,3,outside_london
E01017607,3,outside_london
E01015744,3,outside_london
E01028341,3,outside_london
E01005723,3,outside_london
E01027804,3,outside_london
E01023688,3,outside_london
E01023733,3,outside_london
E01021331,3,outside_london
E01023616,3,outside_london
E01017130,3,outside_london
E01032619,3,outside_london
E01010371,3,outside_london
E01033058,3,outside_london
E01023527,3,outside_london
E01030679,3,outside_london
E01008068,3,outside_london
E01015847,3,outside_london
E01031951,3,outside_london
E01024263,3,outside_london
E01033497,3,outside_london
E01013332,3,outside_london
E01030811,3,outside_london
E01030825,3,outside_london
E01015371,3,outside_london
E01026741,3,outside_london
E01024858,3,outside_london
E01016807,3,outside_london
E01026760,3,outside_london
E01024111,3,outside_london
E01021588,3,outside_london
E01024217,3,outside_london
E01022937,3,outside_london
E01031658,3,outside_london
E01024422,3,outside_london
E01017195,3,outside_london
E01014293,3,outside_london
E01030828,3,outside_london
E01023867,3,outside_london
E01024013,3,outside_london
E01022480,3,outside_london
E01021846,3,outside_london
E01021230,3,outside_london
E01032958,3,outside_london
E01009378,3,outside_london
E01021502,3,outside_london
E01025718,3,outside_london
E01032898,3,outside_london
E01011372,3,outside_london
E01033688,3,outside_london
E01007854,3,outside_london
E01016495,3,outside_london
E01016444,3,outside_london
E01010369,3,outside_london
E01023907,3,outside_london
E01016585,3,outside_london
E01026524,3,outside_london
E01030478,3,outside_london
E01016762,3,outside_london
E01028647,3,outside_london
E01030838,3,outside_london
E01009014,3,outside_london
E01005430,3,outside_london
E01007041,3,outside_london
E01028660,3,outside_london
E01009881,3,outside_london
E01019308,3,outside_london
E01013750,3,outside_london
E01005331,3,outside_london
E01021956,3,outside_london
E01016460,3,outside_london
E01032716,3,outside_london
E01023808,3,outside_london
E01015980,3,outside_london
E01024786,3,outside_london
E01024819,3,outside_london
E01020579,3,outside_london
E01023289,3,outside_london
E01028468,3,outside_london
E01033171,3,outside_london
E01030348,3,outside_london
E01024339,3,outside_london
E01005217,3,outside_london
E01015639,3,outside_london
E01032858,3,outside_london
E01015895,3,outside_london
E01024665,3,outside_london
E01031470,3,outside_london
E01030332,3,outside_london
E01012891,3,outside_london
E01016146,3,outside_london
E01026860,3,outside_london
E01030832,3,outside_london
E01024635,3,outside_london
E01026468,3,outside_london
E01024069,3,outside_london
E01030162,3,outside_london
E01024110,3,outside_london
E01025704,3,outside_london
E01016135,3,outside_london
E01030947,3,outside_london
E01018418,3,outside_london
E01020910,3,outside_london
E01028832,3,outside_london
E01015871,3,outside_london
E01023811,3,outside_london
E01021208,3,outside_london
E01030976,3,outside_london
E01022213,3,outside_london
E01026251,3,outside_london
E01024812,3,outside_london
E01023882,3,outside_london
E01017523,3,outside_london
E01016951,3,outside_london
E01014528,3,outside_london
E01017445,3,outside_london
E01015786,3,outside_london
E01031727,3,outside_london
E01027259,3,outside_london
E01017225,3,outside_london
E01030763,3,outside_london
E01023943,3,outside_london
E01008953,3,outside_london
E01021405,3,outside_london
E01016903,3,outside_london
E01018455,3,outside_london
E01031721,3,outside_london
E01031767,3,outside_london
E01033406,3,outside_london
E01017080,3,outside_london
E01033029,3,outside_london
E01017893,3,outside_london
E01021251,3,outside_london
E01014463,3,outside_london
W01001694,3,outside_london
W01000518,3,outside_london
E01019283,3,outside_london
E01021760,3,outside_london
E01013322,3,outside_london
E01023679,3,outside_london
E01030817,3,outside_london
E01022023,3,outside_london
E01023812,3,outside_london
E01015245,3,outside_london
E01032378,3,outside_london
E01017927,3,outside_london
E01022540,3,outside_london
E01010854,3,outside_london
E01022143,3,outside_london
E01009619,3,outside_london
E01023496,3,outside_london
E01024394,3,outside_london
E01028620,3,outside_london
E01022514,3,outside_london
E01009263,3,outside_london
E01017555,3,outside_london
E01021593,3,outside_london
E01030602,3,outside_london
E01010030,3,outside_london
E01015220,3,outside_london
E01017476,3,outside_london
E01016953,3,outside_london
E01023315,3,outside_london
E01024072,3,outside_london
W01001815,3,outside_london
E01031540,3,outside_london
E01017795,3,outside_london
E01017792,3,outside_london
E01024247,3,outside_london
E01020915,3,outside_london
E01026628,3,outside_london
E01018206,3,outside_london
E01015756,3,outside_london
E01017831,3,outside_london
E01023779,3,outside_london
E01023755,3,outside_london
E01007130,3,outside_london
E01017907,3,outside_london
E01021243,3,outside_london
E01021524,3,outside_london
E01021614,3,outside_london
E01024157,3,outside_london
E01024299,3,outside_london
E01023694,3,outside_london
E01024619,3,outside_london
E01015990,3,outside_london
E01024732,3,outside_london
E01030282,3,outside_london
E01027330,3,outside_london
E01016582,3,outside_london
E01033630,3,outside_london
E01033565,3,outside_london
E01014694,3,outside_london
E01017743,3,outside_london
E01017775,3,outside_london
E01026726,3,outside_london
E01015712,3,outside_london
E01016115,3,outside_london
E01016447,3,outside_london
E01028669,3,outside_london
E01006832,3,outside_london
E01033311,3,outside_london
E01031988,3,outside_london
E01016661,3,outside_london
E01017631,3,outside_london
E01033645,3,outside_london
E01009655,3,outside_london
E01029949,3,outside_london
E01005288,3,outside_london
W01001913,3,outside_london
E01028516,3,outside_london
E01021203,3,outside_london
E01023941,3,outside_london
E01031810,3,outside_london
E01021308,3,outside_london
E01004850,3,outside_london
E01013697,3,outside_london
E01024396,3,outside_london
E01016026,3,outside_london
E01008124,3,outside_london
E01032714,3,outside_london
E01023954,3,outside_london
E01023270,3,outside_london
E01009141,3,outside_london
E01010851,3,outside_london
E01023328,3,outside_london
E01004979,3,outside_london
E01019002,3,outside_london
E01023401,3,outside_london
E01019612,3,outside_london
E01031752,3,outside_london
E01027216,3,outside_london
E01008463,3,outside_london
E01015595,3,outside_london
E01021928,3,outside_london
E01024467,3,outside_london
E01033046,3,outside_london
E01024727,3,outside_london
E01016304,3,outside_london
E01032377,3,outside_london
E01021260,3,outside_london
E01021274,3,outside_london
E01021283,3,outside_london
E01016182,3,outside_london
E01033356,3,outside_london
E01024100,3,outside_london
E01021674,3,outside_london
E01024191,3,outside_london
E01026671,3,outside_london
E01016039,3,outside_london
E01030540,3,outside_london
E01033410,3,outside_london
E01016518,3,outside_london
E01017276,3,outside_london
E01014356,3,outside_london
E01020913,3,outside_london
E01016033,3,outside_london
E01016029,3,outside_london
E01023650,3,outside_london
E01024425,3,outside_london
E01030824,3,outside_london
E01023872,3,outside_london
E01016966,3,outside_london
E01021543,3,outside_london
E01009565,3,outside_london
E01021866,3,outside_london
E01015054,3,outside_london
E01016395,3,outside_london
E01024582,3,outside_london
E01023833,3,outside_london
E01033431,3,outside_london
E01028504,3,outside_london
E01023503,3,outside_london
E01024260,3,outside_london
E01024388,3,outside_london
E01033180,3,outside_london
E01016391,3,outside_london
E01024517,3,outside_london
E01015862,3,outside_london
E01015849,3,outside_london
E01021278,3,outside_london
E01009482,3,outside_london
W01001741,3,outside_london
E01021798,3,outside_london
E01022264,3,outside_london
E01026635,3,outside_london
E01015700,3,outside_london
E01016176,3,outside_london
E01016814,3,outside_london
E01030580,3,outside_london
E01021102,3,outside_london
E01015900,3,outside_london
E01029649,3,outside_london
E01024801,3,outside_london
E01011913,3,outside_london
E01030893,3,outside_london
E01017577,3,outside_london
E01017618,3,outside_london
E01018467,3,outside_london
E01024200,3,outside_london
E01016149,3,outside_london
E01017051,3,outside_london
E01024590,3,outside_london
E01030819,3,outside_london
E01014115,3,outside_london
E01010263,3,outside_london
E01023887,3,outside_london
E01030244,3,outside_london
E01032814,3,outside_london
E01008883,3,outside_london
E01033285,3,outside_london
E01016915,3,outside_london
W01001871,3,outside_london
E01022601,3,outside_london
E01024318,3,outside_london
E01026853,3,outside_london
E01030638,3,outside_london
E01023731,3,outside_london
E01024699,3,outside_london
E01009043,3,outside_london
E01016871,3,outside_london
E01032516,3,outside_london
E01023454,3,outside_london
E01021003,3,outside_london
E01017178,3,outside_london
E01023669,3,outside_london
E01021255,3,outside_london
E01033242,3,outside_london
E01014632,3,outside_london
E01028449,3,outside_london
E01009622,3,outside_london
E01029407,3,outside_london
E01021824,3,outside_london
E01027127,3,outside_london
E01005097,3,outside_london
E01030614,3,outside_london
E01016469,3,outside_london
E01016308,3,outside_london
E01031848,3,outside_london
E01008905,3,outside_london
E01021479,3,outside_london
E01028481,3,outside_london
E01023436,3,outside_london
E01024305,3,outside_london
E01028258,3,outside_london
E01023594,3,outside_london
E01033438,3,outside_london
E01016370,3,outside_london
E01024645,3,outside_london
E01010599,3,outside_london
E01026478,3,outside_london
E01017009,3,outside_london
E01016857,3,outside_london
E01023511,3,outside_london
E01026596,3,outside_london
E01015778,3,outside_london
E01005195,3,outside_london
E01017244,3,outside_london
E01023906,3,outside_london
E01009136,3,outside_london
E01021431,3,outside_london
E01014731,3,outside_london
E01018067,3,outside_london
E01008216,3,outside_london
E01021851,3,outside_london
E01021014,3,outside_london
W01001693,3,outside_london
E01013977,3,outside_london
E01024459,3,outside_london
E01030890,3,outside_london
E01017840,3,outside_london
E01021401,3,outside_london
E01014527,3,outside_london
E01019763,3,outside_london
E01030530,3,outside_london
E01017022,3,outside_london
E01030622,3,outside_london
E01033281,3,outside_london
E01024486,3,outside_london
E01012277,3,outside_london
E01023218,3,outside_london
E01023245,3,outside_london
E01010422,3,outside_london
E01021422,3,outside_london
E01024222,3,outside_london
E01023482,3,outside_london
E01021792,3,outside_london
E01031671,3,outside_london
E01016155,3,outside_london
E01013813,3,outside_london
E01015636,3,outside_london
E01016487,3,outside_london
E01016472,3,outside_london
E01017148,3,outside_london
E01024662,3,outside_london
E01031562,3,outside_london
E01024235,3,outside_london
E01020912,3,outside_london
E01021902,3,outside_london
E01005183,3,outside_london
E01016828,3,outside_london
E01029793,3,outside_london
E01005812,3,outside_london
E01030163,3,outside_london
E01023830,3,outside_london
E01022084,3,outside_london
E01023952,3,outside_london
E01006232,3,outside_london
E01010466,3,outside_london
E01027967,3,outside_london
E01017710,3,outside_london
E01009393,3,outside_london
E01004826,3,outside_london
E01017405,3,outside_london
E01021626,3,outside_london
E01026958,3,outside_london
E01009604,3,outside_london
E01027011,3,outside_london
E01009843,3,outside_london
E01023460,3,outside_london
E01021870,3,outside_london
E01013743,3,outside_london
E01028596,3,outside_london
E01021140,3,outside_london
E01021121,3,outside_london
E01023095,3,outside_london
E01024442,3,outside_london
E01024508,3,outside_london
E01010192,3,outside_london
W01000833,3,outside_london
E01021993,3,outside_london
E01022078,3,outside_london
E01028723,3,outside_london
E01016568,3,outside_london
E01016555,3,outside_london
E01010525,3,outside_london
E01021344,3,outside_london
E01022478,3,outside_london
E01026026,3,outside_london
E01015315,3,outside_london
E01017975,3,outside_london
E01024059,3,outside_london
E01009554,3,outside_london
E01033509,3,outside_london
E01027227,3,outside_london
E01033440,3,outside_london
E01030643,3,outside_london
E01030594,3,outside_london
E01030716,3,outside_london
E01017479,3,outside_london
E01021347,3,outside_london
W01001802,3,outside_london
W01001726,3,outside_london
E01018781,3,outside_london
E01031581,3,outside_london
E01024373,3,outside_london
E01016057,3,outside_london
E01005371,3,outside_london
E01015615,3,outside_london
E01005590,3,outside_london
E01028625,3,outside_london
E01024612,3,outside_london
E01021970,3,outside_london
E01021989,3,outside_london
E01031991,3,outside_london
E01016566,3,outside_london
E01031422,3,outside_london
E01017472,3,outside_london
E01012686,3,outside_london
E01014623,3,outside_london
E01013455,3,outside_london
E01033131,3,outside_london
E01011342,3,outside_london
E01032599,3,outside_london
E01032981,3,outside_london
E01027503,3,outside_london
E01030579,3,outside_london
E01005667,3,outside_london
E01022034,3,outside_london
E01030230,3,outside_london
E01030900,3,outside_london
E01030966,3,outside_london
E01030990,3,outside_london
E01017928,3,outside_london
E01021324,3,outside_london
E01017489,3,outside_london
E01009049,3,outside_london
E01021578,3,outside_london
E01033387,3,outside_london
E01009566,3,outside_london
E01015769,3,outside_london
E01016148,3,outside_london
E01016150,3,outside_london
E01016778,3,outside_london
E01017266,3,outside_london
E01009380,3,outside_london
E01014526,3,outside_london
E01028435,3,outside_london
E01021651,3,outside_london
E01013566,3,outside_london
E01031614,3,outside_london
E01033129,3,outside_london
E01013688,3,outside_london
E01015754,3,outside_london
E01024355,3,outside_london
E01024384,3,outside_london
E01033519,3,outside_london
E01030510,3,outside_london
W01000589,3,outside_london
E01030637,3,outside_london
E01010054,3,outside_london
E01030833,3,outside_london
E01023819,3,outside_london
E01024768,3,outside_london
E01030879,3,outside_london
E01016547,3,outside_london
E01021309,3,outside_london
E01023317,3,outside_london
E01023331,3,outside_london
E01021650,3,outside_london
E01031577,3,outside_london
E01023438,3,outside_london
E01023519,3,outside_london
E01024274,3,outside_london
E01022975,3,outside_london
E01023583,3,outside_london
E01024336,3,outside_london
E01024405,3,outside_london
E01033665,3,outside_london
E01016783,3,outside_london
E01005350,3,outside_london
E01021938,3,outside_london
E01022043,3,outside_london
E01024658,3,outside_london
E01024028,3,outside_london
E01009059,3,outside_london
E01026006,3,outside_london
E01018621,3,outside_london
E01031500,3,outside_london
E01009811,3,outside_london
E01031679,3,outside_london
E01025129,3,outside_london
E01013661,3,outside_london
E01015698,3,outside_london
E01016151,3,outside_london
E01016835,3,outside_london
E01016726,3,outside_london
E01030552,3,outside_london
E01024850,3,outside_london
E01022076,3,outside_london
E01014371,3,outside_london
E01017475,3,outside_london
E01009224,3,outside_london
E01032969,3,outside_london
E01016780,3,outside_london
E01015882,3,outside_london
E01008735,3,outside_london
E01023951,3,outside_london
E01009202,3,outside_london
E01016191,3,outside_london
E01023486,3,outside_london
E01026114,3,outside_london
E01030425,3,outside_london
E01031661,3,outside_london
E01030021,3,outside_london
E01015804,3,outside_london
E01016132,3,outside_london
E01015939,3,outside_london
E01028696,3,outside_london
E01016634,3,outside_london
E01021301,3,outside_london
E01009088,3,outside_london
E01033629,3,outside_london
E01023396,3,outside_london
E01020941,3,outside_london
E01024288,3,outside_london
E01024390,3,outside_london
E01021880,3,outside_london
E01016848,3,outside_london
E01015413,3,outside_london
E01016364,3,outside_london
E01024524,3,outside_london
E01029225,3,outside_london
E01006186,3,outside_london
E01006369,3,outside_london
E01009000,3,outside_london
E01017997,3,outside_london
E01018003,3,outside_london
E01017430,3,outside_london
E01023374,3,outside_london
E01013523,3,outside_london
E01013565,3,outside_london
E01022890,3,outside_london
E01013756,3,outside_london
E01024391,3,outside_london
E01021900,3,outside_london
E01005108,3,outside_london
E01016141,3,outside_london
E01015462,3,outside_london
E01016412,3,outside_london
E01015820,3,outside_london
E01030727,3,outside_london
E01022093,3,outside_london
E01031262,3,outside_london
E01023873,3,outside_london
E01030987,3,outside_london
E01016646,3,outside_london
E01016674,3,outside_london
E01021336,3,outside_london
E01009289,3,outside_london
E01008964,3,outside_london
E01011084,3,outside_london
E01015710,3,outside_london
E01033407,3,outside_london
E01007667,3,outside_london
E01027264,3,outside_london
E01024626,3,outside_london
E01022049,3,outside_london
E01033611,3,outside_london
E01023903,3,outside_london
E01014706,3,outside_london
E01021722,3,outside_london
E01009647,3,outside_london
E01020998,3,outside_london
E01021047,3,outside_london
E01029604,3,outside_london
E01027257,3,outside_london
E01017806,3,outside_london
E01015904,3,outside_london
E01026912,3,outside_london
E01024572,3,outside_london
E01016587,3,outside_london
E01021247,3,outside_london
E01022494,3,outside_london
E01012698,3,outside_london
E01004869,3,outside_london
E01014654,3,outside_london
E01017989,3,outside_london
E01021576,3,outside_london
E01021613,3,outside_london
E01023493,3,outside_london
E01027188,3,outside_london
E01005694,3,outside_london
E01016498,3,outside_london
E01016471,3,outside_london
E01028646,3,outside_london
E01014345,3,outside_london
E01022041,3,outside_london
E01031781,3,outside_london
E01017859,3,outside_london
E01004886,3,outside_london
E01015772,3,outside_london
E01015775,3,outside_london
E01030542,3,outside_london
E01027132,3,outside_london
E01023773,3,outside_london
E01024796,3,outside_london
E01023912,3,outside_london
E01018624,3,outside_london
E01030456,3,outside_london
E01030013,3,outside_london
E01006778,3,outside_london
E01030055,3,outside_london
E01030715,3,outside_london
E01024559,3,outside_london
E01022031,3,outside_london
W01001413,3,outside_london
E01012854,3,outside_london
E01021048,3,outside_london
E01026848,3,outside_london
E01023697,3,outside_london
E01030091,3,outside_london
E01021315,3,outside_london
E01021281,3,outside_london
E01013488,3,outside_london
E01034834,3,outside_london
E01024361,3,outside_london
E01015609,3,outside_london
E01015613,3,outside_london
E01030617,3,outside_london
E01031437,3,outside_london
E01029920,3,outside_london
E01014653,3,outside_london
E01031596,3,outside_london
E01030300,3,outside_london
E01024261,3,outside_london
E01005216,3,outside_london
E01015902,3,outside_london
E01023724,3,outside_london
E01015992,3,outside_london
E01010630,3,outside_london
E01012359,3,outside_london
E01022310,3,outside_london
E01013617,3,outside_london
E01030537,3,outside_london
E01021966,3,outside_london
E01030802,3,outside_london
E01028739,3,outside_london
E01009050,3,outside_london
E01033650,3,outside_london
E01012679,3,outside_london
E01022603,3,outside_london
E01014113,3,outside_london
E01015933,3,outside_london
E01006284,3,outside_london
E01009421,3,outside_london
E01009364,3,outside_london
E01022102,3,outside_london
E01030345,3,outside_london
E01018077,3,outside_london
E01015726,3,outside_london
E01016179,3,outside_london
E01035506,3,outside_london
E01015633,3,outside_london
E01030632,3,outside_london
E01030760,3,outside_london
E01032702,3,outside_london
E01031385,3,outside_london
E01017460,3,outside_london
E01021381,3,outside_london
E01023747,3,outside_london
E01010367,3,outside_london
E01008934,3,outside_london
E01034277,3,outside_london
E01028130,3,outside_london
E01017910,3,outside_london
E01017381,3,outside_london
E01023447,3,outside_london
E01024269,3,outside_london
E01033174,3,outside_london
E01030657,3,outside_london
E01024798,3,outside_london
E01035608,3,outside_london
E01026391,3,outside_london
E01023225,3,outside_london
E01008907,3,outside_london
E01021724,3,outside_london
E01030381,3,outside_london
E01030429,3,outside_london
E01033806,3,outside_london
E01035569,3,outside_london
E01022016,3,outside_london
E01024754,3,outside_london
E01034313,3,outside_london
E01017552,3,outside_london
E01033562,3,outside_london
E01009112,3,outside_london
E01034359,3,outside_london
E01017634,3,outside_london
E01035526,3,outside_london
E01021018,3,outside_london
E01022946,3,outside_london
E01015718,3,outside_london
E01016085,3,outside_london
E01016813,3,outside_london
E01014163,3,outside_london
E01031328,3,outside_london
E01017920,3,outside_london
E01017383,3,outside_london
E01035278,3,outside_london
E01024139,3,outside_london
E01033807,3,outside_london
E01016143,3,outside_london
E01034234,3,outside_london
E01009046,3,outside_london
E01008940,3,outside_london
E01033681,3,outside_london
E01020108,3,outside_london
E01016525,3,outside_london
E01021246,3,outside_london
E01016862,3,outside_london
E01023663,3,outside_london
E01005614,3,outside_london
E01033353,3,outside_london
E01022222,3,outside_london
E01035283,3,outside_london
E01021842,3,outside_london
E01035431,3,outside_london
E01007002,3,outside_london
E01029927,3,outside_london
E01009021,3,outside_london
E01021486,3,outside_london
E01035271,3,outside_london
E01034363,3,outside_london
E01020992,3,outside_london
E01011422,3,outside_london
E01034468,3,outside_london
E01017922,3,outside_london
E01033975,3,outside_london
E01005059,3,outside_london
E01024242,3,outside_london
E01016028,3,outside_london
E01024828,3,outside_london
E01031836,3,outside_london
E01033217,3,outside_london
E01015876,3,outside_london
E01027234,3,outside_london
E01033692,3,outside_london
E01026719,3,outside_london
E01034115,3,outside_london
E01035295,3,outside_london
E01025278,3,outside_london
E01024301,3,outside_london
E01034011,3,outside_london
E01031883,3,outside_london
E01019094,3,outside_london
E01017453,3,outside_london
E01017745,3,outside_london
E01033816,3,outside_london
E01034083,3,outside_london
E01033690,3,outside_london
E01033824,3,outside_london
E01035332,3,outside_london
E01024724,3,outside_london
E01005243,3,outside_london
E01030555,3,outside_london
E01015582,3,outside_london
E01035309,3,outside_london
E01031663,3,outside_london
E01035581,3,outside_london
E01031838,3,outside_london
E01016975,3,outside_london
E01017654,3,outside_london
E01035596,3,outside_london
E01008215,3,outside_london
E01024283,3,outside_london
E01015763,3,outside_london
E01030953,3,outside_london
E01021694,3,outside_london
E01016121,3,outside_london
E01029734,3,outside_london
E01022017,3,outside_london
E01010400,3,outside_london
E01033896,3,outside_london
E01034947,3,outside_london
E01031489,3,outside_london
E01020784,3,outside_london
E01027153,3,outside_london
E01034355,3,outside_london
E01012745,3,outside_london
E01020018,3,outside_london
E01008079,3,outside_london
E01014380,3,outside_london
E01017533,3,outside_london
E01016861,3,outside_london
E01021023,3,outside_london
E01015695,3,outside_london
E01030888,3,outside_london
E01027084,3,outside_london
W01000574,3,outside_london
E01032141,3,outside_london
E01025723,3,outside_london
E01020693,3,outside_london
E01009650,3,outside_london
E01018129,3,outside_london
E01031780,3,outside_london
E01035515,3,outside_london
E01035516,3,outside_london
E01027102,3,outside_london
E01013590,3,outside_london
E01017690,3,outside_london
E01034309,3,outside_london
E01034021,3,outside_london
W01001333,3,outside_london
E01009906,3,outside_london
E01006551,3,outside_london
E01033761,3,outside_london
E01008573,3,outside_london
E01030616,3,outside_london
E01017493,3,outside_london
E01016041,3,outside_london
E01021400,3,outside_london
E01030190,3,outside_london
E01015779,3,outside_london
E01013954,3,outside_london
E01023672,3,outside_london
E01022127,3,outside_london
E01013509,3,outside_london
E01015480,3,outside_london
E01009162,3,outside_london
E01017962,3,outside_london
E01007581,3,outside_london
E01021180,3,outside_london
E01017628,2,outside_london
E01019552,2,outside_london
E01023434,2,outside_london
E01013054,2,outside_london
E01027176,2,outside_london
W01000871,2,outside_london
E01016186,2,outside_london
E01031528,2,outside_london
E01023485,2,outside_london
E01019970,2,outside_london
W01000758,2,outside_london
E01028823,2,outside_london
E01024902,2,outside_london
E01021620,2,outside_london
E01032852,2,outside_london
E01020082,2,outside_london
E01023610,2,outside_london
E01030693,2,outside_london
E01006877,2,outside_london
E01030261,2,outside_london
E01016535,2,outside_london
E01016923,2,outside_london
E01028493,2,outside_london
E01021850,2,outside_london
E01011230,2,outside_london
E01010050,2,outside_london
E01006922,2,outside_london
E01032756,2,outside_london
E01015870,2,outside_london
E01025490,2,outside_london
E01016624,2,outside_london
E01031801,2,outside_london
E01032400,2,outside_london
E01009410,2,outside_london
E01009308,2,outside_london
E01024113,2,outside_london
E01013633,2,outside_london
E01013128,2,outside_london
E01030687,2,outside_london
E01031358,2,outside_london
E01024104,2,outside_london
E01021604,2,outside_london
E01022175,2,outside_london
E01033164,2,outside_london
E01019947,2,outside_london
E01023480,2,outside_london
E01031639,2,outside_london
E01005202,2,outside_london
E01027205,2,outside_london
E01015644,2,outside_london
E01017112,2,outside_london
E01016369,2,outside_london
E01030588,2,outside_london
E01021946,2,outside_london
E01007907,2,outside_london
E01015873,2,outside_london
E01026900,2,outside_london
E01023684,2,outside_london
E01030776,2,outside_london
E01024585,2,outside_london
E01024851,2,outside_london
E01008901,2,outside_london
E01032792,2,outside_london
E01017750,2,outside_london
E01017790,2,outside_london
E01009688,2,outside_london
E01016424,2,outside_london
E01015860,2,outside_london
E01024599,2,outside_london
E01021257,2,outside_london
E01009098,2,outside_london
E01016885,2,outside_london
E01023313,2,outside_london
E01021538,2,outside_london
E01022627,2,outside_london
E01005309,2,outside_london
E01033683,2,outside_london
E01016114,2,outside_london
E01023587,2,outside_london
E01005363,2,outside_london
E01005601,2,outside_london
E01023729,2,outside_london
E01023171,2,outside_london
E01024734,2,outside_london
E01023876,2,outside_london
E01023919,2,outside_london
E01016635,2,outside_london
E01017406,2,outside_london
E01017744,2,outside_london
E01031653,2,outside_london
E01013667,2,outside_london
E01015777,2,outside_london
E01016051,2,outside_london
E01016105,2,outside_london
E01027378,2,outside_london
E01017099,2,outside_london
E01032998,2,outside_london
E01032407,2,outside_london
E01010838,2,outside_london
E01016955,2,outside_london
E01014601,2,outside_london
W01001855,2,outside_london
E01017389,2,outside_london
E01011621,2,outside_london
E01005256,2,outside_london
E01027233,2,outside_london
E01013171,2,outside_london
E01027456,2,outside_london
E01013961,2,outside_london
E01031093,2,outside_london
E01017040,2,outside_london
E01016360,2,outside_london
E01030101,2,outside_london
E01030199,2,outside_london
E01016659,2,outside_london
E01032841,2,outside_london
E01010615,2,outside_london
E01024071,2,outside_london
E01030445,2,outside_london
E01018189,2,outside_london
E01007913,2,outside_london
E01026907,2,outside_london
E01029701,2,outside_london
E01006864,2,outside_london
E01031195,2,outside_london
E01005948,2,outside_london
E01015963,2,outside_london
E01016578,2,outside_london
E01009223,2,outside_london
E01009342,2,outside_london
E01010793,2,outside_london
E01010624,2,outside_london
E01010730,2,outside_london
E01021532,2,outside_london
E01017615,2,outside_london
E01029945,2,outside_london
E01030008,2,outside_london
E01006425,2,outside_london
E01006676,2,outside_london
E01005154,2,outside_london
E01016497,2,outside_london
E01029670,2,outside_london
E01028767,2,outside_london
E01025724,2,outside_london
E01025747,2,outside_london
E01021621,2,outside_london
E01017791,2,outside_london
E01031601,2,outside_london
E01009801,2,outside_london
W01000272,2,outside_london
E01021852,2,outside_london
E01013603,2,outside_london
E01013778,2,outside_london
E01006700,2,outside_london
E01006776,2,outside_london
E01006633,2,outside_london
E01015782,2,outside_london
E01021907,2,outside_london
E01033667,2,outside_london
E01033405,2,outside_london
E01017133,2,outside_london
E01027261,2,outside_london
E01014283,2,outside_london
E01024683,2,outside_london
E01024756,2,outside_london
E01031784,2,outside_london
E01013366,2,outside_london
E01031393,2,outside_london
E01024214,2,outside_london
E01033609,2,outside_london
E01022230,2,outside_london
E01030480,2,outside_london
E01017285,2,outside_london
E01016122,2,outside_london
E01016099,2,outside_london
E01023771,2,outside_london
E01024563,2,outside_london
E01021182,2,outside_london
E01033248,2,outside_london
E01016223,2,outside_london
E01033468,2,outside_london
E01019769,2,outside_london
E01027382,2,outside_london
E01016377,2,outside_london
E01010092,2,outside_london
E01017821,2,outside_london
E01026874,2,outside_london
E01023167,2,outside_london
E01012656,2,outside_london
E01016905,2,outside_london
E01009371,2,outside_london
E01033648,2,outside_london
E01016982,2,outside_london
E01016907,2,outside_london
W01001869,2,outside_london
E01026618,2,outside_london
E01015722,2,outside_london
E01021897,2,outside_london
E01016059,2,outside_london
E01016083,2,outside_london
E01013959,2,outside_london
E01010046,2,outside_london
E01010198,2,outside_london
E01022039,2,outside_london
E01023816,2,outside_london
E01009155,2,outside_london
E01013453,2,outside_london
E01024192,2,outside_london
E01026798,2,outside_london
E01014114,2,outside_london
E01016609,2,outside_london
E01024033,2,outside_london
E01033644,2,outside_london
E01012592,2,outside_london
E01015374,2,outside_london
E01010808,2,outside_london
E01017949,2,outside_london
E01031558,2,outside_london
E01005258,2,outside_london
E01016725,2,outside_london
E01013913,2,outside_london
E01017074,2,outside_london
E01008606,2,outside_london
W01000746,2,outside_london
E01024701,2,outside_london
E01016295,2,outside_london
E01020537,2,outside_london
E01010528,2,outside_london
E01012606,2,outside_london
E01021373,2,outside_london
E01021469,2,outside_london
E01017998,2,outside_london
E01020739,2,outside_london
E01032533,2,outside_london
E01016020,2,outside_london
E01031695,2,outside_london
E01031692,2,outside_london
E01031693,2,outside_london
W01001587,2,outside_london
E01027194,2,outside_london
E01014848,2,outside_london
E01015593,2,outside_london
E01015614,2,outside_london
W01001905,2,outside_london
E01007760,2,outside_london
E01010147,2,outside_london
E01026895,2,outside_london
E01030766,2,outside_london
E01014177,2,outside_london
E01024757,2,outside_london
E01025654,2,outside_london
E01014736,2,outside_london
E01031593,2,outside_london
E01022318,2,outside_london
E01006648,2,outside_london
E01015701,2,outside_london
E01024366,2,outside_london
E01012092,2,outside_london
E01027173,2,outside_london
W01001263,2,outside_london
E01030669,2,outside_london
E01023913,2,outside_london
E01016529,2,outside_london
E01024031,2,outside_london
E01009374,2,outside_london
E01033241,2,outside_london
E01024081,2,outside_london
W01001941,2,outside_london
E01005165,2,outside_london
E01031029,2,outside_london
E01027771,2,outside_london
E01015864,2,outside_london
E01024624,2,outside_london
E01024715,2,outside_london
E01024830,2,outside_london
E01023917,2,outside_london
E01021936,2,outside_london
E01017557,2,outside_london
E01030355,2,outside_london
E01016170,2,outside_london
E01026737,2,outside_london
E01028527,2,outside_london
E01032825,2,outside_london
E01031452,2,outside_london
E01024024,2,outside_london
E01016878,2,outside_london
E01017374,2,outside_london
E01023379,2,outside_london
E01033112,2,outside_london
E01027857,2,outside_london
E01023718,2,outside_london
E01030122,2,outside_london
E01024621,2,outside_london
E01030232,2,outside_london
E01006269,2,outside_london
E01017760,2,outside_london
E01027689,2,outside_london
E01011374,2,outside_london
E01024398,2,outside_london
E01018228,2,outside_london
E01027336,2,outside_london
E01011428,2,outside_london
E01016717,2,outside_london
E01012150,2,outside_london
E01031147,2,outside_london
E01010048,2,outside_london
E01017720,2,outside_london
E01021453,2,outside_london
E01024062,2,outside_london
E01028480,2,outside_london
E01021642,2,outside_london
E01022668,2,outside_london
E01022861,2,outside_london
E01026710,2,outside_london
E01024470,2,outside_london
E01015089,2,outside_london
E01025293,2,outside_london
E01023965,2,outside_london
E01029336,2,outside_london
E01024048,2,outside_london
E01028473,2,outside_london
E01018486,2,outside_london
E01020365,2,outside_london
E01033484,2,outside_london
E01023446,2,outside_london
E01008164,2,outside_london
E01022874,2,outside_london
E01031687,2,outside_london
E01026715,2,outside_london
E01024378,2,outside_london
E01024430,2,outside_london
E01020331,2,outside_london
E01010426,2,outside_london
E01012685,2,outside_london
E01021419,2,outside_london
E01021450,2,outside_london
E01021012,2,outside_london
E01016175,2,outside_london
E01030072,2,outside_london
E01031694,2,outside_london
E01031751,2,outside_london
E01023602,2,outside_london
E01029699,2,outside_london
E01024650,2,outside_london
E01016703,2,outside_london
E01023292,2,outside_london
E01019574,2,outside_london
E01019012,2,outside_london
E01030432,2,outside_london
E01025866,2,outside_london
E01013174,2,outside_london
E01017816,2,outside_london
E01014964,2,outside_london
E01014298,2,outside_london
E01032021,2,outside_london
E01017923,2,outside_london
E01007369,2,outside_london
E01033460,2,outside_london
E01017768,2,outside_london
E01027113,2,outside_london
E01011670,2,outside_london
E01016047,2,outside_london
E01016843,2,outside_london
E01025939,2,outside_london
E01007717,2,outside_london
E01030675,2,outside_london
E01026250,2,outside_london
E01008709,2,outside_london
E01005999,2,outside_london
E01016694,2,outside_london
E01010741,2,outside_london
E01023507,2,outside_london
E01029929,2,outside_london
E01016071,2,outside_london
E01016103,2,outside_london
E01033317,2,outside_london
E01016827,2,outside_london
E01027152,2,outside_london
E01027254,2,outside_london
W01001162,2,outside_london
E01007716,2,outside_london
E01027274,2,outside_london
E01023762,2,outside_london
E01028476,2,outside_london
E01019954,2,outside_london
W01001118,2,outside_london
E01019229,2,outside_london
E01015733,2,outside_london
E01008113,2,outside_london
E01011895,2,outside_london
E01009104,2,outside_london
E01017961,2,outside_london
E01021574,2,outside_london
E01015762,2,outside_london
E01028700,2,outside_london
E01010406,2,outside_london
E01031384,2,outside_london
E01008881,2,outside_london
E01023329,2,outside_london
W01000710,2,outside_london
E01018445,2,outside_london
E01013751,2,outside_london
E01032113,2,outside_london
E01031974,2,outside_london
E01033249,2,outside_london
E01025565,2,outside_london
E01017658,2,outside_london
W01001460,2,outside_london
E01028433,2,outside_london
E01028472,2,outside_london
E01016775,2,outside_london
E01017185,2,outside_london
E01023716,2,outside_london
E01025710,2,outside_london
E01013477,2,outside_london
E01022713,2,outside_london
E01008174,2,outside_london
E01008065,2,outside_london
E01024784,2,outside_london
E01031885,2,outside_london
E01027978,2,outside_london
E01004844,2,outside_london
E01014564,2,outside_london
E01015696,2,outside_london
E01024350,2,outside_london
E01031766,2,outside_london
E01026794,2,outside_london
E01016428,2,outside_london
E01016405,2,outside_london
E01019850,2,outside_london
E01023690,2,outside_london
E01030121,2,outside_london
E01015486,2,outside_london
E01017971,2,outside_london
E01032795,2,outside_london
E01021499,2,outside_london
W01000137,2,outside_london
E01022780,2,outside_london
E01032932,2,outside_london
E01022858,2,outside_london
E01033542,2,outside_london
E01013771,2,outside_london
E01027380,2,outside_london
E01028580,2,outside_london
E01015406,2,outside_london
W01000445,2,outside_london
E01005527,2,outside_london
E01017822,2,outside_london
E01027295,2,outside_london
W01000875,2,outside_london
E01011785,2,outside_london
E01009137,2,outside_london
E01033627,2,outside_london
E01010609,2,outside_london
E01021513,2,outside_london
E01021492,2,outside_london
W01000535,2,outside_london
E01018860,2,outside_london
E01031574,2,outside_london
E01030466,2,outside_london
E01022867,2,outside_london
E01011992,2,outside_london
E01027110,2,outside_london
E01012809,2,outside_london
E01011049,2,outside_london
E01016388,2,outside_london
E01012161,2,outside_london
E01024418,2,outside_london
E01023723,2,outside_london
E01033056,2,outside_london
E01023968,2,outside_london
E01016528,2,outside_london
E01030946,2,outside_london
E01021345,2,outside_london
E01026028,2,outside_london
E01016935,2,outside_london
W01001751,2,outside_london
E01017371,2,outside_london
E01033145,2,outside_london
E01026637,2,outside_london
E01026625,2,outside_london
E01014053,2,outside_london
E01015810,2,outside_london
E01029041,2,outside_london
E01022999,2,outside_london
E01013852,2,outside_london
E01015427,2,outside_london
E01030875,2,outside_london
E01019425,2,outside_london
E01009473,2,outside_london
E01004904,2,outside_london
E01016914,2,outside_london
E01004961,2,outside_london
E01017956,2,outside_london
E01021521,2,outside_london
E01022164,2,outside_london
E01015802,2,outside_london
E01024400,2,outside_london
E01005227,2,outside_london
E01016760,2,outside_london
E01033508,2,outside_london
E01020085,2,outside_london
E01013296,2,outside_london
E01015594,2,outside_london
E01020489,2,outside_london
E01018235,2,outside_london
E01026943,2,outside_london
E01030142,2,outside_london
E01030222,2,outside_london
E01029845,2,outside_london
E01030843,2,outside_london
E01016262,2,outside_london
E01007131,2,outside_london
E01008995,2,outside_london
E01012737,2,outside_london
E01017980,2,outside_london
W01001867,2,outside_london
E01017415,2,outside_london
E01021560,2,outside_london
E01031506,2,outside_london
E01021005,2,outside_london
E01021885,2,outside_london
E01029052,2,outside_london
E01025290,2,outside_london
E01021133,2,outside_london
E01021135,2,outside_london
E01023735,2,outside_london
E01030786,2,outside_london
E01015985,2,outside_london
E01011923,2,outside_london
E01021166,2,outside_london
E01017941,2,outside_london
E01009405,2,outside_london
E01009337,2,outside_london
E01018002,2,outside_london
E01009523,2,outside_london
E01023411,2,outside_london
E01013012,2,outside_london
E01030494,2,outside_london
E01012789,2,outside_london
E01016123,2,outside_london
E01016841,2,outside_london
E01027223,2,outside_london
E01008499,2,outside_london
E01016368,2,outside_london
E01024448,2,outside_london
E01024525,2,outside_london
E01023736,2,outside_london
E01033216,2,outside_london
E01024581,2,outside_london
E01006183,2,outside_london
E01031882,2,outside_london
E01016571,2,outside_london
E01021334,2,outside_london
E01022502,2,outside_london
E01017456,2,outside_london
E01008942,2,outside_london
E01004922,2,outside_london
E01010824,2,outside_london
E01016913,2,outside_london
E01018051,2,outside_london
E01023477,2,outside_london
E01030315,2,outside_london
E01030303,2,outside_london
E01013647,2,outside_london
E01021874,2,outside_london
W01001590,2,outside_london
E01029576,2,outside_london
W01000601,2,outside_london
E01024494,2,outside_london
E01015834,2,outside_london
E01028638,2,outside_london
E01023804,2,outside_london
E01022096,2,outside_london
E01030934,2,outside_london
E01027991,2,outside_london
E01024010,2,outside_london
E01009340,2,outside_london
E01014594,2,outside_london
E01021546,2,outside_london
E01028502,2,outside_london
E01026985,2,outside_london
E01032529,2,outside_london
E01033130,2,outside_london
E01006703,2,outside_london
E01026818,2,outside_london
E01023139,2,outside_london
E01024458,2,outside_london
E01026350,2,outside_london
E01024710,2,outside_london
E01021222,2,outside_london
E01020532,2,outside_london
E01016531,2,outside_london
E01030984,2,outside_london
E01009335,2,outside_london
E01021478,2,outside_london
E01021562,2,outside_london
E01018703,2,outside_london
E01018360,2,outside_london
W01000332,2,outside_london
E01020977,2,outside_london
E01005164,2,outside_london
E01016120,2,outside_london
E01016729,2,outside_london
W01001601,2,outside_london
E01020121,2,outside_london
E01013939,2,outside_london
E01015688,2,outside_london
E01031131,2,outside_london
E01017170,2,outside_london
E01027269,2,outside_london
E01015499,2,outside_london
E01030827,2,outside_london
E01030279,2,outside_london
E01016336,2,outside_london
E01016583,2,outside_london
E01019458,2,outside_london
E01027951,2,outside_london
E01017543,2,outside_london
E01009007,2,outside_london
E01016200,2,outside_london
E01026092,2,outside_london
E01022288,2,outside_london
E01027609,2,outside_london
E01026676,2,outside_london
E01005128,2,outside_london
E01027246,2,outside_london
E01021127,2,outside_london
E01009987,2,outside_london
E01010063,2,outside_london
E01010218,2,outside_london
E01024648,2,outside_london
E01015942,2,outside_london
E01016594,2,outside_london
E01017894,2,outside_london
E01010613,2,outside_london
E01032809,2,outside_london
E01028429,2,outside_london
E01023489,2,outside_london
E01031629,2,outside_london
E01005089,2,outside_london
E01016055,2,outside_london
E01031742,2,outside_london
W01001662,2,outside_london
E01013243,2,outside_london
W01000480,2,outside_london
E01025292,2,outside_london
E01027778,2,outside_london
E01005642,2,outside_london
E01017208,2,outside_london
E01030835,2,outside_london
W01000383,2,outside_london
E01033070,2,outside_london
E01031377,2,outside_london
E01026473,2,outside_london
E01028447,2,outside_london
E01033034,2,outside_london
E01016721,2,outside_london
E01016846,2,outside_london
E01005320,2,outside_london
E01033282,2,outside_london
E01033418,2,outside_london
E01016390,2,outside_london
E01023135,2,outside_london
E01028927,2,outside_london
E01017640,2,outside_london
E01011671,2,outside_london
E01006761,2,outside_london
E01033764,2,outside_london
E01024379,2,outside_london
E01008349,2,outside_london
E01015410,2,outside_london
E01029148,2,outside_london
E01024504,2,outside_london
E01024675,2,outside_london
W01000384,2,outside_london
E01017724,2,outside_london
E01009509,2,outside_london
E01009032,2,outside_london
E01004836,2,outside_london
E01016896,2,outside_london
E01021516,2,outside_london
E01021519,2,outside_london
E01019054,2,outside_london
W01000240,2,outside_london
E01009889,2,outside_london
E01022243,2,outside_london
E01022872,2,outside_london
E01012851,2,outside_london
E01011673,2,outside_london
E01021035,2,outside_london
E01021043,2,outside_london
E01015741,2,outside_london
E01012022,2,outside_london
E01032838,2,outside_london
E01005434,2,outside_london
E01021930,2,outside_london
E01005658,2,outside_london
E01027891,2,outside_london
E01017233,2,outside_london
E01030115,2,outside_london
E01015987,2,outside_london
E01023970,2,outside_london
E01016345,2,outside_london
E01016207,2,outside_london
E01033697,2,outside_london
E01026445,2,outside_london
E01026452,2,outside_london
E01021474,2,outside_london
E01028430,2,outside_london
E01013541,2,outside_london
E01011348,2,outside_london
E01013704,2,outside_london
E01013673,2,outside_london
E01024357,2,outside_london
E01023044,2,outside_london
E01027181,2,outside_london
E01005332,2,outside_london
E01028532,2,outside_london
E01030578,2,outside_london
E01029153,2,outside_london
E01033049,2,outside_london
W01000777,2,outside_london
E01023900,2,outside_london
E01031997,2,outside_london
E01023229,2,outside_london
E01016548,2,outside_london
E01031782,2,outside_london
E01009478,2,outside_london
E01009329,2,outside_london
E01010813,2,outside_london
E01010658,2,outside_london
E01021471,2,outside_london
E01016945,2,outside_london
E01007578,2,outside_london
E01023464,2,outside_london
E01030340,2,outside_london
E01033232,2,outside_london
E01030475,2,outside_london
E01021015,2,outside_london
E01012764,2,outside_london
E01011625,2,outside_london
E01015780,2,outside_london
E01023002,2,outside_london
E01027218,2,outside_london
E01027138,2,outside_london
E01013811,2,outside_london
E01025989,2,outside_london
E01033258,2,outside_london
E01030696,2,outside_london
E01023098,2,outside_london
E01023745,2,outside_london
E01023782,2,outside_london
E01024569,2,outside_london
E01022420,2,outside_london
E01024752,2,outside_london
E01030278,2,outside_london
E01006256,2,outside_london
E01023232,2,outside_london
E01015368,2,outside_london
E01016883,2,outside_london
E01016937,2,outside_london
E01024075,2,outside_london
E01021590,2,outside_london
E01023385,2,outside_london
E01026624,2,outside_london
E01031637,2,outside_london
E01005212,2,outside_london
E01016139,2,outside_london
E01005338,2,outside_london
E01015653,2,outside_london
E01005646,2,outside_london
E01024529,2,outside_london
E01030112,2,outside_london
E01015581,2,outside_london
E01022002,2,outside_london
E01032050,2,outside_london
E01017936,2,outside_london
E01021276,2,outside_london
E01009333,2,outside_london
E01017581,2,outside_london
E01018375,2,outside_london
E01022187,2,outside_london
E01030309,2,outside_london
E01033454,2,outside_london
E01026634,2,outside_london
E01013775,2,outside_london
E01021071,2,outside_london
E01015723,2,outside_london
E01005280,2,outside_london
E01016809,2,outside_london
E01027136,2,outside_london
E01026833,2,outside_london
E01026868,2,outside_london
E01033408,2,outside_london
E01015603,2,outside_london
E01015388,2,outside_london
E01016399,2,outside_london
E01029095,2,outside_london
E01024826,2,outside_london
E01031789,2,outside_london
E01009437,2,outside_london
E01009122,2,outside_london
E01009102,2,outside_london
E01009396,2,outside_london
E01017372,2,outside_london
E01021654,2,outside_london
E01009904,2,outside_london
E01022723,2,outside_london
E01029978,2,outside_london
E01011034,2,outside_london
E01015143,2,outside_london
E01031153,2,outside_london
E01014328,2,outside_london
E01014292,2,outside_london
E01008775,2,outside_london
E01024766,2,outside_london
E01015256,2,outside_london
W01001506,2,outside_london
E01010509,2,outside_london
E01031790,2,outside_london
E01017860,2,outside_london
E01017696,2,outside_london
E01021288,2,outside_london
E01012643,2,outside_london
E01016224,2,outside_london
E01010594,2,outside_london
E01005041,2,outside_london
E01021512,2,outside_london
E01017583,2,outside_london
E01025703,2,outside_london
E01009625,2,outside_london
E01024285,2,outside_london
E01024312,2,outside_london
E01030440,2,outside_london
E01018214,2,outside_london
E01006720,2,outside_london
E01031711,2,outside_london
E01016837,2,outside_london
E01016366,2,outside_london
E01023140,2,outside_london
E01016445,2,outside_london
E01024697,2,outside_london
E01024709,2,outside_london
E01006109,2,outside_london
E01028742,2,outside_london
E01010365,2,outside_london
E01028813,2,outside_london
E01017847,2,outside_london
E01028037,2,outside_london
E01017477,2,outside_london
E01017508,2,outside_london
E01009261,2,outside_london
E01016247,2,outside_london
E01028434,2,outside_london
E01020361,2,outside_london
E01009671,2,outside_london
E01029961,2,outside_london
E01032970,2,outside_london
E01024341,2,outside_london
E01016839,2,outside_london
E01032621,2,outside_london
E01025313,2,outside_london
E01016378,2,outside_london
E01012107,2,outside_london
E01007040,2,outside_london
E01014359,2,outside_london
E01030973,2,outside_london
E01021322,2,outside_london
E01008895,2,outside_london
E01010708,2,outside_london
E01005027,2,outside_london
E01005034,2,outside_london
E01033191,2,outside_london
E01018345,2,outside_london
E01008189,2,outside_london
E01012790,2,outside_london
E01011483,2,outside_london
E01016098,2,outside_london
E01030505,2,outside_london
E01013826,2,outside_london
E01025295,2,outside_london
E01021137,2,outside_london
E01024498,2,outside_london
E01017153,2,outside_london
E01008667,2,outside_london
E01024628,2,outside_london
E01022044,2,outside_london
E01015994,2,outside_london
E01024842,2,outside_london
E01011839,2,outside_london
E01012464,2,outside_london
E01023946,2,outside_london
E01009350,2,outside_london
E01016887,2,outside_london
E01026516,2,outside_london
E01017969,2,outside_london
E01020712,2,outside_london
E01024159,2,outside_london
E01008171,2,outside_london
E01015758,2,outside_london
E01024403,2,outside_london
E01005239,2,outside_london
E01022991,2,outside_london
E01023042,2,outside_london
E01007720,2,outside_london
E01031188,2,outside_london
E01024598,2,outside_london
E01024735,2,outside_london
E01010375,2,outside_london
E01023869,2,outside_london
E01027340,2,outside_london
E01031950,2,outside_london
E01008972,2,outside_london
E01010632,2,outside_london
E01017012,2,outside_london
E01016866,2,outside_london
E01032158,2,outside_london
E01005042,2,outside_london
E01022592,2,outside_london
E01019991,2,outside_london
E01021847,2,outside_london
E01014041,2,outside_london
E01024404,2,outside_london
E01024325,2,outside_london
E01024342,2,outside_london
E01016113,2,outside_london
E01029078,2,outside_london
E01030076,2,outside_london
E01028320,2,outside_london
E01023593,2,outside_london
E01023633,2,outside_london
E01028576,2,outside_london
E01030571,2,outside_london
E01005486,2,outside_london
E01030689,2,outside_london
E01007074,2,outside_london
E01033267,2,outside_london
E01028666,2,outside_london
E01005893,2,outside_london
E01014256,2,outside_london
E01014284,2,outside_london
E01010286,2,outside_london
E01010361,2,outside_london
E01012523,2,outside_london
E01023961,2,outside_london
E01020510,2,outside_london
E01031433,2,outside_london
E01024004,2,outside_london
E01021280,2,outside_london
E01009019,2,outside_london
E01012677,2,outside_london
E01015280,2,outside_london
E01010835,2,outside_london
E01016859,2,outside_london
E01014670,2,outside_london
E01014655,2,outside_london
E01023307,2,outside_london
E01004997,2,outside_london
W01001837,2,outside_london
E01021520,2,outside_london
E01021628,2,outside_london
E01031513,2,outside_london
E01018799,2,outside_london
E01018898,2,outside_london
E01009575,2,outside_london
E01009644,2,outside_london
E01009660,2,outside_london
E01031567,2,outside_london
E01007613,2,outside_london
E01020949,2,outside_london
E01022657,2,outside_london
E01011294,2,outside_london
E01013720,2,outside_london
E01026176,2,outside_london
E01005284,2,outside_london
E01016744,2,outside_london
E01027540,2,outside_london
E01013943,2,outside_london
E01015441,2,outside_london
E01020481,2,outside_london
E01018268,2,outside_london
E01023739,2,outside_london
E01014249,2,outside_london
E01015216,2,outside_london
E01024832,2,outside_london
E01010389,2,outside_london
E01031272,2,outside_london
E01027316,2,outside_london
E01007113,2,outside_london
E01031472,2,outside_london
E01009481,2,outside_london
E01009488,2,outside_london
E01021415,2,outside_london
E01024052,2,outside_london
E01018897,2,outside_london
E01022588,2,outside_london
E01023450,2,outside_london
E01013015,2,outside_london
E01033038,2,outside_london
E01021041,2,outside_london
E01006621,2,outside_london
E01015798,2,outside_london
E01029535,2,outside_london
E01023657,2,outside_london
E01013318,2,outside_london
E01013838,2,outside_london
E01016429,2,outside_london
E01021119,2,outside_london
E01010053,2,outside_london
E01015897,2,outside_london
E01028650,2,outside_london
E01005768,2,outside_london
E01022035,2,outside_london
E01032086,2,outside_london
E01017911,2,outside_london
E01017627,2,outside_london
E01017484,2,outside_london
E01017505,2,outside_london
E01008884,2,outside_london
E01009278,2,outside_london
E01022819,2,outside_london
E01024314,2,outside_london
E01022914,2,outside_london
E01016127,2,outside_london
E01028310,2,outside_london
E01032668,2,outside_london
E01013967,2,outside_london
E01030577,2,outside_london
E01008139,2,outside_london
E01007943,2,outside_london
E01010230,2,outside_london
W01000830,2,outside_london
E01022012,2,outside_london
E01006168,2,outside_london
E01022062,2,outside_london
E01012569,2,outside_london
E01026398,2,outside_london
E01032811,2,outside_london
E01029875,2,outside_london
E01026427,2,outside_london
E01014559,2,outside_london
E01014538,2,outside_london
E01005026,2,outside_london
E01021490,2,outside_london
E01017434,2,outside_london
E01021541,2,outside_london
E01009572,2,outside_london
E01027560,2,outside_london
E01020944,2,outside_london
E01022719,2,outside_london
E01011368,2,outside_london
E01006518,2,outside_london
E01027256,2,outside_london
E01026789,2,outside_london
E01021954,2,outside_london
E01030678,2,outside_london
E01015832,2,outside_london
E01024707,2,outside_london
E01023823,2,outside_london
E01022070,2,outside_london
E01028776,2,outside_london
E01030970,2,outside_london
E01017926,2,outside_london
E01032610,2,outside_london
E01024034,2,outside_london
E01017705,2,outside_london
E01017729,2,outside_london
E01021343,2,outside_london
E01014417,2,outside_london
E01009376,2,outside_london
E01015283,2,outside_london
E01024093,2,outside_london
E01021632,2,outside_london
E01020936,2,outside_london
E01031630,2,outside_london
E01006486,2,outside_london
E01016052,2,outside_london
E01028577,2,outside_london
E01025265,2,outside_london
E01016382,2,outside_london
E01030676,2,outside_london
E01030220,2,outside_london
E01008738,2,outside_london
E01029846,2,outside_london
E01012520,2,outside_london
E01021172,2,outside_london
E01006253,2,outside_london
E01030972,2,outside_london
W01000346,2,outside_london
E01029914,2,outside_london
E01028045,2,outside_london
E01025624,2,outside_london
E01012683,2,outside_london
E01016183,2,outside_london
E01026477,2,outside_london
E01021481,2,outside_london
E01017386,2,outside_london
E01021592,2,outside_london
E01027030,2,outside_london
E01013539,2,outside_london
E01020031,2,outside_london
E01030484,2,outside_london
E01030457,2,outside_london
E01029998,2,outside_london
E01012865,2,outside_london
E01011229,2,outside_london
E01030557,2,outside_london
E01005552,2,outside_london
E01025392,2,outside_london
E01030664,2,outside_london
E01009981,2,outside_london
E01016453,2,outside_london
E01015859,2,outside_london
E01008769,2,outside_london
E01015217,2,outside_london
E01020554,2,outside_london
E01017856,2,outside_london
E01021321,2,outside_london
E01008909,2,outside_london
E01009303,2,outside_london
E01009033,2,outside_london
E01033624,2,outside_london
E01033619,2,outside_london
E01016912,2,outside_london
E01019210,2,outside_london
E01025761,2,outside_london
E01021633,2,outside_london
E01026968,2,outside_london
E01007549,2,outside_london
E01024218,2,outside_london
E01023469,2,outside_london
E01021755,2,outside_london
E01022256,2,outside_london
E01012826,2,outside_london
E01011429,2,outside_london
E01013702,2,outside_london
E01021068,2,outside_london
E01006690,2,outside_london
E01005245,2,outside_london
E01016030,2,outside_london
E01027167,2,outside_london
E01023638,2,outside_london
E01013984,2,outside_london
E01031102,2,outside_london
E01021085,2,outside_london
E01010088,2,outside_london
E01010071,2,outside_london
E01023677,2,outside_london
E01014252,2,outside_london
E01030801,2,outside_london
W01000750,2,outside_london
W01000859,2,outside_london
E01029304,2,outside_london
E01020235,2,outside_london
E01021990,2,outside_london
E01030880,2,outside_london
E01027344,2,outside_london
E01023956,2,outside_london
E01009375,2,outside_london
E01009041,2,outside_london
E01021477,2,outside_london
E01021720,2,outside_london
E01026982,2,outside_london
E01032536,2,outside_london
E01009792,2,outside_london
E01024360,2,outside_london
E01016134,2,outside_london
E01012068,2,outside_london
E01020105,2,outside_london
E01028558,2,outside_london
E01032658,2,outside_london
E01031174,2,outside_london
E01024461,2,outside_london
E01017154,2,outside_london
E01030098,2,outside_london
E01023766,2,outside_london
E01031246,2,outside_london
E01010529,2,outside_london
E01021266,2,outside_london
E01017951,2,outside_london
E01030496,2,outside_london
E01013713,2,outside_london
E01029528,2,outside_london
E01015693,2,outside_london
E01005147,2,outside_london
E01016715,2,outside_london
E01029599,2,outside_london
E01027191,2,outside_london
E01030647,2,outside_london
E01007873,2,outside_london
E01026351,2,outside_london
E01029289,2,outside_london
E01024721,2,outside_london
E01024843,2,outside_london
E01030967,2,outside_london
E01030983,2,outside_london
E01017644,2,outside_london
E01009089,2,outside_london
E01009153,2,outside_london
E01009259,2,outside_london
E01016240,2,outside_london
E01021454,2,outside_london
E01016973,2,outside_london
E01009641,2,outside_london
E01031597,2,outside_london
E01023387,2,outside_london
E01023376,2,outside_london
E01007509,2,outside_london
E01019992,2,outside_london
E01011513,2,outside_london
E01015783,2,outside_london
E01033091,2,outside_london
E01021887,2,outside_london
E01033651,2,outside_london
E01016116,2,outside_london
E01016831,2,outside_london
W01000937,2,outside_london
E01027185,2,outside_london
E01013209,2,outside_london
E01014832,2,outside_london
E01015610,2,outside_london
E01021096,2,outside_london
E01007724,2,outside_london
E01023148,2,outside_london
E01010032,2,outside_london
E01026933,2,outside_london
E01026902,2,outside_london
E01023790,2,outside_london
E01024616,2,outside_london
E01020228,2,outside_london
E01020216,2,outside_london
E01024762,2,outside_london
E01024791,2,outside_london
E01028697,2,outside_london
E01032889,2,outside_london
E01029324,2,outside_london
E01006386,2,outside_london
E01006346,2,outside_london
E01032337,2,outside_london
E01014436,2,outside_london
E01004772,2,outside_london
W01001712,2,outside_london
E01017793,2,outside_london
E01009568,2,outside_london
W01000194,2,outside_london
E01022597,2,outside_london
E01027037,2,outside_london
E01029939,2,outside_london
E01024262,2,outside_london
E01030477,2,outside_london
E01011167,2,outside_london
E01005237,2,outside_london
E01005295,2,outside_london
E01027133,2,outside_london
E01027827,2,outside_london
E01029098,2,outside_london
E01024414,2,outside_london
E01010202,2,outside_london
E01018307,2,outside_london
E01018284,2,outside_london
E01018262,2,outside_london
E01026273,2,outside_london
E01023793,2,outside_london
E01024640,2,outside_london
E01021233,2,outside_london
E01028825,2,outside_london
E01006226,2,outside_london
E01016537,2,outside_london
E01007167,2,outside_london
E01024003,2,outside_london
E01032813,2,outside_london
E01017645,2,outside_london
E01009092,2,outside_london
E01025632,2,outside_london
E01016204,2,outside_london
E01024876,2,outside_london
E01021696,2,outside_london
E01023348,2,outside_london
E01023365,2,outside_london
E01030403,2,outside_london
E01022927,2,outside_london
E01011163,2,outside_london
E01026800,2,outside_london
E01015452,2,outside_london
E01008109,2,outside_london
E01029010,2,outside_london
E01017163,2,outside_london
E01026265,2,outside_london
E01024579,2,outside_london
E01006034,2,outside_london
E01007232,2,outside_london
E01007215,2,outside_london
E01010503,2,outside_london
E01031819,2,outside_london
E01017872,2,outside_london
E01017649,2,outside_london
E01021342,2,outside_london
E01021303,2,outside_london
E01014575,2,outside_london
E01021531,2,outside_london
E01021571,2,outside_london
E01019538,2,outside_london
E01021717,2,outside_london
E01019060,2,outside_london
E01031584,2,outside_london
E01029434,2,outside_london
E01029408,2,outside_london
E01011981,2,outside_london
E01014055,2,outside_london
E01030022,2,outside_london
E01017326,2,outside_london
E01006542,2,outside_london
E01005149,2,outside_london
E01016076,2,outside_london
E01031707,2,outside_london
E01015180,2,outside_london
E01016433,2,outside_london
E01030576,2,outside_london
E01032909,2,outside_london
E01010079,2,outside_london
E01028852,2,outside_london
E01023714,2,outside_london
E01031209,2,outside_london
E01022099,2,outside_london
E01011917,2,outside_london
E01032759,2,outside_london
E01023983,2,outside_london
E01021264,2,outside_london
E01016963,2,outside_london
E01014700,2,outside_london
E01023291,2,outside_london
E01021484,2,outside_london
E01019033,2,outside_london
E01031586,2,outside_london
E01009816,2,outside_london
E01023509,2,outside_london
E01022689,2,outside_london
E01027066,2,outside_london
E01030006,2,outside_london
E01024402,2,outside_london
E01016087,2,outside_london
E01031729,2,outside_london
E01028292,2,outside_london
E01031098,2,outside_london
W01001897,2,outside_london
E01030633,2,outside_london
E01021136,2,outside_london
E01033331,2,outside_london
E01023761,2,outside_london
E01023754,2,outside_london
E01014250,2,outside_london
E01023187,2,outside_london
E01022432,2,outside_london
E01024773,2,outside_london
E01021228,2,outside_london
E01021147,2,outside_london
E01023959,2,outside_london
E01029889,2,outside_london
E01008941,2,outside_london
E01015345,2,outside_london
E01021504,2,outside_london
W01000124,2,outside_london
E01031606,2,outside_london
E01020943,2,outside_london
E01022639,2,outside_london
E01013749,2,outside_london
E01021025,2,outside_london
E01024346,2,outside_london
E01019787,2,outside_london
E01013182,2,outside_london
E01028537,2,outside_london
E01033383,2,outside_london
E01017123,2,outside_london
E01007927,2,outside_london
E01017199,2,outside_london
E01033113,2,outside_london
E01014285,2,outside_london
E01022001,2,outside_london
E01023818,2,outside_london
E01021198,2,outside_london
E01025517,2,outside_london
E01026375,2,outside_london
E01010526,2,outside_london
E01009265,2,outside_london
E01009352,2,outside_london
E01021452,2,outside_london
W01000980,2,outside_london
E01025679,2,outside_london
E01019048,2,outside_london
E01023358,2,outside_london
E01020914,2,outside_london
E01025010,2,outside_london
E01028147,2,outside_london
E01024308,2,outside_london
E01025802,2,outside_london
E01011344,2,outside_london
E01011468,2,outside_london
E01029484,2,outside_london
W01001690,2,outside_london
E01014764,2,outside_london
E01005348,2,outside_london
E01016439,2,outside_london
E01005835,2,outside_london
E01030797,2,outside_london
E01006050,2,outside_london
E01017665,2,outside_london
E01014372,2,outside_london
E01009264,2,outside_london
E01009271,2,outside_london
E01009069,2,outside_london
E01017994,2,outside_london
E01024115,2,outside_london
E01021834,2,outside_london
E01027677,2,outside_london
E01018215,2,outside_london
E01011426,2,outside_london
E01033662,2,outside_london
E01008362,2,outside_london
E01027148,2,outside_london
E01013916,2,outside_london
E01028565,2,outside_london
E01021117,2,outside_london
E01023141,2,outside_london
E01007866,2,outside_london
E01015497,2,outside_london
E01033253,2,outside_london
E01021221,2,outside_london
E01021316,2,outside_london
E01022496,2,outside_london
E01033637,2,outside_london
E01016989,2,outside_london
E01033345,2,outside_london
W01001725,2,outside_london
E01021666,2,outside_london
E01009763,2,outside_london
E01019663,2,outside_london
E01031640,2,outside_london
E01005062,2,outside_london
E01005277,2,outside_london
E01016172,2,outside_london
E01031719,2,outside_london
E01026831,2,outside_london
E01025245,2,outside_london
E01025354,2,outside_london
E01028370,2,outside_london
E01023740,2,outside_london
E01030210,2,outside_london
E01030772,2,outside_london
E01022059,2,outside_london
E01028750,2,outside_london
E01028802,2,outside_london
E01007160,2,outside_london
E01031003,2,outside_london
E01031840,2,outside_london
E01027961,2,outside_london
E01017538,2,outside_london
E01014563,2,outside_london
E01026566,2,outside_london
E01017959,2,outside_london
E01018749,2,outside_london
E01022581,2,outside_london
E01018097,2,outside_london
E01021819,2,outside_london
E01011514,2,outside_london
E01021906,2,outside_london
E01026183,2,outside_london
E01020487,2,outside_london
E01016387,2,outside_london
E01016443,2,outside_london
E01010019,2,outside_london
E01017249,2,outside_london
E01015829,2,outside_london
E01023802,2,outside_london
E01027346,2,outside_london
E01016337,2,outside_london
E01028797,2,outside_london
E01017882,2,outside_london
E01028010,2,outside_london
E01017459,2,outside_london
E01017385,2,outside_london
E01020346,2,outside_london
E01021663,2,outside_london
E01034743,2,outside_london
E01030306,2,outside_london
E01006764,2,outside_london
E01016160,2,outside_london
E01016804,2,outside_london
E01030523,2,outside_london
E01016393,2,outside_london
E01005475,2,outside_london
E01013788,2,outside_london
E01019883,2,outside_london
E01010452,2,outside_london
E01031444,2,outside_london
E01017714,2,outside_london
E01016939,2,outside_london
E01033022,2,outside_london
E01013481,2,outside_london
E01023444,2,outside_london
E01026610,2,outside_london
E01032496,2,outside_london
E01005197,2,outside_london
E01016072,2,outside_london
E01026188,2,outside_london
E01032684,2,outside_london
E01030201,2,outside_london
E01020304,2,outside_london
E01010326,2,outside_london
E01031333,2,outside_london
E01030901,2,outside_london
E01016602,2,outside_london
E01034831,2,outside_london
E01009423,2,outside_london
E01032144,2,outside_london
E01017972,2,outside_london
E01031501,2,outside_london
E01019969,2,outside_london
E01031626,2,outside_london
E01018159,2,outside_london
E01025905,2,outside_london
E01012007,2,outside_london
E01033501,2,outside_london
E01023028,2,outside_london
E01005615,2,outside_london
E01015843,2,outside_london
E01023696,2,outside_london
E01031212,2,outside_london
E01015479,2,outside_london
E01005969,2,outside_london
E01013433,2,outside_london
E01017711,2,outside_london
E01033432,2,outside_london
E01009363,2,outside_london
E01021362,2,outside_london
E01033956,2,outside_london
E01024877,2,outside_london
W01001836,2,outside_london
E01022117,2,outside_london
E01013554,2,outside_london
E01030483,2,outside_london
E01031683,2,outside_london
E01026678,2,outside_london
E01024330,2,outside_london
E01016079,2,outside_london
E01013830,2,outside_london
E01016431,2,outside_london
E01028889,2,outside_london
E01016510,2,outside_london
E01015846,2,outside_london
E01035458,2,outside_london
E01027005,2,outside_london
E01009379,2,outside_london
E01004848,2,outside_london
E01017579,2,outside_london
E01023518,2,outside_london
E01025113,2,outside_london
E01026150,2,outside_london
E01029603,2,outside_london
E01008346,2,outside_london
E01016402,2,outside_london
E01023667,2,outside_london
E01031427,2,outside_london
E01021249,2,outside_london
E01009479,2,outside_london
E01033643,2,outside_london
E01021579,2,outside_london
E01026993,2,outside_london
E01023484,2,outside_london
E01011354,2,outside_london
E01025229,2,outside_london
E01015102,2,outside_london
E01013796,2,outside_london
E01034842,2,outside_london
E01018251,2,outside_london
E01029337,2,outside_london
E01031785,2,outside_london
E01034986,2,outside_london
E01026041,2,outside_london
E01010710,2,outside_london
E01017384,2,outside_london
E01022126,2,outside_london
E01018967,2,outside_london
E01009698,2,outside_london
E01019936,2,outside_london
E01034336,2,outside_london
E01006788,2,outside_london
E01034411,2,outside_london
E01020096,2,outside_london
E01015669,2,outside_london
E01007713,2,outside_london
E01010017,2,outside_london
E01031194,2,outside_london
E01030784,2,outside_london
E01024625,2,outside_london
E01005989,2,outside_london
E01010451,2,outside_london
E01009101,2,outside_london
E01016981,2,outside_london
E01033910,2,outside_london
E01018008,2,outside_london
E01035514,2,outside_london
E01022114,2,outside_london
E01018044,2,outside_london
E01035438,2,outside_london
E01030482,2,outside_london
E01022901,2,outside_london
E01035287,2,outside_london
E01016719,2,outside_london
E01020112,2,outside_london
E01007744,2,outside_london
E01029143,2,outside_london
E01035233,2,outside_london
E01029747,2,outside_london
E01023756,2,outside_london
E01027171,2,outside_london
E01034540,2,outside_london
E01030957,2,outside_london
E01010496,2,outside_london
E01034427,2,outside_london
E01016217,2,outside_london
E01026514,2,outside_london
E01035522,2,outside_london
E01023500,2,outside_london
E01022694,2,outside_london
E01030493,2,outside_london
E01034362,2,outside_london
E01018146,2,outside_london
E01030010,2,outside_london
E01026685,2,outside_london
E01034990,2,outside_london
E01030654,2,outside_london
E01010024,2,outside_london
E01035001,2,outside_london
E01014290,2,outside_london
E01030793,2,outside_london
E01035007,2,outside_london
E01027249,2,outside_london
E01023980,2,outside_london
E01033616,2,outside_london
E01017741,2,outside_london
E01033970,2,outside_london
E01024897,2,outside_london
E01019580,2,outside_london
E01035165,2,outside_london
E01019914,2,outside_london
E01019735,2,outside_london
E01025138,2,outside_london
E01011380,2,outside_london
E01034691,2,outside_london
E01034405,2,outside_london
E01033026,2,outside_london
E01005459,2,outside_london
E01028550,2,outside_london
E01033384,2,outside_london
E01008638,2,outside_london
E01035306,2,outside_london
E01035004,2,outside_london
E01016321,2,outside_london
E01035424,2,outside_london
E01024008,2,outside_london
E01034943,2,outside_london
E01012751,2,outside_london
E01033909,2,outside_london
E01017868,2,outside_london
E01018009,2,outside_london
E01017578,2,outside_london
E01021825,2,outside_london
E01005093,2,outside_london
E01035297,2,outside_london
E01014774,2,outside_london
E01026807,2,outside_london
E01026792,2,outside_london
E01026865,2,outside_london
E01031159,2,outside_london
E01029676,2,outside_london
E01007201,2,outside_london
E01034839,2,outside_london
E01013440,2,outside_london
E01022527,2,outside_london
E01028062,2,outside_london
E01034434,2,outside_london
E01021445,2,outside_london
E01016879,2,outside_london
E01017843,2,outside_london
E01017977,2,outside_london
E01022215,2,outside_london
E01025801,2,outside_london
E01025042,2,outside_london
E01034012,2,outside_london
E01015803,2,outside_london
E01005297,2,outside_london
E01030507,2,outside_london
E01008085,2,outside_london
E01015858,2,outside_london
E01023203,2,outside_london
E01015960,2,outside_london
E01030885,2,outside_london
E01030968,2,outside_london
E01021248,2,outside_london
E01017766,2,outside_london
E01021525,2,outside_london
E01021580,2,outside_london
E01030270,2,outside_london
E01022825,2,outside_london
E01022843,2,outside_london
E01012401,2,outside_london
E01030506,2,outside_london
W01000939,2,outside_london
E01027104,2,outside_london
E01033839,2,outside_london
E01035359,2,outside_london
E01035251,2,outside_london
E01014192,2,outside_london
E01024708,2,outside_london
E01024848,2,outside_london
E01024823,2,outside_london
E01031281,2,outside_london
E01033255,2,outside_london
E01009445,2,outside_london
E01033969,2,outside_london
E01018433,2,outside_london
E01035162,2,outside_london
E01019898,2,outside_london
E01025815,2,outside_london
E01035107,2,outside_london
E01028584,2,outside_london
E01035249,2,outside_london
E01030814,2,outside_london
E01022530,2,outside_london
E01008999,2,outside_london
W01001435,2,outside_london
E01019484,2,outside_london
E01034084,2,outside_london
E01018952,2,outside_london
E01022847,2,outside_london
E01029963,2,outside_london
E01035043,2,outside_london
E01021890,2,outside_london
E01013969,2,outside_london
E01025181,2,outside_london
E01033988,2,outside_london
E01010101,2,outside_london
E01014969,2,outside_london
W01000846,2,outside_london
E01028799,2,outside_london
E01027983,2,outside_london
E01032816,2,outside_london
E01033961,2,outside_london
E01019566,2,outside_london
E01033172,2,outside_london
E01018034,2,outside_london
E01035289,2,outside_london
E01016829,2,outside_london
E01008520,2,outside_london
E01028542,2,outside_london
E01029235,2,outside_london
E01023814,2,outside_london
E01016580,2,outside_london
E01034418,2,outside_london
E01021683,2,outside_london
E01020937,2,outside_london
E01023512,2,outside_london
E01024548,2,outside_london
E01032502,2,outside_london
E01013655,2,outside_london
E01031731,2,outside_london
E01031708,2,outside_london
E01033179,2,outside_london
E01009946,2,outside_london
E01033537,2,outside_london
E01030781,2,outside_london
E01024682,2,outside_london
E01031902,2,outside_london
E01016947,2,outside_london
E01023382,2,outside_london
E01023495,2,outside_london
E01030487,2,outside_london
E01030492,2,outside_london
E01026699,2,outside_london
E01033751,2,outside_london
E01033802,2,outside_london
E01016718,2,outside_london
E01023588,2,outside_london
E01014851,2,outside_london
E01035139,2,outside_london
E01006957,2,outside_london
E01008100,2,outside_london
E01015845,2,outside_london
E01010449,2,outside_london
E01008923,2,outside_london
E01010674,2,outside_london
E01033386,2,outside_london
E01009746,2,outside_london
E01018116,2,outside_london
E01030025,2,outside_london
E01033801,2,outside_london
E01013849,2,outside_london
E01035061,2,outside_london
E01023685,2,outside_london
E01032653,2,outside_london
E01032626,2,outside_london
E01030948,2,outside_london
W01000372,2,outside_london
E01026021,2,outside_london
E01034278,2,outside_london
E01010703,2,outside_london
E01021647,2,outside_london
E01032873,2,outside_london
E01027352,2,outside_london
E01028522,2,outside_london
E01033838,2,outside_london
E01035355,2,outside_london
E01035253,2,outside_london
E01031329,2,outside_london
E01030926,2,outside_london
E01016569,2,outside_london
E01014660,2,outside_london
E01025705,2,outside_london
E01034003,2,outside_london
E01021700,2,outside_london
E01013475,2,outside_london
E01018060,2,outside_london
E01030491,2,outside_london
E01016125,2,outside_london
E01026821,2,outside_london
E01031190,2,outside_london
E01024631,2,outside_london
E01033846,2,outside_london
E01024775,2,outside_london
E01034263,2,outside_london
E01027237,2,outside_london
E01007297,2,outside_london
E01009441,2,outside_london
E01008988,2,outside_london
E01035285,2,outside_london
E01022881,2,outside_london
E01017290,2,outside_london
E01005210,2,outside_london
E01031770,2,outside_london
E01031027,2,outside_london
E01012175,2,outside_london
E01008640,2,outside_london
E01006827,2,outside_london
E01035008,2,outside_london
E01017527,2,outside_london
E01016242,2,outside_london
E01016181,2,outside_london
E01010724,2,outside_london
E01021359,2,outside_london
E01016925,2,outside_london
E01015697,2,outside_london
E01032522,2,outside_london
E01012117,2,outside_london
E01023122,2,outside_london
E01034048,2,outside_london
E01011920,2,outside_london
E01016584,2,outside_london
E01016550,2,outside_london
E01016553,2,outside_london
E01021394,2,outside_london
E01019206,2,outside_london
E01033138,2,outside_london
E01017312,2,outside_london
E01006514,2,outside_london
E01006769,2,outside_london
E01016394,2,outside_london
E01019866,2,outside_london
E01008768,2,outside_london
E01035181,2,outside_london
E01023266,2,outside_london
E01032733,2,outside_london
E01009211,2,outside_london
E01024064,2,outside_london
E01021561,2,outside_london
E01018844,2,outside_london
E01025806,2,outside_london
E01011491,2,outside_london
E01005160,2,outside_london
E01030059,2,outside_london
E01026814,2,outside_london
E01025975,2,outside_london
E01015854,2,outside_london
E01026414,2,outside_london
E01030999,2,outside_london
E01016238,2,outside_london
E01017857,2,outside_london
E01023404,2,outside_london
E01020460,2,outside_london
E01035294,2,outside_london
E01015601,2,outside_london
E01015883,2,outside_london
E01016301,2,outside_london
E01017853,2,outside_london
E01019995,2,outside_london
E01021904,2,outside_london
W01002026,2,outside_london
E01013934,2,outside_london
E01017125,2,outside_london
E01033330,2,outside_london
E01017158,2,outside_london
E01014344,2,outside_london
E01033845,2,outside_london
E01025471,2,outside_london
E01006305,2,outside_london
E01014488,2,outside_london
E01035583,2,outside_london
E01021622,2,outside_london
E01031569,2,outside_london
E01005201,2,outside_london
E01035189,2,outside_london
E01016820,2,outside_london
E01015647,2,outside_london
E01030663,2,outside_london
E01005661,2,outside_london
E01009978,2,outside_london
E01009927,2,outside_london
E01029780,2,outside_london
E01031217,2,outside_london
E01024664,2,outside_london
E01024831,2,outside_london
E01030971,2,outside_london
E01034930,2,outside_london
E01035584,2,outside_london
E01018006,2,outside_london
E01029389,2,outside_london
W01001822,2,outside_london
E01031589,2,outside_london
E01034618,2,outside_london
E01032896,2,outside_london
E01018138,2,outside_london
E01012850,2,outside_london
E01006545,2,outside_london
E01020048,2,outside_london
E01016797,2,outside_london
E01025215,2,outside_london
E01033998,2,outside_london
E01035748,2,outside_london
E01015510,2,outside_london
W01001494,2,outside_london
E01027273,2,outside_london
E01011227,2,outside_london
E01009358,2,outside_london
E01033957,2,outside_london
E01010912,2,outside_london
E01018351,2,outside_london
E01035326,2,outside_london
E01035169,2,outside_london
E01013510,2,outside_london
E01018017,2,outside_london
E01035590,2,outside_london
E01030441,2,outside_london
E01013684,2,outside_london
E01034994,2,outside_london
E01024410,2,outside_london
E01016101,2,outside_london
E01021084,2,outside_london
E01031166,2,outside_london
E01029285,2,outside_london
E01008705,2,outside_london
E01030764,2,outside_london
E01024725,2,outside_london
E01010292,2,outside_london
E01035572,2,outside_london
E01034920,2,outside_london
E01009258,2,outside_london
E01033289,2,outside_london
E01023372,2,outside_london
E01026597,2,outside_london
E01021839,2,outside_london
E01023612,2,outside_london
E01035507,2,outside_london
E01030695,2,outside_london
E01013790,2,outside_london
E01028973,2,outside_london
E01019365,2,outside_london
E01023682,2,outside_london
E01014245,2,outside_london
E01035316,2,outside_london
E01024686,2,outside_london
E01024751,2,outside_london
E01006354,2,outside_london
E01032010,2,outside_london
W01000371,2,outside_london
E01022492,2,outside_london
E01032728,2,outside_london
E01017751,2,outside_london
E01009636,2,outside_london
E01034720,2,outside_london
E01030198,2,outside_london
E01022311,2,outside_london
E01019736,2,outside_london
W01000013,2,outside_london
E01023637,2,outside_london
E01025987,2,outside_london
E01035544,2,outside_london
E01007712,2,outside_london
E01005662,2,outside_london
E01009953,2,outside_london
E01018254,2,outside_london
E01015830,2,outside_london
E01026258,2,outside_london
E01033367,2,outside_london
E01020389,2,outside_london
E01033123,2,outside_london
E01023653,2,outside_london
E01014854,2,outside_london
E01025187,2,outside_london
E01014953,2,outside_london
E01016000,2,outside_london
E01012502,2,outside_london
E01016526,2,outside_london
E01022532,2,outside_london
E01008911,2,outside_london
E01018101,2,outside_london
E01024541,2,outside_london
E01013637,2,outside_london
E01021896,2,outside_london
E01034112,2,outside_london
E01033682,2,outside_london
E01027339,2,outside_london
E01007906,2,outside_london
E01008706,2,outside_london
E01007291,2,outside_london
E01032848,2,outside_london
E01034426,2,outside_london
E01033955,2,outside_london
E01018723,2,outside_london
E01021740,2,outside_london
E01031642,2,outside_london
E01014793,2,outside_london
E01013940,2,outside_london
E01017037,2,outside_london
E01005683,2,outside_london
E01035250,2,outside_london
E01015877,2,outside_london
E01035180,2,outside_london
E01012480,2,outside_london
E01007278,2,outside_london
E01022680,2,outside_london
E01022261,2,outside_london
E01022308,2,outside_london
E01024286,2,outside_london
E01019719,2,outside_london
E01011473,2,outside_london
E01013761,2,outside_london
E01006572,2,outside_london
E01033520,2,outside_london
E01030519,2,outside_london
E01033223,2,outside_london
E01032715,2,outside_london
E01027008,2,outside_london
E01021408,2,outside_london
E01021355,2,outside_london
E01021495,2,outside_london
E01020515,2,outside_london
E01034438,2,outside_london
E01011117,2,outside_london
E01024376,2,outside_london
E01033685,2,outside_london
E01026759,2,outside_london
E01033395,2,outside_london
E01029132,2,outside_london
E01035567,2,outside_london
E01033028,2,outside_london
E01035303,2,outside_london
W01001488,2,outside_london
E01023955,2,outside_london
E01027144,2,outside_london
E01032351,2,outside_london
E01034792,2,outside_london
E01007508,2,outside_london
E01021754,2,outside_london
E01035044,2,outside_london
E01012058,2,outside_london
E01012040,2,outside_london
E01013300,2,outside_london
E01017024,2,outside_london
E01024577,2,outside_london
E01006388,2,outside_london
E01031799,2,outside_london
E01024205,2,outside_london
E01023467,2,outside_london
E01021869,2,outside_london
E01034460,2,outside_london
E01033173,2,outside_london
W01000447,2,outside_london
E01009935,2,outside_london
E01008051,2,outside_london
E01035449,2,outside_london
E01034650,2,outside_london
E01014921,2,outside_london
E01026877,2,outside_london
E01014145,2,outside_london
E01006111,2,outside_london
E01030862,2,outside_london
E01031457,2,outside_london
E01009025,2,outside_london
E01026034,2,outside_london
E01024505,2,outside_london
E01029962,2,outside_london
E01035157,2,outside_london
E01009717,2,outside_london
E01013754,2,outside_london
E01017506,1,outside_london
E01026955,1,outside_london
E01012331,1,outside_london
E01024190,1,outside_london
E01022771,1,outside_london
E01018115,1,outside_london
E01012765,1,outside_london
E01029057,1,outside_london
E01033554,1,outside_london
E01013215,1,outside_london
E01025269,1,outside_london
E01020552,1,outside_london
E01023252,1,outside_london
E01015322,1,outside_london
E01016221,1,outside_london
E01021406,1,outside_london
E01026569,1,outside_london
E01005009,1,outside_london
E01010949,1,outside_london
E01018835,1,outside_london
E01028156,1,outside_london
E01011212,1,outside_london
E01011457,1,outside_london
E01006558,1,outside_london
E01016065,1,outside_london
E01016770,1,outside_london
E01033441,1,outside_london
E01011912,1,outside_london
E01015328,1,outside_london
E01016994,1,outside_london
E01031520,1,outside_london
E01021665,1,outside_london
E01019262,1,outside_london
E01007635,1,outside_london
E01013038,1,outside_london
E01021008,1,outside_london
E01018168,1,outside_london
E01011208,1,outside_london
E01011197,1,outside_london
E01011615,1,outside_london
E01016118,1,outside_london
E01032627,1,outside_london
E01014343,1,outside_london
E01017457,1,outside_london
E01021384,1,outside_london
E01014542,1,outside_london
W01001697,1,outside_london
E01020919,1,outside_london
E01017348,1,outside_london
E01011378,1,outside_london
E01024381,1,outside_london
E01016131,1,outside_london
E01008352,1,outside_london
E01025226,1,outside_london
E01015656,1,outside_london
E01032226,1,outside_london
E01029091,1,outside_london
E01008129,1,outside_london
E01026317,1,outside_london
E01023744,1,outside_london
E01007259,1,outside_london
E01010484,1,outside_london
E01023981,1,outside_london
E01010719,1,outside_london
E01016864,1,outside_london
E01024057,1,outside_london
W01001768,1,outside_london
E01022163,1,outside_london
E01018308,1,outside_london
E01009616,1,outside_london
E01025031,1,outside_london
E01008166,1,outside_london
E01014084,1,outside_london
E01011341,1,outside_london
E01011690,1,outside_london
E01013648,1,outside_london
E01033763,1,outside_london
E01020050,1,outside_london
E01013136,1,outside_london
E01025955,1,outside_london
E01032554,1,outside_london
E01015665,1,outside_london
E01008876,1,outside_london
W01000778,1,outside_london
E01016647,1,outside_london
E01031363,1,outside_london
E01009273,1,outside_london
E01009093,1,outside_london
E01012674,1,outside_london
E01014666,1,outside_london
W01000653,1,outside_london
E01028425,1,outside_london
E01018610,1,outside_london
E01018929,1,outside_london
E01019029,1,outside_london
E01009686,1,outside_london
E01013469,1,outside_london
E01027058,1,outside_london
E01019694,1,outside_london
E01011957,1,outside_london
E01020988,1,outside_london
E01029514,1,outside_london
E01021901,1,outside_london
E01030529,1,outside_london
E01028318,1,outside_london
E01008439,1,outside_london
E01023017,1,outside_london
E01023604,1,outside_london
E01027478,1,outside_london
E01005429,1,outside_london
E01015383,1,outside_london
E01032245,1,outside_london
E01031148,1,outside_london
E01028919,1,outside_london
E01023799,1,outside_london
W01000763,1,outside_london
E01030864,1,outside_london
E01006249,1,outside_london
E01033246,1,outside_london
E01015327,1,outside_london
E01014636,1,outside_london
W01001730,1,outside_london
E01017563,1,outside_london
E01018653,1,outside_london
E01017786,1,outside_london
E01020359,1,outside_london
E01026053,1,outside_london
E01017316,1,outside_london
E01011015,1,outside_london
E01029481,1,outside_london
E01006665,1,outside_london
E01005317,1,outside_london
E01029019,1,outside_london
E01016763,1,outside_london
E01026763,1,outside_london
E01008494,1,outside_london
E01026835,1,outside_london
E01013980,1,outside_london
E01027749,1,outside_london
E01031175,1,outside_london
E01032917,1,outside_london
E01026941,1,outside_london
E01015551,1,outside_london
E01015508,1,outside_london
E01028751,1,outside_london
E01011749,1,outside_london
E01021164,1,outside_london
E01023978,1,outside_london
E01017655,1,outside_london
E01016231,1,outside_london
E01010761,1,outside_london
E01016968,1,outside_london
E01018326,1,outside_london
E01018803,1,outside_london
E01020729,1,outside_london
E01020795,1,outside_london
E01009623,1,outside_london
E01019605,1,outside_london
E01020930,1,outside_london
E01020373,1,outside_london
E01022831,1,outside_london
E01014010,1,outside_london
E01027120,1,outside_london
E01015813,1,outside_london
E01032181,1,outside_london
E01032218,1,outside_london
E01016795,1,outside_london
E01026744,1,outside_london
E01013973,1,outside_london
W01000471,1,outside_london
E01025296,1,outside_london
E01013805,1,outside_london
E01028870,1,outside_london
E01028972,1,outside_london
E01028677,1,outside_london
E01029195,1,outside_london
E01031230,1,outside_london
E01015269,1,outside_london
E01026382,1,outside_london
E01023258,1,outside_london
E01032763,1,outside_london
E01010506,1,outside_london
W01000981,1,outside_london
E01014719,1,outside_london
E01010923,1,outside_london
W01001816,1,outside_london
E01012962,1,outside_london
E01029469,1,outside_london
W01000338,1,outside_london
E01018213,1,outside_london
E01017310,1,outside_london
E01025112,1,outside_london
E01033071,1,outside_london
E01032876,1,outside_london
E01024395,1,outside_london
E01005218,1,outside_london
E01026192,1,outside_london
E01025195,1,outside_london
E01017111,1,outside_london
E01015815,1,outside_london
E01029635,1,outside_london
E01032655,1,outside_london
E01020242,1,outside_london
E01015249,1,outside_london
E01022057,1,outside_london
E01021197,1,outside_london
E01023966,1,outside_london
E01016316,1,outside_london
E01025489,1,outside_london
E01025535,1,outside_london
E01016701,1,outside_london
E01022512,1,outside_london
E01008938,1,outside_london
E01004829,1,outside_london
E01021636,1,outside_london
E01022156,1,outside_london
E01031477,1,outside_london
E01018999,1,outside_london
E01022190,1,outside_london
E01023367,1,outside_london
E01019734,1,outside_london
W01000038,1,outside_london
E01017352,1,outside_london
E01013744,1,outside_london
E01013646,1,outside_london
E01033750,1,outside_london
E01020058,1,outside_london
E01008373,1,outside_london
E01013891,1,outside_london
E01015670,1,outside_london
E01009986,1,outside_london
E01032633,1,outside_london
E01028948,1,outside_london
E01029839,1,outside_london
E01024643,1,outside_london
E01016309,1,outside_london
E01009404,1,outside_london
E01021726,1,outside_london
E01009635,1,outside_london
E01007530,1,outside_london
E01025000,1,outside_london
E01025835,1,outside_london
E01018151,1,outside_london
E01033104,1,outside_london
E01011103,1,outside_london
E01011405,1,outside_london
E01006617,1,outside_london
E01033766,1,outside_london
E01024343,1,outside_london
E01029068,1,outside_london
W01000965,1,outside_london
E01013220,1,outside_london
E01027471,1,outside_london
E01006970,1,outside_london
E01015020,1,outside_london
E01033336,1,outside_london
E01026281,1,outside_london
E01029163,1,outside_london
E01005915,1,outside_london
E01015568,1,outside_london
E01022466,1,outside_london
E01015947,1,outside_london
E01006187,1,outside_london
E01021146,1,outside_london
E01023979,1,outside_london
E01008961,1,outside_london
E01012721,1,outside_london
E01014487,1,outside_london
E01010938,1,outside_london
E01021684,1,outside_london
E01013570,1,outside_london
E01024226,1,outside_london
E01018192,1,outside_london
E01011216,1,outside_london
E01011083,1,outside_london
E01013762,1,outside_london
E01033652,1,outside_london
W01000928,1,outside_london
E01026751,1,outside_london
E01026811,1,outside_london
E01013847,1,outside_london
E01016440,1,outside_london
E01023125,1,outside_london
E01024502,1,outside_london
E01032750,1,outside_london
E01018274,1,outside_london
E01018276,1,outside_london
E01033532,1,outside_london
E01024673,1,outside_london
E01017709,1,outside_london
E01017454,1,outside_london
E01008937,1,outside_london
E01015378,1,outside_london
E01015277,1,outside_london
E01016216,1,outside_london
E01010988,1,outside_london
E01018667,1,outside_london
E01009583,1,outside_london
E01019994,1,outside_london
E01029952,1,outside_london
E01022290,1,outside_london
E01022329,1,outside_london
E01011164,1,outside_london
E01025133,1,outside_london
E01011448,1,outside_london
E01032495,1,outside_london
E01026123,1,outside_london
E01005103,1,outside_london
E01016754,1,outside_london
E01027230,1,outside_london
E01013817,1,outside_london
E01013815,1,outside_london
E01015158,1,outside_london
E01021098,1,outside_london
E01028850,1,outside_london
E01023678,1,outside_london
E01022402,1,outside_london
W01000876,1,outside_london
E01006075,1,outside_london
E01010340,1,outside_london
E01008991,1,outside_london
E01014505,1,outside_london
W01001939,1,outside_london
W01001759,1,outside_london
E01020362,1,outside_london
E01013487,1,outside_london
W01000056,1,outside_london
E01011421,1,outside_london
E01021058,1,outside_london
E01005066,1,outside_london
E01005313,1,outside_london
E01031730,1,outside_london
E01030518,1,outside_london
E01020439,1,outside_london
E01013846,1,outside_london
E01009925,1,outside_london
E01024443,1,outside_london
E01033271,1,outside_london
E01016454,1,outside_london
E01020179,1,outside_london
E01022356,1,outside_london
E01024566,1,outside_london
E01014148,1,outside_london
E01017648,1,outside_london
E01017467,1,outside_london
E01004835,1,outside_london
E01018648,1,outside_london
E01023422,1,outside_london
E01017284,1,outside_london
E01011440,1,outside_london
E01026762,1,outside_london
E01005337,1,outside_london
E01028552,1,outside_london
E01015680,1,outside_london
E01018289,1,outside_london
E01023715,1,outside_london
E01030118,1,outside_london
E01022022,1,outside_london
E01028729,1,outside_london
E01022506,1,outside_london
E01014491,1,outside_london
E01022632,1,outside_london
E01018128,1,outside_london
E01006743,1,outside_london
E01031768,1,outside_london
E01023592,1,outside_london
E01029217,1,outside_london
E01008681,1,outside_london
E01014175,1,outside_london
E01031338,1,outside_london
E01032846,1,outside_london
E01009290,1,outside_london
E01012690,1,outside_london
E01004998,1,outside_london
W01001946,1,outside_london
E01017379,1,outside_london
E01017410,1,outside_london
E01017599,1,outside_london
W01000528,1,outside_london
E01018054,1,outside_london
E01029422,1,outside_london
E01018087,1,outside_london
W01000320,1,outside_london
E01006718,1,outside_london
E01025903,1,outside_london
E01027515,1,outside_london
E01031087,1,outside_london
E01018226,1,outside_london
E01015826,1,outside_london
E01029692,1,outside_london
E01030116,1,outside_london
E01020270,1,outside_london
E01011922,1,outside_london
E01010331,1,outside_london
E01028765,1,outside_london
E01010456,1,outside_london
E01027952,1,outside_london
E01008951,1,outside_london
E01017000,1,outside_london
E01018514,1,outside_london
E01011980,1,outside_london
E01013654,1,outside_london
E01025925,1,outside_london
E01008094,1,outside_london
E01015833,1,outside_london
E01015848,1,outside_london
E01023765,1,outside_london
E01021998,1,outside_london
E01025545,1,outside_london
E01029873,1,outside_london
E01022520,1,outside_london
E01004847,1,outside_london
E01016910,1,outside_london
W01001872,1,outside_london
E01018978,1,outside_london
E01022176,1,outside_london
E01009524,1,outside_london
E01007652,1,outside_london
E01022665,1,outside_london
E01026085,1,outside_london
E01021010,1,outside_london
E01029021,1,outside_london
W01001298,1,outside_london
E01016735,1,outside_london
W01000888,1,outside_london
E01027245,1,outside_london
E01020454,1,outside_london
E01013245,1,outside_london
E01027536,1,outside_london
E01015611,1,outside_london
E01015146,1,outside_london
E01017117,1,outside_london
E01021107,1,outside_london
E01007009,1,outside_london
E01008037,1,outside_london
E01007926,1,outside_london
E01023772,1,outside_london
E01006802,1,outside_london
E01031233,1,outside_london
W01000856,1,outside_london
E01021995,1,outside_london
E01015246,1,outside_london
E01010417,1,outside_london
E01007397,1,outside_london
E01021238,1,outside_london
E01008945,1,outside_london
E01012696,1,outside_london
E01004811,1,outside_london
E01014704,1,outside_london
E01014723,1,outside_london
E01026534,1,outside_london
E01018464,1,outside_london
E01018969,1,outside_london
E01020758,1,outside_london
E01022229,1,outside_london
E01030436,1,outside_london
E01012867,1,outside_london
E01011080,1,outside_london
E01013675,1,outside_london
E01033768,1,outside_london
E01005224,1,outside_london
E01005285,1,outside_london
E01020069,1,outside_london
E01008429,1,outside_london
E01014765,1,outside_london
E01008484,1,outside_london
E01015177,1,outside_london
E01017106,1,outside_london
E01016418,1,outside_london
E01012099,1,outside_london
E01009941,1,outside_london
E01027849,1,outside_london
E01028631,1,outside_london
E01008613,1,outside_london
E01006855,1,outside_london
E01008697,1,outside_london
E01030810,1,outside_london
E01024622,1,outside_london
E01029290,1,outside_london
E01023831,1,outside_london
E01024788,1,outside_london
E01021199,1,outside_london
E01025479,1,outside_london
E01026383,1,outside_london
E01031468,1,outside_london
E01022546,1,outside_london
E01009152,1,outside_london
E01016863,1,outside_london
E01014580,1,outside_london
E01004975,1,outside_london
E01024074,1,outside_london
E01024108,1,outside_london
E01024941,1,outside_london
E01019290,1,outside_london
E01026087,1,outside_london
E01026108,1,outside_london
E01014019,1,outside_london
E01011647,1,outside_london
E01013666,1,outside_london
E01016751,1,outside_london
E01020130,1,outside_london
E01031031,1,outside_london
E01020491,1,outside_london
E01007047,1,outside_london
E01017201,1,outside_london
E01015977,1,outside_london
E01024845,1,outside_london
E01022072,1,outside_london
E01009209,1,outside_london
E01021624,1,outside_london
E01020880,1,outside_london
E01013569,1,outside_london
E01013181,1,outside_london
E01028578,1,outside_london
E01007048,1,outside_london
E01017168,1,outside_london
E01025575,1,outside_london
E01017535,1,outside_london
E01008986,1,outside_london
E01012713,1,outside_london
E01032129,1,outside_london
E01031517,1,outside_london
E01016764,1,outside_london
E01023056,1,outside_london
E01013310,1,outside_london
E01007751,1,outside_london
E01026932,1,outside_london
E01023768,1,outside_london
E01021295,1,outside_london
E01010994,1,outside_london
W01000545,1,outside_london
E01007526,1,outside_london
E01026595,1,outside_london
E01015654,1,outside_london
E01015119,1,outside_london
E01028360,1,outside_london
E01005622,1,outside_london
E01007999,1,outside_london
E01022007,1,outside_london
E01016283,1,outside_london
E01028780,1,outside_london
E01031868,1,outside_london
E01032388,1,outside_london
E01028040,1,outside_london
E01028136,1,outside_london
E01018938,1,outside_london
E01018917,1,outside_london
E01020818,1,outside_london
E01023426,1,outside_london
E01009848,1,outside_london
E01023475,1,outside_london
E01022347,1,outside_london
E01030471,1,outside_london
W01000025,1,outside_london
E01025980,1,outside_london
E01030630,1,outside_london
E01030659,1,outside_london
E01005613,1,outside_london
E01016452,1,outside_london
E01030174,1,outside_london
E01016328,1,outside_london
E01007326,1,outside_london
E01022518,1,outside_london
E01014658,1,outside_london
E01017602,1,outside_london
E01017564,1,outside_london
E01021583,1,outside_london
E01032832,1,outside_london
E01022711,1,outside_london
E01013242,1,outside_london
E01005387,1,outside_london
E01023108,1,outside_london
E01027888,1,outside_london
E01022352,1,outside_london
E01006107,1,outside_london
E01010283,1,outside_london
E01031258,1,outside_london
E01032139,1,outside_london
E01017625,1,outside_london
E01009627,1,outside_london
E01007630,1,outside_london
E01013057,1,outside_london
E01026640,1,outside_london
E01022898,1,outside_london
E01005126,1,outside_london
E01019815,1,outside_london
E01008542,1,outside_london
E01026797,1,outside_london
E01013907,1,outside_london
E01010097,1,outside_london
E01029145,1,outside_london
E01014264,1,outside_london
E01005974,1,outside_london
E01027310,1,outside_london
E01018810,1,outside_london
E01016100,1,outside_london
E01030534,1,outside_london
E01032647,1,outside_london
E01008087,1,outside_london
E01008084,1,outside_london
E01029733,1,outside_london
E01031445,1,outside_london
E01017517,1,outside_london
E01009253,1,outside_london
E01033286,1,outside_london
E01009634,1,outside_london
E01022617,1,outside_london
E01023471,1,outside_london
E01023655,1,outside_london
E01032263,1,outside_london
E01027821,1,outside_london
E01026935,1,outside_london
E01027301,1,outside_london
E01008850,1,outside_london
W01000825,1,outside_london
E01020301,1,outside_london
E01016343,1,outside_london
E01031405,1,outside_london
E01012738,1,outside_london
W01000626,1,outside_london
W01001934,1,outside_london
E01028446,1,outside_london
E01018554,1,outside_london
W01000241,1,outside_london
E01023497,1,outside_london
E01026638,1,outside_london
W01001630,1,outside_london
E01023661,1,outside_london
E01029918,1,outside_london
E01019204,1,outside_london
E01020632,1,outside_london
E01023377,1,outside_london
E01032665,1,outside_london
E01022289,1,outside_london
E01011132,1,outside_london
E01029043,1,outside_london
W01001901,1,outside_london
E01017265,1,outside_london
E01008668,1,outside_london
E01023792,1,outside_london
E01030196,1,outside_london
E01008767,1,outside_london
E01014138,1,outside_london
E01027353,1,outside_london
E01007144,1,outside_london
E01016675,1,outside_london
E01032397,1,outside_london
E01009006,1,outside_london
E01033626,1,outside_london
E01004937,1,outside_london
E01018757,1,outside_london
E01024204,1,outside_london
E01030474,1,outside_london
E01022940,1,outside_london
E01025850,1,outside_london
E01006458,1,outside_london
E01011686,1,outside_london
E01021053,1,outside_london
E01026756,1,outside_london
E01013898,1,outside_london
E01030595,1,outside_london
E01028400,1,outside_london
E01007023,1,outside_london
E01024491,1,outside_london
E01033116,1,outside_london
E01028617,1,outside_london
E01029761,1,outside_london
E01031218,1,outside_london
E01024789,1,outside_london
E01030923,1,outside_london
E01028795,1,outside_london
E01031979,1,outside_london
E01016616,1,outside_london
E01032322,1,outside_london
E01032460,1,outside_london
E01014442,1,outside_london
E01015363,1,outside_london
E01022154,1,outside_london
E01018942,1,outside_london
E01020003,1,outside_london
E01026641,1,outside_london
E01030442,1,outside_london
E01018181,1,outside_london
E01026731,1,outside_london
E01025927,1,outside_london
E01032659,1,outside_london
W01000834,1,outside_london
E01033621,1,outside_london
E01028427,1,outside_london
E01019040,1,outside_london
E01031556,1,outside_london
E01024212,1,outside_london
E01012368,1,outside_london
E01027670,1,outside_london
E01030020,1,outside_london
E01016415,1,outside_london
E01017809,1,outside_london
E01009411,1,outside_london
E01017412,1,outside_london
E01020397,1,outside_london
W01000329,1,outside_london
E01033433,1,outside_london
E01006694,1,outside_london
E01016165,1,outside_london
E01025888,1,outside_london
E01017073,1,outside_london
E01027852,1,outside_london
E01008059,1,outside_london
E01021605,1,outside_london
E01018329,1,outside_london
E01025830,1,outside_london
E01018212,1,outside_london
E01011517,1,outside_london
E01017061,1,outside_london
E01029140,1,outside_london
E01029117,1,outside_london
E01012227,1,outside_london
E01014302,1,outside_london
E01030187,1,outside_london
E01015503,1,outside_london
E01031806,1,outside_london
W01000391,1,outside_london
E01009517,1,outside_london
E01025712,1,outside_london
E01021569,1,outside_london
E01013560,1,outside_london
E01020414,1,outside_london
E01029941,1,outside_london
E01019767,1,outside_london
E01018202,1,outside_london
E01006640,1,outside_london
E01027250,1,outside_london
E01005372,1,outside_london
E01006989,1,outside_london
E01006979,1,outside_london
E01023791,1,outside_london
E01008785,1,outside_london
E01015554,1,outside_london
E01024723,1,outside_london
E01021159,1,outside_london
E01010465,1,outside_london
E01033080,1,outside_london
E01010989,1,outside_london
E01013126,1,outside_london
E01019647,1,outside_london
E01022260,1,outside_london
E01022887,1,outside_london
E01013723,1,outside_london
E01013710,1,outside_london
E01027232,1,outside_london
E01013321,1,outside_london
E01005450,1,outside_london
E01017053,1,outside_london
E01030634,1,outside_london
E01023133,1,outside_london
E01006995,1,outside_london
E01006973,1,outside_london
E01027917,1,outside_london
E01030183,1,outside_london
E01014434,1,outside_london
E01033641,1,outside_london
E01010746,1,outside_london
E01028084,1,outside_london
E01010972,1,outside_london
E01018733,1,outside_london
E01030305,1,outside_london
E01008204,1,outside_london
E01031652,1,outside_london
W01000004,1,outside_london
E01027238,1,outside_london
E01005632,1,outside_london
E01032651,1,outside_london
E01030268,1,outside_london
E01030234,1,outside_london
E01032041,1,outside_london
E01029890,1,outside_london
E01028074,1,outside_london
E01004976,1,outside_london
E01031494,1,outside_london
E01031673,1,outside_london
E01011643,1,outside_london
E01006689,1,outside_london
E01033663,1,outside_london
E01033684,1,outside_london
E01005180,1,outside_london
E01020137,1,outside_london
E01026754,1,outside_london
E01014843,1,outside_london
E01026820,1,outside_london
E01013810,1,outside_london
E01015624,1,outside_london
E01031180,1,outside_london
E01007823,1,outside_london
E01026288,1,outside_london
W01001097,1,outside_london
E01024763,1,outside_london
E01024743,1,outside_london
E01016556,1,outside_london
E01031344,1,outside_london
E01032957,1,outside_london
E01022503,1,outside_london
E01009173,1,outside_london
E01033689,1,outside_london
E01021424,1,outside_london
E01032519,1,outside_london
E01018482,1,outside_london
E01009716,1,outside_london
E01012334,1,outside_london
E01018211,1,outside_london
E01018135,1,outside_london
E01030030,1,outside_london
E01029992,1,outside_london
E01025155,1,outside_london
E01026128,1,outside_london
E01030521,1,outside_london
W01001661,1,outside_london
E01026230,1,outside_london
E01025915,1,outside_london
E01032892,1,outside_london
E01005720,1,outside_london
E01032886,1,outside_london
E01033333,1,outside_london
E01029154,1,outside_london
E01029234,1,outside_london
E01006836,1,outside_london
E01015544,1,outside_london
E01010279,1,outside_london
E01027318,1,outside_london
E01031877,1,outside_london
E01007245,1,outside_london
E01017660,1,outside_london
E01029887,1,outside_london
E01009203,1,outside_london
E01015312,1,outside_london
E01021368,1,outside_london
E01014685,1,outside_london
E01028085,1,outside_london
E01017402,1,outside_london
E01017582,1,outside_london
E01021597,1,outside_london
E01018613,1,outside_london
E01020888,1,outside_london
E01031592,1,outside_london
E01020420,1,outside_london
E01023494,1,outside_london
E01023490,1,outside_london
E01022231,1,outside_london
E01030459,1,outside_london
E01021832,1,outside_london
E01031622,1,outside_london
E01011274,1,outside_london
E01006679,1,outside_london
E01032184,1,outside_london
E01028235,1,outside_london
E01030520,1,outside_london
W01001650,1,outside_london
E01027244,1,outside_london
E01019792,1,outside_london
E01021926,1,outside_london
E01005706,1,outside_london
E01029286,1,outside_london
W01001093,1,outside_london
E01010271,1,outside_london
E01027347,1,outside_london
E01016266,1,outside_london
E01020495,1,outside_london
E01031866,1,outside_london
E01019606,1,outside_london
E01023985,1,outside_london
E01014462,1,outside_london
W01001020,1,outside_london
E01021505,1,outside_london
E01021723,1,outside_london
E01021727,1,outside_london
E01009868,1,outside_london
E01009805,1,outside_london
E01023456,1,outside_london
E01027595,1,outside_london
E01029077,1,outside_london
E01033511,1,outside_london
E01022998,1,outside_london
E01013883,1,outside_london
W01001265,1,outside_london
E01007766,1,outside_london
E01031171,1,outside_london
E01010066,1,outside_london
E01006856,1,outside_london
E01014365,1,outside_london
E01006147,1,outside_london
E01022091,1,outside_london
E01030868,1,outside_london
E01016347,1,outside_london
E01031873,1,outside_london
E01016546,1,outside_london
E01031807,1,outside_london
E01025543,1,outside_london
E01013414,1,outside_london
E01030839,1,outside_london
E01014421,1,outside_london
E01009100,1,outside_london
E01033649,1,outside_london
E01032485,1,outside_london
E01010738,1,outside_london
E01022220,1,outside_london
E01009544,1,outside_london
E01023393,1,outside_london
E01019609,1,outside_london
E01031648,1,outside_london
E01031689,1,outside_london
E01012916,1,outside_london
E01005070,1,outside_london
E01012011,1,outside_london
E01026829,1,outside_london
E01028548,1,outside_london
E01024540,1,outside_london
E01032751,1,outside_london
E01020173,1,outside_london
E01026304,1,outside_london
E01023801,1,outside_london
E01015230,1,outside_london
E01006104,1,outside_london
E01025557,1,outside_london
E01025570,1,outside_london
E01032433,1,outside_london
E01012668,1,outside_london
E01010631,1,outside_london
E01010742,1,outside_london
E01033366,1,outside_london
W01001400,1,outside_london
E01031502,1,outside_london
E01017777,1,outside_london
E01027062,1,outside_london
E01029427,1,outside_london
E01008168,1,outside_london
E01006497,1,outside_london
E01011355,1,outside_london
E01011662,1,outside_london
E01032945,1,outside_london
E01016068,1,outside_london
E01016765,1,outside_london
E01029606,1,outside_london
E01005460,1,outside_london
E01027766,1,outside_london
E01032686,1,outside_london
E01028726,1,outside_london
W01000411,1,outside_london
E01013441,1,outside_london
E01013364,1,outside_london
E01014426,1,outside_london
E01004881,1,outside_london
E01018010,1,outside_london
E01033376,1,outside_london
E01009589,1,outside_london
E01022944,1,outside_london
E01026717,1,outside_london
E01006592,1,outside_london
E01015706,1,outside_london
E01015730,1,outside_london
E01005073,1,outside_london
E01005143,1,outside_london
E01028223,1,outside_london
E01029061,1,outside_london
E01020053,1,outside_london
E01008297,1,outside_london
E01027545,1,outside_london
E01005327,1,outside_london
E01015070,1,outside_london
E01020486,1,outside_london
E01028387,1,outside_london
E01008112,1,outside_london
E01026299,1,outside_london
E01023764,1,outside_london
E01031234,1,outside_london
E01030153,1,outside_london
E01030773,1,outside_london
W01001938,1,outside_london
E01022047,1,outside_london
E01023166,1,outside_london
E01022463,1,outside_london
E01024733,1,outside_london
W01001486,1,outside_london
E01016315,1,outside_london
W01000415,1,outside_london
E01025561,1,outside_london
E01013408,1,outside_london
E01009348,1,outside_london
E01004870,1,outside_london
E01026024,1,outside_london
E01010805,1,outside_london
E01033355,1,outside_london
E01025687,1,outside_london
E01021535,1,outside_london
E01028511,1,outside_london
E01018730,1,outside_london
E01017782,1,outside_london
W01000225,1,outside_london
E01024232,1,outside_london
E01020403,1,outside_london
E01020390,1,outside_london
E01029954,1,outside_london
E01018150,1,outside_london
E01030024,1,outside_london
E01011490,1,outside_london
E01013765,1,outside_london
E01026147,1,outside_london
E01006752,1,outside_london
E01006797,1,outside_london
E01015694,1,outside_london
E01024348,1,outside_london
E01016094,1,outside_london
E01031734,1,outside_london
E01016732,1,outside_london
W01001595,1,outside_london
W01001582,1,outside_london
E01023061,1,outside_london
E01026765,1,outside_london
E01008137,1,outside_london
E01026882,1,outside_london
E01026889,1,outside_london
E01031235,1,outside_london
E01015521,1,outside_london
E01011811,1,outside_london
E01030247,1,outside_london
E01030961,1,outside_london
E01025642,1,outside_london
W01001041,1,outside_london
W01000706,1,outside_london
E01020017,1,outside_london
E01024994,1,outside_london
E01026633,1,outside_london
E01026613,1,outside_london
E01017332,1,outside_london
E01033036,1,outside_london
E01011130,1,outside_london
E01021051,1,outside_london
E01006796,1,outside_london
E01005136,1,outside_london
E01033672,1,outside_london
E01025961,1,outside_london
E01031096,1,outside_london
E01028559,1,outside_london
E01017107,1,outside_london
E01033423,1,outside_london
E01005589,1,outside_london
E01021935,1,outside_london
E01023128,1,outside_london
E01023748,1,outside_london
E01010338,1,outside_london
E01030248,1,outside_london
E01021217,1,outside_london
E01006294,1,outside_london
E01006247,1,outside_london
E01031912,1,outside_london
E01010530,1,outside_london
E01031809,1,outside_london
E01021265,1,outside_london
E01009151,1,outside_london
E01017435,1,outside_london
E01017770,1,outside_london
W01000144,1,outside_london
E01018890,1,outside_london
E01020702,1,outside_london
E01020894,1,outside_london
E01020899,1,outside_london
E01020907,1,outside_london
E01031607,1,outside_london
E01031552,1,outside_london
W01000237,1,outside_london
W01000278,1,outside_london
E01026615,1,outside_london
E01021855,1,outside_london
E01014027,1,outside_london
E01031632,1,outside_london
E01033033,1,outside_london
E01006513,1,outside_london
E01021891,1,outside_london
E01016736,1,outside_london
E01008570,1,outside_london
E01027449,1,outside_london
E01031024,1,outside_london
E01028570,1,outside_london
E01016400,1,outside_london
E01016420,1,outside_london
E01007735,1,outside_london
E01005609,1,outside_london
E01005657,1,outside_london
E01009929,1,outside_london
E01033275,1,outside_london
E01017197,1,outside_london
E01027297,1,outside_london
E01030141,1,outside_london
E01015548,1,outside_london
E01023192,1,outside_london
E01031334,1,outside_london
E01031331,1,outside_london
E01021168,1,outside_london
E01033200,1,outside_london
E01031880,1,outside_london
E01010513,1,outside_london
E01019097,1,outside_london
E01017530,1,outside_london
E01017516,1,outside_london
E01016201,1,outside_london
E01014562,1,outside_london
E01026559,1,outside_london
W01001425,1,outside_london
E01024130,1,outside_london
W01001810,1,outside_london
E01018330,1,outside_london
E01031485,1,outside_london
E01009557,1,outside_london
E01018047,1,outside_london
E01026117,1,outside_london
E01019996,1,outside_london
E01008181,1,outside_london
E01028190,1,outside_london
E01027658,1,outside_london
E01012848,1,outside_london
E01011623,1,outside_london
E01011443,1,outside_london
E01006724,1,outside_london
E01016064,1,outside_london
E01030554,1,outside_london
W01001692,1,outside_london
E01032670,1,outside_london
E01026826,1,outside_london
E01021922,1,outside_london
E01007815,1,outside_london
E01029138,1,outside_london
E01024519,1,outside_london
E01026308,1,outside_london
E01030768,1,outside_london
E01022004,1,outside_london
E01024747,1,outside_london
E01025537,1,outside_london
E01006327,1,outside_london
E01009256,1,outside_london
E01004880,1,outside_london
E01026014,1,outside_london
E01015279,1,outside_london
W01000676,1,outside_london
E01024254,1,outside_london
E01009852,1,outside_london
E01012919,1,outside_london
E01008280,1,outside_london
E01027684,1,outside_london
E01025034,1,outside_london
E01027105,1,outside_london
E01026653,1,outside_london
E01013639,1,outside_london
E01026780,1,outside_london
E01013975,1,outside_london
E01005351,1,outside_london
E01015389,1,outside_london
E01005575,1,outside_london
E01030661,1,outside_london
E01017213,1,outside_london
E01029239,1,outside_london
E01030186,1,outside_london
E01032829,1,outside_london
W01001501,1,outside_london
E01021209,1,outside_london
E01006243,1,outside_london
E01032758,1,outside_london
E01032393,1,outside_london
E01015356,1,outside_london
E01010664,1,outside_london
E01014591,1,outside_london
E01028111,1,outside_london
E01019331,1,outside_london
E01024287,1,outside_london
E01026734,1,outside_london
E01026837,1,outside_london
E01028563,1,outside_london
E01018248,1,outside_london
E01030167,1,outside_london
E01021974,1,outside_london
E01016658,1,outside_london
E01010560,1,outside_london
E01031467,1,outside_london
E01017642,1,outside_london
E01008882,1,outside_london
E01010667,1,outside_london
E01024129,1,outside_london
E01017416,1,outside_london
E01028482,1,outside_london
E01017794,1,outside_london
E01024950,1,outside_london
E01020348,1,outside_london
W01000133,1,outside_london
E01020722,1,outside_london
E01027555,1,outside_london
E01031674,1,outside_london
E01018216,1,outside_london
E01006448,1,outside_london
E01032837,1,outside_london
E01005353,1,outside_london
E01005574,1,outside_london
E01007872,1,outside_london
E01020146,1,outside_london
E01019367,1,outside_london
E01029227,1,outside_london
E01023670,1,outside_london
E01030168,1,outside_london
E01032704,1,outside_london
E01024663,1,outside_london
E01024761,1,outside_london
E01025591,1,outside_london
E01017701,1,outside_london
E01004845,1,outside_london
E01024120,1,outside_london
E01021511,1,outside_london
E01017380,1,outside_london
E01022174,1,outside_london
E01028461,1,outside_london
E01019528,1,outside_london
E01021769,1,outside_london
E01028202,1,outside_london
E01024271,1,outside_london
W01001932,1,outside_london
W01000083,1,outside_london
E01027611,1,outside_london
E01033109,1,outside_london
E01025150,1,outside_london
E01024356,1,outside_london
W01001669,1,outside_london
E01027199,1,outside_london
E01015171,1,outside_london
E01023119,1,outside_london
E01017142,1,outside_london
E01023753,1,outside_london
E01024777,1,outside_london
E01028741,1,outside_london
E01011926,1,outside_london
E01012510,1,outside_london
E01030263,1,outside_london
E01028778,1,outside_london
E01028809,1,outside_london
E01032960,1,outside_london
E01017727,1,outside_london
E01021262,1,outside_london
E01032725,1,outside_london
E01010620,1,outside_london
E01010867,1,outside_london
E01016876,1,outside_london
E01032717,1,outside_london
E01031523,1,outside_london
E01018956,1,outside_london
E01018758,1,outside_london
E01020643,1,outside_london
E01027577,1,outside_london
E01023428,1,outside_london
E01013572,1,outside_london
E01023504,1,outside_london
E01022671,1,outside_london
E01021868,1,outside_london
E01017367,1,outside_london
E01011137,1,outside_london
E01011520,1,outside_london
E01024380,1,outside_london
E01005193,1,outside_london
E01005220,1,outside_london
E01029532,1,outside_london
E01023627,1,outside_london
E01013861,1,outside_london
E01015064,1,outside_london
E01005484,1,outside_london
E01007810,1,outside_london
E01010082,1,outside_london
E01028867,1,outside_london
E01018281,1,outside_london
E01026910,1,outside_london
E01027276,1,outside_london
E01014273,1,outside_london
E01030778,1,outside_london
E01022456,1,outside_london
E01015259,1,outside_london
E01011916,1,outside_london
E01020560,1,outside_london
E01023275,1,outside_london
E01032761,1,outside_london
E01010471,1,outside_london
E01031448,1,outside_london
E01021259,1,outside_london
E01017550,1,outside_london
E01009130,1,outside_london
E01009413,1,outside_london
E01012588,1,outside_london
E01014691,1,outside_london
E01033350,1,outside_london
E01014699,1,outside_london
E01010942,1,outside_london
E01024061,1,outside_london
E01017446,1,outside_london
E01031531,1,outside_london
E01018815,1,outside_london
E01020637,1,outside_london
E01009664,1,outside_london
E01009558,1,outside_london
E01013529,1,outside_london
E01013588,1,outside_london
E01022666,1,outside_london
E01018083,1,outside_london
E01018162,1,outside_london
E01018148,1,outside_london
E01011206,1,outside_london
E01013783,1,outside_london
E01032505,1,outside_london
E01029050,1,outside_london
E01031759,1,outside_london
E01016824,1,outside_london
W01001691,1,outside_london
E01014813,1,outside_london
E01013865,1,outside_london
E01028556,1,outside_london
E01032239,1,outside_london
E01008082,1,outside_london
E01006842,1,outside_london
E01022055,1,outside_london
E01022040,1,outside_london
E01024844,1,outside_london
E01030256,1,outside_london
E01032022,1,outside_london
E01031835,1,outside_london
E01019137,1,outside_london
E01017639,1,outside_london
E01022548,1,outside_london
E01028029,1,outside_london
E01014416,1,outside_london
E01009301,1,outside_london
E01012622,1,outside_london
E01004884,1,outside_london
E01016250,1,outside_london
E01010782,1,outside_london
E01010842,1,outside_london
E01026441,1,outside_london
E01026532,1,outside_london
W01001366,1,outside_london
E01019547,1,outside_london
E01018991,1,outside_london
E01022182,1,outside_london
E01022207,1,outside_london
E01020602,1,outside_london
E01020689,1,outside_london
E01009578,1,outside_london
E01009679,1,outside_london
W01000250,1,outside_london
E01029956,1,outside_london
E01018145,1,outside_london
E01017346,1,outside_london
E01012773,1,outside_london
E01006414,1,outside_london
E01011599,1,outside_london
E01013641,1,outside_london
E01005166,1,outside_london
E01016138,1,outside_london
E01016058,1,outside_london
E01012039,1,outside_london
E01016801,1,outside_london
E01030525,1,outside_london
E01029570,1,outside_london
E01023052,1,outside_london
W01001611,1,outside_london
E01025286,1,outside_london
E01010099,1,outside_london
E01024536,1,outside_london
E01017207,1,outside_london
E01015853,1,outside_london
E01015889,1,outside_london
E01026331,1,outside_london
E01032983,1,outside_london
E01008744,1,outside_london
E01020229,1,outside_london
E01014153,1,outside_london
E01014181,1,outside_london
W01001110,1,outside_london
E01028719,1,outside_london
E01010327,1,outside_london
E01030937,1,outside_london
E01030942,1,outside_london
E01010430,1,outside_london
E01032404,1,outside_london
E01031350,1,outside_london
E01014464,1,outside_london
E01033646,1,outside_london
E01004938,1,outside_london
E01015310,1,outside_london
E01010665,1,outside_london
E01026437,1,outside_london
E01017984,1,outside_london
E01025682,1,outside_london
E01021617,1,outside_london
E01021641,1,outside_london
E01018764,1,outside_london
E01020679,1,outside_london
E01009618,1,outside_london
E01031600,1,outside_london
E01031566,1,outside_london
E01026630,1,outside_london
E01011739,1,outside_london
E01005205,1,outside_london
E01005145,1,outside_london
E01005299,1,outside_london
E01012019,1,outside_london
E01031703,1,outside_london
E01023586,1,outside_london
E01015878,1,outside_london
E01025411,1,outside_london
E01023665,1,outside_london
E01005848,1,outside_london
E01014336,1,outside_london
E01006061,1,outside_london
E01006072,1,outside_london
E01022433,1,outside_london
E01024693,1,outside_london
E01028738,1,outside_london
E01030908,1,outside_london
E01021284,1,outside_london
E01014389,1,outside_london
E01010857,1,outside_london
E01014630,1,outside_london
E01017562,1,outside_london
E01021616,1,outside_london
E01031527,1,outside_london
E01020350,1,outside_london
W01000146,1,outside_london
E01018760,1,outside_london
E01020716,1,outside_london
E01018064,1,outside_london
E01022309,1,outside_london
E01027629,1,outside_london
E01022911,1,outside_london
E01018184,1,outside_london
E01011029,1,outside_london
E01011381,1,outside_london
E01029513,1,outside_london
E01024321,1,outside_london
E01031760,1,outside_london
E01013827,1,outside_london
E01015683,1,outside_london
E01015402,1,outside_london
E01005619,1,outside_london
E01020161,1,outside_london
E01020167,1,outside_london
E01014251,1,outside_london
E01005973,1,outside_london
E01030842,1,outside_london
W01001082,1,outside_london
E01024825,1,outside_london
E01021218,1,outside_london
E01021211,1,outside_london
E01016325,1,outside_london
E01016690,1,outside_london
E01032387,1,outside_london
E01032464,1,outside_london
E01031430,1,outside_london
E01021328,1,outside_london
E01022481,1,outside_london
E01009029,1,outside_london
E01016909,1,outside_london
E01017948,1,outside_london
E01017991,1,outside_london
W01001698,1,outside_london
E01028467,1,outside_london
E01018560,1,outside_london
E01018551,1,outside_london
E01018962,1,outside_london
E01023386,1,outside_london
E01013479,1,outside_london
E01024240,1,outside_london
E01030371,1,outside_london
E01022296,1,outside_london
E01018127,1,outside_london
E01011045,1,outside_london
E01032506,1,outside_london
E01024331,1,outside_london
E01016025,1,outside_london
E01031714,1,outside_london
E01008449,1,outside_london
E01013958,1,outside_london
E01028579,1,outside_london
E01017128,1,outside_london
E01016404,1,outside_london
E01005483,1,outside_london
E01010132,1,outside_london
E01010168,1,outside_london
E01026332,1,outside_london
E01029215,1,outside_london
E01029243,1,outside_london
E01029711,1,outside_london
E01008695,1,outside_london
E01030809,1,outside_london
E01030787,1,outside_london
E01024633,1,outside_london
E01015945,1,outside_london
E01024772,1,outside_london
E01022092,1,outside_london
E01033053,1,outside_london
E01010277,1,outside_london
E01030276,1,outside_london
E01016679,1,outside_london
E01033247,1,outside_london
E01025582,1,outside_london
E01013429,1,outside_london
E01023989,1,outside_london
E01021298,1,outside_london
E01009168,1,outside_london
E01004834,1,outside_london
E01015349,1,outside_london
E01016230,1,outside_london
E01016198,1,outside_london
E01014550,1,outside_london
E01028475,1,outside_london
E01018689,1,outside_london
E01021657,1,outside_london
E01019260,1,outside_london
E01019280,1,outside_london
E01018053,1,outside_london
E01024984,1,outside_london
E01032607,1,outside_london
E01025889,1,outside_london
W01001574,1,outside_london
W01000936,1,outside_london
E01023023,1,outside_london
E01023048,1,outside_london
E01027217,1,outside_london
E01026783,1,outside_london
E01013972,1,outside_london
E01015663,1,outside_london
E01015692,1,outside_london
E01005482,1,outside_london
E01033261,1,outside_london
E01017169,1,outside_london
E01015901,1,outside_london
E01020150,1,outside_london
E01023784,1,outside_london
E01030165,1,outside_london
E01008717,1,outside_london
E01006024,1,outside_london
E01023154,1,outside_london
E01028759,1,outside_london
E01031269,1,outside_london
E01030295,1,outside_london
E01030897,1,outside_london
E01030917,1,outside_london
E01016254,1,outside_london
E01007123,1,outside_london
E01010514,1,outside_london
E01032317,1,outside_london
E01032360,1,outside_london
E01032823,1,outside_london
E01009472,1,outside_london
E01015329,1,outside_london
E01026561,1,outside_london
E01028133,1,outside_london
E01024119,1,outside_london
E01028477,1,outside_london
E01018677,1,outside_london
E01018328,1,outside_london
E01022703,1,outside_london
E01013124,1,outside_london
E01019990,1,outside_london
E01027106,1,outside_london
E01026694,1,outside_london
E01032217,1,outside_london
E01012056,1,outside_london
E01031712,1,outside_london
E01027367,1,outside_london
E01027369,1,outside_london
E01027521,1,outside_london
E01017045,1,outside_london
E01031165,1,outside_london
E01005602,1,outside_london
E01005621,1,outside_london
E01030154,1,outside_london
E01030788,1,outside_london
E01029269,1,outside_london
E01014197,1,outside_london
E01024674,1,outside_london
E01024651,1,outside_london
E01015228,1,outside_london
E01024847,1,outside_london
E01024853,1,outside_london
E01023889,1,outside_london
E01006330,1,outside_london
E01023287,1,outside_london
E01023267,1,outside_london
E01027948,1,outside_london
E01023998,1,outside_london
E01012664,1,outside_london
E01016184,1,outside_london
E01014553,1,outside_london
W01001378,1,outside_london
E01021529,1,outside_london
E01020767,1,outside_london
E01020825,1,outside_london
E01007580,1,outside_london
E01005194,1,outside_london
W01001565,1,outside_london
E01008386,1,outside_london
E01020127,1,outside_london
E01014825,1,outside_london
E01027415,1,outside_london
E01013886,1,outside_london
E01013836,1,outside_london
E01028545,1,outside_london
E01015659,1,outside_london
E01015044,1,outside_london
E01006963,1,outside_london
E01007937,1,outside_london
E01024528,1,outside_london
E01028918,1,outside_london
E01017196,1,outside_london
E01014318,1,outside_london
E01014121,1,outside_london
E01024677,1,outside_london
E01021181,1,outside_london
E01021213,1,outside_london
E01006246,1,outside_london
E01031827,1,outside_london
E01022486,1,outside_london
E01014375,1,outside_london
E01014418,1,outside_london
E01008889,1,outside_london
E01009166,1,outside_london
E01016246,1,outside_london
E01016218,1,outside_london
E01010626,1,outside_london
E01021350,1,outside_london
W01001368,1,outside_london
W01001835,1,outside_london
W01001766,1,outside_london
E01021669,1,outside_london
E01021713,1,outside_london
E01018998,1,outside_london
E01023402,1,outside_london
E01012305,1,outside_london
E01030434,1,outside_london
E01019762,1,outside_london
E01025858,1,outside_london
E01031668,1,outside_london
E01011251,1,outside_london
E01011016,1,outside_london
E01011322,1,outside_london
E01034996,1,outside_london
E01032191,1,outside_london
W01001296,1,outside_london
E01022995,1,outside_london
E01035398,1,outside_london
E01013941,1,outside_london
E01025206,1,outside_london
E01025219,1,outside_london
E01017078,1,outside_london
E01017094,1,outside_london
E01021932,1,outside_london
E01028372,1,outside_london
E01028366,1,outside_london
E01033277,1,outside_london
E01015865,1,outside_london
E01023746,1,outside_london
E01005758,1,outside_london
E01014294,1,outside_london
W01000756,1,outside_london
E01015545,1,outside_london
E01015539,1,outside_london
E01006153,1,outside_london
E01021216,1,outside_london
E01020500,1,outside_london
E01023246,1,outside_london
E01016533,1,outside_london
E01030965,1,outside_london
E01032394,1,outside_london
E01007340,1,outside_london
E01021273,1,outside_london
E01021294,1,outside_london
E01022543,1,outside_london
E01017515,1,outside_london
E01009400,1,outside_london
E01033636,1,outside_london
E01008931,1,outside_london
E01009503,1,outside_london
E01009157,1,outside_london
E01012694,1,outside_london
E01015287,1,outside_london
E01021372,1,outside_london
E01005028,1,outside_london
E01029393,1,outside_london
E01024088,1,outside_london
W01001808,1,outside_london
E01033193,1,outside_london
E01022153,1,outside_london
E01028450,1,outside_london
E01019527,1,outside_london
E01021680,1,outside_london
E01026972,1,outside_london
E01031579,1,outside_london
E01023425,1,outside_london
E01007467,1,outside_london
E01007542,1,outside_london
E01024241,1,outside_london
E01025019,1,outside_london
E01030454,1,outside_london
E01012424,1,outside_london
E01027588,1,outside_london
E01027737,1,outside_london
E01011978,1,outside_london
E01018136,1,outside_london
E01029969,1,outside_london
E01012872,1,outside_london
E01011595,1,outside_london
E01011371,1,outside_london
E01006515,1,outside_london
E01006524,1,outside_london
E01005272,1,outside_london
E01029074,1,outside_london
E01031738,1,outside_london
E01016753,1,outside_london
E01008334,1,outside_london
E01026745,1,outside_london
E01013933,1,outside_london
E01017058,1,outside_london
E01005585,1,outside_london
E01007767,1,outside_london
E01009997,1,outside_london
E01008088,1,outside_london
E01028998,1,outside_london
E01014978,1,outside_london
E01026881,1,outside_london
E01028684,1,outside_london
E01008765,1,outside_london
E01006054,1,outside_london
E01029292,1,outside_london
E01021985,1,outside_london
W01001094,1,outside_london
E01020276,1,outside_london
E01020280,1,outside_london
E01011789,1,outside_london
E01030922,1,outside_london
E01030924,1,outside_london
E01006286,1,outside_london
E01016558,1,outside_london
E01019127,1,outside_london
E01014484,1,outside_london
E01017546,1,outside_london
E01009184,1,outside_london
E01009390,1,outside_london
E01009037,1,outside_london
E01015339,1,outside_london
E01015296,1,outside_london
E01014692,1,outside_london
E01032136,1,outside_london
E01024079,1,outside_london
E01032808,1,outside_london
E01017622,1,outside_london
E01033139,1,outside_london
E01018410,1,outside_london
E01021671,1,outside_london
E01021676,1,outside_london
E01019061,1,outside_london
E01020654,1,outside_london
E01020752,1,outside_london
E01011994,1,outside_london
E01025823,1,outside_london
E01031669,1,outside_london
E01030036,1,outside_london
E01026659,1,outside_london
E01011526,1,outside_london
E01006544,1,outside_london
E01016168,1,outside_london
E01031735,1,outside_london
W01001629,1,outside_london
E01013187,1,outside_london
E01031057,1,outside_london
E01032920,1,outside_london
E01005381,1,outside_london
E01015098,1,outside_london
E01017031,1,outside_london
E01016379,1,outside_london
W01001276,1,outside_london
W01001916,1,outside_london
E01021110,1,outside_london
E01021092,1,outside_london
E01007662,1,outside_london
E01013789,1,outside_london
E01010106,1,outside_london
E01009988,1,outside_london
E01024415,1,outside_london
E01024522,1,outside_london
E01018267,1,outside_london
E01014919,1,outside_london
E01019352,1,outside_london
E01029238,1,outside_london
E01014332,1,outside_london
E01014237,1,outside_london
E01022350,1,outside_london
E01015562,1,outside_london
W01001092,1,outside_london
E01012533,1,outside_london
E01025484,1,outside_london
E01025522,1,outside_london
E01032091,1,outside_london
E01031355,1,outside_london
E01017707,1,outside_london
E01019157,1,outside_london
E01022515,1,outside_london
E01014456,1,outside_london
E01009056,1,outside_london
E01012571,1,outside_london
E01019494,1,outside_london
W01001021,1,outside_london
E01014579,1,outside_london
E01032140,1,outside_london
W01001811,1,outside_london
E01021667,1,outside_london
W01000169,1,outside_london
E01033292,1,outside_london
E01018792,1,outside_london
E01018995,1,outside_london
E01020868,1,outside_london
E01009663,1,outside_london
W01000248,1,outside_london
E01020962,1,outside_london
E01022710,1,outside_london
E01025136,1,outside_london
E01033002,1,outside_london
E01013692,1,outside_london
E01021037,1,outside_london
E01006567,1,outside_london
E01005184,1,outside_london
E01005283,1,outside_london
E01012015,1,outside_london
E01016766,1,outside_london
W01000899,1,outside_london
E01023020,1,outside_london
E01020458,1,outside_london
E01027543,1,outside_london
E01012171,1,outside_london
E01010091,1,outside_london
E01035059,1,outside_london
E01015824,1,outside_london
E01026239,1,outside_london
E01027279,1,outside_london
E01021986,1,outside_london
E01006167,1,outside_london
E01028702,1,outside_london
E01010319,1,outside_london
E01010333,1,outside_london
E01030878,1,outside_london
E01032046,1,outside_london
E01007417,1,outside_london
E01009489,1,outside_london
E01008919,1,outside_london
E01012582,1,outside_london
E01010666,1,outside_london
E01016874,1,outside_london
E01014610,1,outside_london
E01005039,1,outside_london
W01001830,1,outside_london
W01001695,1,outside_london
E01025746,1,outside_london
E01025688,1,outside_london
E01021629,1,outside_london
E01021575,1,outside_london
E01028428,1,outside_london
E01032534,1,outside_london
E01009666,1,outside_london
E01031595,1,outside_london
E01023350,1,outside_london
E01012338,1,outside_london
E01013466,1,outside_london
E01007515,1,outside_london
E01009721,1,outside_london
E01023510,1,outside_london
E01019971,1,outside_london
E01022772,1,outside_london
E01033453,1,outside_london
E01025026,1,outside_london
E01022328,1,outside_london
E01032934,1,outside_london
E01034798,1,outside_london
E01031657,1,outside_london
W01000039,1,outside_london
E01017304,1,outside_london
E01006506,1,outside_london
E01011347,1,outside_london
E01006611,1,outside_london
E01015746,1,outside_london
E01032198,1,outside_london
E01012036,1,outside_london
E01016759,1,outside_london
E01016746,1,outside_london
E01008399,1,outside_london
E01026232,1,outside_london
E01026201,1,outside_london
E01032890,1,outside_london
E01015419,1,outside_london
E01007707,1,outside_london
E01010037,1,outside_london
E01010052,1,outside_london
E01024539,1,outside_london
E01017801,1,outside_london
E01026262,1,outside_london
E01026873,1,outside_london
E01029252,1,outside_london
E01005834,1,outside_london
E01022384,1,outside_london
E01015490,1,outside_london
E01022028,1,outside_london
E01006108,1,outside_london
E01011840,1,outside_london
E01027349,1,outside_london
E01020547,1,outside_london
E01016618,1,outside_london
E01019087,1,outside_london
E01031440,1,outside_london
E01029896,1,outside_london
E01029905,1,outside_london
E01009139,1,outside_london
E01012630,1,outside_london
E01012673,1,outside_london
E01010837,1,outside_london
E01014629,1,outside_london
E01014583,1,outside_london
E01026549,1,outside_london
E01028096,1,outside_london
E01004983,1,outside_london
W01001423,1,outside_london
E01010914,1,outside_london
E01017451,1,outside_london
E01007484,1,outside_london
E01020931,1,outside_london
E01020391,1,outside_london
E01019676,1,outside_london
E01014029,1,outside_london
E01011218,1,outside_london
E01013652,1,outside_london
E01005171,1,outside_london
E01005290,1,outside_london
E01012055,1,outside_london
E01023618,1,outside_london
E01013930,1,outside_london
E01031050,1,outside_london
E01015104,1,outside_london
E01034235,1,outside_london
E01021095,1,outside_london
E01007695,1,outside_london
E01007032,1,outside_london
E01007905,1,outside_london
E01026316,1,outside_london
E01030804,1,outside_london
E01014164,1,outside_london
E01014191,1,outside_london
E01023152,1,outside_london
E01024702,1,outside_london
E01006114,1,outside_london
E01023890,1,outside_london
E01030912,1,outside_london
E01027247,1,outside_london
E01032001,1,outside_london
W01000399,1,outside_london
E01017897,1,outside_london
E01033067,1,outside_london
E01031351,1,outside_london
E01023973,1,outside_london
E01022525,1,outside_london
E01009291,1,outside_london
E01009143,1,outside_london
E01012671,1,outside_london
E01015306,1,outside_london
E01015341,1,outside_london
E01010670,1,outside_london
E01021383,1,outside_london
E01026451,1,outside_london
E01024892,1,outside_london
E01005001,1,outside_london
W01001893,1,outside_london
E01017585,1,outside_london
E01028452,1,outside_london
E01018673,1,outside_london
E01019569,1,outside_london
E01017778,1,outside_london
E01017739,1,outside_london
E01026949,1,outside_london
E01018857,1,outside_london
E01013549,1,outside_london
E01012005,1,outside_london
E01011079,1,outside_london
E01006476,1,outside_london
E01011601,1,outside_london
E01013651,1,outside_london
E01013758,1,outside_london
E01029486,1,outside_london
E01026124,1,outside_london
E01006570,1,outside_london
E01032508,1,outside_london
E01006595,1,outside_london
E01006527,1,outside_london
E01033752,1,outside_london
E01005206,1,outside_london
E01005178,1,outside_london
E01016166,1,outside_london
E01016119,1,outside_london
E01033548,1,outside_london
E01023652,1,outside_london
E01027100,1,outside_london
E01013937,1,outside_london
E01013924,1,outside_london
E01015691,1,outside_london
E01015106,1,outside_london
E01015120,1,outside_london
E01017124,1,outside_london
W01000493,1,outside_london
E01025247,1,outside_london
E01033224,1,outside_london
E01030662,1,outside_london
E01013804,1,outside_london
E01005675,1,outside_london
E01027868,1,outside_london
E01008028,1,outside_london
E01010129,1,outside_london
E01017240,1,outside_london
E01019857,1,outside_london
E01014880,1,outside_london
E01028624,1,outside_london
E01025435,1,outside_london
E01005773,1,outside_london
E01012217,1,outside_london
E01030207,1,outside_london
E01030181,1,outside_london
E01011793,1,outside_london
E01021229,1,outside_london
E01021193,1,outside_london
E01020326,1,outside_london
E01006283,1,outside_london
E01007170,1,outside_london
E01017909,1,outside_london
E01031449,1,outside_london
E01024011,1,outside_london
E01021282,1,outside_london
E01017485,1,outside_london
E01009061,1,outside_london
E01009087,1,outside_london
E01009341,1,outside_london
E01009110,1,outside_london
E01016895,1,outside_london
E01016869,1,outside_london
W01000630,1,outside_london
E01021503,1,outside_london
E01017596,1,outside_london
E01017623,1,outside_london
E01018601,1,outside_london
E01021655,1,outside_london
E01009850,1,outside_london
E01020934,1,outside_london
E01026056,1,outside_london
E01027059,1,outside_london
E01025028,1,outside_london
E01008237,1,outside_london
E01032884,1,outside_london
E01030465,1,outside_london
E01027600,1,outside_london
E01025833,1,outside_london
E01011165,1,outside_london
E01011070,1,outside_london
E01011622,1,outside_london
E01011362,1,outside_london
E01013696,1,outside_london
E01013687,1,outside_london
E01006596,1,outside_london
E01005106,1,outside_london
E01005068,1,outside_london
E01016075,1,outside_london
E01016053,1,outside_london
E01029070,1,outside_london
E01016840,1,outside_london
E01016784,1,outside_london
W01000959,1,outside_london
E01008406,1,outside_london
E01027427,1,outside_london
E01013859,1,outside_london
E01013976,1,outside_london
E01031083,1,outside_london
E01028555,1,outside_london
E01015592,1,outside_london
E01017052,1,outside_london
E01017047,1,outside_london
E01020474,1,outside_london
W01001176,1,outside_london
E01032911,1,outside_london
E01010102,1,outside_london
E01010065,1,outside_london
E01007981,1,outside_london
E01028980,1,outside_london
E01016493,1,outside_london
E01014977,1,outside_london
E01029716,1,outside_london
E01005902,1,outside_london
E01030798,1,outside_london
E01030762,1,outside_london
E01024614,1,outside_london
E01024639,1,outside_london
E01024778,1,outside_london
E01006188,1,outside_london
E01031324,1,outside_london
E01030886,1,outside_london
E01023969,1,outside_london
E01025518,1,outside_london
E01031929,1,outside_london
W01000389,1,outside_london
E01009419,1,outside_london
E01004896,1,outside_london
E01010650,1,outside_london
E01021353,1,outside_london
E01016916,1,outside_london
E01032147,1,outside_london
E01019242,1,outside_london
E01021485,1,outside_london
E01022159,1,outside_london
E01018708,1,outside_london
E01019529,1,outside_london
E01017742,1,outside_london
E01027581,1,outside_london
E01024256,1,outside_london
E01022605,1,outside_london
E01022641,1,outside_london
E01022591,1,outside_london
E01022669,1,outside_london
E01022688,1,outside_london
E01026069,1,outside_london
E01022752,1,outside_london
E01018107,1,outside_london
E01018079,1,outside_london
E01008187,1,outside_london
E01030422,1,outside_london
E01025808,1,outside_london
E01020976,1,outside_london
E01022957,1,outside_london
E01026645,1,outside_london
E01006678,1,outside_london
E01012012,1,outside_london
E01008291,1,outside_london
E01027145,1,outside_london
E01008589,1,outside_london
E01027541,1,outside_london
E01033400,1,outside_london
E01028513,1,outside_london
E01015655,1,outside_london
E01015458,1,outside_london
E01021123,1,outside_london
E01030682,1,outside_london
E01023136,1,outside_london
E01029152,1,outside_london
E01008123,1,outside_london
E01008097,1,outside_london
E01028903,1,outside_london
E01018265,1,outside_london
E01019875,1,outside_london
E01014910,1,outside_london
E01033043,1,outside_london
E01030799,1,outside_london
W01000766,1,outside_london
E01024660,1,outside_london
E01011925,1,outside_london
E01010266,1,outside_london
E01010325,1,outside_london
E01010337,1,outside_london
E01023945,1,outside_london
E01006262,1,outside_london
E01023259,1,outside_london
E01031418,1,outside_london
E01027942,1,outside_london
E01021329,1,outside_london
E01028034,1,outside_london
E01015314,1,outside_london
W01001057,1,outside_london
E01016875,1,outside_london
E01016960,1,outside_london
E01014713,1,outside_london
E01026521,1,outside_london
E01021523,1,outside_london
E01017387,1,outside_london
E01017417,1,outside_london
E01018374,1,outside_london
E01018319,1,outside_london
E01017781,1,outside_london
E01020659,1,outside_london
E01020873,1,outside_london
E01009747,1,outside_london
E01020965,1,outside_london
E01026111,1,outside_london
E01014025,1,outside_london
E01019761,1,outside_london
E01031612,1,outside_london
W01000005,1,outside_london
E01006487,1,outside_london
E01011460,1,outside_london
E01029524,1,outside_london
E01026154,1,outside_london
E01024409,1,outside_london
E01008372,1,outside_london
E01027177,1,outside_london
E01023646,1,outside_london
E01014827,1,outside_london
W01001194,1,outside_london
E01021087,1,outside_london
E01031178,1,outside_london
E01005603,1,outside_london
E01007073,1,outside_london
E01024492,1,outside_london
E01015816,1,outside_london
E01015899,1,outside_london
E01014976,1,outside_london
E01025412,1,outside_london
E01005763,1,outside_london
E01014214,1,outside_london
E01014168,1,outside_london
E01006119,1,outside_london
E01030284,1,outside_london
E01031867,1,outside_london
E01030996,1,outside_london
E01016672,1,outside_london
E01016642,1,outside_london
E01017935,1,outside_london
E01025606,1,outside_london
E01024021,1,outside_london
E01017662,1,outside_london
E01007343,1,outside_london
E01021250,1,outside_london
E01017525,1,outside_london
E01017551,1,outside_london
E01009115,1,outside_london
E01012735,1,outside_london
E01026036,1,outside_london
E01021459,1,outside_london
E01016930,1,outside_london
E01016900,1,outside_london
E01014733,1,outside_london
E01029385,1,outside_london
E01017570,1,outside_london
E01025729,1,outside_london
E01032942,1,outside_london
E01028456,1,outside_london
E01031497,1,outside_london
E01022216,1,outside_london
E01027586,1,outside_london
E01023472,1,outside_london
E01013078,1,outside_london
E01022785,1,outside_london
E01022783,1,outside_london
W01000308,1,outside_london
E01022900,1,outside_london
E01030002,1,outside_london
E01026664,1,outside_london
E01011134,1,outside_london
E01032189,1,outside_london
E01032216,1,outside_london
E01005312,1,outside_london
E01016082,1,outside_london
E01013142,1,outside_london
E01023658,1,outside_london
E01023589,1,outside_london
E01023615,1,outside_london
E01025963,1,outside_london
E01013917,1,outside_london
E01028561,1,outside_london
W01000600,1,outside_london
E01025353,1,outside_london
E01021916,1,outside_london
E01005712,1,outside_london
E01005638,1,outside_london
E01024451,1,outside_london
E01024455,1,outside_london
E01015868,1,outside_london
E01015857,1,outside_london
E01006871,1,outside_london
E01030175,1,outside_london
E01008861,1,outside_london
E01030785,1,outside_london
E01024630,1,outside_london
W01000857,1,outside_london
E01005994,1,outside_london
E01014160,1,outside_london
E01024755,1,outside_london
E01024794,1,outside_london
E01011813,1,outside_london
E01032076,1,outside_london
E01016595,1,outside_london
E01016623,1,outside_london
E01016709,1,outside_london
E01017937,1,outside_london
E01032428,1,outside_london
E01013406,1,outside_london
E01032851,1,outside_london
E01017461,1,outside_london
E01009360,1,outside_london
E01009362,1,outside_london
E01012722,1,outside_london
E01004797,1,outside_london
E01014565,1,outside_london
E01026570,1,outside_london
E01028132,1,outside_london
E01024101,1,outside_london
E01021591,1,outside_london
E01018394,1,outside_london
E01022184,1,outside_london
E01009631,1,outside_london
E01022635,1,outside_london
W01000304,1,outside_london
E01022315,1,outside_london
E01022916,1,outside_london
E01018120,1,outside_london
E01029994,1,outside_london
E01011554,1,outside_london
E01011685,1,outside_london
E01005181,1,outside_london
E01005319,1,outside_london
E01029083,1,outside_london
E01023080,1,outside_london
W01001688,1,outside_london
E01025224,1,outside_london
E01015052,1,outside_london
E01033381,1,outside_london
E01033422,1,outside_london
E01021964,1,outside_london
E01007772,1,outside_london
E01007703,1,outside_london
E01023137,1,outside_london
E01005729,1,outside_london
E01010040,1,outside_london
E01006974,1,outside_london
E01028905,1,outside_london
E01019879,1,outside_london
E01029820,1,outside_london
E01014146,1,outside_london
E01023160,1,outside_london
E01011740,1,outside_london
E01030902,1,outside_london
E01026404,1,outside_london
E01032947,1,outside_london
E01006275,1,outside_london
E01016534,1,outside_london
E01016607,1,outside_london
E01007210,1,outside_london
E01030951,1,outside_london
E01016687,1,outside_london
E01010559,1,outside_london
E01031435,1,outside_london
E01019143,1,outside_london
E01017544,1,outside_london
E01008896,1,outside_london
E01008957,1,outside_london
E01008943,1,outside_london
E01009160,1,outside_london
E01012715,1,outside_london
E01016185,1,outside_london
E01021390,1,outside_london
E01017007,1,outside_london
W01001940,1,outside_london
E01021528,1,outside_london
E01018462,1,outside_london
E01031532,1,outside_london
E01021649,1,outside_london
E01009633,1,outside_london
E01009668,1,outside_london
E01013593,1,outside_london
E01013564,1,outside_london
E01013473,1,outside_london
E01024253,1,outside_london
E01022623,1,outside_london
E01029438,1,outside_london
E01019648,1,outside_london
E01018073,1,outside_london
W01000254,1,outside_london
E01032612,1,outside_london
E01022794,1,outside_london
E01026639,1,outside_london
E01030479,1,outside_london
E01021001,1,outside_london
E01018124,1,outside_london
E01026727,1,outside_london
E01011568,1,outside_london
E01016789,1,outside_london
E01030547,1,outside_london
W01001649,1,outside_london
E01013293,1,outside_london
E01013333,1,outside_london
E01013844,1,outside_london
E01025174,1,outside_london
E01033181,1,outside_london
E01015398,1,outside_london
E01017013,1,outside_london
E01012143,1,outside_london
W01001180,1,outside_london
E01028356,1,outside_london
E01034728,1,outside_london
E01007855,1,outside_london
E01028941,1,outside_london
E01017149,1,outside_london
E01025441,1,outside_london
E01006861,1,outside_london
E01030782,1,outside_london
E01022038,1,outside_london
E01024703,1,outside_london
E01020586,1,outside_london
E01010547,1,outside_london
E01031345,1,outside_london
E01019404,1,outside_london
E01031408,1,outside_london
E01032821,1,outside_london
E01029898,1,outside_london
E01007410,1,outside_london
E01009368,1,outside_london
E01009367,1,outside_london
E01009280,1,outside_london
E01012705,1,outside_london
E01012744,1,outside_london
E01015288,1,outside_london
E01032727,1,outside_london
E01010718,1,outside_london
E01010689,1,outside_london
E01021348,1,outside_london
E01014598,1,outside_london
E01026577,1,outside_london
E01018000,1,outside_london
E01017422,1,outside_london
E01017447,1,outside_london
E01028505,1,outside_london
E01018713,1,outside_london
E01021640,1,outside_london
E01018804,1,outside_london
E01020644,1,outside_london
E01023397,1,outside_london
E01007645,1,outside_london
E01022717,1,outside_london
E01024313,1,outside_london
E01030468,1,outside_london
E01018142,1,outside_london
E01030012,1,outside_london
E01013626,1,outside_london
E01013709,1,outside_london
E01029500,1,outside_london
E01005120,1,outside_london
E01029054,1,outside_london
E01031761,1,outside_london
E01033506,1,outside_london
E01029611,1,outside_london
W01001687,1,outside_london
E01023651,1,outside_london
E01023639,1,outside_london
E01026211,1,outside_london
E01026802,1,outside_london
E01013880,1,outside_london
E01005392,1,outside_london
W01000602,1,outside_london
E01015421,1,outside_london
E01015457,1,outside_london
W01000482,1,outside_london
E01016373,1,outside_london
E01005485,1,outside_london
E01005539,1,outside_london
E01021949,1,outside_london
E01028365,1,outside_london
E01023147,1,outside_london
E01005691,1,outside_london
E01005652,1,outside_london
E01009954,1,outside_london
E01008061,1,outside_london
E01017212,1,outside_london
E01026320,1,outside_london
E01034702,1,outside_london
E01028621,1,outside_london
E01008619,1,outside_london
E01015573,1,outside_london
E01029315,1,outside_london
E01014200,1,outside_london
W01001059,1,outside_london
E01015234,1,outside_london
E01024803,1,outside_london
E01022081,1,outside_london
E01011784,1,outside_london
E01010318,1,outside_london
E01012468,1,outside_london
E01031949,1,outside_london
E01032031,1,outside_london
E01016605,1,outside_london
E01017890,1,outside_london
E01031370,1,outside_london
E01029909,1,outside_london
E01021258,1,outside_london
E01009121,1,outside_london
E01033635,1,outside_london
E01009347,1,outside_london
E01019488,1,outside_london
E01015332,1,outside_london
E01021402,1,outside_london
E01033358,1,outside_london
E01026579,1,outside_london
E01026506,1,outside_london
W01001843,1,outside_london
W01001823,1,outside_london
E01022168,1,outside_london
E01021738,1,outside_london
W01000170,1,outside_london
E01018864,1,outside_london
E01022203,1,outside_london
E01009665,1,outside_london
W01000223,1,outside_london
E01007464,1,outside_london
E01032831,1,outside_london
E01018100,1,outside_london
E01011999,1,outside_london
E01011968,1,outside_london
E01014071,1,outside_london
E01025068,1,outside_london
E01011561,1,outside_london
E01013734,1,outside_london
E01034023,1,outside_london
E01021062,1,outside_london
E01026143,1,outside_london
E01006673,1,outside_london
E01028261,1,outside_london
E01016800,1,outside_london
W01001619,1,outside_london
E01013244,1,outside_london
E01026730,1,outside_london
E01014811,1,outside_london
E01027384,1,outside_london
E01026832,1,outside_london
E01033401,1,outside_london
E01025970,1,outside_london
E01025994,1,outside_london
E01005447,1,outside_london
E01005364,1,outside_london
E01015618,1,outside_london
E01015065,1,outside_london
E01015077,1,outside_london
E01015151,1,outside_london
E01025243,1,outside_london
E01030639,1,outside_london
E01021950,1,outside_london
E01023144,1,outside_london
E01005705,1,outside_london
E01028917,1,outside_london
E01028931,1,outside_london
E01017191,1,outside_london
E01008689,1,outside_london
E01023776,1,outside_london
E01006847,1,outside_london
E01012191,1,outside_london
E01014220,1,outside_london
E01014317,1,outside_london
W01000802,1,outside_london
E01005943,1,outside_london
E01024750,1,outside_london
E01011861,1,outside_london
E01010242,1,outside_london
E01010272,1,outside_london
E01031274,1,outside_london
E01030891,1,outside_london
E01021192,1,outside_london
E01016279,1,outside_london
E01007208,1,outside_london
E01007287,1,outside_london
E01032308,1,outside_london
E01017842,1,outside_london
E01032824,1,outside_london
E01014384,1,outside_london
E01008987,1,outside_london
E01008929,1,outside_london
E01004927,1,outside_london
E01016196,1,outside_london
E01021429,1,outside_london
E01026487,1,outside_london
E01016986,1,outside_london
E01032159,1,outside_london
W01001327,1,outside_london
E01017957,1,outside_london
E01028439,1,outside_london
E01018335,1,outside_london
E01019550,1,outside_london
E01035160,1,outside_london
E01018829,1,outside_london
E01020708,1,outside_london
E01023418,1,outside_london
E01007577,1,outside_london
E01023520,1,outside_london
E01012994,1,outside_london
E01029950,1,outside_london
E01028165,1,outside_london
E01022300,1,outside_london
E01022335,1,outside_london
E01030427,1,outside_london
E01022930,1,outside_london
E01014097,1,outside_london
E01011040,1,outside_london
E01006495,1,outside_london
E01032504,1,outside_london
E01011463,1,outside_london
E01011472,1,outside_london
E01015759,1,outside_london
E01021903,1,outside_london
E01012071,1,outside_london
E01030539,1,outside_london
E01013282,1,outside_london
E01008565,1,outside_london
E01033437,1,outside_london
E01025209,1,outside_london
E01015689,1,outside_london
E01005551,1,outside_london
E01007753,1,outside_london
E01010169,1,outside_london
E01017171,1,outside_london
E01018220,1,outside_london
E01015908,1,outside_london
E01015827,1,outside_london
E01005840,1,outside_london
E01014291,1,outside_london
E01014276,1,outside_london
E01008800,1,outside_london
W01000800,1,outside_london
E01029258,1,outside_london
E01029294,1,outside_london
E01022036,1,outside_london
E01015253,1,outside_london
E01006127,1,outside_london
E01024805,1,outside_london
E01028730,1,outside_london
E01011838,1,outside_london
E01011767,1,outside_london
E01010268,1,outside_london
E01031285,1,outside_london
E01027354,1,outside_london
E01027229,1,outside_london
E01031859,1,outside_london
E01016648,1,outside_london
E01034819,1,outside_london
E01009127,1,outside_london
E01009124,1,outside_london
E01009215,1,outside_london
E01025665,1,outside_london
E01004921,1,outside_london
E01026009,1,outside_london
E01015376,1,outside_london
E01016225,1,outside_london
E01021371,1,outside_london
E01026436,1,outside_london
E01014668,1,outside_london
E01024913,1,outside_london
E01024084,1,outside_london
E01024126,1,outside_london
E01028437,1,outside_london
E01020714,1,outside_london
E01032538,1,outside_london
E01007632,1,outside_london
E01007531,1,outside_london
E01019933,1,outside_london
E01012986,1,outside_london
E01019701,1,outside_london
E01020016,1,outside_london
E01018094,1,outside_london
E01018068,1,outside_london
E01022877,1,outside_london
E01021002,1,outside_london
E01025824,1,outside_london
E01030028,1,outside_london
E01006464,1,outside_london
E01011531,1,outside_london
E01032865,1,outside_london
E01013772,1,outside_london
E01021056,1,outside_london
E01029505,1,outside_london
E01006766,1,outside_london
E01006799,1,outside_london
E01019785,1,outside_london
E01031051,1,outside_london
E01005380,1,outside_london
E01025333,1,outside_london
E01005508,1,outside_london
E01025367,1,outside_london
E01021138,1,outside_london
E01031182,1,outside_london
E01005644,1,outside_london
E01032634,1,outside_london
E01007870,1,outside_london
E01033538,1,outside_london
E01022362,1,outside_london
E01015998,1,outside_london
E01032826,1,outside_london
E01006089,1,outside_london
E01010383,1,outside_london
E01030246,1,outside_london
E01016256,1,outside_london
E01031849,1,outside_london
E01010551,1,outside_london
E01017876,1,outside_london
E01019107,1,outside_london
E01031421,1,outside_london
E01032840,1,outside_london
E01022504,1,outside_london
E01009456,1,outside_london
E01009272,1,outside_london
E01008977,1,outside_london
E01009158,1,outside_london
E01012740,1,outside_london
E01004878,1,outside_london
E01010790,1,outside_london
E01016946,1,outside_london
E01026509,1,outside_london
E01032169,1,outside_london
E01005043,1,outside_london
E01017944,1,outside_london
E01024099,1,outside_london
W01000644,1,outside_london
E01022118,1,outside_london
E01021732,1,outside_london
E01034849,1,outside_london
E01019024,1,outside_london
E01018987,1,outside_london
E01020613,1,outside_london
E01009529,1,outside_london
E01031547,1,outside_london
E01013550,1,outside_london
E01024227,1,outside_london
E01009774,1,outside_london
E01029455,1,outside_london
E01024259,1,outside_london
E01024270,1,outside_london
E01026606,1,outside_london
E01033467,1,outside_london
E01013738,1,outside_london
E01021044,1,outside_london
E01015812,1,outside_london
E01005104,1,outside_london
E01016147,1,outside_london
E01016821,1,outside_london
E01023026,1,outside_london
E01028536,1,outside_london
E01017076,1,outside_london
E01016362,1,outside_london
E01032224,1,outside_london
W01001262,1,outside_london
E01021094,1,outside_london
E01009921,1,outside_london
E01028864,1,outside_london
E01018243,1,outside_london
E01015012,1,outside_london
E01019376,1,outside_london
E01019397,1,outside_london
E01008822,1,outside_london
E01024557,1,outside_london
E01015477,1,outside_london
E01014180,1,outside_london
E01023202,1,outside_london
E01023807,1,outside_london
E01028725,1,outside_london
E01011914,1,outside_london
E01010386,1,outside_london
E01023874,1,outside_london
E01016334,1,outside_london
E01020336,1,outside_london
E01032294,1,outside_london
E01031794,1,outside_london
E01032430,1,outside_london
E01027931,1,outside_london
E01022468,1,outside_london
E01014431,1,outside_london
E01004773,1,outside_london
E01016180,1,outside_london
E01016220,1,outside_london
E01026429,1,outside_london
E01014492,1,outside_london
E01014508,1,outside_london
E01034006,1,outside_london
E01021635,1,outside_london
E01033143,1,outside_london
E01018598,1,outside_london
E01018334,1,outside_london
E01020344,1,outside_london
E01021681,1,outside_london
E01019050,1,outside_london
E01009584,1,outside_london
E01009574,1,outside_london
E01009539,1,outside_london
E01023414,1,outside_london
E01007563,1,outside_london
E01007479,1,outside_london
E01009726,1,outside_london
E01020948,1,outside_london
E01022586,1,outside_london
E01030193,1,outside_london
E01018098,1,outside_london
E01008259,1,outside_london
E01028142,1,outside_london
E01029987,1,outside_london
E01012763,1,outside_london
E01012760,1,outside_london
E01011242,1,outside_london
E01025120,1,outside_london
E01013766,1,outside_london
E01021031,1,outside_london
E01032509,1,outside_london
E01006748,1,outside_london
E01006709,1,outside_london
E01015740,1,outside_london
E01033680,1,outside_london
E01005271,1,outside_london
E01031775,1,outside_london
E01016815,1,outside_london
E01023614,1,outside_london
E01023609,1,outside_london
E01014763,1,outside_london
E01014828,1,outside_london
E01013953,1,outside_london
E01015432,1,outside_london
E01030631,1,outside_london
E01005481,1,outside_london
E01005604,1,outside_london
E01010003,1,outside_london
E01014962,1,outside_london
E01014909,1,outside_london
E01019356,1,outside_london
E01026926,1,outside_london
E01012262,1,outside_london
E01014360,1,outside_london
E01022366,1,outside_london
E01015527,1,outside_london
E01020297,1,outside_london
E01010364,1,outside_london
E01030286,1,outside_london
E01021200,1,outside_london
E01021196,1,outside_london
E01023936,1,outside_london
E01006344,1,outside_london
E01032058,1,outside_london
E01016606,1,outside_london
E01007155,1,outside_london
E01030991,1,outside_london
E01016653,1,outside_london
E01010522,1,outside_london
E01032323,1,outside_london
E01032818,1,outside_london
E01032961,1,outside_london
E01009447,1,outside_london
E01008967,1,outside_london
E01009164,1,outside_london
E01009332,1,outside_london
E01025655,1,outside_london
E01010607,1,outside_london
E01026434,1,outside_london
E01016967,1,outside_london
E01017669,1,outside_london
E01024898,1,outside_london
E01004985,1,outside_london
W01001410,1,outside_london
W01001953,1,outside_london
E01021514,1,outside_london
E01025721,1,outside_london
E01022151,1,outside_london
E01027017,1,outside_london
W01000214,1,outside_london
E01013456,1,outside_london
E01024225,1,outside_london
E01009862,1,outside_london
E01009857,1,outside_london
E01020942,1,outside_london
E01022579,1,outside_london
E01021804,1,outside_london
E01033236,1,outside_london
E01022839,1,outside_london
E01030430,1,outside_london
E01030424,1,outside_london
E01012377,1,outside_london
E01022942,1,outside_london
E01014075,1,outside_london
E01031645,1,outside_london
E01018157,1,outside_london
E01021879,1,outside_london
E01035288,1,outside_london
E01016097,1,outside_london
E01029044,1,outside_london
E01023611,1,outside_london
E01026234,1,outside_london
E01005386,1,outside_london
E01017019,1,outside_london
E01025235,1,outside_london
E01025249,1,outside_london
E01021943,1,outside_london
E01035063,1,outside_london
E01033526,1,outside_london
E01017256,1,outside_london
E01014998,1,outside_london
E01026340,1,outside_london
E01028686,1,outside_london
E01008661,1,outside_london
E01005916,1,outside_london
E01024583,1,outside_london
W01000863,1,outside_london
E01030830,1,outside_london
E01010342,1,outside_london
E01031273,1,outside_london
E01027328,1,outside_london
E01031917,1,outside_london
E01032108,1,outside_london
E01031825,1,outside_london
E01032479,1,outside_london
E01013427,1,outside_london
E01017491,1,outside_london
E01017548,1,outside_london
E01010583,1,outside_london
E01021442,1,outside_london
E01026550,1,outside_london
W01001827,1,outside_london
E01018776,1,outside_london
E01009639,1,outside_london
E01009875,1,outside_london
E01023508,1,outside_london
E01018061,1,outside_london
E01030447,1,outside_london
W01000071,1,outside_london
E01012868,1,outside_london
E01011571,1,outside_london
E01033005,1,outside_london
E01013610,1,outside_london
E01032868,1,outside_london
E01005259,1,outside_london
E01023648,1,outside_london
E01026817,1,outside_london
E01016389,1,outside_london
E01023101,1,outside_london
E01023110,1,outside_london
E01032755,1,outside_london
E01018236,1,outside_london
E01026897,1,outside_london
E01029666,1,outside_london
E01005917,1,outside_london
E01014184,1,outside_london
E01010295,1,outside_london
E01030872,1,outside_london
E01021165,1,outside_london
E01023272,1,outside_london
E01007159,1,outside_london
E01010505,1,outside_london
W01000365,1,outside_london
E01017637,1,outside_london
E01009385,1,outside_london
E01016215,1,outside_london
E01010676,1,outside_london
E01010635,1,outside_london
E01021427,1,outside_london
E01021416,1,outside_london
E01016920,1,outside_london
E01028101,1,outside_london
W01000733,1,outside_london
E01017423,1,outside_london
E01025767,1,outside_london
E01017765,1,outside_london
E01026959,1,outside_london
E01018996,1,outside_london
E01009709,1,outside_london
E01024243,1,outside_london
E01033451,1,outside_london
E01022295,1,outside_london
E01026591,1,outside_london
E01027711,1,outside_london
E01020995,1,outside_london
E01014073,1,outside_london
W01000010,1,outside_london
E01011036,1,outside_london
E01013665,1,outside_london
E01029475,1,outside_london
E01033747,1,outside_london
E01031723,1,outside_london
E01020086,1,outside_london
E01023649,1,outside_london
E01023644,1,outside_london
E01013258,1,outside_london
E01008551,1,outside_london
E01025277,1,outside_london
E01016385,1,outside_london
E01005568,1,outside_london
E01005692,1,outside_london
E01009923,1,outside_london
E01028843,1,outside_london
E01018219,1,outside_london
E01005798,1,outside_london
E01015241,1,outside_london
E01006211,1,outside_london
E01006194,1,outside_london
E01024821,1,outside_london
E01012454,1,outside_london
E01020507,1,outside_london
E01032645,1,outside_london
E01016619,1,outside_london
E01010425,1,outside_london
E01034827,1,outside_london
E01031369,1,outside_london
E01014405,1,outside_london
E01009045,1,outside_london
E01015325,1,outside_london
E01010775,1,outside_london
E01033835,1,outside_london
E01018629,1,outside_london
E01020820,1,outside_london
E01034736,1,outside_london
E01020960,1,outside_london
E01018042,1,outside_london
E01022636,1,outside_london
E01026093,1,outside_london
E01019321,1,outside_london
E01019677,1,outside_london
E01024497,1,outside_london
E01030500,1,outside_london
E01022962,1,outside_london
E01022917,1,outside_london
E01029983,1,outside_london
E01027126,1,outside_london
E01012855,1,outside_london
E01011454,1,outside_london
E01033003,1,outside_london
W01001681,1,outside_london
E01023603,1,outside_london
E01008468,1,outside_london
E01005361,1,outside_london
E01033182,1,outside_london
E01033178,1,outside_london
E01015030,1,outside_london
E01015118,1,outside_london
E01031127,1,outside_london
E01009939,1,outside_london
E01008062,1,outside_london
E01019873,1,outside_london
E01015825,1,outside_london
E01020184,1,outside_london
E01028622,1,outside_london
E01025429,1,outside_london
E01031236,1,outside_london
E01022400,1,outside_london
E01006003,1,outside_london
E01029826,1,outside_london
E01022423,1,outside_london
E01023853,1,outside_london
E01011940,1,outside_london
E01010287,1,outside_london
E01030242,1,outside_london
E01006390,1,outside_london
E01023288,1,outside_london
E01016704,1,outside_london
W01000402,1,outside_london
E01019411,1,outside_london
E01029892,1,outside_london
E01033078,1,outside_london
E01009058,1,outside_london
E01010737,1,outside_london
E01014645,1,outside_london
E01029382,1,outside_london
E01031505,1,outside_london
E01031605,1,outside_london
E01023349,1,outside_london
E01013576,1,outside_london
E01019681,1,outside_london
E01022799,1,outside_london
E01012001,1,outside_london
E01014043,1,outside_london
E01018121,1,outside_london
E01027121,1,outside_london
E01011107,1,outside_london
E01006471,1,outside_london
E01021083,1,outside_london
E01028246,1,outside_london
E01028346,1,outside_london
E01029545,1,outside_london
E01029566,1,outside_london
E01008421,1,outside_london
E01023058,1,outside_london
E01013281,1,outside_london
E01014810,1,outside_london
E01026796,1,outside_london
E01013832,1,outside_london
E01015675,1,outside_london
E01015651,1,outside_london
E01021927,1,outside_london
E01010002,1,outside_london
E01033270,1,outside_london
E01007968,1,outside_london
E01008007,1,outside_london
E01028950,1,outside_london
E01017160,1,outside_london
E01029156,1,outside_london
E01029253,1,outside_london
E01029634,1,outside_london
E01024623,1,outside_london
W01001076,1,outside_london
E01011939,1,outside_london
E01021167,1,outside_london
E01025530,1,outside_london
E01032004,1,outside_london
E01031372,1,outside_london
E01031425,1,outside_london
E01031389,1,outside_london
E01014470,1,outside_london
E01008997,1,outside_london
E01034681,1,outside_london
E01016897,1,outside_london
E01017580,1,outside_london
E01017565,1,outside_london
E01025716,1,outside_london
E01028509,1,outside_london
E01018737,1,outside_london
E01020652,1,outside_london
E01031590,1,outside_london
E01012327,1,outside_london
E01027027,1,outside_london
E01013561,1,outside_london
E01007582,1,outside_london
E01030360,1,outside_london
W01000097,1,outside_london
E01011973,1,outside_london
E01022956,1,outside_london
E01014013,1,outside_london
E01031690,1,outside_london
E01006557,1,outside_london
E01005209,1,outside_london
E01005067,1,outside_london
E01005088,1,outside_london
E01033547,1,outside_london
E01008392,1,outside_london
E01019825,1,outside_london
E01016416,1,outside_london
E01016413,1,outside_london
E01021923,1,outside_london
E01025368,1,outside_london
E01009963,1,outside_london
E01006929,1,outside_london
E01033262,1,outside_london
E01024535,1,outside_london
E01017186,1,outside_london
E01015819,1,outside_london
E01014888,1,outside_london
E01014975,1,outside_london
E01023668,1,outside_london
E01023750,1,outside_london
E01005868,1,outside_london
E01005790,1,outside_london
E01014144,1,outside_london
E01024835,1,outside_london
E01031335,1,outside_london
E01028763,1,outside_london
E01006296,1,outside_london
E01031879,1,outside_london
E01031996,1,outside_london
E01007151,1,outside_london
E01031813,1,outside_london
E01022474,1,outside_london
E01017463,1,outside_london
E01017486,1,outside_london
E01009438,1,outside_london
E01009255,1,outside_london
E01009366,1,outside_london
E01009044,1,outside_london
E01004852,1,outside_london
E01010603,1,outside_london
E01017001,1,outside_london
E01014664,1,outside_london
E01026523,1,outside_london
E01023319,1,outside_london
E01035511,1,outside_london
W01001773,1,outside_london
E01019195,1,outside_london
E01025690,1,outside_london
E01018754,1,outside_london
E01019005,1,outside_london
E01023390,1,outside_london
E01029461,1,outside_london
W01000280,1,outside_london
E01024268,1,outside_london
E01030428,1,outside_london
E01012417,1,outside_london
E01027606,1,outside_london
E01031676,1,outside_london
E01006554,1,outside_london
W01001289,1,outside_london
E01033503,1,outside_london
E01020123,1,outside_london
E01013240,1,outside_london
E01013867,1,outside_london
W01000612,1,outside_london
E01015621,1,outside_london
E01017095,1,outside_london
W01000443,1,outside_london
E01021099,1,outside_london
E01010013,1,outside_london
E01015879,1,outside_london
E01020187,1,outside_london
E01029240,1,outside_london
E01014295,1,outside_london
E01008781,1,outside_london
E01014112,1,outside_london
E01022048,1,outside_london
E01022447,1,outside_london
E01011819,1,outside_london
E01010314,1,outside_london
E01030876,1,outside_london
E01016259,1,outside_london
E01026384,1,outside_london
E01016579,1,outside_london
E01031820,1,outside_london
E01022467,1,outside_london
E01009042,1,outside_london
E01015453,1,outside_london
E01021375,1,outside_london
E01017912,1,outside_london
E01033827,1,outside_london
E01034854,1,outside_london
E01034785,1,outside_london
E01009577,1,outside_london
E01020446,1,outside_london
E01018014,1,outside_london
E01013085,1,outside_london
E01022897,1,outside_london
E01022848,1,outside_london
E01018186,1,outside_london
E01025128,1,outside_london
E01011658,1,outside_london
E01024344,1,outside_london
E01005187,1,outside_london
E01016169,1,outside_london
E01031709,1,outside_london
E01016823,1,outside_london
E01008377,1,outside_london
E01008413,1,outside_london
E01023047,1,outside_london
E01025924,1,outside_london
E01028549,1,outside_london
E01028544,1,outside_london
E01025176,1,outside_london
E01021962,1,outside_london
E01007679,1,outside_london
E01023132,1,outside_london
E01010215,1,outside_london
E01015013,1,outside_london
E01028675,1,outside_london
E01025407,1,outside_london
E01014282,1,outside_london
E01014234,1,outside_london
E01035032,1,outside_london
E01024627,1,outside_london
E01035459,1,outside_london
E01033614,1,outside_london
E01024719,1,outside_london
E01021158,1,outside_london
E01021227,1,outside_london
E01031851,1,outside_london
E01032019,1,outside_london
E01030998,1,outside_london
E01034297,1,outside_london
E01024037,1,outside_london
E01023984,1,outside_london
E01007443,1,outside_london
E01022542,1,outside_london
E01022482,1,outside_london
E01017518,1,outside_london
E01008920,1,outside_london
E01034952,1,outside_london
E01004816,1,outside_london
E01021403,1,outside_london
E01016926,1,outside_london
E01033352,1,outside_london
E01017933,1,outside_london
E01017867,1,outside_london
E01005016,1,outside_london
E01033828,1,outside_london
E01033834,1,outside_london
E01022165,1,outside_london
E01035728,1,outside_london
E01009607,1,outside_london
E01023421,1,outside_london
E01023380,1,outside_london
E01013562,1,outside_london
E01022621,1,outside_london
E01035591,1,outside_london
E01023441,1,outside_london
E01030229,1,outside_london
E01020038,1,outside_london
E01028209,1,outside_london
E01026589,1,outside_london
E01012386,1,outside_london
E01018169,1,outside_london
E01029960,1,outside_london
W01000031,1,outside_london
E01017333,1,outside_london
E01035472,1,outside_london
E01006422,1,outside_london
E01013670,1,outside_london
E01006793,1,outside_london
E01015766,1,outside_london
E01024322,1,outside_london
E01024401,1,outside_london
E01005162,1,outside_london
E01005230,1,outside_london
E01005084,1,outside_london
E01034459,1,outside_london
W01001612,1,outside_london
E01020092,1,outside_london
E01013191,1,outside_london
E01026752,1,outside_london
E01033102,1,outside_london
E01033436,1,outside_london
W01000611,1,outside_london
E01015598,1,outside_london
E01035546,1,outside_london
E01017109,1,outside_london
E01017026,1,outside_london
E01025288,1,outside_london
E01012138,1,outside_london
E01021106,1,outside_london
E01007728,1,outside_london
E01030646,1,outside_london
E01009969,1,outside_london
E01007090,1,outside_london
E01007862,1,outside_london
E01010183,1,outside_london
E01017214,1,outside_london
E01026899,1,outside_london
E01029639,1,outside_london
E01006846,1,outside_london
E01005817,1,outside_london
E01012286,1,outside_london
E01008830,1,outside_london
W01000739,1,outside_london
W01000872,1,outside_london
E01005939,1,outside_london
E01030821,1,outside_london
E01022453,1,outside_london
E01021201,1,outside_london
E01027284,1,outside_london
E01027271,1,outside_london
E01032111,1,outside_london
E01032024,1,outside_london
E01031462,1,outside_london
E01031402,1,outside_london
E01023992,1,outside_london
E01009401,1,outside_london
E01009485,1,outside_london
E01012644,1,outside_london
E01004803,1,outside_london
E01010810,1,outside_london
E01010866,1,outside_london
E01021389,1,outside_london
W01001003,1,outside_london
E01017011,1,outside_london
E01014684,1,outside_london
E01014537,1,outside_london
E01033951,1,outside_london
E01010932,1,outside_london
E01010947,1,outside_london
W01001716,1,outside_london
E01017601,1,outside_london
E01034087,1,outside_london
E01018696,1,outside_london
E01018694,1,outside_london
E01018357,1,outside_london
E01013591,1,outside_london
E01020443,1,outside_london
E01024255,1,outside_london
E01018041,1,outside_london
E01019938,1,outside_london
E01022606,1,outside_london
E01023449,1,outside_london
E01035593,1,outside_london
E01023457,1,outside_london
E01012972,1,outside_london
E01035536,1,outside_london
E01024507,1,outside_london
E01021865,1,outside_london
E01012811,1,outside_london
E01011423,1,outside_london
E01011343,1,outside_london
E01024329,1,outside_london
E01005281,1,outside_london
E01005270,1,outside_london
E01005078,1,outside_london
E01016153,1,outside_london
E01030073,1,outside_london
E01031717,1,outside_london
E01016771,1,outside_london
E01016810,1,outside_london
E01029605,1,outside_london
E01035432,1,outside_london
E01031062,1,outside_london
E01025981,1,outside_london
E01005374,1,outside_london
E01015092,1,outside_london
E01016425,1,outside_london
E01016396,1,outside_london
E01016441,1,outside_london
W01001179,1,outside_london
E01007671,1,outside_london
E01033528,1,outside_london
E01010208,1,outside_london
E01017257,1,outside_london
E01018298,1,outside_london
E01018279,1,outside_london
E01015837,1,outside_london
E01015821,1,outside_london
E01026276,1,outside_london
E01033076,1,outside_london
E01029838,1,outside_london
E01034805,1,outside_london
E01035011,1,outside_london
E01015232,1,outside_london
E01024795,1,outside_london
E01022073,1,outside_london
E01033055,1,outside_london
E01022069,1,outside_london
E01031315,1,outside_london
E01030940,1,outside_london
E01030093,1,outside_london
E01006362,1,outside_london
E01031884,1,outside_london
E01032044,1,outside_london
E01016599,1,outside_london
E01016562,1,outside_london
E01007162,1,outside_london
E01035267,1,outside_london
E01031830,1,outside_london
E01031837,1,outside_london
W01000405,1,outside_london
E01034330,1,outside_london
E01024002,1,outside_london
E01014479,1,outside_london
E01008890,1,outside_london
E01008963,1,outside_london
E01025631,1,outside_london
E01012752,1,outside_london
E01004812,1,outside_london
E01016187,1,outside_london
E01026448,1,outside_london
E01033954,1,outside_london
E01004996,1,outside_london
E01024106,1,outside_london
E01024128,1,outside_london
W01000695,1,outside_london
W01000655,1,outside_london
E01033819,1,outside_london
E01017597,1,outside_london
E01021702,1,outside_london
E01018826,1,outside_london
E01020815,1,outside_london
E01009640,1,outside_london
E01020466,1,outside_london
E01019956,1,outside_london
E01022690,1,outside_london
E01019985,1,outside_london
E01022343,1,outside_london
W01002003,1,outside_london
E01025782,1,outside_london
E01025839,1,outside_london
E01025057,1,outside_london
E01033039,1,outside_london
E01013660,1,outside_london
E01013642,1,outside_london
E01021049,1,outside_london
E01006568,1,outside_london
E01029020,1,outside_london
E01023629,1,outside_london
E01027529,1,outside_london
E01031121,1,outside_london
E01005344,1,outside_london
W01000492,1,outside_london
E01035112,1,outside_london
E01029103,1,outside_london
E01007903,1,outside_london
E01016517,1,outside_london
E01014989,1,outside_london
E01033541,1,outside_london
E01028626,1,outside_london
E01023797,1,outside_london
E01023769,1,outside_london
E01006914,1,outside_london
E01014296,1,outside_london
E01008701,1,outside_london
E01015556,1,outside_london
E01032708,1,outside_london
E01023217,1,outside_london
E01035456,1,outside_london
E01022459,1,outside_london
E01016002,1,outside_london
E01034568,1,outside_london
E01032696,1,outside_london
E01032310,1,outside_london
E01034816,1,outside_london
E01034914,1,outside_london
E01009071,1,outside_london
E01009188,1,outside_london
E01012747,1,outside_london
E01032662,1,outside_london
E01014493,1,outside_london
E01014589,1,outside_london
E01014612,1,outside_london
E01024906,1,outside_london
E01010960,1,outside_london
E01035513,1,outside_london
E01024096,1,outside_london
E01024063,1,outside_london
E01019211,1,outside_london
E01018773,1,outside_london
E01022211,1,outside_london
E01007644,1,outside_london
E01020533,1,outside_london
E01009885,1,outside_london
E01022762,1,outside_london
W01000286,1,outside_london
E01025790,1,outside_london
E01011713,1,outside_london
E01006798,1,outside_london
E01015774,1,outside_london
E01030541,1,outside_london
E01030528,1,outside_london
E01023631,1,outside_london
E01027045,1,outside_london
E01027366,1,outside_london
E01035137,1,outside_london
E01013889,1,outside_london
E01013920,1,outside_london
E01007739,1,outside_london
E01010026,1,outside_london
E01007902,1,outside_london
E01029322,1,outside_london
E01017190,1,outside_london
E01012254,1,outside_london
E01008835,1,outside_london
E01030805,1,outside_london
E01030791,1,outside_london
E01020258,1,outside_london
E01022020,1,outside_london
E01006078,1,outside_london
E01022095,1,outside_london
E01021151,1,outside_london
E01020330,1,outside_london
E01006244,1,outside_london
E01019084,1,outside_london
E01014411,1,outside_london
E01009251,1,outside_london
E01009183,1,outside_london
E01004865,1,outside_london
E01016961,1,outside_london
E01014522,1,outside_london
E01026525,1,outside_london
E01017702,1,outside_london
E01017886,1,outside_london
E01033972,1,outside_london
E01017588,1,outside_london
W01000512,1,outside_london
E01022177,1,outside_london
E01034499,1,outside_london
E01034503,1,outside_london
W01000191,1,outside_london
E01013528,1,outside_london
E01022628,1,outside_london
E01035588,1,outside_london
E01033214,1,outside_london
E01022805,1,outside_london
E01022807,1,outside_london
W01000018,1,outside_london
E01012800,1,outside_london
E01011269,1,outside_london
E01029515,1,outside_london
E01006746,1,outside_london
E01006552,1,outside_london
E01012041,1,outside_london
E01032992,1,outside_london
E01026766,1,outside_london
E01008552,1,outside_london
E01008487,1,outside_london
E01027523,1,outside_london
E01035019,1,outside_london
E01025232,1,outside_london
E01021126,1,outside_london
E01005717,1,outside_london
E01033797,1,outside_london
E01029166,1,outside_london
E01023787,1,outside_london
E01033476,1,outside_london
E01034056,1,outside_london
E01022033,1,outside_london
E01024659,1,outside_london
E01024638,1,outside_london
E01012546,1,outside_london
E01006238,1,outside_london
E01016626,1,outside_london
E01034709,1,outside_london
E01035208,1,outside_london
E01017549,1,outside_london
E01008970,1,outside_london
E01009391,1,outside_london
E01012575,1,outside_london
E01012594,1,outside_london
E01015377,1,outside_london
E01014678,1,outside_london
E01028126,1,outside_london
E01033963,1,outside_london
E01035311,1,outside_london
W01001764,1,outside_london
W01000635,1,outside_london
E01021518,1,outside_london
E01021618,1,outside_london
E01018957,1,outside_london
E01020748,1,outside_london
E01009684,1,outside_london
E01007548,1,outside_london
E01013020,1,outside_london
W01000297,1,outside_london
E01020975,1,outside_london
E01034067,1,outside_london
E01025059,1,outside_london
E01025067,1,outside_london
E01011630,1,outside_london
E01013604,1,outside_london
E01013689,1,outside_london
E01006540,1,outside_london
E01005113,1,outside_london
E01016081,1,outside_london
E01030553,1,outside_london
W01000934,1,outside_london
W01001990,1,outside_london
E01019824,1,outside_london
E01013140,1,outside_london
E01023607,1,outside_london
E01008483,1,outside_london
E01013853,1,outside_london
E01035500,1,outside_london
E01035508,1,outside_london
E01025984,1,outside_london
E01015152,1,outside_london
E01033380,1,outside_london
E01033417,1,outside_london
E01030586,1,outside_london
E01030587,1,outside_london
E01025358,1,outside_london
E01005724,1,outside_london
E01009949,1,outside_london
E01008057,1,outside_london
E01007834,1,outside_london
E01035218,1,outside_london
E01029246,1,outside_london
E01035566,1,outside_london
E01031221,1,outside_london
E01014129,1,outside_london
E01010373,1,outside_london
E01035580,1,outside_london
E01027178,1,outside_london
E01027161,1,outside_london
E01030095,1,outside_london
E01006337,1,outside_london
E01034543,1,outside_london
E01007309,1,outside_london
E01007156,1,outside_london
E01016651,1,outside_london
E01010555,1,outside_london
E01010512,1,outside_london
E01031396,1,outside_london
E01034989,1,outside_london
E01029876,1,outside_london
E01034713,1,outside_london
E01022469,1,outside_london
E01035205,1,outside_london
E01009230,1,outside_london
E01009274,1,outside_london
E01034951,1,outside_london
E01004894,1,outside_london
E01015351,1,outside_london
E01015411,1,outside_london
E01010723,1,outside_london
E01010853,1,outside_london
E01021397,1,outside_london
E01016921,1,outside_london
E01010955,1,outside_london
E01017444,1,outside_london
E01017443,1,outside_london
E01018399,1,outside_london
E01031479,1,outside_london
E01024975,1,outside_london
E01020878,1,outside_london
E01009620,1,outside_london
E01019620,1,outside_london
E01020375,1,outside_london
E01034627,1,outside_london
E01035594,1,outside_london
E01012953,1,outside_london
E01018106,1,outside_london
W01000340,1,outside_london
E01030497,1,outside_london
W01000062,1,outside_london
E01012374,1,outside_london
E01014034,1,outside_london
E01013781,1,outside_london
E01026132,1,outside_london
W01001628,1,outside_london
E01034639,1,outside_london
E01035396,1,outside_london
E01027111,1,outside_london
E01031032,1,outside_london
E01013876,1,outside_london
E01031065,1,outside_london
E01026005,1,outside_london
E01028568,1,outside_london
E01015597,1,outside_london
E01035549,1,outside_london
E01017038,1,outside_london
E01017027,1,outside_london
W01001907,1,outside_london
E01012100,1,outside_london
E01007768,1,outside_london
E01028391,1,outside_london
E01005618,1,outside_london
E01010055,1,outside_london
E01027907,1,outside_london
E01007919,1,outside_london
E01035128,1,outside_london
E01017144,1,outside_london
E01035568,1,outside_london
E01035298,1,outside_london
W01001996,1,outside_london
E01032705,1,outside_london
E01035075,1,outside_london
E01035009,1,outside_london
E01020300,1,outside_london
E01024840,1,outside_london
E01035761,1,outside_london
E01021204,1,outside_london
E01023953,1,outside_london
E01032984,1,outside_london
E01010431,1,outside_london
E01007438,1,outside_london
E01034716,1,outside_london
E01015308,1,outside_london
E01014582,1,outside_london
E01017771,1,outside_london
E01017763,1,outside_london
E01024882,1,outside_london
E01017616,1,outside_london
E01028441,1,outside_london
E01018317,1,outside_london
E01034851,1,outside_london
E01026075,1,outside_london
E01030197,1,outside_london
E01019309,1,outside_london
E01022778,1,outside_london
E01008167,1,outside_london
E01028217,1,outside_london
E01014015,1,outside_london
E01025064,1,outside_london
E01029980,1,outside_london
E01025092,1,outside_london
E01011450,1,outside_london
E01011284,1,outside_london
E01024364,1,outside_london
E01005274,1,outside_london
E01029027,1,outside_london
E01034461,1,outside_london
E01030536,1,outside_london
E01013199,1,outside_london
E01017050,1,outside_london
E01017041,1,outside_london
E01008012,1,outside_london
E01010115,1,outside_london
E01035131,1,outside_london
E01014984,1,outside_london
E01035228,1,outside_london
E01008834,1,outside_london
E01035299,1,outside_london
E01022019,1,outside_london
E01011894,1,outside_london
E01011794,1,outside_london
E01012557,1,outside_london
E01027242,1,outside_london
E01032013,1,outside_london
E01035257,1,outside_london
E01013378,1,outside_london
E01019144,1,outside_london
E01009145,1,outside_london
E01025610,1,outside_london
E01012584,1,outside_london
E01012619,1,outside_london
W01001439,1,outside_london
E01019516,1,outside_london
E01016236,1,outside_london
E01010845,1,outside_london
E01014592,1,outside_london
E01014561,1,outside_london
E01017722,1,outside_london
E01034582,1,outside_london
E01017953,1,outside_london
E01021568,1,outside_london
E01021718,1,outside_london
E01035170,1,outside_london
E01020509,1,outside_london
E01022753,1,outside_london
E01033213,1,outside_london
E01025788,1,outside_london
E01035095,1,outside_london
E01018118,1,outside_london
E01011074,1,outside_london
E01013753,1,outside_london
E01006622,1,outside_london
E01006747,1,outside_london
E01016142,1,outside_london
E01012082,1,outside_london
E01008365,1,outside_london
E01008311,1,outside_london
E01027053,1,outside_london
E01008514,1,outside_london
E01013828,1,outside_london
E01025304,1,outside_london
E01008043,1,outside_london
E01017184,1,outside_london
E01017241,1,outside_london
E01035152,1,outside_london
E01014287,1,outside_london
E01014338,1,outside_london
E01015530,1,outside_london
E01015481,1,outside_london
E01029857,1,outside_london
E01021994,1,outside_london
E01010313,1,outside_london
E01012459,1,outside_london
E01030919,1,outside_london
E01021176,1,outside_london
E01016311,1,outside_london
E01026389,1,outside_london
E01027294,1,outside_london
E01006358,1,outside_london
E01023280,1,outside_london
E01010455,1,outside_london
E01010429,1,outside_london
E01032282,1,outside_london
E01032338,1,outside_london
E01019400,1,outside_london
E01017482,1,outside_london
E01009267,1,outside_london
E01032724,1,outside_london
E01021374,1,outside_london
E01017723,1,outside_london
E01018682,1,outside_london
E01035373,1,outside_london
W01000183,1,outside_london
E01019624,1,outside_london
E01029429,1,outside_london
E01028189,1,outside_london
E01034061,1,outside_london
E01025795,1,outside_london
E01013999,1,outside_london
E01013740,1,outside_london
E01013662,1,outside_london
E01026126,1,outside_london
E01006767,1,outside_london
E01024351,1,outside_london
E01034125,1,outside_london
E01030522,1,outside_london
W01000921,1,outside_london
E01026961,1,outside_london
E01033244,1,outside_london
E01015096,1,outside_london
E01016410,1,outside_london
E01035362,1,outside_london
W01001148,1,outside_london
E01007769,1,outside_london
E01031129,1,outside_london
E01030670,1,outside_london
E01005599,1,outside_london
E01032592,1,outside_london
E01027812,1,outside_london
E01024449,1,outside_london
E01010178,1,outside_london
E01029262,1,outside_london
E01014219,1,outside_london
E01014305,1,outside_london
E01031251,1,outside_london
E01031206,1,outside_london
W01001958,1,outside_london
E01015501,1,outside_london
E01021978,1,outside_london
E01024666,1,outside_london
E01024740,1,outside_london
E01012471,1,outside_london
E01021226,1,outside_london
E01027253,1,outside_london
E01007161,1,outside_london
E01034294,1,outside_london
W01000351,1,outside_london
E01017520,1,outside_london
E01034422,1,outside_london
E01012657,1,outside_london
E01004917,1,outside_london
E01033899,1,outside_london
E01004954,1,outside_london
E01004944,1,outside_london
W01001952,1,outside_london
W01000541,1,outside_london
E01018784,1,outside_london
E01031571,1,outside_london
E01013575,1,outside_london
E01019604,1,outside_london
E01030504,1,outside_london
E01025810,1,outside_london
E01031677,1,outside_london
E01018165,1,outside_london
E01005188,1,outside_london
E01016162,1,outside_london
E01012067,1,outside_london
E01033517,1,outside_london
E01014803,1,outside_london
E01026841,1,outside_london
E01032264,1,outside_london
E01033986,1,outside_london
E01010020,1,outside_london
E01007080,1,outside_london
E01026266,1,outside_london
E01026886,1,outside_london
E01029619,1,outside_london
E01023712,1,outside_london
E01014270,1,outside_london
E01022413,1,outside_london
E01014202,1,outside_london
E01032827,1,outside_london
E01012525,1,outside_london
E01012496,1,outside_london
E01016297,1,outside_london
E01032693,1,outside_london
E01031854,1,outside_london
E01010428,1,outside_london
E01013350,1,outside_london
E01022489,1,outside_london
E01014444,1,outside_london
E01014420,1,outside_london
E01024868,1,outside_london
E01004992,1,outside_london
W01000643,1,outside_london
E01021668,1,outside_london
E01012345,1,outside_london
E01018062,1,outside_london
E01022244,1,outside_london
E01026611,1,outside_london
E01035091,1,outside_london
W01000022,1,outside_london
E01011361,1,outside_london
E01013620,1,outside_london
E01013725,1,outside_london
E01029518,1,outside_london
E01026125,1,outside_london
E01006590,1,outside_london
E01021884,1,outside_london
E01029058,1,outside_london
E01030042,1,outside_london
W01001980,1,outside_london
W01000948,1,outside_london
E01033780,1,outside_london
E01008418,1,outside_london
E01026193,1,outside_london
E01013265,1,outside_london
E01005376,1,outside_london
E01025210,1,outside_london
E01031136,1,outside_london
E01005610,1,outside_london
E01006965,1,outside_london
E01007975,1,outside_london
E01010125,1,outside_london
E01010137,1,outside_london
E01034700,1,outside_london
E01029158,1,outside_london
E01029224,1,outside_london
E01008630,1,outside_london
E01030757,1,outside_london
E01030790,1,outside_london
E01030792,1,outside_london
E01034167,1,outside_london
E01022010,1,outside_london
E01024654,1,outside_london
E01034171,1,outside_london
E01022098,1,outside_london
E01021187,1,outside_london
E01027255,1,outside_london
E01027303,1,outside_london
E01006266,1,outside_london
E01016686,1,outside_london
E01010410,1,outside_london
E01007339,1,outside_london
E01017492,1,outside_london
E01009047,1,outside_london
E01034944,1,outside_london
E01009392,1,outside_london
E01026017,1,outside_london
E01010732,1,outside_london
E01021354,1,outside_london
E01014659,1,outside_london
E01026545,1,outside_london
E01026530,1,outside_london
E01032142,1,outside_london
E01028073,1,outside_london
E01017700,1,outside_london
W01001761,1,outside_london
E01019197,1,outside_london
E01022137,1,outside_london
E01028443,1,outside_london
E01019303,1,outside_london
E01019034,1,outside_london
E01009649,1,outside_london
E01013486,1,outside_london
E01033210,1,outside_london
E01032987,1,outside_london
E01008241,1,outside_london
E01018117,1,outside_london
E01030027,1,outside_london
E01025110,1,outside_london
E01026135,1,outside_london
E01005065,1,outside_london
E01016816,1,outside_london
E01030515,1,outside_london
E01027074,1,outside_london
E01008530,1,outside_london
E01025185,1,outside_london
E01015605,1,outside_london
E01017105,1,outside_london
E01017122,1,outside_london
E01017068,1,outside_london
E01016401,1,outside_london
E01005566,1,outside_london
E01007747,1,outside_london
E01009973,1,outside_london
E01006966,1,outside_london
E01035062,1,outside_london
E01026260,1,outside_london
E01005853,1,outside_london
E01015560,1,outside_london
E01015240,1,outside_london
E01034265,1,outside_london
E01035575,1,outside_london
E01032953,1,outside_london
E01031908,1,outside_london
E01034733,1,outside_london
E01010538,1,outside_london
E01034328,1,outside_london
E01032402,1,outside_london
E01033782,1,outside_london
E01022523,1,outside_london
E01028049,1,outside_london
E01017988,1,outside_london
E01017388,1,outside_london
E01025738,1,outside_london
E01018742,1,outside_london
E01021664,1,outside_london
E01020756,1,outside_london
E01013474,1,outside_london
E01020502,1,outside_london
E01034066,1,outside_london
E01014024,1,outside_london
E01030015,1,outside_london
E01026695,1,outside_london
E01011094,1,outside_london
E01015796,1,outside_london
E01024399,1,outside_london
E01034998,1,outside_london
E01016822,1,outside_london
E01016757,1,outside_london
E01027089,1,outside_london
E01035541,1,outside_london
E01017091,1,outside_london
E01009970,1,outside_london
E01024441,1,outside_london
E01017223,1,outside_london
E01015914,1,outside_london
E01026312,1,outside_london
E01028661,1,outside_london
E01008707,1,outside_london
E01024564,1,outside_london
W01000845,1,outside_london
E01015516,1,outside_london
W01001123,1,outside_london
E01028695,1,outside_london
E01027140,1,outside_london
E01027290,1,outside_london
E01032060,1,outside_london
E01010443,1,outside_london
E01031471,1,outside_london
E01007360,1,outside_london
E01009103,1,outside_london
E01033642,1,outside_london
E01008924,1,outside_london
E01009040,1,outside_london
E01009382,1,outside_london
E01004828,1,outside_london
E01010629,1,outside_london
E01017916,1,outside_london
E01031544,1,outside_london
E01031508,1,outside_london
E01021729,1,outside_london
E01020724,1,outside_london
E01023375,1,outside_london
E01035273,1,outside_london
E01009744,1,outside_london
E01030262,1,outside_london
E01020026,1,outside_london
E01033234,1,outside_london
E01014047,1,outside_london
E01018187,1,outside_london
E01026700,1,outside_london
E01006529,1,outside_london
E01020124,1,outside_london
E01014801,1,outside_london
E01027426,1,outside_london
E01027485,1,outside_london
E01013928,1,outside_london
E01027768,1,outside_london
E01007770,1,outside_london
E01027800,1,outside_london
E01033979,1,outside_london
E01029086,1,outside_london
E01027877,1,outside_london
E01008157,1,outside_london
E01007971,1,outside_london
E01008096,1,outside_london
E01034655,1,outside_london
E01033338,1,outside_london
E01019375,1,outside_london
E01019370,1,outside_london
E01026908,1,outside_london
E01022388,1,outside_london
E01008747,1,outside_london
E01024620,1,outside_london
E01035302,1,outside_london
W01000827,1,outside_london
E01029859,1,outside_london
E01034808,1,outside_london
E01024716,1,outside_london
E01024685,1,outside_london
E01024799,1,outside_london
E01011783,1,outside_london
E01030941,1,outside_london
E01035422,1,outside_london
E01027270,1,outside_london
E01035256,1,outside_london
E01032314,1,outside_london
W01000349,1,outside_london
E01024019,1,outside_london
E01021346,1,outside_london
E01028023,1,outside_london
E01017455,1,outside_london
E01034924,1,outside_london
E01008913,1,outside_london
E01012641,1,outside_london
E01019524,1,outside_london
E01016234,1,outside_london
E01021377,1,outside_london
E01014721,1,outside_london
E01017652,1,outside_london
E01033959,1,outside_london
E01033814,1,outside_london
E01017378,1,outside_london
E01017604,1,outside_london
E01018582,1,outside_london
E01035375,1,outside_london
E01019299,1,outside_london
E01019055,1,outside_london
E01020663,1,outside_london
E01013573,1,outside_london
E01020535,1,outside_london
E01035592,1,outside_london
E01013089,1,outside_london
E01024993,1,outside_london
E01025797,1,outside_london
E01033124,1,outside_london
E01011219,1,outside_london
E01011224,1,outside_london
E01013616,1,outside_london
E01013728,1,outside_london
E01032511,1,outside_london
E01024386,1,outside_london
E01032215,1,outside_london
E01035291,1,outside_london
E01025901,1,outside_london
E01030546,1,outside_london
E01008453,1,outside_london
E01008331,1,outside_london
E01019818,1,outside_london
E01035478,1,outside_london
E01023662,1,outside_london
E01027117,1,outside_london
E01014830,1,outside_london
E01007822,1,outside_london
E01023102,1,outside_london
E01023130,1,outside_london
E01010096,1,outside_london
E01033276,1,outside_london
E01017187,1,outside_london
E01017166,1,outside_london
E01033533,1,outside_london
E01015875,1,outside_london
E01034095,1,outside_london
E01029186,1,outside_london
E01029177,1,outside_london
E01005873,1,outside_london
E01005760,1,outside_london
E01014361,1,outside_london
E01014289,1,outside_london
E01020202,1,outside_london
E01023824,1,outside_london
E01030904,1,outside_london
E01030910,1,outside_london
E01025487,1,outside_london
E01026399,1,outside_london
E01006273,1,outside_london
E01034546,1,outside_london
E01010563,1,outside_london
E01010450,1,outside_london
E01017539,1,outside_london
E01034934,1,outside_london
E01009254,1,outside_london
E01004798,1,outside_london
E01004854,1,outside_london
E01015438,1,outside_london
E01033041,1,outside_london
W01001039,1,outside_london
E01016858,1,outside_london
E01014521,1,outside_london
E01017636,1,outside_london
E01017947,1,outside_london
E01017433,1,outside_london
E01025698,1,outside_london
E01013558,1,outside_london
E01034238,1,outside_london
E01007497,1,outside_london
E01019305,1,outside_london
E01024499,1,outside_london
E01028180,1,outside_london
E01026592,1,outside_london
E01021830,1,outside_london
E01022888,1,outside_london
E01014035,1,outside_london
E01035334,1,outside_london
E01018200,1,outside_london
E01011041,1,outside_london
E01006462,1,outside_london
E01013608,1,outside_london
E01006548,1,outside_london
E01034119,1,outside_london
E01034123,1,outside_london
E01005276,1,outside_london
E01016772,1,outside_london
E01016781,1,outside_london
E01017103,1,outside_london
W01001232,1,outside_london
E01006984,1,outside_london
E01034979,1,outside_london
E01008067,1,outside_london
E01010110,1,outside_london
E01017176,1,outside_london
E01029199,1,outside_london
E01029667,1,outside_london
E01023710,1,outside_london
E01005777,1,outside_london
E01034514,1,outside_london
E01015557,1,outside_london
E01005960,1,outside_london
E01006015,1,outside_london
E01029837,1,outside_london
E01021975,1,outside_london
E01028698,1,outside_london
E01028731,1,outside_london
E01011934,1,outside_london
E01033895,1,outside_london
E01010261,1,outside_london
E01035417,1,outside_london
E01032067,1,outside_london
E01034551,1,outside_london
E01016643,1,outside_london
E01025587,1,outside_london
E01029885,1,outside_london
E01029870,1,outside_london
E01007335,1,outside_london
E01021244,1,outside_london
E01022547,1,outside_london
E01022516,1,outside_london
E01009054,1,outside_london
E01009521,1,outside_london
E01025637,1,outside_london
E01012717,1,outside_london
E01012697,1,outside_london
W01001481,1,outside_london
E01004837,1,outside_london
E01015379,1,outside_london
E01016192,1,outside_london
E01014701,1,outside_london
E01014574,1,outside_london
E01033904,1,outside_london
E01010952,1,outside_london
E01029355,1,outside_london
E01024043,1,outside_london
W01001818,1,outside_london
E01018395,1,outside_london
E01018489,1,outside_london
E01031529,1,outside_london
E01009530,1,outside_london
E01009661,1,outside_london
E01032527,1,outside_london
E01023383,1,outside_london
E01023384,1,outside_london
E01018021,1,outside_london
E01034619,1,outside_london
E01026094,1,outside_london
E01013065,1,outside_london
E01030211,1,outside_london
E01019989,1,outside_london
E01008210,1,outside_london
E01028181,1,outside_london
E01028148,1,outside_london
E01012378,1,outside_london
E01025041,1,outside_london
E01011019,1,outside_london
E01011635,1,outside_london
E01013615,1,outside_london
E01034401,1,outside_london
E01006755,1,outside_london
E01032190,1,outside_london
E01005225,1,outside_london
E01034110,1,outside_london
E01031740,1,outside_london
E01008425,1,outside_london
E01031017,1,outside_london
E01013944,1,outside_london
E01031086,1,outside_london
E01025974,1,outside_london
E01025216,1,outside_london
E01015664,1,outside_london
E01015638,1,outside_london
E01035356,1,outside_london
E01009933,1,outside_london
E01007878,1,outside_london
E01029256,1,outside_london
E01017238,1,outside_london
E01015906,1,outside_london
E01029719,1,outside_london
E01014364,1,outside_london
W01000744,1,outside_london
E01015944,1,outside_london
E01020291,1,outside_london
E01006145,1,outside_london
E01006198,1,outside_london
E01022064,1,outside_london
E01010303,1,outside_london
E01021149,1,outside_london
E01027169,1,outside_london
E01032003,1,outside_london
E01016699,1,outside_london
E01010477,1,outside_london
E01032292,1,outside_london
E01031788,1,outside_london
E01009346,1,outside_london
E01009020,1,outside_london
E01019487,1,outside_london
E01010740,1,outside_london
W01001056,1,outside_london
E01016997,1,outside_london
E01014555,1,outside_london
E01017878,1,outside_london
E01010966,1,outside_london
E01017985,1,outside_london
E01028497,1,outside_london
E01018654,1,outside_london
E01019020,1,outside_london
E01020606,1,outside_london
E01020871,1,outside_london
E01020886,1,outside_london
E01031555,1,outside_london
E01018033,1,outside_london
E01012928,1,outside_london
E01012923,1,outside_london
E01013111,1,outside_london
E01029440,1,outside_london
E01028179,1,outside_london
E01026617,1,outside_london
E01017336,1,outside_london
E01012805,1,outside_london
E01011578,1,outside_london
E01011420,1,outside_london
E01013746,1,outside_london
E01034124,1,outside_london
E01016066,1,outside_london
E01012051,1,outside_london
E01035195,1,outside_london
E01008407,1,outside_london
E01013311,1,outside_london
E01026769,1,outside_london
E01027040,1,outside_london
E01025306,1,outside_london
E01005480,1,outside_london
E01005548,1,outside_london
E01013799,1,outside_london
E01033892,1,outside_london
E01027872,1,outside_london
E01015822,1,outside_london
E01029616,1,outside_london
E01029689,1,outside_london
E01022399,1,outside_london
E01024610,1,outside_london
E01014130,1,outside_london
E01006134,1,outside_london
E01024818,1,outside_london
E01030914,1,outside_london
E01023944,1,outside_london
E01016331,1,outside_london
E01028794,1,outside_london
E01030137,1,outside_london
E01007189,1,outside_london
E01031792,1,outside_london
E01031368,1,outside_london
E01027928,1,outside_london
E01029880,1,outside_london
E01017541,1,outside_london
E01034416,1,outside_london
E01009208,1,outside_london
E01019505,1,outside_london
E01034273,1,outside_london
E01016210,1,outside_london
E01014545,1,outside_london
E01026555,1,outside_london
E01017759,1,outside_london
E01017902,1,outside_london
E01029371,1,outside_london
W01001861,1,outside_london
E01033832,1,outside_london
E01028483,1,outside_london
E01028498,1,outside_london
E01018927,1,outside_london
E01009659,1,outside_london
E01009613,1,outside_london
E01023399,1,outside_london
E01012353,1,outside_london
E01020581,1,outside_london
E01022600,1,outside_london
E01029445,1,outside_london
E01030265,1,outside_london
E01020022,1,outside_london
E01024515,1,outside_london
E01012392,1,outside_london
E01031670,1,outside_london
E01017334,1,outside_london
E01011214,1,outside_london
E01025093,1,outside_london
E01006695,1,outside_london
E01005132,1,outside_london
W01001311,1,outside_london
W01001959,1,outside_london
E01031771,1,outside_london
W01000960,1,outside_london
E01008300,1,outside_london
E01032678,1,outside_london
E01014829,1,outside_london
E01031030,1,outside_london
E01013979,1,outside_london
E01031052,1,outside_london
E01031079,1,outside_london
E01015631,1,outside_london
E01017082,1,outside_london
E01005507,1,outside_london
E01005554,1,outside_london
E01031143,1,outside_london
E01027774,1,outside_london
E01033992,1,outside_london
E01010057,1,outside_london
E01009955,1,outside_london
E01029131,1,outside_london
E01008098,1,outside_london
E01029016,1,outside_london
E01010184,1,outside_london
E01015866,1,outside_london
E01026349,1,outside_london
E01026922,1,outside_london
E01023691,1,outside_london
E01035307,1,outside_london
E01024670,1,outside_london
E01015266,1,outside_london
E01006170,1,outside_london
E01033856,1,outside_london
E01020312,1,outside_london
E01027134,1,outside_london
E01027135,1,outside_london
E01035421,1,outside_london
E01032014,1,outside_london
E01023256,1,outside_london
E01032413,1,outside_london
E01025595,1,outside_london
E01033847,1,outside_london
E01024017,1,outside_london
E01022560,1,outside_london
E01014482,1,outside_london
E01009427,1,outside_london
E01034949,1,outside_london
W01001467,1,outside_london
E01004838,1,outside_london
E01015390,1,outside_london
E01021420,1,outside_london
E01026465,1,outside_london
E01014557,1,outside_london
E01014570,1,outside_london
E01017883,1,outside_london
E01010922,1,outside_london
E01021599,1,outside_london
E01035735,1,outside_london
E01035177,1,outside_london
E01018973,1,outside_london
E01029417,1,outside_london
E01030253,1,outside_london
E01019986,1,outside_london
E01034634,1,outside_london
E01022750,1,outside_london
E01024489,1,outside_london
E01027626,1,outside_london
E01022853,1,outside_london
E01034768,1,outside_london
E01011100,1,outside_london
E01033021,1,outside_london
E01011731,1,outside_london
E01011636,1,outside_london
E01021022,1,outside_london
E01021057,1,outside_london
E01006654,1,outside_london
E01025908,1,outside_london
E01016728,1,outside_london
W01001578,1,outside_london
E01029538,1,outside_london
E01020129,1,outside_london
E01020136,1,outside_london
E01023595,1,outside_london
E01026200,1,outside_london
E01035411,1,outside_london
E01027463,1,outside_london
E01031081,1,outside_london
E01034233,1,outside_london
E01035741,1,outside_london
E01015105,1,outside_london
E01025360,1,outside_london
E01023096,1,outside_london
E01023149,1,outside_london
E01009964,1,outside_london
E01010000,1,outside_london
E01006977,1,outside_london
E01025400,1,outside_london
E01029247,1,outside_london
E01005775,1,outside_london
E01031198,1,outside_london
E01031199,1,outside_london
E01022382,1,outside_london
E01030777,1,outside_london
E01006013,1,outside_london
E01035074,1,outside_london
E01015993,1,outside_london
E01015268,1,outside_london
E01010387,1,outside_london
E01012460,1,outside_london
E01006411,1,outside_london
E01016637,1,outside_london
E01010462,1,outside_london
E01032403,1,outside_london
E01032406,1,outside_london
W01000488,1,outside_london
E01031383,1,outside_london
E01007425,1,outside_london
E01028038,1,outside_london
E01009232,1,outside_london
E01009097,1,outside_london
E01009492,1,outside_london
E01009365,1,outside_london
E01008994,1,outside_london
E01034937,1,outside_london
E01009080,1,outside_london
E01010712,1,outside_london
E01016928,1,outside_london
E01016996,1,outside_london
E01016852,1,outside_london
E01014513,1,outside_london
E01014595,1,outside_london
E01024060,1,outside_london
E01019240,1,outside_london
E01021527,1,outside_london
E01021522,1,outside_london
E01017568,1,outside_london
E01021553,1,outside_london
E01018373,1,outside_london
E01031507,1,outside_london
W01000151,1,outside_london
E01034493,1,outside_london
E01020906,1,outside_london
E01020898,1,outside_london
E01009657,1,outside_london
E01009658,1,outside_london
E01009588,1,outside_london
E01023360,1,outside_london
E01012355,1,outside_london
E01013567,1,outside_london
E01020578,1,outside_london
E01020938,1,outside_london
E01019915,1,outside_london
E01034285,1,outside_london
E01019682,1,outside_london
E01020020,1,outside_london
E01020029,1,outside_london
E01020030,1,outside_london
E01024988,1,outside_london
E01030486,1,outside_london
W01000060,1,outside_london
W01002004,1,outside_london
E01025816,1,outside_london
E01020987,1,outside_london
E01021004,1,outside_london
E01020990,1,outside_london
E01006484,1,outside_london
E01011449,1,outside_london
E01013737,1,outside_london
E01006610,1,outside_london
E01032182,1,outside_london
E01005063,1,outside_london
E01005310,1,outside_london
E01005142,1,outside_london
E01028256,1,outside_london
E01020052,1,outside_london
E01012057,1,outside_london
E01030071,1,outside_london
E01031706,1,outside_london
E01016716,1,outside_london
E01029602,1,outside_london
E01029590,1,outside_london
E01008345,1,outside_london
E01023046,1,outside_london
E01013264,1,outside_london
E01026773,1,outside_london
E01008581,1,outside_london
E01034232,1,outside_london
E01015087,1,outside_london
E01017071,1,outside_london
E01012144,1,outside_london
E01032225,1,outside_london
E01032247,1,outside_london
W01001149,1,outside_london
E01007729,1,outside_london
E01007723,1,outside_london
E01028355,1,outside_london
E01010076,1,outside_london
E01010080,1,outside_london
E01029135,1,outside_london
E01029107,1,outside_london
E01008017,1,outside_london
E01028874,1,outside_london
E01028961,1,outside_london
E01010223,1,outside_london
E01017210,1,outside_london
E01017165,1,outside_london
E01018239,1,outside_london
E01014946,1,outside_london
E01034697,1,outside_london
E01028630,1,outside_london
E01008663,1,outside_london
E01012194,1,outside_london
E01014306,1,outside_london
E01008805,1,outside_london
E01022449,1,outside_london
E01035317,1,outside_london
E01015988,1,outside_london
E01006120,1,outside_london
W01001133,1,outside_london
E01028749,1,outside_london
E01028712,1,outside_london
E01006257,1,outside_london
E01031913,1,outside_london
E01034523,1,outside_london
E01016706,1,outside_london
E01010419,1,outside_london
E01010489,1,outside_london
E01028956,1,outside_london
E01029809,1,outside_london
E01029812,1,outside_london
E01031473,1,outside_london
E01014392,1,outside_london
E01017504,1,outside_london
E01034921,1,outside_london
E01008976,1,outside_london
E01034946,1,outside_london
E01012605,1,outside_london
E01012739,1,outside_london
E01004920,1,outside_london
E01004827,1,outside_london
E01015357,1,outside_london
E01016208,1,outside_london
E01028083,1,outside_london
E01017663,1,outside_london
E01017798,1,outside_london
E01017895,1,outside_london
E01017803,1,outside_london
E01017807,1,outside_london
E01024909,1,outside_london
E01011003,1,outside_london
E01033813,1,outside_london
E01017401,1,outside_london
E01017408,1,outside_london
E01033826,1,outside_london
E01017587,1,outside_london
E01022135,1,outside_london
E01018502,1,outside_london
E01018722,1,outside_london
E01024925,1,outside_london
E01021677,1,outside_london
E01021703,1,outside_london
E01018813,1,outside_london
E01034506,1,outside_london
E01009609,1,outside_london
E01031560,1,outside_london
E01031559,1,outside_london
E01023420,1,outside_london
E01035564,1,outside_london
E01035275,1,outside_london
E01020425,1,outside_london
E01024230,1,outside_london
E01023516,1,outside_london
E01013071,1,outside_london
E01019678,1,outside_london
E01022340,1,outside_london
E01030449,1,outside_london
W01000057,1,outside_london
E01027700,1,outside_london
E01021011,1,outside_london
E01020983,1,outside_london
E01014048,1,outside_london
E01019748,1,outside_london
E01026716,1,outside_london
E01006483,1,outside_london
E01011722,1,outside_london
E01013729,1,outside_london
E01013612,1,outside_london
E01026131,1,outside_london
E01006779,1,outside_london
E01015715,1,outside_london
E01015788,1,outside_london
E01034107,1,outside_london
E01005167,1,outside_london
E01005228,1,outside_london
E01033686,1,outside_london
E01005308,1,outside_london
E01028267,1,outside_london
E01030061,1,outside_london
E01035352,1,outside_london
E01031715,1,outside_london
E01034693,1,outside_london
E01026786,1,outside_london
E01032971,1,outside_london
E01035501,1,outside_london
E01005340,1,outside_london
E01015690,1,outside_london
E01015637,1,outside_london
E01015027,1,outside_london
E01017116,1,outside_london
E01033858,1,outside_london
E01021959,1,outside_london
E01007820,1,outside_london
E01028404,1,outside_london
E01027775,1,outside_london
E01009962,1,outside_london
E01029151,1,outside_london
E01027884,1,outside_london
E01008119,1,outside_london
E01008001,1,outside_london
E01016446,1,outside_london
E01032635,1,outside_london
E01017145,1,outside_london
E01017245,1,outside_london
E01017274,1,outside_london
E01026285,1,outside_london
E01026318,1,outside_london
E01026307,1,outside_london
E01026896,1,outside_london
E01026887,1,outside_london
E01028673,1,outside_london
E01028652,1,outside_london
E01008595,1,outside_london
E01014355,1,outside_london
E01032713,1,outside_london
E01020199,1,outside_london
E01021999,1,outside_london
E01023151,1,outside_london
E01024637,1,outside_london
E01023815,1,outside_london
E01024776,1,outside_london
E01020283,1,outside_london
E01011892,1,outside_london
E01011866,1,outside_london
E01030935,1,outside_london
E01035607,1,outside_london
E01016296,1,outside_london
E01027156,1,outside_london
E01032523,1,outside_london
E01006391,1,outside_london
E01006267,1,outside_london
E01034527,1,outside_london
E01031870,1,outside_london
E01032052,1,outside_london
E01007212,1,outside_london
E01030950,1,outside_london
E01032309,1,outside_london
W01000413,1,outside_london
W01000424,1,outside_london
E01032425,1,outside_london
E01019412,1,outside_london
E01034424,1,outside_london
E01009192,1,outside_london
E01009295,1,outside_london
E01025622,1,outside_london
E01015272,1,outside_london
E01015460,1,outside_london
E01010862,1,outside_london
E01010593,1,outside_london
E01010657,1,outside_london
E01026428,1,outside_london
E01026488,1,outside_london
W01000978,1,outside_london
W01001036,1,outside_london
E01016911,1,outside_london
E01016867,1,outside_london
E01033902,1,outside_london
E01034765,1,outside_london
E01017629,1,outside_london
E01017769,1,outside_london
E01017787,1,outside_london
E01017881,1,outside_london
E01017875,1,outside_london
E01017990,1,outside_london
W01001863,1,outside_london
E01018622,1,outside_london
E01035173,1,outside_london
W01000121,1,outside_london
E01018926,1,outside_london
E01019041,1,outside_london
E01009522,1,outside_london
E01009615,1,outside_london
E01020401,1,outside_london
E01009732,1,outside_london
E01022629,1,outside_london
E01022643,1,outside_london
E01029454,1,outside_london
E01030311,1,outside_london
E01024518,1,outside_london
E01034795,1,outside_london
E01027678,1,outside_london
E01032857,1,outside_london
E01031667,1,outside_london
E01011655,1,outside_london
E01006790,1,outside_london
E01006699,1,outside_london
E01006537,1,outside_london
E01021909,1,outside_london
E01033678,1,outside_london
E01005079,1,outside_london
E01034133,1,outside_london
E01028268,1,outside_london
E01016042,1,outside_london
E01028342,1,outside_london
E01028351,1,outside_london
E01008350,1,outside_london
E01008397,1,outside_london
E01013196,1,outside_london
E01023636,1,outside_london
E01025949,1,outside_london
E01033396,1,outside_london
E01031108,1,outside_london
E01005448,1,outside_london
E01005346,1,outside_london
E01028518,1,outside_london
E01015116,1,outside_london
E01016437,1,outside_london
E01032255,1,outside_london
E01025334,1,outside_london
E01021918,1,outside_london
E01007687,1,outside_london
E01027813,1,outside_london
E01008101,1,outside_london
E01017228,1,outside_london
E01026315,1,outside_london
E01028656,1,outside_london
E01005857,1,outside_london
E01022386,1,outside_london
E01008827,1,outside_london
E01033848,1,outside_london
E01029847,1,outside_london
E01032870,1,outside_london
E01035453,1,outside_london
E01024758,1,outside_london
E01028707,1,outside_london
E01010241,1,outside_london
E01031322,1,outside_london
E01016271,1,outside_london
E01033855,1,outside_london
E01031906,1,outside_london
E01031865,1,outside_london
E01007300,1,outside_london
E01010411,1,outside_london
E01013385,1,outside_london
E01031371,1,outside_london
E01019119,1,outside_london
E01027976,1,outside_london
E01029881,1,outside_london
E01009448,1,outside_london
E01009432,1,outside_london
E01009133,1,outside_london
E01009051,1,outside_london
E01009016,1,outside_london
E01008917,1,outside_london
E01008925,1,outside_london
E01009079,1,outside_london
E01025635,1,outside_london
E01012621,1,outside_london
E01012736,1,outside_london
E01004801,1,outside_london
E01015409,1,outside_london
E01021395,1,outside_london
E01026450,1,outside_london
E01014665,1,outside_london
E01028079,1,outside_london
E01017715,1,outside_london
E01033974,1,outside_london
E01029348,1,outside_london
E01024068,1,outside_london
W01001850,1,outside_london
W01001881,1,outside_london
E01033188,1,outside_london
E01017399,1,outside_london
E01018583,1,outside_london
E01031512,1,outside_london
E01031493,1,outside_london
E01035159,1,outside_london
E01021710,1,outside_london
E01035167,1,outside_london
E01035171,1,outside_london
E01019062,1,outside_london
E01018798,1,outside_london
E01018881,1,outside_london
E01018902,1,outside_london
E01009593,1,outside_london
E01007655,1,outside_london
E01020539,1,outside_london
E01020563,1,outside_london
E01019890,1,outside_london
E01026113,1,outside_london
E01013114,1,outside_london
E01030219,1,outside_london
E01008229,1,outside_london
E01022282,1,outside_london
E01022293,1,outside_london
W01000086,1,outside_london
E01027718,1,outside_london
E01022880,1,outside_london
E01032856,1,outside_london
E01031672,1,outside_london
E01025037,1,outside_london
E01011013,1,outside_london
E01011597,1,outside_london
E01011613,1,outside_london
E01011373,1,outside_london
E01035048,1,outside_london
E01013686,1,outside_london
E01034014,1,outside_london
E01006562,1,outside_london
E01006722,1,outside_london
E01006520,1,outside_london
E01008450,1,outside_london
E01023018,1,outside_london
W01002027,1,outside_london
E01013228,1,outside_london
E01026970,1,outside_london
E01008462,1,outside_london
E01031035,1,outside_london
E01026863,1,outside_london
E01026861,1,outside_london
E01028560,1,outside_london
W01000575,1,outside_london
W01000598,1,outside_london
E01015606,1,outside_london
E01035554,1,outside_london
E01015035,1,outside_london
E01017035,1,outside_london
E01017126,1,outside_london
E01034347,1,outside_london
E01025308,1,outside_london
E01027743,1,outside_london
E01021915,1,outside_london
E01007689,1,outside_london
E01035026,1,outside_london
E01028354,1,outside_london
E01005698,1,outside_london
E01008107,1,outside_london
E01029325,1,outside_london
E01017239,1,outside_london
E01017219,1,outside_london
E01014872,1,outside_london
E01014865,1,outside_london
E01020156,1,outside_london
E01020143,1,outside_london
E01025455,1,outside_london
E01025422,1,outside_london
E01012284,1,outside_london
E01012234,1,outside_london
E01014213,1,outside_london
E01024588,1,outside_london
W01000776,1,outside_london
E01014107,1,outside_london
E01024736,1,outside_london
E01024804,1,outside_london
E01028753,1,outside_london
E01010394,1,outside_london
E01032888,1,outside_london
E01010407,1,outside_london
E01030863,1,outside_london
E01021235,1,outside_london
E01028818,1,outside_london
E01029946,1,outside_london
E01030092,1,outside_london
E01006355,1,outside_london
E01032115,1,outside_london
E01007315,1,outside_london
E01032299,1,outside_london
E01034323,1,outside_london
E01031803,1,outside_london
E01031464,1,outside_london
E01021341,1,outside_london
E01014429,1,outside_london
E01017470,1,outside_london
E01008933,1,outside_london
E01012675,1,outside_london
W01001475,1,outside_london
W01001973,1,outside_london
E01015342,1,outside_london
E01010756,1,outside_london
E01021378,1,outside_london
E01016880,1,outside_london
E01014644,1,outside_london
E01014586,1,outside_london
E01014600,1,outside_london
E01032146,1,outside_london
E01017682,1,outside_london
E01017747,1,outside_london
E01017889,1,outside_london
E01010978,1,outside_london
E01024054,1,outside_london
E01034089,1,outside_london
E01018615,1,outside_london
E01035325,1,outside_london
E01033719,1,outside_london
E01035161,1,outside_london
E01035175,1,outside_london
E01018805,1,outside_london
E01020843,1,outside_london
E01009573,1,outside_london
E01027567,1,outside_london
E01031561,1,outside_london
E01033167,1,outside_london
E01034372,1,outside_london
E01024207,1,outside_london
E01024246,1,outside_london
E01020922,1,outside_london
E01022616,1,outside_london
E01022685,1,outside_london
E01029409,1,outside_london
E01034635,1,outside_london
E01028172,1,outside_london
E01032935,1,outside_london
E01025781,1,outside_london
E01025814,1,outside_london
E01011985,1,outside_london
E01022950,1,outside_london
E01013995,1,outside_london
E01018140,1,outside_london
E01018171,1,outside_london
E01011030,1,outside_london
E01025117,1,outside_london
E01011293,1,outside_london
E01013770,1,outside_london
E01013657,1,outside_london
E01029488,1,outside_london
E01026138,1,outside_london
E01024320,1,outside_london
E01029045,1,outside_london
E01029018,1,outside_london
E01012016,1,outside_london
E01031720,1,outside_london
E01031750,1,outside_london
W01000911,1,outside_london
E01026212,1,outside_london
E01027108,1,outside_london
E01031010,1,outside_london
E01025979,1,outside_london
E01005438,1,outside_london
E01015685,1,outside_london
E01034159,1,outside_london
W01001199,1,outside_london
E01007800,1,outside_london
E01034729,1,outside_london
E01009934,1,outside_london
E01034983,1,outside_london
E01024457,1,outside_london
E01007864,1,outside_london
E01007879,1,outside_london
E01018245,1,outside_london
E01014890,1,outside_london
E01035230,1,outside_london
E01008596,1,outside_london
E01029765,1,outside_london
E01023785,1,outside_london
E01006850,1,outside_london
E01005918,1,outside_london
W01000794,1,outside_london
E01015538,1,outside_london
E01020269,1,outside_london
E01024712,1,outside_london
E01012455,1,outside_london
E01030894,1,outside_london
E01016255,1,outside_london
E01026403,1,outside_london
E01027013,1,outside_london
E01031939,1,outside_london
E01031845,1,outside_london
E01032000,1,outside_london
E01034555,1,outside_london
W01000420,1,outside_london
W01000627,1,outside_london
E01033991,1,outside_london
E01005962,1,outside_london
E01011791,1,outside_london
E01027986,1,outside_london
E01029903,1,outside_london
E01009248,1,outside_london
E01034919,1,outside_london
E01009182,1,outside_london
E01025641,1,outside_london
E01004818,1,outside_london
E01026040,1,outside_london
E01016971,1,outside_london
E01016856,1,outside_london
E01033328,1,outside_london
E01017657,1,outside_london
E01017664,1,outside_london
E01005024,1,outside_london
E01010973,1,outside_london
W01001791,1,outside_london
W01000633,1,outside_london
E01019025,1,outside_london
E01022209,1,outside_london
E01023429,1,outside_london
E01019594,1,outside_london
E01020543,1,outside_london
E01020530,1,outside_london
E01023506,1,outside_london
E01022655,1,outside_london
E01019326,1,outside_london
E01019651,1,outside_london
E01022756,1,outside_london
E01033111,1,outside_london
E01022820,1,outside_london
W01000082,1,outside_london
E01022972,1,outside_london
E01018196,1,outside_london
E01026667,1,outside_london
E01035471,1,outside_london
E01011493,1,outside_london
E01013649,1,outside_london
E01026178,1,outside_london
E01006717,1,outside_london
E01006728,1,outside_london
E01015760,1,outside_london
E01024335,1,outside_london
E01016167,1,outside_london
E01016102,1,outside_london
E01034449,1,outside_london
E01030508,1,outside_london
E01029543,1,outside_london
E01005400,1,outside_london
E01005428,1,outside_london
E01005345,1,outside_london
E01025184,1,outside_london
E01015629,1,outside_london
E01025246,1,outside_london
E01005543,1,outside_london
E01021944,1,outside_london
E01009947,1,outside_london
E01010005,1,outside_london
E01029122,1,outside_london
E01007045,1,outside_london
E01010233,1,outside_london
E01017146,1,outside_london
E01015818,1,outside_london
E01015869,1,outside_london
E01026259,1,outside_london
E01026355,1,outside_london
E01019374,1,outside_london
E01028668,1,outside_london
E01008603,1,outside_london
E01029742,1,outside_london
E01029781,1,outside_london
E01031207,1,outside_london
E01008746,1,outside_london
E01015523,1,outside_london
E01024696,1,outside_london
E01024746,1,outside_london
E01006085,1,outside_london
E01033853,1,outside_london
E01025510,1,outside_london
E01026370,1,outside_london
E01027170,1,outside_london
E01006265,1,outside_london
E01034542,1,outside_london
E01032036,1,outside_london
E01010473,1,outside_london
E01032315,1,outside_london
E01031777,1,outside_london
E01027022,1,outside_london
E01023974,1,outside_london
E01024015,1,outside_london
E01034718,1,outside_london
E01014404,1,outside_london
E01008906,1,outside_london
E01009300,1,outside_london
E01008887,1,outside_london
E01012579,1,outside_london
E01015318,1,outside_london
E01015273,1,outside_london
E01010678,1,outside_london
E01017003,1,outside_london
E01024872,1,outside_london
E01017999,1,outside_london
E01024107,1,outside_london
W01000647,1,outside_london
E01017431,1,outside_london
E01017409,1,outside_london
E01033837,1,outside_london
E01034085,1,outside_london
E01035723,1,outside_london
E01018450,1,outside_london
E01019561,1,outside_london
E01024940,1,outside_london
E01013460,1,outside_london
E01020438,1,outside_london
E01020431,1,outside_london
E01032644,1,outside_london
E01020574,1,outside_london
E01024224,1,outside_london
E01009879,1,outside_london
E01035587,1,outside_london
E01022715,1,outside_london
E01013096,1,outside_london
E01019340,1,outside_london
E01028197,1,outside_london
W01000098,1,outside_london
E01020974,1,outside_london
E01025837,1,outside_london
E01035333,1,outside_london
E01018209,1,outside_london
E01012810,1,outside_london
E01033228,1,outside_london
E01025094,1,outside_london
E01011465,1,outside_london
E01011447,1,outside_london
E01035054,1,outside_london
E01034024,1,outside_london
E01021055,1,outside_london
E01006608,1,outside_london
E01006584,1,outside_london
E01006686,1,outside_london
E01034995,1,outside_london
E01005092,1,outside_london
E01005298,1,outside_london
W01001305,1,outside_london
W01001290,1,outside_london
E01030077,1,outside_london
E01031755,1,outside_london
E01030516,1,outside_london
E01028336,1,outside_london
E01008316,1,outside_london
E01008363,1,outside_london
E01019771,1,outside_london
E01026739,1,outside_london
E01026950,1,outside_london
E01027314,1,outside_london
E01027309,1,outside_london
E01027551,1,outside_london
E01013892,1,outside_london
E01013829,1,outside_london
E01013866,1,outside_london
E01005427,1,outside_london
E01025217,1,outside_london
E01015668,1,outside_london
E01017084,1,outside_london
E01025263,1,outside_london
E01016372,1,outside_london
E01030688,1,outside_london
E01033982,1,outside_london
E01033985,1,outside_london
E01033993,1,outside_london
E01007081,1,outside_london
E01007910,1,outside_london
E01035130,1,outside_london
E01017261,1,outside_london
E01017275,1,outside_london
E01015007,1,outside_london
E01020177,1,outside_london
E01035142,1,outside_london
E01035153,1,outside_london
E01005830,1,outside_london
E01014242,1,outside_london
E01008852,1,outside_london
E01024558,1,outside_london
W01000749,1,outside_london
E01006055,1,outside_london
E01020210,1,outside_london
E01022008,1,outside_london
E01035460,1,outside_london
E01024714,1,outside_london
E01024785,1,outside_london
W01002037,1,outside_london
E01010335,1,outside_london
E01021189,1,outside_london
E01016276,1,outside_london
E01035427,1,outside_london
E01031002,1,outside_london
E01016654,1,outside_london
E01031817,1,outside_london
E01032380,1,outside_london
E01010930,1,outside_london
E01011226,1,outside_london
E01031352,1,outside_london
E01019430,1,outside_london
E01023988,1,outside_london
E01034987,1,outside_london
E01029891,1,outside_london
E01007331,1,outside_london
E01021292,1,outside_london
E01035210,1,outside_london
E01017524,1,outside_london
E01009090,1,outside_london
E01008962,1,outside_london
E01004915,1,outside_london
E01010779,1,outside_london
E01010679,1,outside_london
E01017008,1,outside_london
E01017919,1,outside_london
E01035527,1,outside_london
E01024056,1,outside_london
W01000656,1,outside_london
W01000719,1,outside_london
E01017608,1,outside_london
E01025720,1,outside_london
E01035729,1,outside_london
E01018612,1,outside_london
E01031478,1,outside_london
E01035327,1,outside_london
E01035163,1,outside_london
E01021644,1,outside_london
E01020648,1,outside_london
W01000195,1,outside_london
E01034256,1,outside_london
E01020966,1,outside_london
E01022640,1,outside_london
E01023451,1,outside_london
E01018085,1,outside_london
E01028166,1,outside_london
E01012443,1,outside_london
E01034958,1,outside_london
E01025779,1,outside_london
E01029971,1,outside_london
E01011247,1,outside_london
E01011624,1,outside_london
E01013685,1,outside_london
E01006702,1,outside_london
E01006691,1,outside_london
E01034410,1,outside_london
E01005246,1,outside_london
E01005124,1,outside_london
E01028262,1,outside_london
E01016144,1,outside_london
E01025894,1,outside_london
E01035190,1,outside_london
E01030089,1,outside_london
E01030079,1,outside_london
E01016794,1,outside_london
E01016734,1,outside_london
E01030511,1,outside_london
E01030543,1,outside_london
W01001614,1,outside_london
E01026199,1,outside_london
E01027334,1,outside_london
E01033715,1,outside_london
E01027430,1,outside_london
E01031084,1,outside_london
E01032273,1,outside_london
E01030591,1,outside_london
E01035361,1,outside_london
E01005564,1,outside_london
E01023145,1,outside_london
E01033996,1,outside_london
E01010006,1,outside_london
E01029001,1,outside_london
E01018285,1,outside_london
E01018223,1,outside_london
E01019832,1,outside_london
E01015835,1,outside_london
E01029749,1,outside_london
E01023701,1,outside_london
E01005905,1,outside_london
E01005789,1,outside_london
E01014322,1,outside_london
E01008821,1,outside_london
W01000742,1,outside_london
E01015504,1,outside_london
E01030822,1,outside_london
E01014170,1,outside_london
E01021967,1,outside_london
E01011910,1,outside_london
E01010372,1,outside_london
E01033851,1,outside_london
E01031903,1,outside_london
E01032077,1,outside_london
E01016628,1,outside_london
W01001969,1,outside_london
W01000406,1,outside_london
E01027987,1,outside_london
E01032812,1,outside_london
E01014391,1,outside_london
E01034414,1,outside_london
E01034926,1,outside_london
E01009086,1,outside_london
E01009491,1,outside_london
E01009197,1,outside_london
E01009064,1,outside_london
E01009294,1,outside_london
E01009262,1,outside_london
E01014571,1,outside_london
E01014671,1,outside_london
E01014626,1,outside_london
E01014567,1,outside_london
E01032515,1,outside_london
E01023327,1,outside_london
E01017643,1,outside_london
E01017874,1,outside_london
E01024131,1,outside_london
E01024053,1,outside_london
W01001772,1,outside_london
W01001715,1,outside_london
W01001760,1,outside_london
E01017450,1,outside_london
E01025699,1,outside_london
E01035734,1,outside_london
E01021709,1,outside_london
E01018960,1,outside_london
E01020909,1,outside_london
E01024233,1,outside_london
E01023461,1,outside_london
E01019333,1,outside_london
E01027651,1,outside_london
E01027652,1,outside_london
E01020973,1,outside_london
E01018178,1,outside_london
E01029995,1,outside_london
E01026721,1,outside_london
E01012871,1,outside_london
E01011667,1,outside_london
E01011681,1,outside_london
E01026172,1,outside_london
E01006639,1,outside_london
E01034400,1,outside_london
E01033656,1,outside_london
E01028284,1,outside_london
E01031705,1,outside_london
W01001900,1,outside_london
E01028304,1,outside_london
E01029593,1,outside_london
E01023060,1,outside_london
E01019799,1,outside_london
E01026776,1,outside_london
E01014750,1,outside_london
E01008477,1,outside_london
E01026855,1,outside_london
E01032558,1,outside_london
E01028530,1,outside_london
E01015156,1,outside_london
E01016367,1,outside_london
W01001249,1,outside_london
E01005561,1,outside_london
E01005477,1,outside_london
E01005547,1,outside_london
E01028390,1,outside_london
E01023113,1,outside_london
E01034969,1,outside_london
E01005734,1,outside_london
E01029130,1,outside_london
E01007004,1,outside_london
E01007850,1,outside_london
E01034651,1,outside_london
E01019880,1,outside_london
E01015831,1,outside_london
E01026275,1,outside_london
E01026254,1,outside_london
E01019382,1,outside_london
E01028658,1,outside_london
E01028599,1,outside_london
E01029680,1,outside_london
E01006909,1,outside_london
E01014243,1,outside_london
E01014278,1,outside_london
E01034803,1,outside_london
E01030794,1,outside_london
E01014150,1,outside_london
E01014201,1,outside_london
E01022013,1,outside_london
E01022094,1,outside_london
E01010250,1,outside_london
E01033897,1,outside_london
E01031288,1,outside_london
E01030113,1,outside_london
E01006213,1,outside_london
E01006298,1,outside_london
E01032059,1,outside_london
E01007306,1,outside_london
E01016620,1,outside_london
E01010485,1,outside_london
E01010490,1,outside_london
E01032454,1,outside_london
E01032468,1,outside_london
E01028485,1,outside_london
E01027944,1,outside_london
E01024036,1,outside_london
E01029888,1,outside_london
E01022524,1,outside_london
E01028000,1,outside_london
E01014474,1,outside_london
E01017465,1,outside_london
E01009309,1,outside_london
E01009095,1,outside_london
E01009015,1,outside_london
E01033567,1,outside_london
E01034948,1,outside_london
E01004916,1,outside_london
E01026020,1,outside_london
E01015442,1,outside_london
E01010611,1,outside_london
E01016860,1,outside_london
E01028076,1,outside_london
E01017675,1,outside_london
E01033971,1,outside_london
E01017906,1,outside_london
E01033973,1,outside_london
E01017849,1,outside_london
E01024109,1,outside_london
W01001848,1,outside_london
E01019198,1,outside_london
E01021606,1,outside_london
E01034091,1,outside_london
E01018463,1,outside_london
E01031491,1,outside_london
E01018951,1,outside_london
E01018837,1,outside_london
E01022188,1,outside_london
E01020765,1,outside_london
E01020827,1,outside_london
E01009608,1,outside_london
E01009586,1,outside_london
E01009704,1,outside_london
E01009702,1,outside_london
E01031553,1,outside_london
E01023419,1,outside_london
E01012314,1,outside_london
E01023483,1,outside_london
E01034629,1,outside_london
E01024493,1,outside_london
E01024546,1,outside_london
E01008198,1,outside_london
E01028168,1,outside_london
E01024266,1,outside_london
E01012431,1,outside_london
E01035085,1,outside_london
E01021837,1,outside_london
E01021858,1,outside_london
E01020996,1,outside_london
E01023562,1,outside_london
E01025863,1,outside_london
E01033126,1,outside_london
E01026706,1,outside_london
E01012866,1,outside_london
E01011220,1,outside_london
E01011038,1,outside_london
E01011010,1,outside_london
E01011512,1,outside_london
E01013717,1,outside_london
E01021892,1,outside_london
E01016173,1,outside_london
E01012078,1,outside_london
E01027333,1,outside_london
E01027395,1,outside_london
E01005403,1,outside_london
E01005449,1,outside_london
E01028571,1,outside_london
E01021941,1,outside_london
E01025397,1,outside_london
E01035510,1,outside_london
E01028407,1,outside_london
E01023107,1,outside_london
E01005611,1,outside_london
E01032915,1,outside_london
E01010031,1,outside_london
E01007874,1,outside_london
E01033273,1,outside_london
E01008019,1,outside_london
E01034844,1,outside_london
E01029284,1,outside_london
E01015863,1,outside_london
E01015887,1,outside_london
E01014924,1,outside_london
E01028613,1,outside_london
E01029727,1,outside_london
E01023686,1,outside_london
E01012273,1,outside_london
E01014218,1,outside_london
E01022379,1,outside_london
E01030807,1,outside_london
E01014182,1,outside_london
E01015209,1,outside_london
E01024827,1,outside_london
E01012457,1,outside_london
E01031309,1,outside_london
E01023950,1,outside_london
E01028808,1,outside_london
E01028762,1,outside_london
E01028772,1,outside_london
E01006352,1,outside_london
E01031995,1,outside_london
E01007295,1,outside_london
E01035263,1,outside_london
E01010494,1,outside_london
E01025822,1,outside_london
E01031459,1,outside_london
E01031456,1,outside_london
E01023976,1,outside_london
E01014465,1,outside_london
E01009204,1,outside_london
E01009073,1,outside_london
E01009328,1,outside_london
E01025615,1,outside_london
E01004830,1,outside_london
E01026023,1,outside_london
E01015337,1,outside_london
E01015454,1,outside_london
E01035237,1,outside_london
E01016235,1,outside_london
E01010669,1,outside_london
E01021391,1,outside_london
E01016849,1,outside_london
E01014496,1,outside_london
E01014566,1,outside_london
E01014501,1,outside_london
E01033905,1,outside_london
E01032955,1,outside_london
E01005032,1,outside_london
E01024102,1,outside_london
E01024121,1,outside_london
W01001883,1,outside_london
E01035739,1,outside_london
E01018635,1,outside_london
E01035164,1,outside_london
E01018941,1,outside_london
E01022183,1,outside_london
E01020711,1,outside_london
E01031548,1,outside_london
E01012347,1,outside_london
E01007560,1,outside_london
E01009762,1,outside_london
E01020929,1,outside_london
E01020013,1,outside_london
E01018059,1,outside_london
W01000279,1,outside_london
E01024513,1,outside_london
E01024530,1,outside_london
E01030490,1,outside_london
W01000085,1,outside_london
E01012442,1,outside_london
E01027649,1,outside_london
E01022859,1,outside_london
E01011975,1,outside_london
E01031684,1,outside_london
E01018198,1,outside_london
E01025156,1,outside_london
E01011653,1,outside_london
E01011641,1,outside_london
E01011642,1,outside_london
E01021045,1,outside_london
E01006521,1,outside_london
E01032202,1,outside_london
E01033679,1,outside_london
E01005116,1,outside_london
E01005315,1,outside_london
E01034130,1,outside_london
E01035346,1,outside_london
E01016812,1,outside_london
W01001549,1,outside_london
W01000886,1,outside_london
E01028295,1,outside_london
E01023088,1,outside_london
E01023074,1,outside_london
E01027086,1,outside_london
E01027313,1,outside_london
E01027060,1,outside_london
E01008498,1,outside_london
E01026859,1,outside_london
E01013833,1,outside_london
E01013871,1,outside_london
E01013872,1,outside_london
E01028551,1,outside_london
E01015590,1,outside_london
E01015173,1,outside_london
E01017135,1,outside_london
E01016423,1,outside_london
W01001283,1,outside_london
E01005583,1,outside_london
E01005479,1,outside_london
E01021965,1,outside_london
E01021129,1,outside_london
E01030691,1,outside_london
E01009980,1,outside_london
E01010058,1,outside_london
E01008069,1,outside_london
E01007915,1,outside_london
E01010141,1,outside_london
E01010142,1,outside_london
E01010188,1,outside_london
E01032738,1,outside_london
E01017136,1,outside_london
E01034096,1,outside_london
E01012189,1,outside_london
E01031228,1,outside_london
E01022393,1,outside_london
E01006025,1,outside_london
E01006043,1,outside_london
E01023182,1,outside_london
E01023216,1,outside_london
E01024656,1,outside_london
E01024698,1,outside_london
E01024718,1,outside_london
E01006184,1,outside_london
E01011809,1,outside_london
E01016272,1,outside_london
E01016263,1,outside_london
E01027193,1,outside_london
E01031831,1,outside_london
E01025585,1,outside_london
E01010625,1,outside_london
E01010821,1,outside_london
E01035025,1,outside_london
E01019171,1,outside_london
E01014425,1,outside_london
E01034412,1,outside_london
E01009408,1,outside_london
E01009316,1,outside_london
E01008980,1,outside_london
E01012578,1,outside_london
E01010777,1,outside_london
E01014620,1,outside_london
E01017884,1,outside_london
W01001374,1,outside_london
E01010940,1,outside_london
E01024065,1,outside_london
E01021595,1,outside_london
E01018481,1,outside_london
E01021730,1,outside_london
E01021739,1,outside_london
E01034787,1,outside_london
E01009718,1,outside_london
E01009559,1,outside_london
E01031572,1,outside_london
E01035563,1,outside_london
E01012332,1,outside_london
E01012339,1,outside_london
E01007656,1,outside_london
E01007646,1,outside_london
E01007647,1,outside_london
E01018012,1,outside_london
E01022658,1,outside_london
E01033442,1,outside_london
E01022234,1,outside_london
E01035610,1,outside_london
E01028191,1,outside_london
E01034797,1,outside_london
E01030488,1,outside_london
E01031650,1,outside_london
E01035336,1,outside_london
E01012918,1,outside_london
E01011025,1,outside_london
E01011008,1,outside_london
E01011318,1,outside_london
E01011320,1,outside_london
E01011497,1,outside_london
E01013622,1,outside_london
E01013703,1,outside_london
E01006556,1,outside_london
E01024347,1,outside_london
E01024374,1,outside_london
E01034113,1,outside_london
E01005268,1,outside_london
E01034129,1,outside_london
E01034131,1,outside_london
E01016798,1,outside_london
E01028311,1,outside_london
E01033553,1,outside_london
E01023071,1,outside_london
E01022988,1,outside_london
E01020126,1,outside_london
E01019775,1,outside_london
E01013297,1,outside_london
E01013317,1,outside_london
E01026782,1,outside_london
E01035397,1,outside_london
E01027085,1,outside_london
E01035416,1,outside_london
E01013947,1,outside_london
E01015616,1,outside_london
E01016381,1,outside_london
E01021141,1,outside_london
E01032912,1,outside_london
E01024456,1,outside_london
E01007832,1,outside_london
E01010179,1,outside_london
E01017202,1,outside_london
E01018273,1,outside_london
E01020160,1,outside_london
E01028598,1,outside_london
E01028649,1,outside_london
E01008679,1,outside_london
E01023788,1,outside_london
E01005782,1,outside_london
E01030789,1,outside_london
E01024593,1,outside_london
W01000849,1,outside_london
E01015509,1,outside_london
E01015494,1,outside_london
E01030818,1,outside_london
E01035318,1,outside_london
E01006130,1,outside_london
E01011885,1,outside_london
E01010409,1,outside_london
E01026367,1,outside_london
E01035406,1,outside_london
E01027212,1,outside_london
E01027225,1,outside_london
E01032985,1,outside_london
E01032005,1,outside_london
E01023222,1,outside_london
E01010438,1,outside_london
E01010508,1,outside_london
W01000361,1,outside_london
E01025580,1,outside_london
E01013344,1,outside_london
E01007609,1,outside_london
E01017545,1,outside_london
E01034913,1,outside_london
E01009462,1,outside_london
E01009030,1,outside_london
E01009344,1,outside_london
E01035242,1,outside_london
E01016890,1,outside_london
E01014689,1,outside_london
E01014597,1,outside_london
E01026558,1,outside_london
E01032178,1,outside_london
E01017694,1,outside_london
E01017689,1,outside_london
W01001411,1,outside_london
E01028496,1,outside_london
E01018602,1,outside_london
E01018466,1,outside_london
E01018362,1,outside_london
E01018732,1,outside_london
E01031496,1,outside_london
E01018970,1,outside_london
E01018807,1,outside_london
E01022181,1,outside_london
E01020723,1,outside_london
E01009555,1,outside_london
E01012335,1,outside_london
E01012362,1,outside_london
E01007629,1,outside_london
E01013002,1,outside_london
E01029456,1,outside_london
E01020002,1,outside_london
E01028216,1,outside_london
E01025812,1,outside_london
E01034364,1,outside_london
E01011950,1,outside_london
E01022954,1,outside_london
E01014022,1,outside_london
W01000014,1,outside_london
E01017345,1,outside_london
E01011104,1,outside_london
E01011475,1,outside_london
E01032497,1,outside_london
E01013733,1,outside_london
E01013630,1,outside_london
E01013718,1,outside_london
E01013669,1,outside_london
E01013671,1,outside_london
E01028280,1,outside_london
E01025912,1,outside_london
E01031713,1,outside_london
E01034453,1,outside_london
E01030533,1,outside_london
E01026180,1,outside_london
E01027073,1,outside_london
E01025982,1,outside_london
E01035742,1,outside_london
E01028525,1,outside_london
E01028582,1,outside_london
E01016421,1,outside_london
E01012167,1,outside_london
E01032253,1,outside_london
E01035360,1,outside_london
E01021960,1,outside_london
E01021958,1,outside_london
E01021933,1,outside_london
E01005738,1,outside_london
E01033981,1,outside_london
E01028910,1,outside_london
E01012190,1,outside_london
E01015473,1,outside_london
E01015511,1,outside_london
E01006092,1,outside_london
E01035757,1,outside_london
E01034310,1,outside_london
